Timing Analyzer report for toolflow
Wed Dec  3 12:20:00 2025
Quartus Prime Version 20.1.1 Build 720 11/11/2020 SJ Standard Edition


---------------------
; Table of Contents ;
---------------------
  1. Legal Notice
  2. Timing Analyzer Summary
  3. Parallel Compilation
  4. SDC File List
  5. Clocks
  6. Slow 1200mV 85C Model Fmax Summary
  7. Timing Closure Recommendations
  8. Slow 1200mV 85C Model Setup Summary
  9. Slow 1200mV 85C Model Hold Summary
 10. Slow 1200mV 85C Model Recovery Summary
 11. Slow 1200mV 85C Model Removal Summary
 12. Slow 1200mV 85C Model Minimum Pulse Width Summary
 13. Slow 1200mV 85C Model Setup: 'iCLK'
 14. Slow 1200mV 85C Model Hold: 'iCLK'
 15. Slow 1200mV 85C Model Metastability Summary
 16. Slow 1200mV 0C Model Fmax Summary
 17. Slow 1200mV 0C Model Setup Summary
 18. Slow 1200mV 0C Model Hold Summary
 19. Slow 1200mV 0C Model Recovery Summary
 20. Slow 1200mV 0C Model Removal Summary
 21. Slow 1200mV 0C Model Minimum Pulse Width Summary
 22. Slow 1200mV 0C Model Setup: 'iCLK'
 23. Slow 1200mV 0C Model Hold: 'iCLK'
 24. Slow 1200mV 0C Model Metastability Summary
 25. Fast 1200mV 0C Model Setup Summary
 26. Fast 1200mV 0C Model Hold Summary
 27. Fast 1200mV 0C Model Recovery Summary
 28. Fast 1200mV 0C Model Removal Summary
 29. Fast 1200mV 0C Model Minimum Pulse Width Summary
 30. Fast 1200mV 0C Model Setup: 'iCLK'
 31. Fast 1200mV 0C Model Hold: 'iCLK'
 32. Fast 1200mV 0C Model Metastability Summary
 33. Multicorner Timing Analysis Summary
 34. Board Trace Model Assignments
 35. Input Transition Times
 36. Signal Integrity Metrics (Slow 1200mv 0c Model)
 37. Signal Integrity Metrics (Slow 1200mv 85c Model)
 38. Signal Integrity Metrics (Fast 1200mv 0c Model)
 39. Setup Transfers
 40. Hold Transfers
 41. Report TCCS
 42. Report RSKM
 43. Unconstrained Paths Summary
 44. Clock Status Summary
 45. Unconstrained Input Ports
 46. Unconstrained Output Ports
 47. Unconstrained Input Ports
 48. Unconstrained Output Ports
 49. Timing Analyzer Messages



----------------
; Legal Notice ;
----------------
Copyright (C) 2020  Intel Corporation. All rights reserved.
Your use of Intel Corporation's design tools, logic functions 
and other software and tools, and any partner logic 
functions, and any output files from any of the foregoing 
(including device programming or simulation files), and any 
associated documentation or information are expressly subject 
to the terms and conditions of the Intel Program License 
Subscription Agreement, the Intel Quartus Prime License Agreement,
the Intel FPGA IP License Agreement, or other applicable license
agreement, including, without limitation, that your use is for
the sole purpose of programming logic devices manufactured by
Intel and sold by Intel or its authorized distributors.  Please
refer to the applicable agreement for further details, at
https://fpgasoftware.intel.com/eula.



+---------------------------------------------------------------------------------+
; Timing Analyzer Summary                                                         ;
+-----------------------+---------------------------------------------------------+
; Quartus Prime Version ; Version 20.1.1 Build 720 11/11/2020 SJ Standard Edition ;
; Timing Analyzer       ; Legacy Timing Analyzer                                  ;
; Revision Name         ; toolflow                                                ;
; Device Family         ; Cyclone IV E                                            ;
; Device Name           ; EP4CE115F29C7                                           ;
; Timing Models         ; Final                                                   ;
; Delay Model           ; Combined                                                ;
; Rise/Fall Delays      ; Enabled                                                 ;
+-----------------------+---------------------------------------------------------+


+------------------------------------------+
; Parallel Compilation                     ;
+----------------------------+-------------+
; Processors                 ; Number      ;
+----------------------------+-------------+
; Number detected on machine ; 20          ;
; Maximum allowed            ; 12          ;
;                            ;             ;
; Average used               ; 1.52        ;
; Maximum used               ; 12          ;
;                            ;             ;
; Usage by Processor         ; % Time Used ;
;     Processor 1            ; 100.0%      ;
;     Processor 2            ;   9.0%      ;
;     Processor 3            ;   7.9%      ;
;     Processor 4            ;   7.5%      ;
;     Processors 5-12        ;   3.5%      ;
+----------------------------+-------------+


+---------------------------------------------------+
; SDC File List                                     ;
+---------------+--------+--------------------------+
; SDC File Path ; Status ; Read at                  ;
+---------------+--------+--------------------------+
; toolflow.sdc  ; OK     ; Wed Dec  3 12:19:49 2025 ;
+---------------+--------+--------------------------+


+----------------------------------------------------------------------------------------------------------------------------------------------------------------------------------+
; Clocks                                                                                                                                                                           ;
+------------+------+--------+-----------+-------+--------+------------+-----------+-------------+-------+--------+-----------+------------+----------+--------+--------+----------+
; Clock Name ; Type ; Period ; Frequency ; Rise  ; Fall   ; Duty Cycle ; Divide by ; Multiply by ; Phase ; Offset ; Edge List ; Edge Shift ; Inverted ; Master ; Source ; Targets  ;
+------------+------+--------+-----------+-------+--------+------------+-----------+-------------+-------+--------+-----------+------------+----------+--------+--------+----------+
; iCLK       ; Base ; 20.000 ; 50.0 MHz  ; 0.000 ; 10.000 ;            ;           ;             ;       ;        ;           ;            ;          ;        ;        ; { iCLK } ;
+------------+------+--------+-----------+-------+--------+------------+-----------+-------------+-------+--------+-----------+------------+----------+--------+--------+----------+


+-------------------------------------------------+
; Slow 1200mV 85C Model Fmax Summary              ;
+-----------+-----------------+------------+------+
; Fmax      ; Restricted Fmax ; Clock Name ; Note ;
+-----------+-----------------+------------+------+
; 43.84 MHz ; 43.84 MHz       ; iCLK       ;      ;
+-----------+-----------------+------------+------+
This panel reports FMAX for every clock in the design, regardless of the user-specified clock periods.  FMAX is only computed for paths where the source and destination registers or ports are driven by the same clock.  Paths of different clocks, including generated clocks, are ignored.  For paths between a clock and its inversion, FMAX is computed as if the rising and falling edges are scaled along with FMAX, such that the duty cycle (in terms of a percentage) is maintained. Altera recommends that you always use clock constraints and other slack reports for sign-off analysis.


----------------------------------
; Timing Closure Recommendations ;
----------------------------------
HTML report is unavailable in plain text report export.


+-------------------------------------+
; Slow 1200mV 85C Model Setup Summary ;
+-------+--------+--------------------+
; Clock ; Slack  ; End Point TNS      ;
+-------+--------+--------------------+
; iCLK  ; -1.405 ; -69.082            ;
+-------+--------+--------------------+


+------------------------------------+
; Slow 1200mV 85C Model Hold Summary ;
+-------+-------+--------------------+
; Clock ; Slack ; End Point TNS      ;
+-------+-------+--------------------+
; iCLK  ; 0.387 ; 0.000              ;
+-------+-------+--------------------+


------------------------------------------
; Slow 1200mV 85C Model Recovery Summary ;
------------------------------------------
No paths to report.


-----------------------------------------
; Slow 1200mV 85C Model Removal Summary ;
-----------------------------------------
No paths to report.


+---------------------------------------------------+
; Slow 1200mV 85C Model Minimum Pulse Width Summary ;
+-------+-------+-----------------------------------+
; Clock ; Slack ; End Point TNS                     ;
+-------+-------+-----------------------------------+
; iCLK  ; 9.625 ; 0.000                             ;
+-------+-------+-----------------------------------+


+--------------------------------------------------------------------------------------------------------------------------------------------------------------------------------------------------------------------------------------------------------------------------------------+
; Slow 1200mV 85C Model Setup: 'iCLK'                                                                                                                                                                                                                                                  ;
+--------+----------------------------------------------------------------------------------------------------------------+--------------------------------------------------------------------------------------+--------------+-------------+--------------+------------+------------+
; Slack  ; From Node                                                                                                      ; To Node                                                                              ; Launch Clock ; Latch Clock ; Relationship ; Clock Skew ; Data Delay ;
+--------+----------------------------------------------------------------------------------------------------------------+--------------------------------------------------------------------------------------+--------------+-------------+--------------+------------+------------+
; -1.405 ; register_file:regFile_inst|register_N_neg:\gen_registers:4:gen_other:reg_i|dffgNeg:\gen_dffg:2:dffg_inst|s_Q   ; IF_ID_Reg:IF_ID_inst|register_N:Instruction_reg_inst|dffg:\gen_dffg:20:dffg_inst|s_Q ; iCLK         ; iCLK        ; 10.000       ; 0.315      ; 11.718     ;
; -1.405 ; register_file:regFile_inst|register_N_neg:\gen_registers:4:gen_other:reg_i|dffgNeg:\gen_dffg:2:dffg_inst|s_Q   ; IF_ID_Reg:IF_ID_inst|register_N:Instruction_reg_inst|dffg:\gen_dffg:23:dffg_inst|s_Q ; iCLK         ; iCLK        ; 10.000       ; 0.315      ; 11.718     ;
; -1.403 ; register_file:regFile_inst|register_N_neg:\gen_registers:4:gen_other:reg_i|dffgNeg:\gen_dffg:2:dffg_inst|s_Q   ; IF_ID_Reg:IF_ID_inst|register_N:Instruction_reg_inst|dffg:\gen_dffg:25:dffg_inst|s_Q ; iCLK         ; iCLK        ; 10.000       ; 0.357      ; 11.758     ;
; -1.399 ; register_file:regFile_inst|register_N_neg:\gen_registers:4:gen_other:reg_i|dffgNeg:\gen_dffg:2:dffg_inst|s_Q   ; IF_ID_Reg:IF_ID_inst|register_N:Instruction_reg_inst|dffg:\gen_dffg:27:dffg_inst|s_Q ; iCLK         ; iCLK        ; 10.000       ; 0.360      ; 11.757     ;
; -1.350 ; register_file:regFile_inst|register_N_neg:\gen_registers:4:gen_other:reg_i|dffgNeg:\gen_dffg:2:dffg_inst|s_Q   ; IF_ID_Reg:IF_ID_inst|register_N:Instruction_reg_inst|dffg:\gen_dffg:7:dffg_inst|s_Q  ; iCLK         ; iCLK        ; 10.000       ; 0.336      ; 11.684     ;
; -1.321 ; register_file:regFile_inst|register_N_neg:\gen_registers:4:gen_other:reg_i|dffgNeg:\gen_dffg:2:dffg_inst|s_Q   ; IF_ID_Reg:IF_ID_inst|register_N:Instruction_reg_inst|dffg:\gen_dffg:30:dffg_inst|s_Q ; iCLK         ; iCLK        ; 10.000       ; 0.312      ; 11.631     ;
; -1.316 ; register_file:regFile_inst|register_N_neg:\gen_registers:4:gen_other:reg_i|dffgNeg:\gen_dffg:2:dffg_inst|s_Q   ; IF_ID_Reg:IF_ID_inst|register_N:Instruction_reg_inst|dffg:\gen_dffg:3:dffg_inst|s_Q  ; iCLK         ; iCLK        ; 10.000       ; 0.312      ; 11.626     ;
; -1.271 ; register_file:regFile_inst|register_N_neg:\gen_registers:4:gen_other:reg_i|dffgNeg:\gen_dffg:2:dffg_inst|s_Q   ; IF_ID_Reg:IF_ID_inst|register_N:Instruction_reg_inst|dffg:\gen_dffg:1:dffg_inst|s_Q  ; iCLK         ; iCLK        ; 10.000       ; 0.332      ; 11.601     ;
; -1.270 ; register_file:regFile_inst|register_N_neg:\gen_registers:4:gen_other:reg_i|dffgNeg:\gen_dffg:2:dffg_inst|s_Q   ; IF_ID_Reg:IF_ID_inst|register_N:Instruction_reg_inst|dffg:\gen_dffg:0:dffg_inst|s_Q  ; iCLK         ; iCLK        ; 10.000       ; 0.332      ; 11.600     ;
; -1.255 ; register_file:regFile_inst|register_N_neg:\gen_registers:6:gen_other:reg_i|dffgNeg:\gen_dffg:3:dffg_inst|s_Q   ; IF_ID_Reg:IF_ID_inst|register_N:Instruction_reg_inst|dffg:\gen_dffg:20:dffg_inst|s_Q ; iCLK         ; iCLK        ; 10.000       ; 0.283      ; 11.536     ;
; -1.255 ; register_file:regFile_inst|register_N_neg:\gen_registers:6:gen_other:reg_i|dffgNeg:\gen_dffg:3:dffg_inst|s_Q   ; IF_ID_Reg:IF_ID_inst|register_N:Instruction_reg_inst|dffg:\gen_dffg:23:dffg_inst|s_Q ; iCLK         ; iCLK        ; 10.000       ; 0.283      ; 11.536     ;
; -1.253 ; register_file:regFile_inst|register_N_neg:\gen_registers:6:gen_other:reg_i|dffgNeg:\gen_dffg:3:dffg_inst|s_Q   ; IF_ID_Reg:IF_ID_inst|register_N:Instruction_reg_inst|dffg:\gen_dffg:25:dffg_inst|s_Q ; iCLK         ; iCLK        ; 10.000       ; 0.325      ; 11.576     ;
; -1.249 ; register_file:regFile_inst|register_N_neg:\gen_registers:6:gen_other:reg_i|dffgNeg:\gen_dffg:3:dffg_inst|s_Q   ; IF_ID_Reg:IF_ID_inst|register_N:Instruction_reg_inst|dffg:\gen_dffg:27:dffg_inst|s_Q ; iCLK         ; iCLK        ; 10.000       ; 0.328      ; 11.575     ;
; -1.231 ; register_file:regFile_inst|register_N_neg:\gen_registers:4:gen_other:reg_i|dffgNeg:\gen_dffg:2:dffg_inst|s_Q   ; IF_ID_Reg:IF_ID_inst|register_N:Instruction_reg_inst|dffg:\gen_dffg:9:dffg_inst|s_Q  ; iCLK         ; iCLK        ; 10.000       ; 0.332      ; 11.561     ;
; -1.220 ; register_file:regFile_inst|register_N_neg:\gen_registers:24:gen_other:reg_i|dffgNeg:\gen_dffg:6:dffg_inst|s_Q  ; IF_ID_Reg:IF_ID_inst|register_N:Instruction_reg_inst|dffg:\gen_dffg:20:dffg_inst|s_Q ; iCLK         ; iCLK        ; 10.000       ; 0.291      ; 11.509     ;
; -1.220 ; register_file:regFile_inst|register_N_neg:\gen_registers:24:gen_other:reg_i|dffgNeg:\gen_dffg:6:dffg_inst|s_Q  ; IF_ID_Reg:IF_ID_inst|register_N:Instruction_reg_inst|dffg:\gen_dffg:23:dffg_inst|s_Q ; iCLK         ; iCLK        ; 10.000       ; 0.291      ; 11.509     ;
; -1.219 ; register_file:regFile_inst|register_N_neg:\gen_registers:5:gen_other:reg_i|dffgNeg:\gen_dffg:3:dffg_inst|s_Q   ; IF_ID_Reg:IF_ID_inst|register_N:Instruction_reg_inst|dffg:\gen_dffg:20:dffg_inst|s_Q ; iCLK         ; iCLK        ; 10.000       ; 0.283      ; 11.500     ;
; -1.219 ; register_file:regFile_inst|register_N_neg:\gen_registers:5:gen_other:reg_i|dffgNeg:\gen_dffg:3:dffg_inst|s_Q   ; IF_ID_Reg:IF_ID_inst|register_N:Instruction_reg_inst|dffg:\gen_dffg:23:dffg_inst|s_Q ; iCLK         ; iCLK        ; 10.000       ; 0.283      ; 11.500     ;
; -1.218 ; register_file:regFile_inst|register_N_neg:\gen_registers:24:gen_other:reg_i|dffgNeg:\gen_dffg:6:dffg_inst|s_Q  ; IF_ID_Reg:IF_ID_inst|register_N:Instruction_reg_inst|dffg:\gen_dffg:25:dffg_inst|s_Q ; iCLK         ; iCLK        ; 10.000       ; 0.333      ; 11.549     ;
; -1.217 ; register_file:regFile_inst|register_N_neg:\gen_registers:5:gen_other:reg_i|dffgNeg:\gen_dffg:3:dffg_inst|s_Q   ; IF_ID_Reg:IF_ID_inst|register_N:Instruction_reg_inst|dffg:\gen_dffg:25:dffg_inst|s_Q ; iCLK         ; iCLK        ; 10.000       ; 0.325      ; 11.540     ;
; -1.214 ; register_file:regFile_inst|register_N_neg:\gen_registers:24:gen_other:reg_i|dffgNeg:\gen_dffg:6:dffg_inst|s_Q  ; IF_ID_Reg:IF_ID_inst|register_N:Instruction_reg_inst|dffg:\gen_dffg:27:dffg_inst|s_Q ; iCLK         ; iCLK        ; 10.000       ; 0.336      ; 11.548     ;
; -1.213 ; register_file:regFile_inst|register_N_neg:\gen_registers:5:gen_other:reg_i|dffgNeg:\gen_dffg:3:dffg_inst|s_Q   ; IF_ID_Reg:IF_ID_inst|register_N:Instruction_reg_inst|dffg:\gen_dffg:27:dffg_inst|s_Q ; iCLK         ; iCLK        ; 10.000       ; 0.328      ; 11.539     ;
; -1.200 ; register_file:regFile_inst|register_N_neg:\gen_registers:6:gen_other:reg_i|dffgNeg:\gen_dffg:3:dffg_inst|s_Q   ; IF_ID_Reg:IF_ID_inst|register_N:Instruction_reg_inst|dffg:\gen_dffg:7:dffg_inst|s_Q  ; iCLK         ; iCLK        ; 10.000       ; 0.304      ; 11.502     ;
; -1.197 ; register_file:regFile_inst|register_N_neg:\gen_registers:6:gen_other:reg_i|dffgNeg:\gen_dffg:2:dffg_inst|s_Q   ; IF_ID_Reg:IF_ID_inst|register_N:Instruction_reg_inst|dffg:\gen_dffg:20:dffg_inst|s_Q ; iCLK         ; iCLK        ; 10.000       ; 0.312      ; 11.507     ;
; -1.197 ; register_file:regFile_inst|register_N_neg:\gen_registers:6:gen_other:reg_i|dffgNeg:\gen_dffg:2:dffg_inst|s_Q   ; IF_ID_Reg:IF_ID_inst|register_N:Instruction_reg_inst|dffg:\gen_dffg:23:dffg_inst|s_Q ; iCLK         ; iCLK        ; 10.000       ; 0.312      ; 11.507     ;
; -1.195 ; register_file:regFile_inst|register_N_neg:\gen_registers:6:gen_other:reg_i|dffgNeg:\gen_dffg:2:dffg_inst|s_Q   ; IF_ID_Reg:IF_ID_inst|register_N:Instruction_reg_inst|dffg:\gen_dffg:25:dffg_inst|s_Q ; iCLK         ; iCLK        ; 10.000       ; 0.354      ; 11.547     ;
; -1.191 ; register_file:regFile_inst|register_N_neg:\gen_registers:6:gen_other:reg_i|dffgNeg:\gen_dffg:2:dffg_inst|s_Q   ; IF_ID_Reg:IF_ID_inst|register_N:Instruction_reg_inst|dffg:\gen_dffg:27:dffg_inst|s_Q ; iCLK         ; iCLK        ; 10.000       ; 0.357      ; 11.546     ;
; -1.171 ; register_file:regFile_inst|register_N_neg:\gen_registers:6:gen_other:reg_i|dffgNeg:\gen_dffg:3:dffg_inst|s_Q   ; IF_ID_Reg:IF_ID_inst|register_N:Instruction_reg_inst|dffg:\gen_dffg:30:dffg_inst|s_Q ; iCLK         ; iCLK        ; 10.000       ; 0.280      ; 11.449     ;
; -1.166 ; register_file:regFile_inst|register_N_neg:\gen_registers:6:gen_other:reg_i|dffgNeg:\gen_dffg:3:dffg_inst|s_Q   ; IF_ID_Reg:IF_ID_inst|register_N:Instruction_reg_inst|dffg:\gen_dffg:3:dffg_inst|s_Q  ; iCLK         ; iCLK        ; 10.000       ; 0.280      ; 11.444     ;
; -1.165 ; register_file:regFile_inst|register_N_neg:\gen_registers:24:gen_other:reg_i|dffgNeg:\gen_dffg:6:dffg_inst|s_Q  ; IF_ID_Reg:IF_ID_inst|register_N:Instruction_reg_inst|dffg:\gen_dffg:7:dffg_inst|s_Q  ; iCLK         ; iCLK        ; 10.000       ; 0.312      ; 11.475     ;
; -1.164 ; register_file:regFile_inst|register_N_neg:\gen_registers:5:gen_other:reg_i|dffgNeg:\gen_dffg:3:dffg_inst|s_Q   ; IF_ID_Reg:IF_ID_inst|register_N:Instruction_reg_inst|dffg:\gen_dffg:7:dffg_inst|s_Q  ; iCLK         ; iCLK        ; 10.000       ; 0.304      ; 11.466     ;
; -1.151 ; register_file:regFile_inst|register_N_neg:\gen_registers:5:gen_other:reg_i|dffgNeg:\gen_dffg:2:dffg_inst|s_Q   ; IF_ID_Reg:IF_ID_inst|register_N:Instruction_reg_inst|dffg:\gen_dffg:20:dffg_inst|s_Q ; iCLK         ; iCLK        ; 10.000       ; 0.312      ; 11.461     ;
; -1.151 ; register_file:regFile_inst|register_N_neg:\gen_registers:5:gen_other:reg_i|dffgNeg:\gen_dffg:2:dffg_inst|s_Q   ; IF_ID_Reg:IF_ID_inst|register_N:Instruction_reg_inst|dffg:\gen_dffg:23:dffg_inst|s_Q ; iCLK         ; iCLK        ; 10.000       ; 0.312      ; 11.461     ;
; -1.149 ; register_file:regFile_inst|register_N_neg:\gen_registers:5:gen_other:reg_i|dffgNeg:\gen_dffg:2:dffg_inst|s_Q   ; IF_ID_Reg:IF_ID_inst|register_N:Instruction_reg_inst|dffg:\gen_dffg:25:dffg_inst|s_Q ; iCLK         ; iCLK        ; 10.000       ; 0.354      ; 11.501     ;
; -1.145 ; register_file:regFile_inst|register_N_neg:\gen_registers:5:gen_other:reg_i|dffgNeg:\gen_dffg:2:dffg_inst|s_Q   ; IF_ID_Reg:IF_ID_inst|register_N:Instruction_reg_inst|dffg:\gen_dffg:27:dffg_inst|s_Q ; iCLK         ; iCLK        ; 10.000       ; 0.357      ; 11.500     ;
; -1.142 ; register_file:regFile_inst|register_N_neg:\gen_registers:6:gen_other:reg_i|dffgNeg:\gen_dffg:2:dffg_inst|s_Q   ; IF_ID_Reg:IF_ID_inst|register_N:Instruction_reg_inst|dffg:\gen_dffg:7:dffg_inst|s_Q  ; iCLK         ; iCLK        ; 10.000       ; 0.333      ; 11.473     ;
; -1.136 ; register_file:regFile_inst|register_N_neg:\gen_registers:24:gen_other:reg_i|dffgNeg:\gen_dffg:6:dffg_inst|s_Q  ; IF_ID_Reg:IF_ID_inst|register_N:Instruction_reg_inst|dffg:\gen_dffg:30:dffg_inst|s_Q ; iCLK         ; iCLK        ; 10.000       ; 0.288      ; 11.422     ;
; -1.135 ; register_file:regFile_inst|register_N_neg:\gen_registers:5:gen_other:reg_i|dffgNeg:\gen_dffg:3:dffg_inst|s_Q   ; IF_ID_Reg:IF_ID_inst|register_N:Instruction_reg_inst|dffg:\gen_dffg:30:dffg_inst|s_Q ; iCLK         ; iCLK        ; 10.000       ; 0.280      ; 11.413     ;
; -1.131 ; register_file:regFile_inst|register_N_neg:\gen_registers:24:gen_other:reg_i|dffgNeg:\gen_dffg:6:dffg_inst|s_Q  ; IF_ID_Reg:IF_ID_inst|register_N:Instruction_reg_inst|dffg:\gen_dffg:3:dffg_inst|s_Q  ; iCLK         ; iCLK        ; 10.000       ; 0.288      ; 11.417     ;
; -1.130 ; register_file:regFile_inst|register_N_neg:\gen_registers:5:gen_other:reg_i|dffgNeg:\gen_dffg:3:dffg_inst|s_Q   ; IF_ID_Reg:IF_ID_inst|register_N:Instruction_reg_inst|dffg:\gen_dffg:3:dffg_inst|s_Q  ; iCLK         ; iCLK        ; 10.000       ; 0.280      ; 11.408     ;
; -1.121 ; register_file:regFile_inst|register_N_neg:\gen_registers:22:gen_other:reg_i|dffgNeg:\gen_dffg:25:dffg_inst|s_Q ; IF_ID_Reg:IF_ID_inst|register_N:Instruction_reg_inst|dffg:\gen_dffg:20:dffg_inst|s_Q ; iCLK         ; iCLK        ; 10.000       ; 0.291      ; 11.410     ;
; -1.121 ; register_file:regFile_inst|register_N_neg:\gen_registers:22:gen_other:reg_i|dffgNeg:\gen_dffg:25:dffg_inst|s_Q ; IF_ID_Reg:IF_ID_inst|register_N:Instruction_reg_inst|dffg:\gen_dffg:23:dffg_inst|s_Q ; iCLK         ; iCLK        ; 10.000       ; 0.291      ; 11.410     ;
; -1.121 ; register_file:regFile_inst|register_N_neg:\gen_registers:6:gen_other:reg_i|dffgNeg:\gen_dffg:3:dffg_inst|s_Q   ; IF_ID_Reg:IF_ID_inst|register_N:Instruction_reg_inst|dffg:\gen_dffg:1:dffg_inst|s_Q  ; iCLK         ; iCLK        ; 10.000       ; 0.300      ; 11.419     ;
; -1.120 ; register_file:regFile_inst|register_N_neg:\gen_registers:6:gen_other:reg_i|dffgNeg:\gen_dffg:3:dffg_inst|s_Q   ; IF_ID_Reg:IF_ID_inst|register_N:Instruction_reg_inst|dffg:\gen_dffg:0:dffg_inst|s_Q  ; iCLK         ; iCLK        ; 10.000       ; 0.300      ; 11.418     ;
; -1.119 ; register_file:regFile_inst|register_N_neg:\gen_registers:22:gen_other:reg_i|dffgNeg:\gen_dffg:25:dffg_inst|s_Q ; IF_ID_Reg:IF_ID_inst|register_N:Instruction_reg_inst|dffg:\gen_dffg:25:dffg_inst|s_Q ; iCLK         ; iCLK        ; 10.000       ; 0.333      ; 11.450     ;
; -1.115 ; register_file:regFile_inst|register_N_neg:\gen_registers:22:gen_other:reg_i|dffgNeg:\gen_dffg:25:dffg_inst|s_Q ; IF_ID_Reg:IF_ID_inst|register_N:Instruction_reg_inst|dffg:\gen_dffg:27:dffg_inst|s_Q ; iCLK         ; iCLK        ; 10.000       ; 0.336      ; 11.449     ;
; -1.113 ; register_file:regFile_inst|register_N_neg:\gen_registers:6:gen_other:reg_i|dffgNeg:\gen_dffg:2:dffg_inst|s_Q   ; IF_ID_Reg:IF_ID_inst|register_N:Instruction_reg_inst|dffg:\gen_dffg:30:dffg_inst|s_Q ; iCLK         ; iCLK        ; 10.000       ; 0.309      ; 11.420     ;
; -1.111 ; register_file:regFile_inst|register_N_neg:\gen_registers:7:gen_other:reg_i|dffgNeg:\gen_dffg:4:dffg_inst|s_Q   ; IF_ID_Reg:IF_ID_inst|register_N:Instruction_reg_inst|dffg:\gen_dffg:20:dffg_inst|s_Q ; iCLK         ; iCLK        ; 10.000       ; 0.317      ; 11.426     ;
; -1.111 ; register_file:regFile_inst|register_N_neg:\gen_registers:7:gen_other:reg_i|dffgNeg:\gen_dffg:4:dffg_inst|s_Q   ; IF_ID_Reg:IF_ID_inst|register_N:Instruction_reg_inst|dffg:\gen_dffg:23:dffg_inst|s_Q ; iCLK         ; iCLK        ; 10.000       ; 0.317      ; 11.426     ;
; -1.109 ; register_file:regFile_inst|register_N_neg:\gen_registers:7:gen_other:reg_i|dffgNeg:\gen_dffg:4:dffg_inst|s_Q   ; IF_ID_Reg:IF_ID_inst|register_N:Instruction_reg_inst|dffg:\gen_dffg:25:dffg_inst|s_Q ; iCLK         ; iCLK        ; 10.000       ; 0.359      ; 11.466     ;
; -1.108 ; register_file:regFile_inst|register_N_neg:\gen_registers:6:gen_other:reg_i|dffgNeg:\gen_dffg:2:dffg_inst|s_Q   ; IF_ID_Reg:IF_ID_inst|register_N:Instruction_reg_inst|dffg:\gen_dffg:3:dffg_inst|s_Q  ; iCLK         ; iCLK        ; 10.000       ; 0.309      ; 11.415     ;
; -1.105 ; register_file:regFile_inst|register_N_neg:\gen_registers:7:gen_other:reg_i|dffgNeg:\gen_dffg:4:dffg_inst|s_Q   ; IF_ID_Reg:IF_ID_inst|register_N:Instruction_reg_inst|dffg:\gen_dffg:27:dffg_inst|s_Q ; iCLK         ; iCLK        ; 10.000       ; 0.362      ; 11.465     ;
; -1.103 ; register_file:regFile_inst|register_N_neg:\gen_registers:24:gen_other:reg_i|dffgNeg:\gen_dffg:12:dffg_inst|s_Q ; IF_ID_Reg:IF_ID_inst|register_N:Instruction_reg_inst|dffg:\gen_dffg:20:dffg_inst|s_Q ; iCLK         ; iCLK        ; 10.000       ; 0.281      ; 11.382     ;
; -1.103 ; register_file:regFile_inst|register_N_neg:\gen_registers:24:gen_other:reg_i|dffgNeg:\gen_dffg:12:dffg_inst|s_Q ; IF_ID_Reg:IF_ID_inst|register_N:Instruction_reg_inst|dffg:\gen_dffg:23:dffg_inst|s_Q ; iCLK         ; iCLK        ; 10.000       ; 0.281      ; 11.382     ;
; -1.101 ; register_file:regFile_inst|register_N_neg:\gen_registers:24:gen_other:reg_i|dffgNeg:\gen_dffg:12:dffg_inst|s_Q ; IF_ID_Reg:IF_ID_inst|register_N:Instruction_reg_inst|dffg:\gen_dffg:25:dffg_inst|s_Q ; iCLK         ; iCLK        ; 10.000       ; 0.323      ; 11.422     ;
; -1.097 ; register_file:regFile_inst|register_N_neg:\gen_registers:5:gen_other:reg_i|dffgNeg:\gen_dffg:7:dffg_inst|s_Q   ; IF_ID_Reg:IF_ID_inst|register_N:Instruction_reg_inst|dffg:\gen_dffg:20:dffg_inst|s_Q ; iCLK         ; iCLK        ; 10.000       ; 0.313      ; 11.408     ;
; -1.097 ; register_file:regFile_inst|register_N_neg:\gen_registers:5:gen_other:reg_i|dffgNeg:\gen_dffg:7:dffg_inst|s_Q   ; IF_ID_Reg:IF_ID_inst|register_N:Instruction_reg_inst|dffg:\gen_dffg:23:dffg_inst|s_Q ; iCLK         ; iCLK        ; 10.000       ; 0.313      ; 11.408     ;
; -1.097 ; register_file:regFile_inst|register_N_neg:\gen_registers:24:gen_other:reg_i|dffgNeg:\gen_dffg:12:dffg_inst|s_Q ; IF_ID_Reg:IF_ID_inst|register_N:Instruction_reg_inst|dffg:\gen_dffg:27:dffg_inst|s_Q ; iCLK         ; iCLK        ; 10.000       ; 0.326      ; 11.421     ;
; -1.096 ; register_file:regFile_inst|register_N_neg:\gen_registers:5:gen_other:reg_i|dffgNeg:\gen_dffg:2:dffg_inst|s_Q   ; IF_ID_Reg:IF_ID_inst|register_N:Instruction_reg_inst|dffg:\gen_dffg:7:dffg_inst|s_Q  ; iCLK         ; iCLK        ; 10.000       ; 0.333      ; 11.427     ;
; -1.095 ; register_file:regFile_inst|register_N_neg:\gen_registers:5:gen_other:reg_i|dffgNeg:\gen_dffg:7:dffg_inst|s_Q   ; IF_ID_Reg:IF_ID_inst|register_N:Instruction_reg_inst|dffg:\gen_dffg:25:dffg_inst|s_Q ; iCLK         ; iCLK        ; 10.000       ; 0.355      ; 11.448     ;
; -1.092 ; register_file:regFile_inst|register_N_neg:\gen_registers:6:gen_other:reg_i|dffgNeg:\gen_dffg:3:dffg_inst|s_Q   ; fetch:fetch_inst|register_N:PC|dffg:\gen_dffg:30:dffg_inst|s_Q                       ; iCLK         ; iCLK        ; 10.000       ; -0.187     ; 10.903     ;
; -1.091 ; register_file:regFile_inst|register_N_neg:\gen_registers:5:gen_other:reg_i|dffgNeg:\gen_dffg:7:dffg_inst|s_Q   ; IF_ID_Reg:IF_ID_inst|register_N:Instruction_reg_inst|dffg:\gen_dffg:27:dffg_inst|s_Q ; iCLK         ; iCLK        ; 10.000       ; 0.358      ; 11.447     ;
; -1.086 ; register_file:regFile_inst|register_N_neg:\gen_registers:24:gen_other:reg_i|dffgNeg:\gen_dffg:6:dffg_inst|s_Q  ; IF_ID_Reg:IF_ID_inst|register_N:Instruction_reg_inst|dffg:\gen_dffg:1:dffg_inst|s_Q  ; iCLK         ; iCLK        ; 10.000       ; 0.308      ; 11.392     ;
; -1.085 ; register_file:regFile_inst|register_N_neg:\gen_registers:5:gen_other:reg_i|dffgNeg:\gen_dffg:3:dffg_inst|s_Q   ; IF_ID_Reg:IF_ID_inst|register_N:Instruction_reg_inst|dffg:\gen_dffg:1:dffg_inst|s_Q  ; iCLK         ; iCLK        ; 10.000       ; 0.300      ; 11.383     ;
; -1.085 ; register_file:regFile_inst|register_N_neg:\gen_registers:24:gen_other:reg_i|dffgNeg:\gen_dffg:6:dffg_inst|s_Q  ; IF_ID_Reg:IF_ID_inst|register_N:Instruction_reg_inst|dffg:\gen_dffg:0:dffg_inst|s_Q  ; iCLK         ; iCLK        ; 10.000       ; 0.308      ; 11.391     ;
; -1.084 ; register_file:regFile_inst|register_N_neg:\gen_registers:5:gen_other:reg_i|dffgNeg:\gen_dffg:3:dffg_inst|s_Q   ; IF_ID_Reg:IF_ID_inst|register_N:Instruction_reg_inst|dffg:\gen_dffg:0:dffg_inst|s_Q  ; iCLK         ; iCLK        ; 10.000       ; 0.300      ; 11.382     ;
; -1.081 ; register_file:regFile_inst|register_N_neg:\gen_registers:6:gen_other:reg_i|dffgNeg:\gen_dffg:3:dffg_inst|s_Q   ; IF_ID_Reg:IF_ID_inst|register_N:Instruction_reg_inst|dffg:\gen_dffg:9:dffg_inst|s_Q  ; iCLK         ; iCLK        ; 10.000       ; 0.300      ; 11.379     ;
; -1.075 ; register_file:regFile_inst|register_N_neg:\gen_registers:4:gen_other:reg_i|dffgNeg:\gen_dffg:2:dffg_inst|s_Q   ; IF_ID_Reg:IF_ID_inst|register_N:Instruction_reg_inst|dffg:\gen_dffg:8:dffg_inst|s_Q  ; iCLK         ; iCLK        ; 10.000       ; 0.338      ; 11.411     ;
; -1.073 ; register_file:regFile_inst|register_N_neg:\gen_registers:4:gen_other:reg_i|dffgNeg:\gen_dffg:2:dffg_inst|s_Q   ; IF_ID_Reg:IF_ID_inst|register_N:Instruction_reg_inst|dffg:\gen_dffg:21:dffg_inst|s_Q ; iCLK         ; iCLK        ; 10.000       ; 0.338      ; 11.409     ;
; -1.071 ; register_file:regFile_inst|register_N_neg:\gen_registers:4:gen_other:reg_i|dffgNeg:\gen_dffg:2:dffg_inst|s_Q   ; IF_ID_Reg:IF_ID_inst|register_N:Instruction_reg_inst|dffg:\gen_dffg:26:dffg_inst|s_Q ; iCLK         ; iCLK        ; 10.000       ; 0.338      ; 11.407     ;
; -1.069 ; register_file:regFile_inst|register_N_neg:\gen_registers:22:gen_other:reg_i|dffgNeg:\gen_dffg:12:dffg_inst|s_Q ; IF_ID_Reg:IF_ID_inst|register_N:Instruction_reg_inst|dffg:\gen_dffg:20:dffg_inst|s_Q ; iCLK         ; iCLK        ; 10.000       ; 0.288      ; 11.355     ;
; -1.069 ; register_file:regFile_inst|register_N_neg:\gen_registers:22:gen_other:reg_i|dffgNeg:\gen_dffg:12:dffg_inst|s_Q ; IF_ID_Reg:IF_ID_inst|register_N:Instruction_reg_inst|dffg:\gen_dffg:23:dffg_inst|s_Q ; iCLK         ; iCLK        ; 10.000       ; 0.288      ; 11.355     ;
; -1.069 ; register_file:regFile_inst|register_N_neg:\gen_registers:6:gen_other:reg_i|dffgNeg:\gen_dffg:25:dffg_inst|s_Q  ; IF_ID_Reg:IF_ID_inst|register_N:Instruction_reg_inst|dffg:\gen_dffg:20:dffg_inst|s_Q ; iCLK         ; iCLK        ; 10.000       ; 0.312      ; 11.379     ;
; -1.069 ; register_file:regFile_inst|register_N_neg:\gen_registers:6:gen_other:reg_i|dffgNeg:\gen_dffg:25:dffg_inst|s_Q  ; IF_ID_Reg:IF_ID_inst|register_N:Instruction_reg_inst|dffg:\gen_dffg:23:dffg_inst|s_Q ; iCLK         ; iCLK        ; 10.000       ; 0.312      ; 11.379     ;
; -1.067 ; register_file:regFile_inst|register_N_neg:\gen_registers:5:gen_other:reg_i|dffgNeg:\gen_dffg:2:dffg_inst|s_Q   ; IF_ID_Reg:IF_ID_inst|register_N:Instruction_reg_inst|dffg:\gen_dffg:30:dffg_inst|s_Q ; iCLK         ; iCLK        ; 10.000       ; 0.309      ; 11.374     ;
; -1.067 ; register_file:regFile_inst|register_N_neg:\gen_registers:22:gen_other:reg_i|dffgNeg:\gen_dffg:12:dffg_inst|s_Q ; IF_ID_Reg:IF_ID_inst|register_N:Instruction_reg_inst|dffg:\gen_dffg:25:dffg_inst|s_Q ; iCLK         ; iCLK        ; 10.000       ; 0.330      ; 11.395     ;
; -1.067 ; register_file:regFile_inst|register_N_neg:\gen_registers:6:gen_other:reg_i|dffgNeg:\gen_dffg:25:dffg_inst|s_Q  ; IF_ID_Reg:IF_ID_inst|register_N:Instruction_reg_inst|dffg:\gen_dffg:25:dffg_inst|s_Q ; iCLK         ; iCLK        ; 10.000       ; 0.354      ; 11.419     ;
; -1.066 ; register_file:regFile_inst|register_N_neg:\gen_registers:22:gen_other:reg_i|dffgNeg:\gen_dffg:25:dffg_inst|s_Q ; IF_ID_Reg:IF_ID_inst|register_N:Instruction_reg_inst|dffg:\gen_dffg:7:dffg_inst|s_Q  ; iCLK         ; iCLK        ; 10.000       ; 0.312      ; 11.376     ;
; -1.063 ; register_file:regFile_inst|register_N_neg:\gen_registers:6:gen_other:reg_i|dffgNeg:\gen_dffg:2:dffg_inst|s_Q   ; IF_ID_Reg:IF_ID_inst|register_N:Instruction_reg_inst|dffg:\gen_dffg:1:dffg_inst|s_Q  ; iCLK         ; iCLK        ; 10.000       ; 0.329      ; 11.390     ;
; -1.063 ; register_file:regFile_inst|register_N_neg:\gen_registers:22:gen_other:reg_i|dffgNeg:\gen_dffg:12:dffg_inst|s_Q ; IF_ID_Reg:IF_ID_inst|register_N:Instruction_reg_inst|dffg:\gen_dffg:27:dffg_inst|s_Q ; iCLK         ; iCLK        ; 10.000       ; 0.333      ; 11.394     ;
; -1.063 ; register_file:regFile_inst|register_N_neg:\gen_registers:6:gen_other:reg_i|dffgNeg:\gen_dffg:25:dffg_inst|s_Q  ; IF_ID_Reg:IF_ID_inst|register_N:Instruction_reg_inst|dffg:\gen_dffg:27:dffg_inst|s_Q ; iCLK         ; iCLK        ; 10.000       ; 0.357      ; 11.418     ;
; -1.062 ; register_file:regFile_inst|register_N_neg:\gen_registers:6:gen_other:reg_i|dffgNeg:\gen_dffg:2:dffg_inst|s_Q   ; IF_ID_Reg:IF_ID_inst|register_N:Instruction_reg_inst|dffg:\gen_dffg:0:dffg_inst|s_Q  ; iCLK         ; iCLK        ; 10.000       ; 0.329      ; 11.389     ;
; -1.062 ; register_file:regFile_inst|register_N_neg:\gen_registers:5:gen_other:reg_i|dffgNeg:\gen_dffg:2:dffg_inst|s_Q   ; IF_ID_Reg:IF_ID_inst|register_N:Instruction_reg_inst|dffg:\gen_dffg:3:dffg_inst|s_Q  ; iCLK         ; iCLK        ; 10.000       ; 0.309      ; 11.369     ;
; -1.056 ; register_file:regFile_inst|register_N_neg:\gen_registers:7:gen_other:reg_i|dffgNeg:\gen_dffg:4:dffg_inst|s_Q   ; IF_ID_Reg:IF_ID_inst|register_N:Instruction_reg_inst|dffg:\gen_dffg:7:dffg_inst|s_Q  ; iCLK         ; iCLK        ; 10.000       ; 0.338      ; 11.392     ;
; -1.056 ; register_file:regFile_inst|register_N_neg:\gen_registers:5:gen_other:reg_i|dffgNeg:\gen_dffg:3:dffg_inst|s_Q   ; fetch:fetch_inst|register_N:PC|dffg:\gen_dffg:30:dffg_inst|s_Q                       ; iCLK         ; iCLK        ; 10.000       ; -0.187     ; 10.867     ;
; -1.052 ; register_file:regFile_inst|register_N_neg:\gen_registers:4:gen_other:reg_i|dffgNeg:\gen_dffg:1:dffg_inst|s_Q   ; IF_ID_Reg:IF_ID_inst|register_N:Instruction_reg_inst|dffg:\gen_dffg:20:dffg_inst|s_Q ; iCLK         ; iCLK        ; 10.000       ; 0.306      ; 11.356     ;
; -1.052 ; register_file:regFile_inst|register_N_neg:\gen_registers:4:gen_other:reg_i|dffgNeg:\gen_dffg:1:dffg_inst|s_Q   ; IF_ID_Reg:IF_ID_inst|register_N:Instruction_reg_inst|dffg:\gen_dffg:23:dffg_inst|s_Q ; iCLK         ; iCLK        ; 10.000       ; 0.306      ; 11.356     ;
; -1.051 ; register_file:regFile_inst|register_N_neg:\gen_registers:4:gen_other:reg_i|dffgNeg:\gen_dffg:2:dffg_inst|s_Q   ; fetch:fetch_inst|register_N:PC|dffg:\gen_dffg:30:dffg_inst|s_Q                       ; iCLK         ; iCLK        ; 10.000       ; -0.155     ; 10.894     ;
; -1.050 ; register_file:regFile_inst|register_N_neg:\gen_registers:4:gen_other:reg_i|dffgNeg:\gen_dffg:1:dffg_inst|s_Q   ; IF_ID_Reg:IF_ID_inst|register_N:Instruction_reg_inst|dffg:\gen_dffg:25:dffg_inst|s_Q ; iCLK         ; iCLK        ; 10.000       ; 0.348      ; 11.396     ;
; -1.049 ; register_file:regFile_inst|register_N_neg:\gen_registers:25:gen_other:reg_i|dffgNeg:\gen_dffg:17:dffg_inst|s_Q ; IF_ID_Reg:IF_ID_inst|register_N:Instruction_reg_inst|dffg:\gen_dffg:20:dffg_inst|s_Q ; iCLK         ; iCLK        ; 10.000       ; 0.273      ; 11.320     ;
; -1.049 ; register_file:regFile_inst|register_N_neg:\gen_registers:25:gen_other:reg_i|dffgNeg:\gen_dffg:17:dffg_inst|s_Q ; IF_ID_Reg:IF_ID_inst|register_N:Instruction_reg_inst|dffg:\gen_dffg:23:dffg_inst|s_Q ; iCLK         ; iCLK        ; 10.000       ; 0.273      ; 11.320     ;
; -1.048 ; register_file:regFile_inst|register_N_neg:\gen_registers:16:gen_other:reg_i|dffgNeg:\gen_dffg:2:dffg_inst|s_Q  ; IF_ID_Reg:IF_ID_inst|register_N:Instruction_reg_inst|dffg:\gen_dffg:20:dffg_inst|s_Q ; iCLK         ; iCLK        ; 10.000       ; 0.290      ; 11.336     ;
; -1.048 ; register_file:regFile_inst|register_N_neg:\gen_registers:16:gen_other:reg_i|dffgNeg:\gen_dffg:2:dffg_inst|s_Q  ; IF_ID_Reg:IF_ID_inst|register_N:Instruction_reg_inst|dffg:\gen_dffg:23:dffg_inst|s_Q ; iCLK         ; iCLK        ; 10.000       ; 0.290      ; 11.336     ;
; -1.048 ; register_file:regFile_inst|register_N_neg:\gen_registers:24:gen_other:reg_i|dffgNeg:\gen_dffg:12:dffg_inst|s_Q ; IF_ID_Reg:IF_ID_inst|register_N:Instruction_reg_inst|dffg:\gen_dffg:7:dffg_inst|s_Q  ; iCLK         ; iCLK        ; 10.000       ; 0.302      ; 11.348     ;
; -1.047 ; register_file:regFile_inst|register_N_neg:\gen_registers:25:gen_other:reg_i|dffgNeg:\gen_dffg:17:dffg_inst|s_Q ; IF_ID_Reg:IF_ID_inst|register_N:Instruction_reg_inst|dffg:\gen_dffg:25:dffg_inst|s_Q ; iCLK         ; iCLK        ; 10.000       ; 0.315      ; 11.360     ;
; -1.046 ; register_file:regFile_inst|register_N_neg:\gen_registers:16:gen_other:reg_i|dffgNeg:\gen_dffg:2:dffg_inst|s_Q  ; IF_ID_Reg:IF_ID_inst|register_N:Instruction_reg_inst|dffg:\gen_dffg:25:dffg_inst|s_Q ; iCLK         ; iCLK        ; 10.000       ; 0.332      ; 11.376     ;
; -1.046 ; register_file:regFile_inst|register_N_neg:\gen_registers:4:gen_other:reg_i|dffgNeg:\gen_dffg:1:dffg_inst|s_Q   ; IF_ID_Reg:IF_ID_inst|register_N:Instruction_reg_inst|dffg:\gen_dffg:27:dffg_inst|s_Q ; iCLK         ; iCLK        ; 10.000       ; 0.351      ; 11.395     ;
; -1.046 ; register_file:regFile_inst|register_N_neg:\gen_registers:24:gen_other:reg_i|dffgNeg:\gen_dffg:6:dffg_inst|s_Q  ; IF_ID_Reg:IF_ID_inst|register_N:Instruction_reg_inst|dffg:\gen_dffg:9:dffg_inst|s_Q  ; iCLK         ; iCLK        ; 10.000       ; 0.308      ; 11.352     ;
; -1.045 ; register_file:regFile_inst|register_N_neg:\gen_registers:5:gen_other:reg_i|dffgNeg:\gen_dffg:3:dffg_inst|s_Q   ; IF_ID_Reg:IF_ID_inst|register_N:Instruction_reg_inst|dffg:\gen_dffg:9:dffg_inst|s_Q  ; iCLK         ; iCLK        ; 10.000       ; 0.300      ; 11.343     ;
; -1.045 ; register_file:regFile_inst|register_N_neg:\gen_registers:5:gen_other:reg_i|dffgNeg:\gen_dffg:1:dffg_inst|s_Q   ; IF_ID_Reg:IF_ID_inst|register_N:Instruction_reg_inst|dffg:\gen_dffg:20:dffg_inst|s_Q ; iCLK         ; iCLK        ; 10.000       ; 0.308      ; 11.351     ;
+--------+----------------------------------------------------------------------------------------------------------------+--------------------------------------------------------------------------------------+--------------+-------------+--------------+------------+------------+


+------------------------------------------------------------------------------------------------------------------------------------------------------------------------------------------------------------------------------------------------------------------+
; Slow 1200mV 85C Model Hold: 'iCLK'                                                                                                                                                                                                                               ;
+-------+------------------------------------------------------------------------------------+-----------------------------------------------------------------------------------------------+--------------+-------------+--------------+------------+------------+
; Slack ; From Node                                                                          ; To Node                                                                                       ; Launch Clock ; Latch Clock ; Relationship ; Clock Skew ; Data Delay ;
+-------+------------------------------------------------------------------------------------+-----------------------------------------------------------------------------------------------+--------------+-------------+--------------+------------+------------+
; 0.387 ; fetch:fetch_inst|register_N:PC|dffg:\gen_dffg:28:dffg_inst|s_Q                     ; fetch:fetch_inst|register_N:PC|dffg:\gen_dffg:28:dffg_inst|s_Q                                ; iCLK         ; iCLK        ; 0.000        ; 0.096      ; 0.669      ;
; 0.387 ; fetch:fetch_inst|register_N:PC|dffg:\gen_dffg:27:dffg_inst|s_Q                     ; fetch:fetch_inst|register_N:PC|dffg:\gen_dffg:27:dffg_inst|s_Q                                ; iCLK         ; iCLK        ; 0.000        ; 0.096      ; 0.669      ;
; 0.387 ; fetch:fetch_inst|register_N:PC|dffg:\gen_dffg:24:dffg_inst|s_Q                     ; fetch:fetch_inst|register_N:PC|dffg:\gen_dffg:24:dffg_inst|s_Q                                ; iCLK         ; iCLK        ; 0.000        ; 0.096      ; 0.669      ;
; 0.388 ; fetch:fetch_inst|register_N:PC|dffg:\gen_dffg:21:dffg_inst|s_Q                     ; fetch:fetch_inst|register_N:PC|dffg:\gen_dffg:21:dffg_inst|s_Q                                ; iCLK         ; iCLK        ; 0.000        ; 0.095      ; 0.669      ;
; 0.388 ; fetch:fetch_inst|register_N:PC|dffg:\gen_dffg:18:dffg_inst|s_Q                     ; fetch:fetch_inst|register_N:PC|dffg:\gen_dffg:18:dffg_inst|s_Q                                ; iCLK         ; iCLK        ; 0.000        ; 0.095      ; 0.669      ;
; 0.388 ; fetch:fetch_inst|register_N:PC|dffg:\gen_dffg:15:dffg_inst|s_Q                     ; fetch:fetch_inst|register_N:PC|dffg:\gen_dffg:15:dffg_inst|s_Q                                ; iCLK         ; iCLK        ; 0.000        ; 0.095      ; 0.669      ;
; 0.388 ; fetch:fetch_inst|register_N:PC|dffg:\gen_dffg:12:dffg_inst|s_Q                     ; fetch:fetch_inst|register_N:PC|dffg:\gen_dffg:12:dffg_inst|s_Q                                ; iCLK         ; iCLK        ; 0.000        ; 0.095      ; 0.669      ;
; 0.388 ; fetch:fetch_inst|register_N:PC|dffg:\gen_dffg:16:dffg_inst|s_Q                     ; fetch:fetch_inst|register_N:PC|dffg:\gen_dffg:16:dffg_inst|s_Q                                ; iCLK         ; iCLK        ; 0.000        ; 0.095      ; 0.669      ;
; 0.404 ; fetch:fetch_inst|register_N:PC|dffg:\gen_dffg:6:dffg_inst|s_Q                      ; fetch:fetch_inst|register_N:PC|dffg:\gen_dffg:6:dffg_inst|s_Q                                 ; iCLK         ; iCLK        ; 0.000        ; 0.079      ; 0.669      ;
; 0.405 ; fetch:fetch_inst|register_N:PC|dffg:\gen_dffg:9:dffg_inst|s_Q                      ; fetch:fetch_inst|register_N:PC|dffg:\gen_dffg:9:dffg_inst|s_Q                                 ; iCLK         ; iCLK        ; 0.000        ; 0.078      ; 0.669      ;
; 0.405 ; fetch:fetch_inst|register_N:PC|dffg:\gen_dffg:3:dffg_inst|s_Q                      ; fetch:fetch_inst|register_N:PC|dffg:\gen_dffg:3:dffg_inst|s_Q                                 ; iCLK         ; iCLK        ; 0.000        ; 0.078      ; 0.669      ;
; 0.410 ; fetch:fetch_inst|register_N:PC|dffg:\gen_dffg:2:dffg_inst|s_Q                      ; fetch:fetch_inst|register_N:PC|dffg:\gen_dffg:2:dffg_inst|s_Q                                 ; iCLK         ; iCLK        ; 0.000        ; 0.078      ; 0.674      ;
; 0.430 ; EX_MEM_Reg:EX_MEM_inst|register_N:PCPlus4_reg_inst|dffg:\gen_dffg:3:dffg_inst|s_Q  ; MEM_WB_Reg:MEM_WB_inst|register_N:PCPlus4_reg_inst|dffg:\gen_dffg:3:dffg_inst|s_Q             ; iCLK         ; iCLK        ; 0.000        ; 0.079      ; 0.695      ;
; 0.431 ; EX_MEM_Reg:EX_MEM_inst|register_N:PCPlus4_reg_inst|dffg:\gen_dffg:23:dffg_inst|s_Q ; MEM_WB_Reg:MEM_WB_inst|register_N:PCPlus4_reg_inst|dffg:\gen_dffg:23:dffg_inst|s_Q            ; iCLK         ; iCLK        ; 0.000        ; 0.078      ; 0.695      ;
; 0.432 ; EX_MEM_Reg:EX_MEM_inst|register_N:PCPlus4_reg_inst|dffg:\gen_dffg:21:dffg_inst|s_Q ; MEM_WB_Reg:MEM_WB_inst|register_N:PCPlus4_reg_inst|dffg:\gen_dffg:21:dffg_inst|s_Q            ; iCLK         ; iCLK        ; 0.000        ; 0.078      ; 0.696      ;
; 0.432 ; EX_MEM_Reg:EX_MEM_inst|register_N:PCPlus4_reg_inst|dffg:\gen_dffg:11:dffg_inst|s_Q ; MEM_WB_Reg:MEM_WB_inst|register_N:PCPlus4_reg_inst|dffg:\gen_dffg:11:dffg_inst|s_Q            ; iCLK         ; iCLK        ; 0.000        ; 0.078      ; 0.696      ;
; 0.432 ; EX_MEM_Reg:EX_MEM_inst|register_N:PCPlus4_reg_inst|dffg:\gen_dffg:4:dffg_inst|s_Q  ; MEM_WB_Reg:MEM_WB_inst|register_N:PCPlus4_reg_inst|dffg:\gen_dffg:4:dffg_inst|s_Q             ; iCLK         ; iCLK        ; 0.000        ; 0.079      ; 0.697      ;
; 0.433 ; EX_MEM_Reg:EX_MEM_inst|register_N:PCPlus4_reg_inst|dffg:\gen_dffg:20:dffg_inst|s_Q ; MEM_WB_Reg:MEM_WB_inst|register_N:PCPlus4_reg_inst|dffg:\gen_dffg:20:dffg_inst|s_Q            ; iCLK         ; iCLK        ; 0.000        ; 0.078      ; 0.697      ;
; 0.434 ; EX_MEM_Reg:EX_MEM_inst|register_N:PCPlus4_reg_inst|dffg:\gen_dffg:18:dffg_inst|s_Q ; MEM_WB_Reg:MEM_WB_inst|register_N:PCPlus4_reg_inst|dffg:\gen_dffg:18:dffg_inst|s_Q            ; iCLK         ; iCLK        ; 0.000        ; 0.078      ; 0.698      ;
; 0.557 ; fetch:fetch_inst|register_N:PC|dffg:\gen_dffg:0:dffg_inst|s_Q                      ; IF_ID_Reg:IF_ID_inst|register_N:PCPlus4_reg_inst|dffg:\gen_dffg:0:dffg_inst|s_Q               ; iCLK         ; iCLK        ; 0.000        ; 0.078      ; 0.821      ;
; 0.559 ; EX_MEM_Reg:EX_MEM_inst|register_N:Out2_reg_inst|dffg:\gen_dffg:18:dffg_inst|s_Q    ; mem:DMem|altsyncram:ram_rtl_0|altsyncram_eg81:auto_generated|ram_block1a8~porta_datain_reg0   ; iCLK         ; iCLK        ; 0.000        ; 0.442      ; 1.223      ;
; 0.576 ; EX_MEM_Reg:EX_MEM_inst|register_N:Out2_reg_inst|dffg:\gen_dffg:28:dffg_inst|s_Q    ; mem:DMem|altsyncram:ram_rtl_0|altsyncram_eg81:auto_generated|ram_block1a26~porta_datain_reg0  ; iCLK         ; iCLK        ; 0.000        ; 0.450      ; 1.248      ;
; 0.589 ; EX_MEM_Reg:EX_MEM_inst|register_N:PCPlus4_reg_inst|dffg:\gen_dffg:30:dffg_inst|s_Q ; MEM_WB_Reg:MEM_WB_inst|register_N:PCPlus4_reg_inst|dffg:\gen_dffg:30:dffg_inst|s_Q            ; iCLK         ; iCLK        ; 0.000        ; 0.079      ; 0.854      ;
; 0.591 ; EX_MEM_Reg:EX_MEM_inst|register_N:ALUout_reg_inst|dffg:\gen_dffg:3:dffg_inst|s_Q   ; mem:DMem|altsyncram:ram_rtl_0|altsyncram_eg81:auto_generated|ram_block1a8~porta_address_reg0  ; iCLK         ; iCLK        ; 0.000        ; 0.428      ; 1.241      ;
; 0.599 ; IF_ID_Reg:IF_ID_inst|register_N:PC_reg_inst|dffg:\gen_dffg:31:dffg_inst|s_Q        ; fetch:fetch_inst|register_N:PC|dffg:\gen_dffg:31:dffg_inst|s_Q                                ; iCLK         ; iCLK        ; 0.000        ; 0.511      ; 1.296      ;
; 0.600 ; EX_MEM_Reg:EX_MEM_inst|register_N:PCPlus4_reg_inst|dffg:\gen_dffg:24:dffg_inst|s_Q ; MEM_WB_Reg:MEM_WB_inst|register_N:PCPlus4_reg_inst|dffg:\gen_dffg:24:dffg_inst|s_Q            ; iCLK         ; iCLK        ; 0.000        ; 0.079      ; 0.865      ;
; 0.601 ; ID_EX_Reg:ID_EX_inst|register_N:PCPlus4_reg_inst|dffg:\gen_dffg:30:dffg_inst|s_Q   ; EX_MEM_Reg:EX_MEM_inst|register_N:PCPlus4_reg_inst|dffg:\gen_dffg:30:dffg_inst|s_Q            ; iCLK         ; iCLK        ; 0.000        ; 0.079      ; 0.866      ;
; 0.602 ; EX_MEM_Reg:EX_MEM_inst|register_N:Fuct3_reg_inst|dffg:\gen_dffg:1:dffg_inst|s_Q    ; MEM_WB_Reg:MEM_WB_inst|register_N:Fuct3_reg_inst|dffg:\gen_dffg:1:dffg_inst|s_Q               ; iCLK         ; iCLK        ; 0.000        ; 0.078      ; 0.866      ;
; 0.602 ; ID_EX_Reg:ID_EX_inst|register_N:PCPlus4_reg_inst|dffg:\gen_dffg:18:dffg_inst|s_Q   ; EX_MEM_Reg:EX_MEM_inst|register_N:PCPlus4_reg_inst|dffg:\gen_dffg:18:dffg_inst|s_Q            ; iCLK         ; iCLK        ; 0.000        ; 0.078      ; 0.866      ;
; 0.602 ; EX_MEM_Reg:EX_MEM_inst|register_N:PCPlus4_reg_inst|dffg:\gen_dffg:14:dffg_inst|s_Q ; MEM_WB_Reg:MEM_WB_inst|register_N:PCPlus4_reg_inst|dffg:\gen_dffg:14:dffg_inst|s_Q            ; iCLK         ; iCLK        ; 0.000        ; 0.078      ; 0.866      ;
; 0.602 ; EX_MEM_Reg:EX_MEM_inst|register_N:PCPlus4_reg_inst|dffg:\gen_dffg:9:dffg_inst|s_Q  ; MEM_WB_Reg:MEM_WB_inst|register_N:PCPlus4_reg_inst|dffg:\gen_dffg:9:dffg_inst|s_Q             ; iCLK         ; iCLK        ; 0.000        ; 0.078      ; 0.866      ;
; 0.602 ; EX_MEM_Reg:EX_MEM_inst|register_N:PCPlus4_reg_inst|dffg:\gen_dffg:12:dffg_inst|s_Q ; MEM_WB_Reg:MEM_WB_inst|register_N:PCPlus4_reg_inst|dffg:\gen_dffg:12:dffg_inst|s_Q            ; iCLK         ; iCLK        ; 0.000        ; 0.078      ; 0.866      ;
; 0.602 ; EX_MEM_Reg:EX_MEM_inst|register_N:PCPlus4_reg_inst|dffg:\gen_dffg:13:dffg_inst|s_Q ; MEM_WB_Reg:MEM_WB_inst|register_N:PCPlus4_reg_inst|dffg:\gen_dffg:13:dffg_inst|s_Q            ; iCLK         ; iCLK        ; 0.000        ; 0.078      ; 0.866      ;
; 0.602 ; ID_EX_Reg:ID_EX_inst|register_N:PCPlus4_reg_inst|dffg:\gen_dffg:6:dffg_inst|s_Q    ; EX_MEM_Reg:EX_MEM_inst|register_N:PCPlus4_reg_inst|dffg:\gen_dffg:6:dffg_inst|s_Q             ; iCLK         ; iCLK        ; 0.000        ; 0.078      ; 0.866      ;
; 0.603 ; ID_EX_Reg:ID_EX_inst|register_N:PCPlus4_reg_inst|dffg:\gen_dffg:21:dffg_inst|s_Q   ; EX_MEM_Reg:EX_MEM_inst|register_N:PCPlus4_reg_inst|dffg:\gen_dffg:21:dffg_inst|s_Q            ; iCLK         ; iCLK        ; 0.000        ; 0.078      ; 0.867      ;
; 0.603 ; ID_EX_Reg:ID_EX_inst|register_N:PCPlus4_reg_inst|dffg:\gen_dffg:19:dffg_inst|s_Q   ; EX_MEM_Reg:EX_MEM_inst|register_N:PCPlus4_reg_inst|dffg:\gen_dffg:19:dffg_inst|s_Q            ; iCLK         ; iCLK        ; 0.000        ; 0.078      ; 0.867      ;
; 0.603 ; EX_MEM_Reg:EX_MEM_inst|register_N:Fuct3_reg_inst|dffg:\gen_dffg:2:dffg_inst|s_Q    ; MEM_WB_Reg:MEM_WB_inst|register_N:Fuct3_reg_inst|dffg:\gen_dffg:2:dffg_inst|s_Q               ; iCLK         ; iCLK        ; 0.000        ; 0.078      ; 0.867      ;
; 0.604 ; ID_EX_Reg:ID_EX_inst|register_N:PCPlus4_reg_inst|dffg:\gen_dffg:29:dffg_inst|s_Q   ; EX_MEM_Reg:EX_MEM_inst|register_N:PCPlus4_reg_inst|dffg:\gen_dffg:29:dffg_inst|s_Q            ; iCLK         ; iCLK        ; 0.000        ; 0.078      ; 0.868      ;
; 0.604 ; ID_EX_Reg:ID_EX_inst|register_N:PCPlus4_reg_inst|dffg:\gen_dffg:23:dffg_inst|s_Q   ; EX_MEM_Reg:EX_MEM_inst|register_N:PCPlus4_reg_inst|dffg:\gen_dffg:23:dffg_inst|s_Q            ; iCLK         ; iCLK        ; 0.000        ; 0.078      ; 0.868      ;
; 0.604 ; ID_EX_Reg:ID_EX_inst|register_N:PCPlus4_reg_inst|dffg:\gen_dffg:15:dffg_inst|s_Q   ; EX_MEM_Reg:EX_MEM_inst|register_N:PCPlus4_reg_inst|dffg:\gen_dffg:15:dffg_inst|s_Q            ; iCLK         ; iCLK        ; 0.000        ; 0.078      ; 0.868      ;
; 0.604 ; EX_MEM_Reg:EX_MEM_inst|register_N:PCPlus4_reg_inst|dffg:\gen_dffg:26:dffg_inst|s_Q ; MEM_WB_Reg:MEM_WB_inst|register_N:PCPlus4_reg_inst|dffg:\gen_dffg:26:dffg_inst|s_Q            ; iCLK         ; iCLK        ; 0.000        ; 0.078      ; 0.868      ;
; 0.604 ; ID_EX_Reg:ID_EX_inst|register_N:PCPlus4_reg_inst|dffg:\gen_dffg:26:dffg_inst|s_Q   ; EX_MEM_Reg:EX_MEM_inst|register_N:PCPlus4_reg_inst|dffg:\gen_dffg:26:dffg_inst|s_Q            ; iCLK         ; iCLK        ; 0.000        ; 0.078      ; 0.868      ;
; 0.604 ; EX_MEM_Reg:EX_MEM_inst|register_N:PCPlus4_reg_inst|dffg:\gen_dffg:10:dffg_inst|s_Q ; MEM_WB_Reg:MEM_WB_inst|register_N:PCPlus4_reg_inst|dffg:\gen_dffg:10:dffg_inst|s_Q            ; iCLK         ; iCLK        ; 0.000        ; 0.078      ; 0.868      ;
; 0.604 ; ID_EX_Reg:ID_EX_inst|register_N:PCPlus4_reg_inst|dffg:\gen_dffg:2:dffg_inst|s_Q    ; EX_MEM_Reg:EX_MEM_inst|register_N:PCPlus4_reg_inst|dffg:\gen_dffg:2:dffg_inst|s_Q             ; iCLK         ; iCLK        ; 0.000        ; 0.078      ; 0.868      ;
; 0.605 ; EX_MEM_Reg:EX_MEM_inst|register_N:ALUout_reg_inst|dffg:\gen_dffg:11:dffg_inst|s_Q  ; mem:DMem|altsyncram:ram_rtl_0|altsyncram_eg81:auto_generated|ram_block1a0~porta_address_reg0  ; iCLK         ; iCLK        ; 0.000        ; 0.442      ; 1.269      ;
; 0.605 ; EX_MEM_Reg:EX_MEM_inst|register_N:PCPlus4_reg_inst|dffg:\gen_dffg:5:dffg_inst|s_Q  ; MEM_WB_Reg:MEM_WB_inst|register_N:PCPlus4_reg_inst|dffg:\gen_dffg:5:dffg_inst|s_Q             ; iCLK         ; iCLK        ; 0.000        ; 0.078      ; 0.869      ;
; 0.605 ; ID_EX_Reg:ID_EX_inst|register_N:PCPlus4_reg_inst|dffg:\gen_dffg:5:dffg_inst|s_Q    ; EX_MEM_Reg:EX_MEM_inst|register_N:PCPlus4_reg_inst|dffg:\gen_dffg:5:dffg_inst|s_Q             ; iCLK         ; iCLK        ; 0.000        ; 0.078      ; 0.869      ;
; 0.608 ; EX_MEM_Reg:EX_MEM_inst|register_N:ALUout_reg_inst|dffg:\gen_dffg:9:dffg_inst|s_Q   ; mem:DMem|altsyncram:ram_rtl_0|altsyncram_eg81:auto_generated|ram_block1a26~porta_address_reg0 ; iCLK         ; iCLK        ; 0.000        ; 0.443      ; 1.273      ;
; 0.609 ; fetch:fetch_inst|register_N:PC|dffg:\gen_dffg:6:dffg_inst|s_Q                      ; IF_ID_Reg:IF_ID_inst|register_N:PC_reg_inst|dffg:\gen_dffg:6:dffg_inst|s_Q                    ; iCLK         ; iCLK        ; 0.000        ; 0.079      ; 0.874      ;
; 0.610 ; ID_EX_Reg:ID_EX_inst|register_N:PCPlus4_reg_inst|dffg:\gen_dffg:1:dffg_inst|s_Q    ; EX_MEM_Reg:EX_MEM_inst|register_N:PCPlus4_reg_inst|dffg:\gen_dffg:1:dffg_inst|s_Q             ; iCLK         ; iCLK        ; 0.000        ; 0.078      ; 0.874      ;
; 0.611 ; EX_MEM_Reg:EX_MEM_inst|register_N:ALUout_reg_inst|dffg:\gen_dffg:0:dffg_inst|s_Q   ; MEM_WB_Reg:MEM_WB_inst|register_N:ALUout_reg_inst|dffg:\gen_dffg:0:dffg_inst|s_Q              ; iCLK         ; iCLK        ; 0.000        ; 0.078      ; 0.875      ;
; 0.611 ; EX_MEM_Reg:EX_MEM_inst|register_N:PCPlus4_reg_inst|dffg:\gen_dffg:28:dffg_inst|s_Q ; MEM_WB_Reg:MEM_WB_inst|register_N:PCPlus4_reg_inst|dffg:\gen_dffg:28:dffg_inst|s_Q            ; iCLK         ; iCLK        ; 0.000        ; 0.079      ; 0.876      ;
; 0.614 ; ID_EX_Reg:ID_EX_inst|register_N:RegWrAddr_reg_inst|dffg:\gen_dffg:0:dffg_inst|s_Q  ; EX_MEM_Reg:EX_MEM_inst|register_N:RegWrAddr_reg_inst|dffg:\gen_dffg:0:dffg_inst|s_Q           ; iCLK         ; iCLK        ; 0.000        ; 0.079      ; 0.879      ;
; 0.617 ; EX_MEM_Reg:EX_MEM_inst|register_N:MemWrite_reg_inst|dffg:\gen_dffg:0:dffg_inst|s_Q ; mem:DMem|altsyncram:ram_rtl_0|altsyncram_eg81:auto_generated|ram_block1a0~porta_we_reg        ; iCLK         ; iCLK        ; 0.000        ; 0.444      ; 1.283      ;
; 0.628 ; EX_MEM_Reg:EX_MEM_inst|register_N:ALUout_reg_inst|dffg:\gen_dffg:15:dffg_inst|s_Q  ; MEM_WB_Reg:MEM_WB_inst|register_N:ALUout_reg_inst|dffg:\gen_dffg:15:dffg_inst|s_Q             ; iCLK         ; iCLK        ; 0.000        ; 0.078      ; 0.892      ;
; 0.644 ; fetch:fetch_inst|register_N:PC|dffg:\gen_dffg:25:dffg_inst|s_Q                     ; IF_ID_Reg:IF_ID_inst|register_N:PC_reg_inst|dffg:\gen_dffg:25:dffg_inst|s_Q                   ; iCLK         ; iCLK        ; 0.000        ; 0.096      ; 0.926      ;
; 0.648 ; fetch:fetch_inst|register_N:PC|dffg:\gen_dffg:19:dffg_inst|s_Q                     ; IF_ID_Reg:IF_ID_inst|register_N:PC_reg_inst|dffg:\gen_dffg:19:dffg_inst|s_Q                   ; iCLK         ; iCLK        ; 0.000        ; 0.093      ; 0.927      ;
; 0.655 ; fetch:fetch_inst|register_N:PC|dffg:\gen_dffg:12:dffg_inst|s_Q                     ; IF_ID_Reg:IF_ID_inst|register_N:PC_reg_inst|dffg:\gen_dffg:12:dffg_inst|s_Q                   ; iCLK         ; iCLK        ; 0.000        ; 0.095      ; 0.936      ;
; 0.659 ; fetch:fetch_inst|register_N:PC|dffg:\gen_dffg:4:dffg_inst|s_Q                      ; IF_ID_Reg:IF_ID_inst|register_N:PC_reg_inst|dffg:\gen_dffg:4:dffg_inst|s_Q                    ; iCLK         ; iCLK        ; 0.000        ; 0.096      ; 0.941      ;
; 0.659 ; fetch:fetch_inst|register_N:PC|dffg:\gen_dffg:28:dffg_inst|s_Q                     ; IF_ID_Reg:IF_ID_inst|register_N:PC_reg_inst|dffg:\gen_dffg:28:dffg_inst|s_Q                   ; iCLK         ; iCLK        ; 0.000        ; 0.096      ; 0.941      ;
; 0.664 ; fetch:fetch_inst|register_N:PC|dffg:\gen_dffg:16:dffg_inst|s_Q                     ; IF_ID_Reg:IF_ID_inst|register_N:PCPlus4_reg_inst|dffg:\gen_dffg:16:dffg_inst|s_Q              ; iCLK         ; iCLK        ; 0.000        ; 0.095      ; 0.945      ;
; 0.665 ; EX_MEM_Reg:EX_MEM_inst|register_N:MemWrite_reg_inst|dffg:\gen_dffg:0:dffg_inst|s_Q ; mem:DMem|altsyncram:ram_rtl_0|altsyncram_eg81:auto_generated|ram_block1a8~porta_we_reg        ; iCLK         ; iCLK        ; 0.000        ; 0.425      ; 1.312      ;
; 0.671 ; EX_MEM_Reg:EX_MEM_inst|register_N:MemWrite_reg_inst|dffg:\gen_dffg:0:dffg_inst|s_Q ; mem:DMem|altsyncram:ram_rtl_0|altsyncram_eg81:auto_generated|ram_block1a26~porta_we_reg       ; iCLK         ; iCLK        ; 0.000        ; 0.433      ; 1.326      ;
; 0.672 ; fetch:fetch_inst|register_N:PC|dffg:\gen_dffg:12:dffg_inst|s_Q                     ; IF_ID_Reg:IF_ID_inst|register_N:PCPlus4_reg_inst|dffg:\gen_dffg:12:dffg_inst|s_Q              ; iCLK         ; iCLK        ; 0.000        ; 0.095      ; 0.953      ;
; 0.673 ; EX_MEM_Reg:EX_MEM_inst|register_N:ALUout_reg_inst|dffg:\gen_dffg:8:dffg_inst|s_Q   ; mem:DMem|altsyncram:ram_rtl_0|altsyncram_eg81:auto_generated|ram_block1a26~porta_address_reg0 ; iCLK         ; iCLK        ; 0.000        ; 0.436      ; 1.331      ;
; 0.674 ; fetch:fetch_inst|register_N:PC|dffg:\gen_dffg:10:dffg_inst|s_Q                     ; IF_ID_Reg:IF_ID_inst|register_N:PC_reg_inst|dffg:\gen_dffg:10:dffg_inst|s_Q                   ; iCLK         ; iCLK        ; 0.000        ; 0.096      ; 0.956      ;
; 0.676 ; fetch:fetch_inst|register_N:PC|dffg:\gen_dffg:30:dffg_inst|s_Q                     ; IF_ID_Reg:IF_ID_inst|register_N:PC_reg_inst|dffg:\gen_dffg:30:dffg_inst|s_Q                   ; iCLK         ; iCLK        ; 0.000        ; 0.079      ; 0.941      ;
; 0.679 ; fetch:fetch_inst|register_N:PC|dffg:\gen_dffg:5:dffg_inst|s_Q                      ; IF_ID_Reg:IF_ID_inst|register_N:PC_reg_inst|dffg:\gen_dffg:5:dffg_inst|s_Q                    ; iCLK         ; iCLK        ; 0.000        ; 0.079      ; 0.944      ;
; 0.680 ; fetch:fetch_inst|register_N:PC|dffg:\gen_dffg:1:dffg_inst|s_Q                      ; IF_ID_Reg:IF_ID_inst|register_N:PCPlus4_reg_inst|dffg:\gen_dffg:1:dffg_inst|s_Q               ; iCLK         ; iCLK        ; 0.000        ; 0.491      ; 1.357      ;
; 0.681 ; fetch:fetch_inst|register_N:PC|dffg:\gen_dffg:22:dffg_inst|s_Q                     ; IF_ID_Reg:IF_ID_inst|register_N:PC_reg_inst|dffg:\gen_dffg:22:dffg_inst|s_Q                   ; iCLK         ; iCLK        ; 0.000        ; 0.097      ; 0.964      ;
; 0.681 ; IF_ID_Reg:IF_ID_inst|register_N:PC_reg_inst|dffg:\gen_dffg:7:dffg_inst|s_Q         ; ID_EX_Reg:ID_EX_inst|register_N:PC_reg_inst|dffg:\gen_dffg:7:dffg_inst|s_Q                    ; iCLK         ; iCLK        ; 0.000        ; 0.078      ; 0.945      ;
; 0.682 ; IF_ID_Reg:IF_ID_inst|register_N:PCPlus4_reg_inst|dffg:\gen_dffg:0:dffg_inst|s_Q    ; fetch:fetch_inst|register_N:PC|dffg:\gen_dffg:0:dffg_inst|s_Q                                 ; iCLK         ; iCLK        ; 0.000        ; 0.078      ; 0.946      ;
; 0.704 ; fetch:fetch_inst|register_N:PC|dffg:\gen_dffg:2:dffg_inst|s_Q                      ; IF_ID_Reg:IF_ID_inst|register_N:PC_reg_inst|dffg:\gen_dffg:2:dffg_inst|s_Q                    ; iCLK         ; iCLK        ; 0.000        ; 0.078      ; 0.968      ;
; 0.706 ; EX_MEM_Reg:EX_MEM_inst|register_N:MemWrite_reg_inst|dffg:\gen_dffg:0:dffg_inst|s_Q ; mem:DMem|altsyncram:ram_rtl_0|altsyncram_eg81:auto_generated|ram_block1a7~porta_we_reg        ; iCLK         ; iCLK        ; 0.000        ; 0.418      ; 1.346      ;
; 0.710 ; EX_MEM_Reg:EX_MEM_inst|register_N:ALUout_reg_inst|dffg:\gen_dffg:6:dffg_inst|s_Q   ; mem:DMem|altsyncram:ram_rtl_0|altsyncram_eg81:auto_generated|ram_block1a0~porta_address_reg0  ; iCLK         ; iCLK        ; 0.000        ; 0.430      ; 1.362      ;
; 0.717 ; fetch:fetch_inst|register_N:PC|dffg:\gen_dffg:6:dffg_inst|s_Q                      ; IF_ID_Reg:IF_ID_inst|register_N:PCPlus4_reg_inst|dffg:\gen_dffg:6:dffg_inst|s_Q               ; iCLK         ; iCLK        ; 0.000        ; 0.079      ; 0.982      ;
; 0.723 ; fetch:fetch_inst|register_N:PC|dffg:\gen_dffg:2:dffg_inst|s_Q                      ; fetch:fetch_inst|register_N:PC|dffg:\gen_dffg:3:dffg_inst|s_Q                                 ; iCLK         ; iCLK        ; 0.000        ; 0.078      ; 0.987      ;
; 0.732 ; fetch:fetch_inst|register_N:PC|dffg:\gen_dffg:30:dffg_inst|s_Q                     ; fetch:fetch_inst|register_N:PC|dffg:\gen_dffg:31:dffg_inst|s_Q                                ; iCLK         ; iCLK        ; 0.000        ; 0.511      ; 1.429      ;
; 0.733 ; EX_MEM_Reg:EX_MEM_inst|register_N:Out2_reg_inst|dffg:\gen_dffg:10:dffg_inst|s_Q    ; mem:DMem|altsyncram:ram_rtl_0|altsyncram_eg81:auto_generated|ram_block1a8~porta_datain_reg0   ; iCLK         ; iCLK        ; 0.000        ; 0.459      ; 1.414      ;
; 0.734 ; fetch:fetch_inst|register_N:PC|dffg:\gen_dffg:2:dffg_inst|s_Q                      ; IF_ID_Reg:IF_ID_inst|register_N:PCPlus4_reg_inst|dffg:\gen_dffg:2:dffg_inst|s_Q               ; iCLK         ; iCLK        ; 0.000        ; 0.078      ; 0.998      ;
; 0.739 ; EX_MEM_Reg:EX_MEM_inst|register_N:ALUout_reg_inst|dffg:\gen_dffg:8:dffg_inst|s_Q   ; mem:DMem|altsyncram:ram_rtl_0|altsyncram_eg81:auto_generated|ram_block1a8~porta_address_reg0  ; iCLK         ; iCLK        ; 0.000        ; 0.428      ; 1.389      ;
; 0.747 ; EX_MEM_Reg:EX_MEM_inst|register_N:Out2_reg_inst|dffg:\gen_dffg:3:dffg_inst|s_Q     ; mem:DMem|altsyncram:ram_rtl_0|altsyncram_eg81:auto_generated|ram_block1a0~porta_datain_reg0   ; iCLK         ; iCLK        ; 0.000        ; 0.451      ; 1.420      ;
; 0.752 ; EX_MEM_Reg:EX_MEM_inst|register_N:Out2_reg_inst|dffg:\gen_dffg:4:dffg_inst|s_Q     ; mem:DMem|altsyncram:ram_rtl_0|altsyncram_eg81:auto_generated|ram_block1a0~porta_datain_reg0   ; iCLK         ; iCLK        ; 0.000        ; 0.453      ; 1.427      ;
; 0.754 ; EX_MEM_Reg:EX_MEM_inst|register_N:PCPlus4_reg_inst|dffg:\gen_dffg:30:dffg_inst|s_Q ; EX_MEM_Reg:EX_MEM_inst|register_N:Out2_reg_inst|dffg:\gen_dffg:30:dffg_inst|s_Q               ; iCLK         ; iCLK        ; 0.000        ; 0.079      ; 1.019      ;
; 0.755 ; EX_MEM_Reg:EX_MEM_inst|register_N:ALUout_reg_inst|dffg:\gen_dffg:8:dffg_inst|s_Q   ; mem:DMem|altsyncram:ram_rtl_0|altsyncram_eg81:auto_generated|ram_block1a7~porta_address_reg0  ; iCLK         ; iCLK        ; 0.000        ; 0.421      ; 1.398      ;
; 0.758 ; ID_EX_Reg:ID_EX_inst|register_N:ALUop_reg_inst|dffg:\gen_dffg:3:dffg_inst|s_Q      ; EX_MEM_Reg:EX_MEM_inst|register_N:ALUout_reg_inst|dffg:\gen_dffg:10:dffg_inst|s_Q             ; iCLK         ; iCLK        ; 0.000        ; 0.080      ; 1.024      ;
; 0.765 ; EX_MEM_Reg:EX_MEM_inst|register_N:PCPlus4_reg_inst|dffg:\gen_dffg:31:dffg_inst|s_Q ; MEM_WB_Reg:MEM_WB_inst|register_N:PCPlus4_reg_inst|dffg:\gen_dffg:31:dffg_inst|s_Q            ; iCLK         ; iCLK        ; 0.000        ; 0.079      ; 1.030      ;
; 0.768 ; ID_EX_Reg:ID_EX_inst|register_N:PCPlus4_reg_inst|dffg:\gen_dffg:17:dffg_inst|s_Q   ; EX_MEM_Reg:EX_MEM_inst|register_N:PCPlus4_reg_inst|dffg:\gen_dffg:17:dffg_inst|s_Q            ; iCLK         ; iCLK        ; 0.000        ; 0.080      ; 1.034      ;
; 0.769 ; ID_EX_Reg:ID_EX_inst|register_N:PCPlus4_reg_inst|dffg:\gen_dffg:25:dffg_inst|s_Q   ; EX_MEM_Reg:EX_MEM_inst|register_N:PCPlus4_reg_inst|dffg:\gen_dffg:25:dffg_inst|s_Q            ; iCLK         ; iCLK        ; 0.000        ; 0.080      ; 1.035      ;
; 0.769 ; EX_MEM_Reg:EX_MEM_inst|register_N:PCPlus4_reg_inst|dffg:\gen_dffg:2:dffg_inst|s_Q  ; MEM_WB_Reg:MEM_WB_inst|register_N:PCPlus4_reg_inst|dffg:\gen_dffg:2:dffg_inst|s_Q             ; iCLK         ; iCLK        ; 0.000        ; 0.078      ; 1.033      ;
; 0.771 ; EX_MEM_Reg:EX_MEM_inst|register_N:Out2_reg_inst|dffg:\gen_dffg:21:dffg_inst|s_Q    ; mem:DMem|altsyncram:ram_rtl_0|altsyncram_eg81:auto_generated|ram_block1a7~porta_datain_reg0   ; iCLK         ; iCLK        ; 0.000        ; 0.437      ; 1.430      ;
; 0.774 ; ID_EX_Reg:ID_EX_inst|register_N:PCPlus4_reg_inst|dffg:\gen_dffg:20:dffg_inst|s_Q   ; EX_MEM_Reg:EX_MEM_inst|register_N:PCPlus4_reg_inst|dffg:\gen_dffg:20:dffg_inst|s_Q            ; iCLK         ; iCLK        ; 0.000        ; 0.078      ; 1.038      ;
; 0.775 ; EX_MEM_Reg:EX_MEM_inst|register_N:PCPlus4_reg_inst|dffg:\gen_dffg:1:dffg_inst|s_Q  ; MEM_WB_Reg:MEM_WB_inst|register_N:PCPlus4_reg_inst|dffg:\gen_dffg:1:dffg_inst|s_Q             ; iCLK         ; iCLK        ; 0.000        ; 0.078      ; 1.039      ;
; 0.777 ; EX_MEM_Reg:EX_MEM_inst|register_N:Out2_reg_inst|dffg:\gen_dffg:14:dffg_inst|s_Q    ; mem:DMem|altsyncram:ram_rtl_0|altsyncram_eg81:auto_generated|ram_block1a8~porta_datain_reg0   ; iCLK         ; iCLK        ; 0.000        ; 0.453      ; 1.452      ;
; 0.782 ; ID_EX_Reg:ID_EX_inst|register_N:Out2_reg_inst|dffg:\gen_dffg:15:dffg_inst|s_Q      ; EX_MEM_Reg:EX_MEM_inst|register_N:Out2_reg_inst|dffg:\gen_dffg:15:dffg_inst|s_Q               ; iCLK         ; iCLK        ; 0.000        ; 0.078      ; 1.046      ;
; 0.782 ; ID_EX_Reg:ID_EX_inst|register_N:Out2_reg_inst|dffg:\gen_dffg:21:dffg_inst|s_Q      ; EX_MEM_Reg:EX_MEM_inst|register_N:Out2_reg_inst|dffg:\gen_dffg:21:dffg_inst|s_Q               ; iCLK         ; iCLK        ; 0.000        ; 0.079      ; 1.047      ;
; 0.784 ; ID_EX_Reg:ID_EX_inst|register_N:RegWrAddr_reg_inst|dffg:\gen_dffg:2:dffg_inst|s_Q  ; EX_MEM_Reg:EX_MEM_inst|register_N:RegWrAddr_reg_inst|dffg:\gen_dffg:2:dffg_inst|s_Q           ; iCLK         ; iCLK        ; 0.000        ; 0.081      ; 1.051      ;
; 0.785 ; EX_MEM_Reg:EX_MEM_inst|register_N:Out2_reg_inst|dffg:\gen_dffg:19:dffg_inst|s_Q    ; mem:DMem|altsyncram:ram_rtl_0|altsyncram_eg81:auto_generated|ram_block1a7~porta_datain_reg0   ; iCLK         ; iCLK        ; 0.000        ; 0.436      ; 1.443      ;
; 0.792 ; ID_EX_Reg:ID_EX_inst|register_N:PCPlus4_reg_inst|dffg:\gen_dffg:31:dffg_inst|s_Q   ; EX_MEM_Reg:EX_MEM_inst|register_N:PCPlus4_reg_inst|dffg:\gen_dffg:31:dffg_inst|s_Q            ; iCLK         ; iCLK        ; 0.000        ; 0.080      ; 1.058      ;
; 0.793 ; ID_EX_Reg:ID_EX_inst|register_N:PCPlus4_reg_inst|dffg:\gen_dffg:10:dffg_inst|s_Q   ; EX_MEM_Reg:EX_MEM_inst|register_N:PCPlus4_reg_inst|dffg:\gen_dffg:10:dffg_inst|s_Q            ; iCLK         ; iCLK        ; 0.000        ; 0.079      ; 1.058      ;
+-------+------------------------------------------------------------------------------------+-----------------------------------------------------------------------------------------------+--------------+-------------+--------------+------------+------------+


-----------------------------------------------
; Slow 1200mV 85C Model Metastability Summary ;
-----------------------------------------------
No synchronizer chains to report.


+-------------------------------------------------+
; Slow 1200mV 0C Model Fmax Summary               ;
+-----------+-----------------+------------+------+
; Fmax      ; Restricted Fmax ; Clock Name ; Note ;
+-----------+-----------------+------------+------+
; 48.35 MHz ; 48.35 MHz       ; iCLK       ;      ;
+-----------+-----------------+------------+------+
This panel reports FMAX for every clock in the design, regardless of the user-specified clock periods.  FMAX is only computed for paths where the source and destination registers or ports are driven by the same clock.  Paths of different clocks, including generated clocks, are ignored.  For paths between a clock and its inversion, FMAX is computed as if the rising and falling edges are scaled along with FMAX, such that the duty cycle (in terms of a percentage) is maintained. Altera recommends that you always use clock constraints and other slack reports for sign-off analysis.


+------------------------------------+
; Slow 1200mV 0C Model Setup Summary ;
+-------+--------+-------------------+
; Clock ; Slack  ; End Point TNS     ;
+-------+--------+-------------------+
; iCLK  ; -0.341 ; -3.225            ;
+-------+--------+-------------------+


+-----------------------------------+
; Slow 1200mV 0C Model Hold Summary ;
+-------+-------+-------------------+
; Clock ; Slack ; End Point TNS     ;
+-------+-------+-------------------+
; iCLK  ; 0.340 ; 0.000             ;
+-------+-------+-------------------+


-----------------------------------------
; Slow 1200mV 0C Model Recovery Summary ;
-----------------------------------------
No paths to report.


----------------------------------------
; Slow 1200mV 0C Model Removal Summary ;
----------------------------------------
No paths to report.


+--------------------------------------------------+
; Slow 1200mV 0C Model Minimum Pulse Width Summary ;
+-------+-------+----------------------------------+
; Clock ; Slack ; End Point TNS                    ;
+-------+-------+----------------------------------+
; iCLK  ; 9.646 ; 0.000                            ;
+-------+-------+----------------------------------+


+--------------------------------------------------------------------------------------------------------------------------------------------------------------------------------------------------------------------------------------------------------------------------------------+
; Slow 1200mV 0C Model Setup: 'iCLK'                                                                                                                                                                                                                                                   ;
+--------+----------------------------------------------------------------------------------------------------------------+--------------------------------------------------------------------------------------+--------------+-------------+--------------+------------+------------+
; Slack  ; From Node                                                                                                      ; To Node                                                                              ; Launch Clock ; Latch Clock ; Relationship ; Clock Skew ; Data Delay ;
+--------+----------------------------------------------------------------------------------------------------------------+--------------------------------------------------------------------------------------+--------------+-------------+--------------+------------+------------+
; -0.341 ; register_file:regFile_inst|register_N_neg:\gen_registers:4:gen_other:reg_i|dffgNeg:\gen_dffg:2:dffg_inst|s_Q   ; IF_ID_Reg:IF_ID_inst|register_N:Instruction_reg_inst|dffg:\gen_dffg:20:dffg_inst|s_Q ; iCLK         ; iCLK        ; 10.000       ; 0.321      ; 10.661     ;
; -0.340 ; register_file:regFile_inst|register_N_neg:\gen_registers:4:gen_other:reg_i|dffgNeg:\gen_dffg:2:dffg_inst|s_Q   ; IF_ID_Reg:IF_ID_inst|register_N:Instruction_reg_inst|dffg:\gen_dffg:23:dffg_inst|s_Q ; iCLK         ; iCLK        ; 10.000       ; 0.321      ; 10.660     ;
; -0.319 ; register_file:regFile_inst|register_N_neg:\gen_registers:4:gen_other:reg_i|dffgNeg:\gen_dffg:2:dffg_inst|s_Q   ; IF_ID_Reg:IF_ID_inst|register_N:Instruction_reg_inst|dffg:\gen_dffg:27:dffg_inst|s_Q ; iCLK         ; iCLK        ; 10.000       ; 0.362      ; 10.680     ;
; -0.312 ; register_file:regFile_inst|register_N_neg:\gen_registers:4:gen_other:reg_i|dffgNeg:\gen_dffg:2:dffg_inst|s_Q   ; IF_ID_Reg:IF_ID_inst|register_N:Instruction_reg_inst|dffg:\gen_dffg:25:dffg_inst|s_Q ; iCLK         ; iCLK        ; 10.000       ; 0.359      ; 10.670     ;
; -0.306 ; register_file:regFile_inst|register_N_neg:\gen_registers:4:gen_other:reg_i|dffgNeg:\gen_dffg:2:dffg_inst|s_Q   ; IF_ID_Reg:IF_ID_inst|register_N:Instruction_reg_inst|dffg:\gen_dffg:7:dffg_inst|s_Q  ; iCLK         ; iCLK        ; 10.000       ; 0.345      ; 10.650     ;
; -0.276 ; register_file:regFile_inst|register_N_neg:\gen_registers:4:gen_other:reg_i|dffgNeg:\gen_dffg:2:dffg_inst|s_Q   ; IF_ID_Reg:IF_ID_inst|register_N:Instruction_reg_inst|dffg:\gen_dffg:30:dffg_inst|s_Q ; iCLK         ; iCLK        ; 10.000       ; 0.319      ; 10.594     ;
; -0.272 ; register_file:regFile_inst|register_N_neg:\gen_registers:4:gen_other:reg_i|dffgNeg:\gen_dffg:2:dffg_inst|s_Q   ; IF_ID_Reg:IF_ID_inst|register_N:Instruction_reg_inst|dffg:\gen_dffg:3:dffg_inst|s_Q  ; iCLK         ; iCLK        ; 10.000       ; 0.319      ; 10.590     ;
; -0.206 ; register_file:regFile_inst|register_N_neg:\gen_registers:6:gen_other:reg_i|dffgNeg:\gen_dffg:3:dffg_inst|s_Q   ; fetch:fetch_inst|register_N:PC|dffg:\gen_dffg:30:dffg_inst|s_Q                       ; iCLK         ; iCLK        ; 10.000       ; -0.147     ; 10.058     ;
; -0.197 ; register_file:regFile_inst|register_N_neg:\gen_registers:6:gen_other:reg_i|dffgNeg:\gen_dffg:25:dffg_inst|s_Q  ; IF_ID_Reg:IF_ID_inst|register_N:Instruction_reg_inst|dffg:\gen_dffg:20:dffg_inst|s_Q ; iCLK         ; iCLK        ; 10.000       ; 0.319      ; 10.515     ;
; -0.196 ; register_file:regFile_inst|register_N_neg:\gen_registers:6:gen_other:reg_i|dffgNeg:\gen_dffg:25:dffg_inst|s_Q  ; IF_ID_Reg:IF_ID_inst|register_N:Instruction_reg_inst|dffg:\gen_dffg:23:dffg_inst|s_Q ; iCLK         ; iCLK        ; 10.000       ; 0.319      ; 10.514     ;
; -0.190 ; register_file:regFile_inst|register_N_neg:\gen_registers:4:gen_other:reg_i|dffgNeg:\gen_dffg:2:dffg_inst|s_Q   ; IF_ID_Reg:IF_ID_inst|register_N:Instruction_reg_inst|dffg:\gen_dffg:1:dffg_inst|s_Q  ; iCLK         ; iCLK        ; 10.000       ; 0.338      ; 10.527     ;
; -0.190 ; register_file:regFile_inst|register_N_neg:\gen_registers:4:gen_other:reg_i|dffgNeg:\gen_dffg:2:dffg_inst|s_Q   ; IF_ID_Reg:IF_ID_inst|register_N:Instruction_reg_inst|dffg:\gen_dffg:0:dffg_inst|s_Q  ; iCLK         ; iCLK        ; 10.000       ; 0.338      ; 10.527     ;
; -0.179 ; register_file:regFile_inst|register_N_neg:\gen_registers:4:gen_other:reg_i|dffgNeg:\gen_dffg:2:dffg_inst|s_Q   ; IF_ID_Reg:IF_ID_inst|register_N:Instruction_reg_inst|dffg:\gen_dffg:9:dffg_inst|s_Q  ; iCLK         ; iCLK        ; 10.000       ; 0.338      ; 10.516     ;
; -0.175 ; register_file:regFile_inst|register_N_neg:\gen_registers:6:gen_other:reg_i|dffgNeg:\gen_dffg:25:dffg_inst|s_Q  ; IF_ID_Reg:IF_ID_inst|register_N:Instruction_reg_inst|dffg:\gen_dffg:27:dffg_inst|s_Q ; iCLK         ; iCLK        ; 10.000       ; 0.360      ; 10.534     ;
; -0.175 ; register_file:regFile_inst|register_N_neg:\gen_registers:6:gen_other:reg_i|dffgNeg:\gen_dffg:3:dffg_inst|s_Q   ; IF_ID_Reg:IF_ID_inst|register_N:Instruction_reg_inst|dffg:\gen_dffg:20:dffg_inst|s_Q ; iCLK         ; iCLK        ; 10.000       ; 0.290      ; 10.464     ;
; -0.175 ; register_file:regFile_inst|register_N_neg:\gen_registers:6:gen_other:reg_i|dffgNeg:\gen_dffg:3:dffg_inst|s_Q   ; IF_ID_Reg:IF_ID_inst|register_N:Instruction_reg_inst|dffg:\gen_dffg:23:dffg_inst|s_Q ; iCLK         ; iCLK        ; 10.000       ; 0.290      ; 10.464     ;
; -0.175 ; register_file:regFile_inst|register_N_neg:\gen_registers:22:gen_other:reg_i|dffgNeg:\gen_dffg:25:dffg_inst|s_Q ; IF_ID_Reg:IF_ID_inst|register_N:Instruction_reg_inst|dffg:\gen_dffg:20:dffg_inst|s_Q ; iCLK         ; iCLK        ; 10.000       ; 0.298      ; 10.472     ;
; -0.174 ; register_file:regFile_inst|register_N_neg:\gen_registers:4:gen_other:reg_i|dffgNeg:\gen_dffg:2:dffg_inst|s_Q   ; fetch:fetch_inst|register_N:PC|dffg:\gen_dffg:30:dffg_inst|s_Q                       ; iCLK         ; iCLK        ; 10.000       ; -0.116     ; 10.057     ;
; -0.174 ; register_file:regFile_inst|register_N_neg:\gen_registers:22:gen_other:reg_i|dffgNeg:\gen_dffg:25:dffg_inst|s_Q ; IF_ID_Reg:IF_ID_inst|register_N:Instruction_reg_inst|dffg:\gen_dffg:23:dffg_inst|s_Q ; iCLK         ; iCLK        ; 10.000       ; 0.298      ; 10.471     ;
; -0.168 ; register_file:regFile_inst|register_N_neg:\gen_registers:6:gen_other:reg_i|dffgNeg:\gen_dffg:25:dffg_inst|s_Q  ; IF_ID_Reg:IF_ID_inst|register_N:Instruction_reg_inst|dffg:\gen_dffg:25:dffg_inst|s_Q ; iCLK         ; iCLK        ; 10.000       ; 0.357      ; 10.524     ;
; -0.163 ; register_file:regFile_inst|register_N_neg:\gen_registers:6:gen_other:reg_i|dffgNeg:\gen_dffg:3:dffg_inst|s_Q   ; IF_ID_Reg:IF_ID_inst|register_N:Instruction_reg_inst|dffg:\gen_dffg:25:dffg_inst|s_Q ; iCLK         ; iCLK        ; 10.000       ; 0.328      ; 10.490     ;
; -0.162 ; register_file:regFile_inst|register_N_neg:\gen_registers:6:gen_other:reg_i|dffgNeg:\gen_dffg:25:dffg_inst|s_Q  ; IF_ID_Reg:IF_ID_inst|register_N:Instruction_reg_inst|dffg:\gen_dffg:7:dffg_inst|s_Q  ; iCLK         ; iCLK        ; 10.000       ; 0.343      ; 10.504     ;
; -0.161 ; register_file:regFile_inst|register_N_neg:\gen_registers:6:gen_other:reg_i|dffgNeg:\gen_dffg:2:dffg_inst|s_Q   ; IF_ID_Reg:IF_ID_inst|register_N:Instruction_reg_inst|dffg:\gen_dffg:20:dffg_inst|s_Q ; iCLK         ; iCLK        ; 10.000       ; 0.319      ; 10.479     ;
; -0.160 ; register_file:regFile_inst|register_N_neg:\gen_registers:6:gen_other:reg_i|dffgNeg:\gen_dffg:2:dffg_inst|s_Q   ; IF_ID_Reg:IF_ID_inst|register_N:Instruction_reg_inst|dffg:\gen_dffg:23:dffg_inst|s_Q ; iCLK         ; iCLK        ; 10.000       ; 0.319      ; 10.478     ;
; -0.156 ; register_file:regFile_inst|register_N_neg:\gen_registers:7:gen_other:reg_i|dffgNeg:\gen_dffg:4:dffg_inst|s_Q   ; IF_ID_Reg:IF_ID_inst|register_N:Instruction_reg_inst|dffg:\gen_dffg:20:dffg_inst|s_Q ; iCLK         ; iCLK        ; 10.000       ; 0.323      ; 10.478     ;
; -0.156 ; register_file:regFile_inst|register_N_neg:\gen_registers:6:gen_other:reg_i|dffgNeg:\gen_dffg:3:dffg_inst|s_Q   ; IF_ID_Reg:IF_ID_inst|register_N:Instruction_reg_inst|dffg:\gen_dffg:27:dffg_inst|s_Q ; iCLK         ; iCLK        ; 10.000       ; 0.331      ; 10.486     ;
; -0.155 ; register_file:regFile_inst|register_N_neg:\gen_registers:7:gen_other:reg_i|dffgNeg:\gen_dffg:4:dffg_inst|s_Q   ; IF_ID_Reg:IF_ID_inst|register_N:Instruction_reg_inst|dffg:\gen_dffg:23:dffg_inst|s_Q ; iCLK         ; iCLK        ; 10.000       ; 0.323      ; 10.477     ;
; -0.153 ; register_file:regFile_inst|register_N_neg:\gen_registers:22:gen_other:reg_i|dffgNeg:\gen_dffg:25:dffg_inst|s_Q ; IF_ID_Reg:IF_ID_inst|register_N:Instruction_reg_inst|dffg:\gen_dffg:27:dffg_inst|s_Q ; iCLK         ; iCLK        ; 10.000       ; 0.339      ; 10.491     ;
; -0.149 ; register_file:regFile_inst|register_N_neg:\gen_registers:5:gen_other:reg_i|dffgNeg:\gen_dffg:3:dffg_inst|s_Q   ; fetch:fetch_inst|register_N:PC|dffg:\gen_dffg:30:dffg_inst|s_Q                       ; iCLK         ; iCLK        ; 10.000       ; -0.147     ; 10.001     ;
; -0.146 ; register_file:regFile_inst|register_N_neg:\gen_registers:22:gen_other:reg_i|dffgNeg:\gen_dffg:25:dffg_inst|s_Q ; IF_ID_Reg:IF_ID_inst|register_N:Instruction_reg_inst|dffg:\gen_dffg:25:dffg_inst|s_Q ; iCLK         ; iCLK        ; 10.000       ; 0.336      ; 10.481     ;
; -0.140 ; register_file:regFile_inst|register_N_neg:\gen_registers:22:gen_other:reg_i|dffgNeg:\gen_dffg:25:dffg_inst|s_Q ; IF_ID_Reg:IF_ID_inst|register_N:Instruction_reg_inst|dffg:\gen_dffg:7:dffg_inst|s_Q  ; iCLK         ; iCLK        ; 10.000       ; 0.322      ; 10.461     ;
; -0.139 ; register_file:regFile_inst|register_N_neg:\gen_registers:6:gen_other:reg_i|dffgNeg:\gen_dffg:2:dffg_inst|s_Q   ; IF_ID_Reg:IF_ID_inst|register_N:Instruction_reg_inst|dffg:\gen_dffg:27:dffg_inst|s_Q ; iCLK         ; iCLK        ; 10.000       ; 0.360      ; 10.498     ;
; -0.139 ; register_file:regFile_inst|register_N_neg:\gen_registers:25:gen_other:reg_i|dffgNeg:\gen_dffg:27:dffg_inst|s_Q ; IF_ID_Reg:IF_ID_inst|register_N:Instruction_reg_inst|dffg:\gen_dffg:20:dffg_inst|s_Q ; iCLK         ; iCLK        ; 10.000       ; 0.278      ; 10.416     ;
; -0.138 ; register_file:regFile_inst|register_N_neg:\gen_registers:25:gen_other:reg_i|dffgNeg:\gen_dffg:27:dffg_inst|s_Q ; IF_ID_Reg:IF_ID_inst|register_N:Instruction_reg_inst|dffg:\gen_dffg:23:dffg_inst|s_Q ; iCLK         ; iCLK        ; 10.000       ; 0.278      ; 10.415     ;
; -0.134 ; register_file:regFile_inst|register_N_neg:\gen_registers:7:gen_other:reg_i|dffgNeg:\gen_dffg:4:dffg_inst|s_Q   ; IF_ID_Reg:IF_ID_inst|register_N:Instruction_reg_inst|dffg:\gen_dffg:27:dffg_inst|s_Q ; iCLK         ; iCLK        ; 10.000       ; 0.364      ; 10.497     ;
; -0.132 ; register_file:regFile_inst|register_N_neg:\gen_registers:6:gen_other:reg_i|dffgNeg:\gen_dffg:25:dffg_inst|s_Q  ; IF_ID_Reg:IF_ID_inst|register_N:Instruction_reg_inst|dffg:\gen_dffg:30:dffg_inst|s_Q ; iCLK         ; iCLK        ; 10.000       ; 0.317      ; 10.448     ;
; -0.132 ; register_file:regFile_inst|register_N_neg:\gen_registers:6:gen_other:reg_i|dffgNeg:\gen_dffg:2:dffg_inst|s_Q   ; IF_ID_Reg:IF_ID_inst|register_N:Instruction_reg_inst|dffg:\gen_dffg:25:dffg_inst|s_Q ; iCLK         ; iCLK        ; 10.000       ; 0.357      ; 10.488     ;
; -0.130 ; register_file:regFile_inst|register_N_neg:\gen_registers:6:gen_other:reg_i|dffgNeg:\gen_dffg:3:dffg_inst|s_Q   ; IF_ID_Reg:IF_ID_inst|register_N:Instruction_reg_inst|dffg:\gen_dffg:7:dffg_inst|s_Q  ; iCLK         ; iCLK        ; 10.000       ; 0.314      ; 10.443     ;
; -0.128 ; register_file:regFile_inst|register_N_neg:\gen_registers:6:gen_other:reg_i|dffgNeg:\gen_dffg:25:dffg_inst|s_Q  ; IF_ID_Reg:IF_ID_inst|register_N:Instruction_reg_inst|dffg:\gen_dffg:3:dffg_inst|s_Q  ; iCLK         ; iCLK        ; 10.000       ; 0.317      ; 10.444     ;
; -0.128 ; register_file:regFile_inst|register_N_neg:\gen_registers:24:gen_other:reg_i|dffgNeg:\gen_dffg:12:dffg_inst|s_Q ; IF_ID_Reg:IF_ID_inst|register_N:Instruction_reg_inst|dffg:\gen_dffg:20:dffg_inst|s_Q ; iCLK         ; iCLK        ; 10.000       ; 0.283      ; 10.410     ;
; -0.127 ; register_file:regFile_inst|register_N_neg:\gen_registers:7:gen_other:reg_i|dffgNeg:\gen_dffg:4:dffg_inst|s_Q   ; IF_ID_Reg:IF_ID_inst|register_N:Instruction_reg_inst|dffg:\gen_dffg:25:dffg_inst|s_Q ; iCLK         ; iCLK        ; 10.000       ; 0.361      ; 10.487     ;
; -0.127 ; register_file:regFile_inst|register_N_neg:\gen_registers:24:gen_other:reg_i|dffgNeg:\gen_dffg:12:dffg_inst|s_Q ; IF_ID_Reg:IF_ID_inst|register_N:Instruction_reg_inst|dffg:\gen_dffg:23:dffg_inst|s_Q ; iCLK         ; iCLK        ; 10.000       ; 0.283      ; 10.409     ;
; -0.126 ; register_file:regFile_inst|register_N_neg:\gen_registers:6:gen_other:reg_i|dffgNeg:\gen_dffg:2:dffg_inst|s_Q   ; IF_ID_Reg:IF_ID_inst|register_N:Instruction_reg_inst|dffg:\gen_dffg:7:dffg_inst|s_Q  ; iCLK         ; iCLK        ; 10.000       ; 0.343      ; 10.468     ;
; -0.121 ; register_file:regFile_inst|register_N_neg:\gen_registers:7:gen_other:reg_i|dffgNeg:\gen_dffg:4:dffg_inst|s_Q   ; IF_ID_Reg:IF_ID_inst|register_N:Instruction_reg_inst|dffg:\gen_dffg:7:dffg_inst|s_Q  ; iCLK         ; iCLK        ; 10.000       ; 0.347      ; 10.467     ;
; -0.118 ; register_file:regFile_inst|register_N_neg:\gen_registers:5:gen_other:reg_i|dffgNeg:\gen_dffg:3:dffg_inst|s_Q   ; IF_ID_Reg:IF_ID_inst|register_N:Instruction_reg_inst|dffg:\gen_dffg:20:dffg_inst|s_Q ; iCLK         ; iCLK        ; 10.000       ; 0.290      ; 10.407     ;
; -0.118 ; register_file:regFile_inst|register_N_neg:\gen_registers:5:gen_other:reg_i|dffgNeg:\gen_dffg:3:dffg_inst|s_Q   ; IF_ID_Reg:IF_ID_inst|register_N:Instruction_reg_inst|dffg:\gen_dffg:23:dffg_inst|s_Q ; iCLK         ; iCLK        ; 10.000       ; 0.290      ; 10.407     ;
; -0.117 ; register_file:regFile_inst|register_N_neg:\gen_registers:25:gen_other:reg_i|dffgNeg:\gen_dffg:27:dffg_inst|s_Q ; IF_ID_Reg:IF_ID_inst|register_N:Instruction_reg_inst|dffg:\gen_dffg:27:dffg_inst|s_Q ; iCLK         ; iCLK        ; 10.000       ; 0.319      ; 10.435     ;
; -0.110 ; register_file:regFile_inst|register_N_neg:\gen_registers:25:gen_other:reg_i|dffgNeg:\gen_dffg:27:dffg_inst|s_Q ; IF_ID_Reg:IF_ID_inst|register_N:Instruction_reg_inst|dffg:\gen_dffg:25:dffg_inst|s_Q ; iCLK         ; iCLK        ; 10.000       ; 0.316      ; 10.425     ;
; -0.110 ; register_file:regFile_inst|register_N_neg:\gen_registers:22:gen_other:reg_i|dffgNeg:\gen_dffg:25:dffg_inst|s_Q ; IF_ID_Reg:IF_ID_inst|register_N:Instruction_reg_inst|dffg:\gen_dffg:30:dffg_inst|s_Q ; iCLK         ; iCLK        ; 10.000       ; 0.296      ; 10.405     ;
; -0.109 ; register_file:regFile_inst|register_N_neg:\gen_registers:6:gen_other:reg_i|dffgNeg:\gen_dffg:3:dffg_inst|s_Q   ; fetch:fetch_inst|register_N:PC|dffg:\gen_dffg:27:dffg_inst|s_Q                       ; iCLK         ; iCLK        ; 10.000       ; 0.237      ; 10.345     ;
; -0.108 ; register_file:regFile_inst|register_N_neg:\gen_registers:5:gen_other:reg_i|dffgNeg:\gen_dffg:2:dffg_inst|s_Q   ; IF_ID_Reg:IF_ID_inst|register_N:Instruction_reg_inst|dffg:\gen_dffg:20:dffg_inst|s_Q ; iCLK         ; iCLK        ; 10.000       ; 0.319      ; 10.426     ;
; -0.108 ; register_file:regFile_inst|register_N_neg:\gen_registers:24:gen_other:reg_i|dffgNeg:\gen_dffg:6:dffg_inst|s_Q  ; IF_ID_Reg:IF_ID_inst|register_N:Instruction_reg_inst|dffg:\gen_dffg:20:dffg_inst|s_Q ; iCLK         ; iCLK        ; 10.000       ; 0.298      ; 10.405     ;
; -0.107 ; register_file:regFile_inst|register_N_neg:\gen_registers:5:gen_other:reg_i|dffgNeg:\gen_dffg:2:dffg_inst|s_Q   ; IF_ID_Reg:IF_ID_inst|register_N:Instruction_reg_inst|dffg:\gen_dffg:23:dffg_inst|s_Q ; iCLK         ; iCLK        ; 10.000       ; 0.319      ; 10.425     ;
; -0.107 ; register_file:regFile_inst|register_N_neg:\gen_registers:24:gen_other:reg_i|dffgNeg:\gen_dffg:6:dffg_inst|s_Q  ; IF_ID_Reg:IF_ID_inst|register_N:Instruction_reg_inst|dffg:\gen_dffg:23:dffg_inst|s_Q ; iCLK         ; iCLK        ; 10.000       ; 0.298      ; 10.404     ;
; -0.106 ; register_file:regFile_inst|register_N_neg:\gen_registers:5:gen_other:reg_i|dffgNeg:\gen_dffg:3:dffg_inst|s_Q   ; IF_ID_Reg:IF_ID_inst|register_N:Instruction_reg_inst|dffg:\gen_dffg:25:dffg_inst|s_Q ; iCLK         ; iCLK        ; 10.000       ; 0.328      ; 10.433     ;
; -0.106 ; register_file:regFile_inst|register_N_neg:\gen_registers:24:gen_other:reg_i|dffgNeg:\gen_dffg:12:dffg_inst|s_Q ; IF_ID_Reg:IF_ID_inst|register_N:Instruction_reg_inst|dffg:\gen_dffg:27:dffg_inst|s_Q ; iCLK         ; iCLK        ; 10.000       ; 0.324      ; 10.429     ;
; -0.106 ; register_file:regFile_inst|register_N_neg:\gen_registers:22:gen_other:reg_i|dffgNeg:\gen_dffg:25:dffg_inst|s_Q ; IF_ID_Reg:IF_ID_inst|register_N:Instruction_reg_inst|dffg:\gen_dffg:3:dffg_inst|s_Q  ; iCLK         ; iCLK        ; 10.000       ; 0.296      ; 10.401     ;
; -0.104 ; register_file:regFile_inst|register_N_neg:\gen_registers:25:gen_other:reg_i|dffgNeg:\gen_dffg:27:dffg_inst|s_Q ; IF_ID_Reg:IF_ID_inst|register_N:Instruction_reg_inst|dffg:\gen_dffg:7:dffg_inst|s_Q  ; iCLK         ; iCLK        ; 10.000       ; 0.302      ; 10.405     ;
; -0.100 ; register_file:regFile_inst|register_N_neg:\gen_registers:6:gen_other:reg_i|dffgNeg:\gen_dffg:3:dffg_inst|s_Q   ; IF_ID_Reg:IF_ID_inst|register_N:Instruction_reg_inst|dffg:\gen_dffg:30:dffg_inst|s_Q ; iCLK         ; iCLK        ; 10.000       ; 0.288      ; 10.387     ;
; -0.099 ; register_file:regFile_inst|register_N_neg:\gen_registers:5:gen_other:reg_i|dffgNeg:\gen_dffg:3:dffg_inst|s_Q   ; IF_ID_Reg:IF_ID_inst|register_N:Instruction_reg_inst|dffg:\gen_dffg:27:dffg_inst|s_Q ; iCLK         ; iCLK        ; 10.000       ; 0.331      ; 10.429     ;
; -0.099 ; register_file:regFile_inst|register_N_neg:\gen_registers:24:gen_other:reg_i|dffgNeg:\gen_dffg:12:dffg_inst|s_Q ; IF_ID_Reg:IF_ID_inst|register_N:Instruction_reg_inst|dffg:\gen_dffg:25:dffg_inst|s_Q ; iCLK         ; iCLK        ; 10.000       ; 0.321      ; 10.419     ;
; -0.096 ; register_file:regFile_inst|register_N_neg:\gen_registers:6:gen_other:reg_i|dffgNeg:\gen_dffg:3:dffg_inst|s_Q   ; IF_ID_Reg:IF_ID_inst|register_N:Instruction_reg_inst|dffg:\gen_dffg:3:dffg_inst|s_Q  ; iCLK         ; iCLK        ; 10.000       ; 0.288      ; 10.383     ;
; -0.096 ; register_file:regFile_inst|register_N_neg:\gen_registers:6:gen_other:reg_i|dffgNeg:\gen_dffg:2:dffg_inst|s_Q   ; IF_ID_Reg:IF_ID_inst|register_N:Instruction_reg_inst|dffg:\gen_dffg:30:dffg_inst|s_Q ; iCLK         ; iCLK        ; 10.000       ; 0.317      ; 10.412     ;
; -0.093 ; register_file:regFile_inst|register_N_neg:\gen_registers:24:gen_other:reg_i|dffgNeg:\gen_dffg:12:dffg_inst|s_Q ; IF_ID_Reg:IF_ID_inst|register_N:Instruction_reg_inst|dffg:\gen_dffg:7:dffg_inst|s_Q  ; iCLK         ; iCLK        ; 10.000       ; 0.307      ; 10.399     ;
; -0.092 ; register_file:regFile_inst|register_N_neg:\gen_registers:6:gen_other:reg_i|dffgNeg:\gen_dffg:2:dffg_inst|s_Q   ; IF_ID_Reg:IF_ID_inst|register_N:Instruction_reg_inst|dffg:\gen_dffg:3:dffg_inst|s_Q  ; iCLK         ; iCLK        ; 10.000       ; 0.317      ; 10.408     ;
; -0.091 ; register_file:regFile_inst|register_N_neg:\gen_registers:7:gen_other:reg_i|dffgNeg:\gen_dffg:4:dffg_inst|s_Q   ; IF_ID_Reg:IF_ID_inst|register_N:Instruction_reg_inst|dffg:\gen_dffg:30:dffg_inst|s_Q ; iCLK         ; iCLK        ; 10.000       ; 0.321      ; 10.411     ;
; -0.087 ; register_file:regFile_inst|register_N_neg:\gen_registers:7:gen_other:reg_i|dffgNeg:\gen_dffg:4:dffg_inst|s_Q   ; IF_ID_Reg:IF_ID_inst|register_N:Instruction_reg_inst|dffg:\gen_dffg:3:dffg_inst|s_Q  ; iCLK         ; iCLK        ; 10.000       ; 0.321      ; 10.407     ;
; -0.086 ; register_file:regFile_inst|register_N_neg:\gen_registers:5:gen_other:reg_i|dffgNeg:\gen_dffg:2:dffg_inst|s_Q   ; IF_ID_Reg:IF_ID_inst|register_N:Instruction_reg_inst|dffg:\gen_dffg:27:dffg_inst|s_Q ; iCLK         ; iCLK        ; 10.000       ; 0.360      ; 10.445     ;
; -0.086 ; register_file:regFile_inst|register_N_neg:\gen_registers:24:gen_other:reg_i|dffgNeg:\gen_dffg:6:dffg_inst|s_Q  ; IF_ID_Reg:IF_ID_inst|register_N:Instruction_reg_inst|dffg:\gen_dffg:27:dffg_inst|s_Q ; iCLK         ; iCLK        ; 10.000       ; 0.339      ; 10.424     ;
; -0.081 ; register_file:regFile_inst|register_N_neg:\gen_registers:16:gen_other:reg_i|dffgNeg:\gen_dffg:2:dffg_inst|s_Q  ; IF_ID_Reg:IF_ID_inst|register_N:Instruction_reg_inst|dffg:\gen_dffg:20:dffg_inst|s_Q ; iCLK         ; iCLK        ; 10.000       ; 0.296      ; 10.376     ;
; -0.080 ; register_file:regFile_inst|register_N_neg:\gen_registers:16:gen_other:reg_i|dffgNeg:\gen_dffg:2:dffg_inst|s_Q  ; IF_ID_Reg:IF_ID_inst|register_N:Instruction_reg_inst|dffg:\gen_dffg:23:dffg_inst|s_Q ; iCLK         ; iCLK        ; 10.000       ; 0.296      ; 10.375     ;
; -0.079 ; register_file:regFile_inst|register_N_neg:\gen_registers:5:gen_other:reg_i|dffgNeg:\gen_dffg:2:dffg_inst|s_Q   ; IF_ID_Reg:IF_ID_inst|register_N:Instruction_reg_inst|dffg:\gen_dffg:25:dffg_inst|s_Q ; iCLK         ; iCLK        ; 10.000       ; 0.357      ; 10.435     ;
; -0.079 ; register_file:regFile_inst|register_N_neg:\gen_registers:24:gen_other:reg_i|dffgNeg:\gen_dffg:6:dffg_inst|s_Q  ; IF_ID_Reg:IF_ID_inst|register_N:Instruction_reg_inst|dffg:\gen_dffg:25:dffg_inst|s_Q ; iCLK         ; iCLK        ; 10.000       ; 0.336      ; 10.414     ;
; -0.074 ; register_file:regFile_inst|register_N_neg:\gen_registers:25:gen_other:reg_i|dffgNeg:\gen_dffg:27:dffg_inst|s_Q ; IF_ID_Reg:IF_ID_inst|register_N:Instruction_reg_inst|dffg:\gen_dffg:30:dffg_inst|s_Q ; iCLK         ; iCLK        ; 10.000       ; 0.276      ; 10.349     ;
; -0.073 ; register_file:regFile_inst|register_N_neg:\gen_registers:5:gen_other:reg_i|dffgNeg:\gen_dffg:2:dffg_inst|s_Q   ; IF_ID_Reg:IF_ID_inst|register_N:Instruction_reg_inst|dffg:\gen_dffg:7:dffg_inst|s_Q  ; iCLK         ; iCLK        ; 10.000       ; 0.343      ; 10.415     ;
; -0.073 ; register_file:regFile_inst|register_N_neg:\gen_registers:5:gen_other:reg_i|dffgNeg:\gen_dffg:3:dffg_inst|s_Q   ; IF_ID_Reg:IF_ID_inst|register_N:Instruction_reg_inst|dffg:\gen_dffg:7:dffg_inst|s_Q  ; iCLK         ; iCLK        ; 10.000       ; 0.314      ; 10.386     ;
; -0.073 ; register_file:regFile_inst|register_N_neg:\gen_registers:24:gen_other:reg_i|dffgNeg:\gen_dffg:6:dffg_inst|s_Q  ; IF_ID_Reg:IF_ID_inst|register_N:Instruction_reg_inst|dffg:\gen_dffg:7:dffg_inst|s_Q  ; iCLK         ; iCLK        ; 10.000       ; 0.322      ; 10.394     ;
; -0.072 ; register_file:regFile_inst|register_N_neg:\gen_registers:4:gen_other:reg_i|dffgNeg:\gen_dffg:1:dffg_inst|s_Q   ; IF_ID_Reg:IF_ID_inst|register_N:Instruction_reg_inst|dffg:\gen_dffg:20:dffg_inst|s_Q ; iCLK         ; iCLK        ; 10.000       ; 0.313      ; 10.384     ;
; -0.071 ; register_file:regFile_inst|register_N_neg:\gen_registers:4:gen_other:reg_i|dffgNeg:\gen_dffg:1:dffg_inst|s_Q   ; IF_ID_Reg:IF_ID_inst|register_N:Instruction_reg_inst|dffg:\gen_dffg:23:dffg_inst|s_Q ; iCLK         ; iCLK        ; 10.000       ; 0.313      ; 10.383     ;
; -0.070 ; register_file:regFile_inst|register_N_neg:\gen_registers:25:gen_other:reg_i|dffgNeg:\gen_dffg:27:dffg_inst|s_Q ; IF_ID_Reg:IF_ID_inst|register_N:Instruction_reg_inst|dffg:\gen_dffg:3:dffg_inst|s_Q  ; iCLK         ; iCLK        ; 10.000       ; 0.276      ; 10.345     ;
; -0.063 ; register_file:regFile_inst|register_N_neg:\gen_registers:4:gen_other:reg_i|dffgNeg:\gen_dffg:2:dffg_inst|s_Q   ; IF_ID_Reg:IF_ID_inst|register_N:Instruction_reg_inst|dffg:\gen_dffg:8:dffg_inst|s_Q  ; iCLK         ; iCLK        ; 10.000       ; 0.340      ; 10.402     ;
; -0.063 ; register_file:regFile_inst|register_N_neg:\gen_registers:24:gen_other:reg_i|dffgNeg:\gen_dffg:12:dffg_inst|s_Q ; IF_ID_Reg:IF_ID_inst|register_N:Instruction_reg_inst|dffg:\gen_dffg:30:dffg_inst|s_Q ; iCLK         ; iCLK        ; 10.000       ; 0.281      ; 10.343     ;
; -0.062 ; register_file:regFile_inst|register_N_neg:\gen_registers:4:gen_other:reg_i|dffgNeg:\gen_dffg:2:dffg_inst|s_Q   ; IF_ID_Reg:IF_ID_inst|register_N:Instruction_reg_inst|dffg:\gen_dffg:21:dffg_inst|s_Q ; iCLK         ; iCLK        ; 10.000       ; 0.340      ; 10.401     ;
; -0.060 ; register_file:regFile_inst|register_N_neg:\gen_registers:4:gen_other:reg_i|dffgNeg:\gen_dffg:2:dffg_inst|s_Q   ; IF_ID_Reg:IF_ID_inst|register_N:Instruction_reg_inst|dffg:\gen_dffg:26:dffg_inst|s_Q ; iCLK         ; iCLK        ; 10.000       ; 0.340      ; 10.399     ;
; -0.059 ; register_file:regFile_inst|register_N_neg:\gen_registers:16:gen_other:reg_i|dffgNeg:\gen_dffg:2:dffg_inst|s_Q  ; IF_ID_Reg:IF_ID_inst|register_N:Instruction_reg_inst|dffg:\gen_dffg:27:dffg_inst|s_Q ; iCLK         ; iCLK        ; 10.000       ; 0.337      ; 10.395     ;
; -0.059 ; register_file:regFile_inst|register_N_neg:\gen_registers:24:gen_other:reg_i|dffgNeg:\gen_dffg:12:dffg_inst|s_Q ; IF_ID_Reg:IF_ID_inst|register_N:Instruction_reg_inst|dffg:\gen_dffg:3:dffg_inst|s_Q  ; iCLK         ; iCLK        ; 10.000       ; 0.281      ; 10.339     ;
; -0.059 ; register_file:regFile_inst|register_N_neg:\gen_registers:5:gen_other:reg_i|dffgNeg:\gen_dffg:1:dffg_inst|s_Q   ; IF_ID_Reg:IF_ID_inst|register_N:Instruction_reg_inst|dffg:\gen_dffg:20:dffg_inst|s_Q ; iCLK         ; iCLK        ; 10.000       ; 0.316      ; 10.374     ;
; -0.058 ; register_file:regFile_inst|register_N_neg:\gen_registers:5:gen_other:reg_i|dffgNeg:\gen_dffg:1:dffg_inst|s_Q   ; IF_ID_Reg:IF_ID_inst|register_N:Instruction_reg_inst|dffg:\gen_dffg:23:dffg_inst|s_Q ; iCLK         ; iCLK        ; 10.000       ; 0.316      ; 10.373     ;
; -0.052 ; register_file:regFile_inst|register_N_neg:\gen_registers:16:gen_other:reg_i|dffgNeg:\gen_dffg:2:dffg_inst|s_Q  ; IF_ID_Reg:IF_ID_inst|register_N:Instruction_reg_inst|dffg:\gen_dffg:25:dffg_inst|s_Q ; iCLK         ; iCLK        ; 10.000       ; 0.334      ; 10.385     ;
; -0.052 ; register_file:regFile_inst|register_N_neg:\gen_registers:5:gen_other:reg_i|dffgNeg:\gen_dffg:3:dffg_inst|s_Q   ; fetch:fetch_inst|register_N:PC|dffg:\gen_dffg:27:dffg_inst|s_Q                       ; iCLK         ; iCLK        ; 10.000       ; 0.237      ; 10.288     ;
; -0.050 ; register_file:regFile_inst|register_N_neg:\gen_registers:4:gen_other:reg_i|dffgNeg:\gen_dffg:1:dffg_inst|s_Q   ; IF_ID_Reg:IF_ID_inst|register_N:Instruction_reg_inst|dffg:\gen_dffg:27:dffg_inst|s_Q ; iCLK         ; iCLK        ; 10.000       ; 0.354      ; 10.403     ;
; -0.046 ; register_file:regFile_inst|register_N_neg:\gen_registers:16:gen_other:reg_i|dffgNeg:\gen_dffg:2:dffg_inst|s_Q  ; IF_ID_Reg:IF_ID_inst|register_N:Instruction_reg_inst|dffg:\gen_dffg:7:dffg_inst|s_Q  ; iCLK         ; iCLK        ; 10.000       ; 0.320      ; 10.365     ;
; -0.046 ; register_file:regFile_inst|register_N_neg:\gen_registers:6:gen_other:reg_i|dffgNeg:\gen_dffg:25:dffg_inst|s_Q  ; IF_ID_Reg:IF_ID_inst|register_N:Instruction_reg_inst|dffg:\gen_dffg:1:dffg_inst|s_Q  ; iCLK         ; iCLK        ; 10.000       ; 0.336      ; 10.381     ;
; -0.046 ; register_file:regFile_inst|register_N_neg:\gen_registers:6:gen_other:reg_i|dffgNeg:\gen_dffg:25:dffg_inst|s_Q  ; IF_ID_Reg:IF_ID_inst|register_N:Instruction_reg_inst|dffg:\gen_dffg:0:dffg_inst|s_Q  ; iCLK         ; iCLK        ; 10.000       ; 0.336      ; 10.381     ;
; -0.043 ; register_file:regFile_inst|register_N_neg:\gen_registers:5:gen_other:reg_i|dffgNeg:\gen_dffg:2:dffg_inst|s_Q   ; IF_ID_Reg:IF_ID_inst|register_N:Instruction_reg_inst|dffg:\gen_dffg:30:dffg_inst|s_Q ; iCLK         ; iCLK        ; 10.000       ; 0.317      ; 10.359     ;
; -0.043 ; register_file:regFile_inst|register_N_neg:\gen_registers:4:gen_other:reg_i|dffgNeg:\gen_dffg:1:dffg_inst|s_Q   ; IF_ID_Reg:IF_ID_inst|register_N:Instruction_reg_inst|dffg:\gen_dffg:25:dffg_inst|s_Q ; iCLK         ; iCLK        ; 10.000       ; 0.351      ; 10.393     ;
; -0.043 ; register_file:regFile_inst|register_N_neg:\gen_registers:6:gen_other:reg_i|dffgNeg:\gen_dffg:3:dffg_inst|s_Q   ; IF_ID_Reg:IF_ID_inst|register_N:Instruction_reg_inst|dffg:\gen_dffg:1:dffg_inst|s_Q  ; iCLK         ; iCLK        ; 10.000       ; 0.307      ; 10.349     ;
; -0.043 ; register_file:regFile_inst|register_N_neg:\gen_registers:6:gen_other:reg_i|dffgNeg:\gen_dffg:3:dffg_inst|s_Q   ; IF_ID_Reg:IF_ID_inst|register_N:Instruction_reg_inst|dffg:\gen_dffg:0:dffg_inst|s_Q  ; iCLK         ; iCLK        ; 10.000       ; 0.307      ; 10.349     ;
; -0.043 ; register_file:regFile_inst|register_N_neg:\gen_registers:5:gen_other:reg_i|dffgNeg:\gen_dffg:3:dffg_inst|s_Q   ; IF_ID_Reg:IF_ID_inst|register_N:Instruction_reg_inst|dffg:\gen_dffg:30:dffg_inst|s_Q ; iCLK         ; iCLK        ; 10.000       ; 0.288      ; 10.330     ;
; -0.043 ; register_file:regFile_inst|register_N_neg:\gen_registers:24:gen_other:reg_i|dffgNeg:\gen_dffg:6:dffg_inst|s_Q  ; IF_ID_Reg:IF_ID_inst|register_N:Instruction_reg_inst|dffg:\gen_dffg:30:dffg_inst|s_Q ; iCLK         ; iCLK        ; 10.000       ; 0.296      ; 10.338     ;
+--------+----------------------------------------------------------------------------------------------------------------+--------------------------------------------------------------------------------------+--------------+-------------+--------------+------------+------------+


+------------------------------------------------------------------------------------------------------------------------------------------------------------------------------------------------------------------------------------------------------------------+
; Slow 1200mV 0C Model Hold: 'iCLK'                                                                                                                                                                                                                                ;
+-------+------------------------------------------------------------------------------------+-----------------------------------------------------------------------------------------------+--------------+-------------+--------------+------------+------------+
; Slack ; From Node                                                                          ; To Node                                                                                       ; Launch Clock ; Latch Clock ; Relationship ; Clock Skew ; Data Delay ;
+-------+------------------------------------------------------------------------------------+-----------------------------------------------------------------------------------------------+--------------+-------------+--------------+------------+------------+
; 0.340 ; fetch:fetch_inst|register_N:PC|dffg:\gen_dffg:24:dffg_inst|s_Q                     ; fetch:fetch_inst|register_N:PC|dffg:\gen_dffg:24:dffg_inst|s_Q                                ; iCLK         ; iCLK        ; 0.000        ; 0.086      ; 0.597      ;
; 0.341 ; fetch:fetch_inst|register_N:PC|dffg:\gen_dffg:21:dffg_inst|s_Q                     ; fetch:fetch_inst|register_N:PC|dffg:\gen_dffg:21:dffg_inst|s_Q                                ; iCLK         ; iCLK        ; 0.000        ; 0.085      ; 0.597      ;
; 0.341 ; fetch:fetch_inst|register_N:PC|dffg:\gen_dffg:28:dffg_inst|s_Q                     ; fetch:fetch_inst|register_N:PC|dffg:\gen_dffg:28:dffg_inst|s_Q                                ; iCLK         ; iCLK        ; 0.000        ; 0.085      ; 0.597      ;
; 0.341 ; fetch:fetch_inst|register_N:PC|dffg:\gen_dffg:27:dffg_inst|s_Q                     ; fetch:fetch_inst|register_N:PC|dffg:\gen_dffg:27:dffg_inst|s_Q                                ; iCLK         ; iCLK        ; 0.000        ; 0.085      ; 0.597      ;
; 0.341 ; fetch:fetch_inst|register_N:PC|dffg:\gen_dffg:18:dffg_inst|s_Q                     ; fetch:fetch_inst|register_N:PC|dffg:\gen_dffg:18:dffg_inst|s_Q                                ; iCLK         ; iCLK        ; 0.000        ; 0.085      ; 0.597      ;
; 0.341 ; fetch:fetch_inst|register_N:PC|dffg:\gen_dffg:15:dffg_inst|s_Q                     ; fetch:fetch_inst|register_N:PC|dffg:\gen_dffg:15:dffg_inst|s_Q                                ; iCLK         ; iCLK        ; 0.000        ; 0.085      ; 0.597      ;
; 0.341 ; fetch:fetch_inst|register_N:PC|dffg:\gen_dffg:12:dffg_inst|s_Q                     ; fetch:fetch_inst|register_N:PC|dffg:\gen_dffg:12:dffg_inst|s_Q                                ; iCLK         ; iCLK        ; 0.000        ; 0.085      ; 0.597      ;
; 0.341 ; fetch:fetch_inst|register_N:PC|dffg:\gen_dffg:16:dffg_inst|s_Q                     ; fetch:fetch_inst|register_N:PC|dffg:\gen_dffg:16:dffg_inst|s_Q                                ; iCLK         ; iCLK        ; 0.000        ; 0.085      ; 0.597      ;
; 0.356 ; fetch:fetch_inst|register_N:PC|dffg:\gen_dffg:6:dffg_inst|s_Q                      ; fetch:fetch_inst|register_N:PC|dffg:\gen_dffg:6:dffg_inst|s_Q                                 ; iCLK         ; iCLK        ; 0.000        ; 0.070      ; 0.597      ;
; 0.356 ; fetch:fetch_inst|register_N:PC|dffg:\gen_dffg:9:dffg_inst|s_Q                      ; fetch:fetch_inst|register_N:PC|dffg:\gen_dffg:9:dffg_inst|s_Q                                 ; iCLK         ; iCLK        ; 0.000        ; 0.070      ; 0.597      ;
; 0.358 ; fetch:fetch_inst|register_N:PC|dffg:\gen_dffg:3:dffg_inst|s_Q                      ; fetch:fetch_inst|register_N:PC|dffg:\gen_dffg:3:dffg_inst|s_Q                                 ; iCLK         ; iCLK        ; 0.000        ; 0.068      ; 0.597      ;
; 0.369 ; fetch:fetch_inst|register_N:PC|dffg:\gen_dffg:2:dffg_inst|s_Q                      ; fetch:fetch_inst|register_N:PC|dffg:\gen_dffg:2:dffg_inst|s_Q                                 ; iCLK         ; iCLK        ; 0.000        ; 0.068      ; 0.608      ;
; 0.398 ; EX_MEM_Reg:EX_MEM_inst|register_N:PCPlus4_reg_inst|dffg:\gen_dffg:23:dffg_inst|s_Q ; MEM_WB_Reg:MEM_WB_inst|register_N:PCPlus4_reg_inst|dffg:\gen_dffg:23:dffg_inst|s_Q            ; iCLK         ; iCLK        ; 0.000        ; 0.070      ; 0.639      ;
; 0.398 ; EX_MEM_Reg:EX_MEM_inst|register_N:PCPlus4_reg_inst|dffg:\gen_dffg:3:dffg_inst|s_Q  ; MEM_WB_Reg:MEM_WB_inst|register_N:PCPlus4_reg_inst|dffg:\gen_dffg:3:dffg_inst|s_Q             ; iCLK         ; iCLK        ; 0.000        ; 0.070      ; 0.639      ;
; 0.399 ; EX_MEM_Reg:EX_MEM_inst|register_N:PCPlus4_reg_inst|dffg:\gen_dffg:21:dffg_inst|s_Q ; MEM_WB_Reg:MEM_WB_inst|register_N:PCPlus4_reg_inst|dffg:\gen_dffg:21:dffg_inst|s_Q            ; iCLK         ; iCLK        ; 0.000        ; 0.070      ; 0.640      ;
; 0.399 ; EX_MEM_Reg:EX_MEM_inst|register_N:PCPlus4_reg_inst|dffg:\gen_dffg:11:dffg_inst|s_Q ; MEM_WB_Reg:MEM_WB_inst|register_N:PCPlus4_reg_inst|dffg:\gen_dffg:11:dffg_inst|s_Q            ; iCLK         ; iCLK        ; 0.000        ; 0.069      ; 0.639      ;
; 0.399 ; EX_MEM_Reg:EX_MEM_inst|register_N:PCPlus4_reg_inst|dffg:\gen_dffg:4:dffg_inst|s_Q  ; MEM_WB_Reg:MEM_WB_inst|register_N:PCPlus4_reg_inst|dffg:\gen_dffg:4:dffg_inst|s_Q             ; iCLK         ; iCLK        ; 0.000        ; 0.070      ; 0.640      ;
; 0.401 ; EX_MEM_Reg:EX_MEM_inst|register_N:PCPlus4_reg_inst|dffg:\gen_dffg:18:dffg_inst|s_Q ; MEM_WB_Reg:MEM_WB_inst|register_N:PCPlus4_reg_inst|dffg:\gen_dffg:18:dffg_inst|s_Q            ; iCLK         ; iCLK        ; 0.000        ; 0.070      ; 0.642      ;
; 0.401 ; EX_MEM_Reg:EX_MEM_inst|register_N:PCPlus4_reg_inst|dffg:\gen_dffg:20:dffg_inst|s_Q ; MEM_WB_Reg:MEM_WB_inst|register_N:PCPlus4_reg_inst|dffg:\gen_dffg:20:dffg_inst|s_Q            ; iCLK         ; iCLK        ; 0.000        ; 0.069      ; 0.641      ;
; 0.512 ; fetch:fetch_inst|register_N:PC|dffg:\gen_dffg:0:dffg_inst|s_Q                      ; IF_ID_Reg:IF_ID_inst|register_N:PCPlus4_reg_inst|dffg:\gen_dffg:0:dffg_inst|s_Q               ; iCLK         ; iCLK        ; 0.000        ; 0.068      ; 0.751      ;
; 0.523 ; EX_MEM_Reg:EX_MEM_inst|register_N:Out2_reg_inst|dffg:\gen_dffg:18:dffg_inst|s_Q    ; mem:DMem|altsyncram:ram_rtl_0|altsyncram_eg81:auto_generated|ram_block1a8~porta_datain_reg0   ; iCLK         ; iCLK        ; 0.000        ; 0.393      ; 1.117      ;
; 0.530 ; EX_MEM_Reg:EX_MEM_inst|register_N:Out2_reg_inst|dffg:\gen_dffg:28:dffg_inst|s_Q    ; mem:DMem|altsyncram:ram_rtl_0|altsyncram_eg81:auto_generated|ram_block1a26~porta_datain_reg0  ; iCLK         ; iCLK        ; 0.000        ; 0.402      ; 1.133      ;
; 0.534 ; IF_ID_Reg:IF_ID_inst|register_N:PC_reg_inst|dffg:\gen_dffg:31:dffg_inst|s_Q        ; fetch:fetch_inst|register_N:PC|dffg:\gen_dffg:31:dffg_inst|s_Q                                ; iCLK         ; iCLK        ; 0.000        ; 0.468      ; 1.173      ;
; 0.545 ; EX_MEM_Reg:EX_MEM_inst|register_N:PCPlus4_reg_inst|dffg:\gen_dffg:30:dffg_inst|s_Q ; MEM_WB_Reg:MEM_WB_inst|register_N:PCPlus4_reg_inst|dffg:\gen_dffg:30:dffg_inst|s_Q            ; iCLK         ; iCLK        ; 0.000        ; 0.070      ; 0.786      ;
; 0.549 ; EX_MEM_Reg:EX_MEM_inst|register_N:PCPlus4_reg_inst|dffg:\gen_dffg:24:dffg_inst|s_Q ; MEM_WB_Reg:MEM_WB_inst|register_N:PCPlus4_reg_inst|dffg:\gen_dffg:24:dffg_inst|s_Q            ; iCLK         ; iCLK        ; 0.000        ; 0.070      ; 0.790      ;
; 0.549 ; ID_EX_Reg:ID_EX_inst|register_N:PCPlus4_reg_inst|dffg:\gen_dffg:18:dffg_inst|s_Q   ; EX_MEM_Reg:EX_MEM_inst|register_N:PCPlus4_reg_inst|dffg:\gen_dffg:18:dffg_inst|s_Q            ; iCLK         ; iCLK        ; 0.000        ; 0.070      ; 0.790      ;
; 0.549 ; EX_MEM_Reg:EX_MEM_inst|register_N:PCPlus4_reg_inst|dffg:\gen_dffg:12:dffg_inst|s_Q ; MEM_WB_Reg:MEM_WB_inst|register_N:PCPlus4_reg_inst|dffg:\gen_dffg:12:dffg_inst|s_Q            ; iCLK         ; iCLK        ; 0.000        ; 0.070      ; 0.790      ;
; 0.550 ; ID_EX_Reg:ID_EX_inst|register_N:PCPlus4_reg_inst|dffg:\gen_dffg:30:dffg_inst|s_Q   ; EX_MEM_Reg:EX_MEM_inst|register_N:PCPlus4_reg_inst|dffg:\gen_dffg:30:dffg_inst|s_Q            ; iCLK         ; iCLK        ; 0.000        ; 0.070      ; 0.791      ;
; 0.550 ; EX_MEM_Reg:EX_MEM_inst|register_N:PCPlus4_reg_inst|dffg:\gen_dffg:9:dffg_inst|s_Q  ; MEM_WB_Reg:MEM_WB_inst|register_N:PCPlus4_reg_inst|dffg:\gen_dffg:9:dffg_inst|s_Q             ; iCLK         ; iCLK        ; 0.000        ; 0.070      ; 0.791      ;
; 0.550 ; EX_MEM_Reg:EX_MEM_inst|register_N:PCPlus4_reg_inst|dffg:\gen_dffg:13:dffg_inst|s_Q ; MEM_WB_Reg:MEM_WB_inst|register_N:PCPlus4_reg_inst|dffg:\gen_dffg:13:dffg_inst|s_Q            ; iCLK         ; iCLK        ; 0.000        ; 0.070      ; 0.791      ;
; 0.550 ; ID_EX_Reg:ID_EX_inst|register_N:PCPlus4_reg_inst|dffg:\gen_dffg:6:dffg_inst|s_Q    ; EX_MEM_Reg:EX_MEM_inst|register_N:PCPlus4_reg_inst|dffg:\gen_dffg:6:dffg_inst|s_Q             ; iCLK         ; iCLK        ; 0.000        ; 0.070      ; 0.791      ;
; 0.551 ; EX_MEM_Reg:EX_MEM_inst|register_N:Fuct3_reg_inst|dffg:\gen_dffg:1:dffg_inst|s_Q    ; MEM_WB_Reg:MEM_WB_inst|register_N:Fuct3_reg_inst|dffg:\gen_dffg:1:dffg_inst|s_Q               ; iCLK         ; iCLK        ; 0.000        ; 0.069      ; 0.791      ;
; 0.551 ; EX_MEM_Reg:EX_MEM_inst|register_N:PCPlus4_reg_inst|dffg:\gen_dffg:14:dffg_inst|s_Q ; MEM_WB_Reg:MEM_WB_inst|register_N:PCPlus4_reg_inst|dffg:\gen_dffg:14:dffg_inst|s_Q            ; iCLK         ; iCLK        ; 0.000        ; 0.069      ; 0.791      ;
; 0.551 ; ID_EX_Reg:ID_EX_inst|register_N:PCPlus4_reg_inst|dffg:\gen_dffg:15:dffg_inst|s_Q   ; EX_MEM_Reg:EX_MEM_inst|register_N:PCPlus4_reg_inst|dffg:\gen_dffg:15:dffg_inst|s_Q            ; iCLK         ; iCLK        ; 0.000        ; 0.070      ; 0.792      ;
; 0.551 ; ID_EX_Reg:ID_EX_inst|register_N:PCPlus4_reg_inst|dffg:\gen_dffg:21:dffg_inst|s_Q   ; EX_MEM_Reg:EX_MEM_inst|register_N:PCPlus4_reg_inst|dffg:\gen_dffg:21:dffg_inst|s_Q            ; iCLK         ; iCLK        ; 0.000        ; 0.070      ; 0.792      ;
; 0.551 ; EX_MEM_Reg:EX_MEM_inst|register_N:Fuct3_reg_inst|dffg:\gen_dffg:2:dffg_inst|s_Q    ; MEM_WB_Reg:MEM_WB_inst|register_N:Fuct3_reg_inst|dffg:\gen_dffg:2:dffg_inst|s_Q               ; iCLK         ; iCLK        ; 0.000        ; 0.069      ; 0.791      ;
; 0.552 ; ID_EX_Reg:ID_EX_inst|register_N:PCPlus4_reg_inst|dffg:\gen_dffg:23:dffg_inst|s_Q   ; EX_MEM_Reg:EX_MEM_inst|register_N:PCPlus4_reg_inst|dffg:\gen_dffg:23:dffg_inst|s_Q            ; iCLK         ; iCLK        ; 0.000        ; 0.070      ; 0.793      ;
; 0.552 ; EX_MEM_Reg:EX_MEM_inst|register_N:PCPlus4_reg_inst|dffg:\gen_dffg:10:dffg_inst|s_Q ; MEM_WB_Reg:MEM_WB_inst|register_N:PCPlus4_reg_inst|dffg:\gen_dffg:10:dffg_inst|s_Q            ; iCLK         ; iCLK        ; 0.000        ; 0.070      ; 0.793      ;
; 0.552 ; ID_EX_Reg:ID_EX_inst|register_N:PCPlus4_reg_inst|dffg:\gen_dffg:2:dffg_inst|s_Q    ; EX_MEM_Reg:EX_MEM_inst|register_N:PCPlus4_reg_inst|dffg:\gen_dffg:2:dffg_inst|s_Q             ; iCLK         ; iCLK        ; 0.000        ; 0.070      ; 0.793      ;
; 0.552 ; ID_EX_Reg:ID_EX_inst|register_N:PCPlus4_reg_inst|dffg:\gen_dffg:19:dffg_inst|s_Q   ; EX_MEM_Reg:EX_MEM_inst|register_N:PCPlus4_reg_inst|dffg:\gen_dffg:19:dffg_inst|s_Q            ; iCLK         ; iCLK        ; 0.000        ; 0.069      ; 0.792      ;
; 0.553 ; ID_EX_Reg:ID_EX_inst|register_N:PCPlus4_reg_inst|dffg:\gen_dffg:29:dffg_inst|s_Q   ; EX_MEM_Reg:EX_MEM_inst|register_N:PCPlus4_reg_inst|dffg:\gen_dffg:29:dffg_inst|s_Q            ; iCLK         ; iCLK        ; 0.000        ; 0.069      ; 0.793      ;
; 0.553 ; EX_MEM_Reg:EX_MEM_inst|register_N:PCPlus4_reg_inst|dffg:\gen_dffg:26:dffg_inst|s_Q ; MEM_WB_Reg:MEM_WB_inst|register_N:PCPlus4_reg_inst|dffg:\gen_dffg:26:dffg_inst|s_Q            ; iCLK         ; iCLK        ; 0.000        ; 0.069      ; 0.793      ;
; 0.553 ; ID_EX_Reg:ID_EX_inst|register_N:PCPlus4_reg_inst|dffg:\gen_dffg:26:dffg_inst|s_Q   ; EX_MEM_Reg:EX_MEM_inst|register_N:PCPlus4_reg_inst|dffg:\gen_dffg:26:dffg_inst|s_Q            ; iCLK         ; iCLK        ; 0.000        ; 0.069      ; 0.793      ;
; 0.554 ; EX_MEM_Reg:EX_MEM_inst|register_N:PCPlus4_reg_inst|dffg:\gen_dffg:5:dffg_inst|s_Q  ; MEM_WB_Reg:MEM_WB_inst|register_N:PCPlus4_reg_inst|dffg:\gen_dffg:5:dffg_inst|s_Q             ; iCLK         ; iCLK        ; 0.000        ; 0.069      ; 0.794      ;
; 0.554 ; ID_EX_Reg:ID_EX_inst|register_N:PCPlus4_reg_inst|dffg:\gen_dffg:5:dffg_inst|s_Q    ; EX_MEM_Reg:EX_MEM_inst|register_N:PCPlus4_reg_inst|dffg:\gen_dffg:5:dffg_inst|s_Q             ; iCLK         ; iCLK        ; 0.000        ; 0.069      ; 0.794      ;
; 0.557 ; ID_EX_Reg:ID_EX_inst|register_N:PCPlus4_reg_inst|dffg:\gen_dffg:1:dffg_inst|s_Q    ; EX_MEM_Reg:EX_MEM_inst|register_N:PCPlus4_reg_inst|dffg:\gen_dffg:1:dffg_inst|s_Q             ; iCLK         ; iCLK        ; 0.000        ; 0.070      ; 0.798      ;
; 0.559 ; fetch:fetch_inst|register_N:PC|dffg:\gen_dffg:6:dffg_inst|s_Q                      ; IF_ID_Reg:IF_ID_inst|register_N:PC_reg_inst|dffg:\gen_dffg:6:dffg_inst|s_Q                    ; iCLK         ; iCLK        ; 0.000        ; 0.070      ; 0.800      ;
; 0.559 ; EX_MEM_Reg:EX_MEM_inst|register_N:ALUout_reg_inst|dffg:\gen_dffg:0:dffg_inst|s_Q   ; MEM_WB_Reg:MEM_WB_inst|register_N:ALUout_reg_inst|dffg:\gen_dffg:0:dffg_inst|s_Q              ; iCLK         ; iCLK        ; 0.000        ; 0.070      ; 0.800      ;
; 0.561 ; ID_EX_Reg:ID_EX_inst|register_N:RegWrAddr_reg_inst|dffg:\gen_dffg:0:dffg_inst|s_Q  ; EX_MEM_Reg:EX_MEM_inst|register_N:RegWrAddr_reg_inst|dffg:\gen_dffg:0:dffg_inst|s_Q           ; iCLK         ; iCLK        ; 0.000        ; 0.070      ; 0.802      ;
; 0.561 ; EX_MEM_Reg:EX_MEM_inst|register_N:PCPlus4_reg_inst|dffg:\gen_dffg:28:dffg_inst|s_Q ; MEM_WB_Reg:MEM_WB_inst|register_N:PCPlus4_reg_inst|dffg:\gen_dffg:28:dffg_inst|s_Q            ; iCLK         ; iCLK        ; 0.000        ; 0.071      ; 0.803      ;
; 0.564 ; EX_MEM_Reg:EX_MEM_inst|register_N:MemWrite_reg_inst|dffg:\gen_dffg:0:dffg_inst|s_Q ; mem:DMem|altsyncram:ram_rtl_0|altsyncram_eg81:auto_generated|ram_block1a0~porta_we_reg        ; iCLK         ; iCLK        ; 0.000        ; 0.399      ; 1.164      ;
; 0.565 ; EX_MEM_Reg:EX_MEM_inst|register_N:ALUout_reg_inst|dffg:\gen_dffg:11:dffg_inst|s_Q  ; mem:DMem|altsyncram:ram_rtl_0|altsyncram_eg81:auto_generated|ram_block1a0~porta_address_reg0  ; iCLK         ; iCLK        ; 0.000        ; 0.396      ; 1.162      ;
; 0.566 ; EX_MEM_Reg:EX_MEM_inst|register_N:ALUout_reg_inst|dffg:\gen_dffg:3:dffg_inst|s_Q   ; mem:DMem|altsyncram:ram_rtl_0|altsyncram_eg81:auto_generated|ram_block1a8~porta_address_reg0  ; iCLK         ; iCLK        ; 0.000        ; 0.380      ; 1.147      ;
; 0.574 ; EX_MEM_Reg:EX_MEM_inst|register_N:ALUout_reg_inst|dffg:\gen_dffg:15:dffg_inst|s_Q  ; MEM_WB_Reg:MEM_WB_inst|register_N:ALUout_reg_inst|dffg:\gen_dffg:15:dffg_inst|s_Q             ; iCLK         ; iCLK        ; 0.000        ; 0.070      ; 0.815      ;
; 0.581 ; EX_MEM_Reg:EX_MEM_inst|register_N:ALUout_reg_inst|dffg:\gen_dffg:9:dffg_inst|s_Q   ; mem:DMem|altsyncram:ram_rtl_0|altsyncram_eg81:auto_generated|ram_block1a26~porta_address_reg0 ; iCLK         ; iCLK        ; 0.000        ; 0.396      ; 1.178      ;
; 0.590 ; fetch:fetch_inst|register_N:PC|dffg:\gen_dffg:25:dffg_inst|s_Q                     ; IF_ID_Reg:IF_ID_inst|register_N:PC_reg_inst|dffg:\gen_dffg:25:dffg_inst|s_Q                   ; iCLK         ; iCLK        ; 0.000        ; 0.085      ; 0.846      ;
; 0.592 ; fetch:fetch_inst|register_N:PC|dffg:\gen_dffg:19:dffg_inst|s_Q                     ; IF_ID_Reg:IF_ID_inst|register_N:PC_reg_inst|dffg:\gen_dffg:19:dffg_inst|s_Q                   ; iCLK         ; iCLK        ; 0.000        ; 0.083      ; 0.846      ;
; 0.599 ; fetch:fetch_inst|register_N:PC|dffg:\gen_dffg:12:dffg_inst|s_Q                     ; IF_ID_Reg:IF_ID_inst|register_N:PC_reg_inst|dffg:\gen_dffg:12:dffg_inst|s_Q                   ; iCLK         ; iCLK        ; 0.000        ; 0.085      ; 0.855      ;
; 0.602 ; fetch:fetch_inst|register_N:PC|dffg:\gen_dffg:4:dffg_inst|s_Q                      ; IF_ID_Reg:IF_ID_inst|register_N:PC_reg_inst|dffg:\gen_dffg:4:dffg_inst|s_Q                    ; iCLK         ; iCLK        ; 0.000        ; 0.086      ; 0.859      ;
; 0.605 ; fetch:fetch_inst|register_N:PC|dffg:\gen_dffg:28:dffg_inst|s_Q                     ; IF_ID_Reg:IF_ID_inst|register_N:PC_reg_inst|dffg:\gen_dffg:28:dffg_inst|s_Q                   ; iCLK         ; iCLK        ; 0.000        ; 0.085      ; 0.861      ;
; 0.611 ; fetch:fetch_inst|register_N:PC|dffg:\gen_dffg:16:dffg_inst|s_Q                     ; IF_ID_Reg:IF_ID_inst|register_N:PCPlus4_reg_inst|dffg:\gen_dffg:16:dffg_inst|s_Q              ; iCLK         ; iCLK        ; 0.000        ; 0.085      ; 0.867      ;
; 0.611 ; EX_MEM_Reg:EX_MEM_inst|register_N:MemWrite_reg_inst|dffg:\gen_dffg:0:dffg_inst|s_Q ; mem:DMem|altsyncram:ram_rtl_0|altsyncram_eg81:auto_generated|ram_block1a8~porta_we_reg        ; iCLK         ; iCLK        ; 0.000        ; 0.377      ; 1.189      ;
; 0.615 ; EX_MEM_Reg:EX_MEM_inst|register_N:MemWrite_reg_inst|dffg:\gen_dffg:0:dffg_inst|s_Q ; mem:DMem|altsyncram:ram_rtl_0|altsyncram_eg81:auto_generated|ram_block1a26~porta_we_reg       ; iCLK         ; iCLK        ; 0.000        ; 0.386      ; 1.202      ;
; 0.616 ; fetch:fetch_inst|register_N:PC|dffg:\gen_dffg:10:dffg_inst|s_Q                     ; IF_ID_Reg:IF_ID_inst|register_N:PC_reg_inst|dffg:\gen_dffg:10:dffg_inst|s_Q                   ; iCLK         ; iCLK        ; 0.000        ; 0.085      ; 0.872      ;
; 0.616 ; fetch:fetch_inst|register_N:PC|dffg:\gen_dffg:22:dffg_inst|s_Q                     ; IF_ID_Reg:IF_ID_inst|register_N:PC_reg_inst|dffg:\gen_dffg:22:dffg_inst|s_Q                   ; iCLK         ; iCLK        ; 0.000        ; 0.086      ; 0.873      ;
; 0.618 ; fetch:fetch_inst|register_N:PC|dffg:\gen_dffg:30:dffg_inst|s_Q                     ; IF_ID_Reg:IF_ID_inst|register_N:PC_reg_inst|dffg:\gen_dffg:30:dffg_inst|s_Q                   ; iCLK         ; iCLK        ; 0.000        ; 0.070      ; 0.859      ;
; 0.619 ; fetch:fetch_inst|register_N:PC|dffg:\gen_dffg:12:dffg_inst|s_Q                     ; IF_ID_Reg:IF_ID_inst|register_N:PCPlus4_reg_inst|dffg:\gen_dffg:12:dffg_inst|s_Q              ; iCLK         ; iCLK        ; 0.000        ; 0.085      ; 0.875      ;
; 0.622 ; fetch:fetch_inst|register_N:PC|dffg:\gen_dffg:5:dffg_inst|s_Q                      ; IF_ID_Reg:IF_ID_inst|register_N:PC_reg_inst|dffg:\gen_dffg:5:dffg_inst|s_Q                    ; iCLK         ; iCLK        ; 0.000        ; 0.070      ; 0.863      ;
; 0.626 ; IF_ID_Reg:IF_ID_inst|register_N:PC_reg_inst|dffg:\gen_dffg:7:dffg_inst|s_Q         ; ID_EX_Reg:ID_EX_inst|register_N:PC_reg_inst|dffg:\gen_dffg:7:dffg_inst|s_Q                    ; iCLK         ; iCLK        ; 0.000        ; 0.070      ; 0.867      ;
; 0.628 ; IF_ID_Reg:IF_ID_inst|register_N:PCPlus4_reg_inst|dffg:\gen_dffg:0:dffg_inst|s_Q    ; fetch:fetch_inst|register_N:PC|dffg:\gen_dffg:0:dffg_inst|s_Q                                 ; iCLK         ; iCLK        ; 0.000        ; 0.068      ; 0.867      ;
; 0.632 ; fetch:fetch_inst|register_N:PC|dffg:\gen_dffg:1:dffg_inst|s_Q                      ; IF_ID_Reg:IF_ID_inst|register_N:PCPlus4_reg_inst|dffg:\gen_dffg:1:dffg_inst|s_Q               ; iCLK         ; iCLK        ; 0.000        ; 0.446      ; 1.249      ;
; 0.644 ; fetch:fetch_inst|register_N:PC|dffg:\gen_dffg:2:dffg_inst|s_Q                      ; IF_ID_Reg:IF_ID_inst|register_N:PC_reg_inst|dffg:\gen_dffg:2:dffg_inst|s_Q                    ; iCLK         ; iCLK        ; 0.000        ; 0.068      ; 0.883      ;
; 0.647 ; EX_MEM_Reg:EX_MEM_inst|register_N:ALUout_reg_inst|dffg:\gen_dffg:8:dffg_inst|s_Q   ; mem:DMem|altsyncram:ram_rtl_0|altsyncram_eg81:auto_generated|ram_block1a26~porta_address_reg0 ; iCLK         ; iCLK        ; 0.000        ; 0.389      ; 1.237      ;
; 0.649 ; EX_MEM_Reg:EX_MEM_inst|register_N:MemWrite_reg_inst|dffg:\gen_dffg:0:dffg_inst|s_Q ; mem:DMem|altsyncram:ram_rtl_0|altsyncram_eg81:auto_generated|ram_block1a7~porta_we_reg        ; iCLK         ; iCLK        ; 0.000        ; 0.370      ; 1.220      ;
; 0.658 ; fetch:fetch_inst|register_N:PC|dffg:\gen_dffg:6:dffg_inst|s_Q                      ; IF_ID_Reg:IF_ID_inst|register_N:PCPlus4_reg_inst|dffg:\gen_dffg:6:dffg_inst|s_Q               ; iCLK         ; iCLK        ; 0.000        ; 0.070      ; 0.899      ;
; 0.663 ; fetch:fetch_inst|register_N:PC|dffg:\gen_dffg:2:dffg_inst|s_Q                      ; fetch:fetch_inst|register_N:PC|dffg:\gen_dffg:3:dffg_inst|s_Q                                 ; iCLK         ; iCLK        ; 0.000        ; 0.068      ; 0.902      ;
; 0.664 ; EX_MEM_Reg:EX_MEM_inst|register_N:Out2_reg_inst|dffg:\gen_dffg:10:dffg_inst|s_Q    ; mem:DMem|altsyncram:ram_rtl_0|altsyncram_eg81:auto_generated|ram_block1a8~porta_datain_reg0   ; iCLK         ; iCLK        ; 0.000        ; 0.413      ; 1.278      ;
; 0.668 ; fetch:fetch_inst|register_N:PC|dffg:\gen_dffg:2:dffg_inst|s_Q                      ; IF_ID_Reg:IF_ID_inst|register_N:PCPlus4_reg_inst|dffg:\gen_dffg:2:dffg_inst|s_Q               ; iCLK         ; iCLK        ; 0.000        ; 0.068      ; 0.907      ;
; 0.670 ; EX_MEM_Reg:EX_MEM_inst|register_N:PCPlus4_reg_inst|dffg:\gen_dffg:30:dffg_inst|s_Q ; EX_MEM_Reg:EX_MEM_inst|register_N:Out2_reg_inst|dffg:\gen_dffg:30:dffg_inst|s_Q               ; iCLK         ; iCLK        ; 0.000        ; 0.070      ; 0.911      ;
; 0.670 ; fetch:fetch_inst|register_N:PC|dffg:\gen_dffg:30:dffg_inst|s_Q                     ; fetch:fetch_inst|register_N:PC|dffg:\gen_dffg:31:dffg_inst|s_Q                                ; iCLK         ; iCLK        ; 0.000        ; 0.468      ; 1.309      ;
; 0.677 ; EX_MEM_Reg:EX_MEM_inst|register_N:Out2_reg_inst|dffg:\gen_dffg:4:dffg_inst|s_Q     ; mem:DMem|altsyncram:ram_rtl_0|altsyncram_eg81:auto_generated|ram_block1a0~porta_datain_reg0   ; iCLK         ; iCLK        ; 0.000        ; 0.407      ; 1.285      ;
; 0.679 ; EX_MEM_Reg:EX_MEM_inst|register_N:Out2_reg_inst|dffg:\gen_dffg:3:dffg_inst|s_Q     ; mem:DMem|altsyncram:ram_rtl_0|altsyncram_eg81:auto_generated|ram_block1a0~porta_datain_reg0   ; iCLK         ; iCLK        ; 0.000        ; 0.405      ; 1.285      ;
; 0.681 ; EX_MEM_Reg:EX_MEM_inst|register_N:ALUout_reg_inst|dffg:\gen_dffg:6:dffg_inst|s_Q   ; mem:DMem|altsyncram:ram_rtl_0|altsyncram_eg81:auto_generated|ram_block1a0~porta_address_reg0  ; iCLK         ; iCLK        ; 0.000        ; 0.385      ; 1.267      ;
; 0.689 ; ID_EX_Reg:ID_EX_inst|register_N:ALUop_reg_inst|dffg:\gen_dffg:3:dffg_inst|s_Q      ; EX_MEM_Reg:EX_MEM_inst|register_N:ALUout_reg_inst|dffg:\gen_dffg:10:dffg_inst|s_Q             ; iCLK         ; iCLK        ; 0.000        ; 0.070      ; 0.930      ;
; 0.705 ; EX_MEM_Reg:EX_MEM_inst|register_N:Out2_reg_inst|dffg:\gen_dffg:21:dffg_inst|s_Q    ; mem:DMem|altsyncram:ram_rtl_0|altsyncram_eg81:auto_generated|ram_block1a7~porta_datain_reg0   ; iCLK         ; iCLK        ; 0.000        ; 0.388      ; 1.294      ;
; 0.708 ; EX_MEM_Reg:EX_MEM_inst|register_N:Out2_reg_inst|dffg:\gen_dffg:14:dffg_inst|s_Q    ; mem:DMem|altsyncram:ram_rtl_0|altsyncram_eg81:auto_generated|ram_block1a8~porta_datain_reg0   ; iCLK         ; iCLK        ; 0.000        ; 0.406      ; 1.315      ;
; 0.710 ; EX_MEM_Reg:EX_MEM_inst|register_N:ALUout_reg_inst|dffg:\gen_dffg:8:dffg_inst|s_Q   ; mem:DMem|altsyncram:ram_rtl_0|altsyncram_eg81:auto_generated|ram_block1a8~porta_address_reg0  ; iCLK         ; iCLK        ; 0.000        ; 0.380      ; 1.291      ;
; 0.710 ; EX_MEM_Reg:EX_MEM_inst|register_N:PCPlus4_reg_inst|dffg:\gen_dffg:31:dffg_inst|s_Q ; MEM_WB_Reg:MEM_WB_inst|register_N:PCPlus4_reg_inst|dffg:\gen_dffg:31:dffg_inst|s_Q            ; iCLK         ; iCLK        ; 0.000        ; 0.071      ; 0.952      ;
; 0.711 ; EX_MEM_Reg:EX_MEM_inst|register_N:PCPlus4_reg_inst|dffg:\gen_dffg:2:dffg_inst|s_Q  ; MEM_WB_Reg:MEM_WB_inst|register_N:PCPlus4_reg_inst|dffg:\gen_dffg:2:dffg_inst|s_Q             ; iCLK         ; iCLK        ; 0.000        ; 0.070      ; 0.952      ;
; 0.713 ; ID_EX_Reg:ID_EX_inst|register_N:PCPlus4_reg_inst|dffg:\gen_dffg:25:dffg_inst|s_Q   ; EX_MEM_Reg:EX_MEM_inst|register_N:PCPlus4_reg_inst|dffg:\gen_dffg:25:dffg_inst|s_Q            ; iCLK         ; iCLK        ; 0.000        ; 0.072      ; 0.956      ;
; 0.713 ; ID_EX_Reg:ID_EX_inst|register_N:PCPlus4_reg_inst|dffg:\gen_dffg:17:dffg_inst|s_Q   ; EX_MEM_Reg:EX_MEM_inst|register_N:PCPlus4_reg_inst|dffg:\gen_dffg:17:dffg_inst|s_Q            ; iCLK         ; iCLK        ; 0.000        ; 0.071      ; 0.955      ;
; 0.717 ; EX_MEM_Reg:EX_MEM_inst|register_N:PCPlus4_reg_inst|dffg:\gen_dffg:29:dffg_inst|s_Q ; MEM_WB_Reg:MEM_WB_inst|register_N:PCPlus4_reg_inst|dffg:\gen_dffg:29:dffg_inst|s_Q            ; iCLK         ; iCLK        ; 0.000        ; 0.073      ; 0.961      ;
; 0.719 ; ID_EX_Reg:ID_EX_inst|register_N:PCPlus4_reg_inst|dffg:\gen_dffg:20:dffg_inst|s_Q   ; EX_MEM_Reg:EX_MEM_inst|register_N:PCPlus4_reg_inst|dffg:\gen_dffg:20:dffg_inst|s_Q            ; iCLK         ; iCLK        ; 0.000        ; 0.069      ; 0.959      ;
; 0.720 ; EX_MEM_Reg:EX_MEM_inst|register_N:Out2_reg_inst|dffg:\gen_dffg:19:dffg_inst|s_Q    ; mem:DMem|altsyncram:ram_rtl_0|altsyncram_eg81:auto_generated|ram_block1a7~porta_datain_reg0   ; iCLK         ; iCLK        ; 0.000        ; 0.386      ; 1.307      ;
; 0.721 ; EX_MEM_Reg:EX_MEM_inst|register_N:PCPlus4_reg_inst|dffg:\gen_dffg:1:dffg_inst|s_Q  ; MEM_WB_Reg:MEM_WB_inst|register_N:PCPlus4_reg_inst|dffg:\gen_dffg:1:dffg_inst|s_Q             ; iCLK         ; iCLK        ; 0.000        ; 0.070      ; 0.962      ;
; 0.722 ; ID_EX_Reg:ID_EX_inst|register_N:Out2_reg_inst|dffg:\gen_dffg:15:dffg_inst|s_Q      ; EX_MEM_Reg:EX_MEM_inst|register_N:Out2_reg_inst|dffg:\gen_dffg:15:dffg_inst|s_Q               ; iCLK         ; iCLK        ; 0.000        ; 0.070      ; 0.963      ;
; 0.723 ; ID_EX_Reg:ID_EX_inst|register_N:Out2_reg_inst|dffg:\gen_dffg:21:dffg_inst|s_Q      ; EX_MEM_Reg:EX_MEM_inst|register_N:Out2_reg_inst|dffg:\gen_dffg:21:dffg_inst|s_Q               ; iCLK         ; iCLK        ; 0.000        ; 0.070      ; 0.964      ;
; 0.726 ; fetch:fetch_inst|register_N:PC|dffg:\gen_dffg:6:dffg_inst|s_Q                      ; fetch:fetch_inst|register_N:PC|dffg:\gen_dffg:8:dffg_inst|s_Q                                 ; iCLK         ; iCLK        ; 0.000        ; 0.466      ; 1.363      ;
; 0.729 ; EX_MEM_Reg:EX_MEM_inst|register_N:Out2_reg_inst|dffg:\gen_dffg:20:dffg_inst|s_Q    ; mem:DMem|altsyncram:ram_rtl_0|altsyncram_eg81:auto_generated|ram_block1a7~porta_datain_reg0   ; iCLK         ; iCLK        ; 0.000        ; 0.388      ; 1.318      ;
; 0.729 ; ID_EX_Reg:ID_EX_inst|register_N:RegWrAddr_reg_inst|dffg:\gen_dffg:2:dffg_inst|s_Q  ; EX_MEM_Reg:EX_MEM_inst|register_N:RegWrAddr_reg_inst|dffg:\gen_dffg:2:dffg_inst|s_Q           ; iCLK         ; iCLK        ; 0.000        ; 0.072      ; 0.972      ;
+-------+------------------------------------------------------------------------------------+-----------------------------------------------------------------------------------------------+--------------+-------------+--------------+------------+------------+


----------------------------------------------
; Slow 1200mV 0C Model Metastability Summary ;
----------------------------------------------
No synchronizer chains to report.


+------------------------------------+
; Fast 1200mV 0C Model Setup Summary ;
+-------+-------+--------------------+
; Clock ; Slack ; End Point TNS      ;
+-------+-------+--------------------+
; iCLK  ; 3.887 ; 0.000              ;
+-------+-------+--------------------+


+-----------------------------------+
; Fast 1200mV 0C Model Hold Summary ;
+-------+-------+-------------------+
; Clock ; Slack ; End Point TNS     ;
+-------+-------+-------------------+
; iCLK  ; 0.175 ; 0.000             ;
+-------+-------+-------------------+


-----------------------------------------
; Fast 1200mV 0C Model Recovery Summary ;
-----------------------------------------
No paths to report.


----------------------------------------
; Fast 1200mV 0C Model Removal Summary ;
----------------------------------------
No paths to report.


+--------------------------------------------------+
; Fast 1200mV 0C Model Minimum Pulse Width Summary ;
+-------+-------+----------------------------------+
; Clock ; Slack ; End Point TNS                    ;
+-------+-------+----------------------------------+
; iCLK  ; 9.365 ; 0.000                            ;
+-------+-------+----------------------------------+


+-------------------------------------------------------------------------------------------------------------------------------------------------------------------------------------------------------------------------------------------------------------------------------------+
; Fast 1200mV 0C Model Setup: 'iCLK'                                                                                                                                                                                                                                                  ;
+-------+----------------------------------------------------------------------------------------------------------------+--------------------------------------------------------------------------------------+--------------+-------------+--------------+------------+------------+
; Slack ; From Node                                                                                                      ; To Node                                                                              ; Launch Clock ; Latch Clock ; Relationship ; Clock Skew ; Data Delay ;
+-------+----------------------------------------------------------------------------------------------------------------+--------------------------------------------------------------------------------------+--------------+-------------+--------------+------------+------------+
; 3.887 ; register_file:regFile_inst|register_N_neg:\gen_registers:4:gen_other:reg_i|dffgNeg:\gen_dffg:2:dffg_inst|s_Q   ; IF_ID_Reg:IF_ID_inst|register_N:Instruction_reg_inst|dffg:\gen_dffg:20:dffg_inst|s_Q ; iCLK         ; iCLK        ; 10.000       ; -0.162     ; 5.938      ;
; 3.888 ; register_file:regFile_inst|register_N_neg:\gen_registers:4:gen_other:reg_i|dffgNeg:\gen_dffg:2:dffg_inst|s_Q   ; IF_ID_Reg:IF_ID_inst|register_N:Instruction_reg_inst|dffg:\gen_dffg:23:dffg_inst|s_Q ; iCLK         ; iCLK        ; 10.000       ; -0.162     ; 5.937      ;
; 3.898 ; register_file:regFile_inst|register_N_neg:\gen_registers:4:gen_other:reg_i|dffgNeg:\gen_dffg:2:dffg_inst|s_Q   ; IF_ID_Reg:IF_ID_inst|register_N:Instruction_reg_inst|dffg:\gen_dffg:25:dffg_inst|s_Q ; iCLK         ; iCLK        ; 10.000       ; -0.146     ; 5.943      ;
; 3.902 ; register_file:regFile_inst|register_N_neg:\gen_registers:4:gen_other:reg_i|dffgNeg:\gen_dffg:2:dffg_inst|s_Q   ; IF_ID_Reg:IF_ID_inst|register_N:Instruction_reg_inst|dffg:\gen_dffg:27:dffg_inst|s_Q ; iCLK         ; iCLK        ; 10.000       ; -0.143     ; 5.942      ;
; 3.924 ; register_file:regFile_inst|register_N_neg:\gen_registers:22:gen_other:reg_i|dffgNeg:\gen_dffg:25:dffg_inst|s_Q ; IF_ID_Reg:IF_ID_inst|register_N:Instruction_reg_inst|dffg:\gen_dffg:20:dffg_inst|s_Q ; iCLK         ; iCLK        ; 10.000       ; -0.185     ; 5.878      ;
; 3.925 ; register_file:regFile_inst|register_N_neg:\gen_registers:4:gen_other:reg_i|dffgNeg:\gen_dffg:2:dffg_inst|s_Q   ; IF_ID_Reg:IF_ID_inst|register_N:Instruction_reg_inst|dffg:\gen_dffg:7:dffg_inst|s_Q  ; iCLK         ; iCLK        ; 10.000       ; -0.155     ; 5.907      ;
; 3.925 ; register_file:regFile_inst|register_N_neg:\gen_registers:22:gen_other:reg_i|dffgNeg:\gen_dffg:25:dffg_inst|s_Q ; IF_ID_Reg:IF_ID_inst|register_N:Instruction_reg_inst|dffg:\gen_dffg:23:dffg_inst|s_Q ; iCLK         ; iCLK        ; 10.000       ; -0.185     ; 5.877      ;
; 3.932 ; register_file:regFile_inst|register_N_neg:\gen_registers:4:gen_other:reg_i|dffgNeg:\gen_dffg:2:dffg_inst|s_Q   ; IF_ID_Reg:IF_ID_inst|register_N:Instruction_reg_inst|dffg:\gen_dffg:30:dffg_inst|s_Q ; iCLK         ; iCLK        ; 10.000       ; -0.175     ; 5.880      ;
; 3.935 ; register_file:regFile_inst|register_N_neg:\gen_registers:22:gen_other:reg_i|dffgNeg:\gen_dffg:25:dffg_inst|s_Q ; IF_ID_Reg:IF_ID_inst|register_N:Instruction_reg_inst|dffg:\gen_dffg:25:dffg_inst|s_Q ; iCLK         ; iCLK        ; 10.000       ; -0.169     ; 5.883      ;
; 3.937 ; register_file:regFile_inst|register_N_neg:\gen_registers:4:gen_other:reg_i|dffgNeg:\gen_dffg:2:dffg_inst|s_Q   ; IF_ID_Reg:IF_ID_inst|register_N:Instruction_reg_inst|dffg:\gen_dffg:3:dffg_inst|s_Q  ; iCLK         ; iCLK        ; 10.000       ; -0.175     ; 5.875      ;
; 3.938 ; register_file:regFile_inst|register_N_neg:\gen_registers:5:gen_other:reg_i|dffgNeg:\gen_dffg:3:dffg_inst|s_Q   ; IF_ID_Reg:IF_ID_inst|register_N:Instruction_reg_inst|dffg:\gen_dffg:20:dffg_inst|s_Q ; iCLK         ; iCLK        ; 10.000       ; -0.186     ; 5.863      ;
; 3.939 ; register_file:regFile_inst|register_N_neg:\gen_registers:5:gen_other:reg_i|dffgNeg:\gen_dffg:3:dffg_inst|s_Q   ; IF_ID_Reg:IF_ID_inst|register_N:Instruction_reg_inst|dffg:\gen_dffg:23:dffg_inst|s_Q ; iCLK         ; iCLK        ; 10.000       ; -0.186     ; 5.862      ;
; 3.939 ; register_file:regFile_inst|register_N_neg:\gen_registers:22:gen_other:reg_i|dffgNeg:\gen_dffg:25:dffg_inst|s_Q ; IF_ID_Reg:IF_ID_inst|register_N:Instruction_reg_inst|dffg:\gen_dffg:27:dffg_inst|s_Q ; iCLK         ; iCLK        ; 10.000       ; -0.166     ; 5.882      ;
; 3.940 ; register_file:regFile_inst|register_N_neg:\gen_registers:25:gen_other:reg_i|dffgNeg:\gen_dffg:17:dffg_inst|s_Q ; IF_ID_Reg:IF_ID_inst|register_N:Instruction_reg_inst|dffg:\gen_dffg:20:dffg_inst|s_Q ; iCLK         ; iCLK        ; 10.000       ; -0.202     ; 5.845      ;
; 3.941 ; register_file:regFile_inst|register_N_neg:\gen_registers:25:gen_other:reg_i|dffgNeg:\gen_dffg:17:dffg_inst|s_Q ; IF_ID_Reg:IF_ID_inst|register_N:Instruction_reg_inst|dffg:\gen_dffg:23:dffg_inst|s_Q ; iCLK         ; iCLK        ; 10.000       ; -0.202     ; 5.844      ;
; 3.944 ; register_file:regFile_inst|register_N_neg:\gen_registers:6:gen_other:reg_i|dffgNeg:\gen_dffg:3:dffg_inst|s_Q   ; IF_ID_Reg:IF_ID_inst|register_N:Instruction_reg_inst|dffg:\gen_dffg:20:dffg_inst|s_Q ; iCLK         ; iCLK        ; 10.000       ; -0.186     ; 5.857      ;
; 3.945 ; register_file:regFile_inst|register_N_neg:\gen_registers:6:gen_other:reg_i|dffgNeg:\gen_dffg:3:dffg_inst|s_Q   ; IF_ID_Reg:IF_ID_inst|register_N:Instruction_reg_inst|dffg:\gen_dffg:23:dffg_inst|s_Q ; iCLK         ; iCLK        ; 10.000       ; -0.186     ; 5.856      ;
; 3.949 ; register_file:regFile_inst|register_N_neg:\gen_registers:5:gen_other:reg_i|dffgNeg:\gen_dffg:3:dffg_inst|s_Q   ; IF_ID_Reg:IF_ID_inst|register_N:Instruction_reg_inst|dffg:\gen_dffg:25:dffg_inst|s_Q ; iCLK         ; iCLK        ; 10.000       ; -0.170     ; 5.868      ;
; 3.951 ; register_file:regFile_inst|register_N_neg:\gen_registers:25:gen_other:reg_i|dffgNeg:\gen_dffg:17:dffg_inst|s_Q ; IF_ID_Reg:IF_ID_inst|register_N:Instruction_reg_inst|dffg:\gen_dffg:25:dffg_inst|s_Q ; iCLK         ; iCLK        ; 10.000       ; -0.186     ; 5.850      ;
; 3.953 ; register_file:regFile_inst|register_N_neg:\gen_registers:5:gen_other:reg_i|dffgNeg:\gen_dffg:3:dffg_inst|s_Q   ; IF_ID_Reg:IF_ID_inst|register_N:Instruction_reg_inst|dffg:\gen_dffg:27:dffg_inst|s_Q ; iCLK         ; iCLK        ; 10.000       ; -0.167     ; 5.867      ;
; 3.955 ; register_file:regFile_inst|register_N_neg:\gen_registers:25:gen_other:reg_i|dffgNeg:\gen_dffg:17:dffg_inst|s_Q ; IF_ID_Reg:IF_ID_inst|register_N:Instruction_reg_inst|dffg:\gen_dffg:27:dffg_inst|s_Q ; iCLK         ; iCLK        ; 10.000       ; -0.183     ; 5.849      ;
; 3.955 ; register_file:regFile_inst|register_N_neg:\gen_registers:6:gen_other:reg_i|dffgNeg:\gen_dffg:3:dffg_inst|s_Q   ; IF_ID_Reg:IF_ID_inst|register_N:Instruction_reg_inst|dffg:\gen_dffg:25:dffg_inst|s_Q ; iCLK         ; iCLK        ; 10.000       ; -0.170     ; 5.862      ;
; 3.959 ; register_file:regFile_inst|register_N_neg:\gen_registers:6:gen_other:reg_i|dffgNeg:\gen_dffg:3:dffg_inst|s_Q   ; IF_ID_Reg:IF_ID_inst|register_N:Instruction_reg_inst|dffg:\gen_dffg:27:dffg_inst|s_Q ; iCLK         ; iCLK        ; 10.000       ; -0.167     ; 5.861      ;
; 3.962 ; register_file:regFile_inst|register_N_neg:\gen_registers:22:gen_other:reg_i|dffgNeg:\gen_dffg:25:dffg_inst|s_Q ; IF_ID_Reg:IF_ID_inst|register_N:Instruction_reg_inst|dffg:\gen_dffg:7:dffg_inst|s_Q  ; iCLK         ; iCLK        ; 10.000       ; -0.178     ; 5.847      ;
; 3.969 ; register_file:regFile_inst|register_N_neg:\gen_registers:22:gen_other:reg_i|dffgNeg:\gen_dffg:25:dffg_inst|s_Q ; IF_ID_Reg:IF_ID_inst|register_N:Instruction_reg_inst|dffg:\gen_dffg:30:dffg_inst|s_Q ; iCLK         ; iCLK        ; 10.000       ; -0.198     ; 5.820      ;
; 3.970 ; register_file:regFile_inst|register_N_neg:\gen_registers:5:gen_other:reg_i|dffgNeg:\gen_dffg:2:dffg_inst|s_Q   ; IF_ID_Reg:IF_ID_inst|register_N:Instruction_reg_inst|dffg:\gen_dffg:20:dffg_inst|s_Q ; iCLK         ; iCLK        ; 10.000       ; -0.164     ; 5.853      ;
; 3.971 ; register_file:regFile_inst|register_N_neg:\gen_registers:5:gen_other:reg_i|dffgNeg:\gen_dffg:2:dffg_inst|s_Q   ; IF_ID_Reg:IF_ID_inst|register_N:Instruction_reg_inst|dffg:\gen_dffg:23:dffg_inst|s_Q ; iCLK         ; iCLK        ; 10.000       ; -0.164     ; 5.852      ;
; 3.974 ; register_file:regFile_inst|register_N_neg:\gen_registers:4:gen_other:reg_i|dffgNeg:\gen_dffg:2:dffg_inst|s_Q   ; IF_ID_Reg:IF_ID_inst|register_N:Instruction_reg_inst|dffg:\gen_dffg:1:dffg_inst|s_Q  ; iCLK         ; iCLK        ; 10.000       ; -0.148     ; 5.865      ;
; 3.974 ; register_file:regFile_inst|register_N_neg:\gen_registers:22:gen_other:reg_i|dffgNeg:\gen_dffg:25:dffg_inst|s_Q ; IF_ID_Reg:IF_ID_inst|register_N:Instruction_reg_inst|dffg:\gen_dffg:3:dffg_inst|s_Q  ; iCLK         ; iCLK        ; 10.000       ; -0.198     ; 5.815      ;
; 3.975 ; register_file:regFile_inst|register_N_neg:\gen_registers:4:gen_other:reg_i|dffgNeg:\gen_dffg:2:dffg_inst|s_Q   ; IF_ID_Reg:IF_ID_inst|register_N:Instruction_reg_inst|dffg:\gen_dffg:0:dffg_inst|s_Q  ; iCLK         ; iCLK        ; 10.000       ; -0.148     ; 5.864      ;
; 3.976 ; register_file:regFile_inst|register_N_neg:\gen_registers:5:gen_other:reg_i|dffgNeg:\gen_dffg:3:dffg_inst|s_Q   ; IF_ID_Reg:IF_ID_inst|register_N:Instruction_reg_inst|dffg:\gen_dffg:7:dffg_inst|s_Q  ; iCLK         ; iCLK        ; 10.000       ; -0.179     ; 5.832      ;
; 3.976 ; register_file:regFile_inst|register_N_neg:\gen_registers:22:gen_other:reg_i|dffgNeg:\gen_dffg:12:dffg_inst|s_Q ; IF_ID_Reg:IF_ID_inst|register_N:Instruction_reg_inst|dffg:\gen_dffg:20:dffg_inst|s_Q ; iCLK         ; iCLK        ; 10.000       ; -0.190     ; 5.821      ;
; 3.977 ; register_file:regFile_inst|register_N_neg:\gen_registers:22:gen_other:reg_i|dffgNeg:\gen_dffg:12:dffg_inst|s_Q ; IF_ID_Reg:IF_ID_inst|register_N:Instruction_reg_inst|dffg:\gen_dffg:23:dffg_inst|s_Q ; iCLK         ; iCLK        ; 10.000       ; -0.190     ; 5.820      ;
; 3.978 ; register_file:regFile_inst|register_N_neg:\gen_registers:6:gen_other:reg_i|dffgNeg:\gen_dffg:2:dffg_inst|s_Q   ; IF_ID_Reg:IF_ID_inst|register_N:Instruction_reg_inst|dffg:\gen_dffg:20:dffg_inst|s_Q ; iCLK         ; iCLK        ; 10.000       ; -0.164     ; 5.845      ;
; 3.978 ; register_file:regFile_inst|register_N_neg:\gen_registers:25:gen_other:reg_i|dffgNeg:\gen_dffg:17:dffg_inst|s_Q ; IF_ID_Reg:IF_ID_inst|register_N:Instruction_reg_inst|dffg:\gen_dffg:7:dffg_inst|s_Q  ; iCLK         ; iCLK        ; 10.000       ; -0.195     ; 5.814      ;
; 3.979 ; register_file:regFile_inst|register_N_neg:\gen_registers:6:gen_other:reg_i|dffgNeg:\gen_dffg:2:dffg_inst|s_Q   ; IF_ID_Reg:IF_ID_inst|register_N:Instruction_reg_inst|dffg:\gen_dffg:23:dffg_inst|s_Q ; iCLK         ; iCLK        ; 10.000       ; -0.164     ; 5.844      ;
; 3.981 ; register_file:regFile_inst|register_N_neg:\gen_registers:5:gen_other:reg_i|dffgNeg:\gen_dffg:2:dffg_inst|s_Q   ; IF_ID_Reg:IF_ID_inst|register_N:Instruction_reg_inst|dffg:\gen_dffg:25:dffg_inst|s_Q ; iCLK         ; iCLK        ; 10.000       ; -0.148     ; 5.858      ;
; 3.982 ; register_file:regFile_inst|register_N_neg:\gen_registers:6:gen_other:reg_i|dffgNeg:\gen_dffg:3:dffg_inst|s_Q   ; IF_ID_Reg:IF_ID_inst|register_N:Instruction_reg_inst|dffg:\gen_dffg:7:dffg_inst|s_Q  ; iCLK         ; iCLK        ; 10.000       ; -0.179     ; 5.826      ;
; 3.983 ; register_file:regFile_inst|register_N_neg:\gen_registers:5:gen_other:reg_i|dffgNeg:\gen_dffg:3:dffg_inst|s_Q   ; IF_ID_Reg:IF_ID_inst|register_N:Instruction_reg_inst|dffg:\gen_dffg:30:dffg_inst|s_Q ; iCLK         ; iCLK        ; 10.000       ; -0.199     ; 5.805      ;
; 3.985 ; register_file:regFile_inst|register_N_neg:\gen_registers:5:gen_other:reg_i|dffgNeg:\gen_dffg:2:dffg_inst|s_Q   ; IF_ID_Reg:IF_ID_inst|register_N:Instruction_reg_inst|dffg:\gen_dffg:27:dffg_inst|s_Q ; iCLK         ; iCLK        ; 10.000       ; -0.145     ; 5.857      ;
; 3.985 ; register_file:regFile_inst|register_N_neg:\gen_registers:25:gen_other:reg_i|dffgNeg:\gen_dffg:17:dffg_inst|s_Q ; IF_ID_Reg:IF_ID_inst|register_N:Instruction_reg_inst|dffg:\gen_dffg:30:dffg_inst|s_Q ; iCLK         ; iCLK        ; 10.000       ; -0.215     ; 5.787      ;
; 3.987 ; register_file:regFile_inst|register_N_neg:\gen_registers:22:gen_other:reg_i|dffgNeg:\gen_dffg:12:dffg_inst|s_Q ; IF_ID_Reg:IF_ID_inst|register_N:Instruction_reg_inst|dffg:\gen_dffg:25:dffg_inst|s_Q ; iCLK         ; iCLK        ; 10.000       ; -0.174     ; 5.826      ;
; 3.988 ; register_file:regFile_inst|register_N_neg:\gen_registers:5:gen_other:reg_i|dffgNeg:\gen_dffg:3:dffg_inst|s_Q   ; IF_ID_Reg:IF_ID_inst|register_N:Instruction_reg_inst|dffg:\gen_dffg:3:dffg_inst|s_Q  ; iCLK         ; iCLK        ; 10.000       ; -0.199     ; 5.800      ;
; 3.989 ; register_file:regFile_inst|register_N_neg:\gen_registers:6:gen_other:reg_i|dffgNeg:\gen_dffg:2:dffg_inst|s_Q   ; IF_ID_Reg:IF_ID_inst|register_N:Instruction_reg_inst|dffg:\gen_dffg:25:dffg_inst|s_Q ; iCLK         ; iCLK        ; 10.000       ; -0.148     ; 5.850      ;
; 3.989 ; register_file:regFile_inst|register_N_neg:\gen_registers:6:gen_other:reg_i|dffgNeg:\gen_dffg:3:dffg_inst|s_Q   ; IF_ID_Reg:IF_ID_inst|register_N:Instruction_reg_inst|dffg:\gen_dffg:30:dffg_inst|s_Q ; iCLK         ; iCLK        ; 10.000       ; -0.199     ; 5.799      ;
; 3.990 ; register_file:regFile_inst|register_N_neg:\gen_registers:25:gen_other:reg_i|dffgNeg:\gen_dffg:17:dffg_inst|s_Q ; IF_ID_Reg:IF_ID_inst|register_N:Instruction_reg_inst|dffg:\gen_dffg:3:dffg_inst|s_Q  ; iCLK         ; iCLK        ; 10.000       ; -0.215     ; 5.782      ;
; 3.991 ; register_file:regFile_inst|register_N_neg:\gen_registers:22:gen_other:reg_i|dffgNeg:\gen_dffg:12:dffg_inst|s_Q ; IF_ID_Reg:IF_ID_inst|register_N:Instruction_reg_inst|dffg:\gen_dffg:27:dffg_inst|s_Q ; iCLK         ; iCLK        ; 10.000       ; -0.171     ; 5.825      ;
; 3.992 ; register_file:regFile_inst|register_N_neg:\gen_registers:24:gen_other:reg_i|dffgNeg:\gen_dffg:6:dffg_inst|s_Q  ; IF_ID_Reg:IF_ID_inst|register_N:Instruction_reg_inst|dffg:\gen_dffg:20:dffg_inst|s_Q ; iCLK         ; iCLK        ; 10.000       ; -0.185     ; 5.810      ;
; 3.993 ; register_file:regFile_inst|register_N_neg:\gen_registers:6:gen_other:reg_i|dffgNeg:\gen_dffg:2:dffg_inst|s_Q   ; IF_ID_Reg:IF_ID_inst|register_N:Instruction_reg_inst|dffg:\gen_dffg:27:dffg_inst|s_Q ; iCLK         ; iCLK        ; 10.000       ; -0.145     ; 5.849      ;
; 3.993 ; register_file:regFile_inst|register_N_neg:\gen_registers:24:gen_other:reg_i|dffgNeg:\gen_dffg:6:dffg_inst|s_Q  ; IF_ID_Reg:IF_ID_inst|register_N:Instruction_reg_inst|dffg:\gen_dffg:23:dffg_inst|s_Q ; iCLK         ; iCLK        ; 10.000       ; -0.185     ; 5.809      ;
; 3.994 ; register_file:regFile_inst|register_N_neg:\gen_registers:6:gen_other:reg_i|dffgNeg:\gen_dffg:3:dffg_inst|s_Q   ; IF_ID_Reg:IF_ID_inst|register_N:Instruction_reg_inst|dffg:\gen_dffg:3:dffg_inst|s_Q  ; iCLK         ; iCLK        ; 10.000       ; -0.199     ; 5.794      ;
; 3.995 ; register_file:regFile_inst|register_N_neg:\gen_registers:18:gen_other:reg_i|dffgNeg:\gen_dffg:25:dffg_inst|s_Q ; IF_ID_Reg:IF_ID_inst|register_N:Instruction_reg_inst|dffg:\gen_dffg:20:dffg_inst|s_Q ; iCLK         ; iCLK        ; 10.000       ; -0.185     ; 5.807      ;
; 3.996 ; register_file:regFile_inst|register_N_neg:\gen_registers:18:gen_other:reg_i|dffgNeg:\gen_dffg:25:dffg_inst|s_Q ; IF_ID_Reg:IF_ID_inst|register_N:Instruction_reg_inst|dffg:\gen_dffg:23:dffg_inst|s_Q ; iCLK         ; iCLK        ; 10.000       ; -0.185     ; 5.806      ;
; 4.002 ; register_file:regFile_inst|register_N_neg:\gen_registers:4:gen_other:reg_i|dffgNeg:\gen_dffg:2:dffg_inst|s_Q   ; IF_ID_Reg:IF_ID_inst|register_N:Instruction_reg_inst|dffg:\gen_dffg:9:dffg_inst|s_Q  ; iCLK         ; iCLK        ; 10.000       ; -0.148     ; 5.837      ;
; 4.002 ; register_file:regFile_inst|register_N_neg:\gen_registers:6:gen_other:reg_i|dffgNeg:\gen_dffg:25:dffg_inst|s_Q  ; IF_ID_Reg:IF_ID_inst|register_N:Instruction_reg_inst|dffg:\gen_dffg:20:dffg_inst|s_Q ; iCLK         ; iCLK        ; 10.000       ; -0.164     ; 5.821      ;
; 4.002 ; register_file:regFile_inst|register_N_neg:\gen_registers:15:gen_other:reg_i|dffgNeg:\gen_dffg:3:dffg_inst|s_Q  ; IF_ID_Reg:IF_ID_inst|register_N:Instruction_reg_inst|dffg:\gen_dffg:20:dffg_inst|s_Q ; iCLK         ; iCLK        ; 10.000       ; -0.178     ; 5.807      ;
; 4.003 ; register_file:regFile_inst|register_N_neg:\gen_registers:6:gen_other:reg_i|dffgNeg:\gen_dffg:25:dffg_inst|s_Q  ; IF_ID_Reg:IF_ID_inst|register_N:Instruction_reg_inst|dffg:\gen_dffg:23:dffg_inst|s_Q ; iCLK         ; iCLK        ; 10.000       ; -0.164     ; 5.820      ;
; 4.003 ; register_file:regFile_inst|register_N_neg:\gen_registers:15:gen_other:reg_i|dffgNeg:\gen_dffg:3:dffg_inst|s_Q  ; IF_ID_Reg:IF_ID_inst|register_N:Instruction_reg_inst|dffg:\gen_dffg:23:dffg_inst|s_Q ; iCLK         ; iCLK        ; 10.000       ; -0.178     ; 5.806      ;
; 4.003 ; register_file:regFile_inst|register_N_neg:\gen_registers:24:gen_other:reg_i|dffgNeg:\gen_dffg:6:dffg_inst|s_Q  ; IF_ID_Reg:IF_ID_inst|register_N:Instruction_reg_inst|dffg:\gen_dffg:25:dffg_inst|s_Q ; iCLK         ; iCLK        ; 10.000       ; -0.169     ; 5.815      ;
; 4.006 ; register_file:regFile_inst|register_N_neg:\gen_registers:18:gen_other:reg_i|dffgNeg:\gen_dffg:25:dffg_inst|s_Q ; IF_ID_Reg:IF_ID_inst|register_N:Instruction_reg_inst|dffg:\gen_dffg:25:dffg_inst|s_Q ; iCLK         ; iCLK        ; 10.000       ; -0.169     ; 5.812      ;
; 4.007 ; register_file:regFile_inst|register_N_neg:\gen_registers:24:gen_other:reg_i|dffgNeg:\gen_dffg:6:dffg_inst|s_Q  ; IF_ID_Reg:IF_ID_inst|register_N:Instruction_reg_inst|dffg:\gen_dffg:27:dffg_inst|s_Q ; iCLK         ; iCLK        ; 10.000       ; -0.166     ; 5.814      ;
; 4.008 ; register_file:regFile_inst|register_N_neg:\gen_registers:5:gen_other:reg_i|dffgNeg:\gen_dffg:2:dffg_inst|s_Q   ; IF_ID_Reg:IF_ID_inst|register_N:Instruction_reg_inst|dffg:\gen_dffg:7:dffg_inst|s_Q  ; iCLK         ; iCLK        ; 10.000       ; -0.157     ; 5.822      ;
; 4.010 ; register_file:regFile_inst|register_N_neg:\gen_registers:18:gen_other:reg_i|dffgNeg:\gen_dffg:25:dffg_inst|s_Q ; IF_ID_Reg:IF_ID_inst|register_N:Instruction_reg_inst|dffg:\gen_dffg:27:dffg_inst|s_Q ; iCLK         ; iCLK        ; 10.000       ; -0.166     ; 5.811      ;
; 4.011 ; register_file:regFile_inst|register_N_neg:\gen_registers:17:gen_other:reg_i|dffgNeg:\gen_dffg:17:dffg_inst|s_Q ; IF_ID_Reg:IF_ID_inst|register_N:Instruction_reg_inst|dffg:\gen_dffg:20:dffg_inst|s_Q ; iCLK         ; iCLK        ; 10.000       ; -0.202     ; 5.774      ;
; 4.011 ; register_file:regFile_inst|register_N_neg:\gen_registers:22:gen_other:reg_i|dffgNeg:\gen_dffg:25:dffg_inst|s_Q ; IF_ID_Reg:IF_ID_inst|register_N:Instruction_reg_inst|dffg:\gen_dffg:1:dffg_inst|s_Q  ; iCLK         ; iCLK        ; 10.000       ; -0.171     ; 5.805      ;
; 4.012 ; register_file:regFile_inst|register_N_neg:\gen_registers:17:gen_other:reg_i|dffgNeg:\gen_dffg:17:dffg_inst|s_Q ; IF_ID_Reg:IF_ID_inst|register_N:Instruction_reg_inst|dffg:\gen_dffg:23:dffg_inst|s_Q ; iCLK         ; iCLK        ; 10.000       ; -0.202     ; 5.773      ;
; 4.012 ; register_file:regFile_inst|register_N_neg:\gen_registers:22:gen_other:reg_i|dffgNeg:\gen_dffg:25:dffg_inst|s_Q ; IF_ID_Reg:IF_ID_inst|register_N:Instruction_reg_inst|dffg:\gen_dffg:0:dffg_inst|s_Q  ; iCLK         ; iCLK        ; 10.000       ; -0.171     ; 5.804      ;
; 4.013 ; register_file:regFile_inst|register_N_neg:\gen_registers:6:gen_other:reg_i|dffgNeg:\gen_dffg:25:dffg_inst|s_Q  ; IF_ID_Reg:IF_ID_inst|register_N:Instruction_reg_inst|dffg:\gen_dffg:25:dffg_inst|s_Q ; iCLK         ; iCLK        ; 10.000       ; -0.148     ; 5.826      ;
; 4.013 ; register_file:regFile_inst|register_N_neg:\gen_registers:15:gen_other:reg_i|dffgNeg:\gen_dffg:3:dffg_inst|s_Q  ; IF_ID_Reg:IF_ID_inst|register_N:Instruction_reg_inst|dffg:\gen_dffg:25:dffg_inst|s_Q ; iCLK         ; iCLK        ; 10.000       ; -0.162     ; 5.812      ;
; 4.014 ; register_file:regFile_inst|register_N_neg:\gen_registers:27:gen_other:reg_i|dffgNeg:\gen_dffg:16:dffg_inst|s_Q ; IF_ID_Reg:IF_ID_inst|register_N:Instruction_reg_inst|dffg:\gen_dffg:20:dffg_inst|s_Q ; iCLK         ; iCLK        ; 10.000       ; -0.194     ; 5.779      ;
; 4.014 ; register_file:regFile_inst|register_N_neg:\gen_registers:22:gen_other:reg_i|dffgNeg:\gen_dffg:12:dffg_inst|s_Q ; IF_ID_Reg:IF_ID_inst|register_N:Instruction_reg_inst|dffg:\gen_dffg:7:dffg_inst|s_Q  ; iCLK         ; iCLK        ; 10.000       ; -0.183     ; 5.790      ;
; 4.015 ; register_file:regFile_inst|register_N_neg:\gen_registers:5:gen_other:reg_i|dffgNeg:\gen_dffg:2:dffg_inst|s_Q   ; IF_ID_Reg:IF_ID_inst|register_N:Instruction_reg_inst|dffg:\gen_dffg:30:dffg_inst|s_Q ; iCLK         ; iCLK        ; 10.000       ; -0.177     ; 5.795      ;
; 4.015 ; register_file:regFile_inst|register_N_neg:\gen_registers:27:gen_other:reg_i|dffgNeg:\gen_dffg:16:dffg_inst|s_Q ; IF_ID_Reg:IF_ID_inst|register_N:Instruction_reg_inst|dffg:\gen_dffg:23:dffg_inst|s_Q ; iCLK         ; iCLK        ; 10.000       ; -0.194     ; 5.778      ;
; 4.015 ; register_file:regFile_inst|register_N_neg:\gen_registers:25:gen_other:reg_i|dffgNeg:\gen_dffg:12:dffg_inst|s_Q ; IF_ID_Reg:IF_ID_inst|register_N:Instruction_reg_inst|dffg:\gen_dffg:20:dffg_inst|s_Q ; iCLK         ; iCLK        ; 10.000       ; -0.182     ; 5.790      ;
; 4.016 ; register_file:regFile_inst|register_N_neg:\gen_registers:6:gen_other:reg_i|dffgNeg:\gen_dffg:2:dffg_inst|s_Q   ; IF_ID_Reg:IF_ID_inst|register_N:Instruction_reg_inst|dffg:\gen_dffg:7:dffg_inst|s_Q  ; iCLK         ; iCLK        ; 10.000       ; -0.157     ; 5.814      ;
; 4.016 ; register_file:regFile_inst|register_N_neg:\gen_registers:25:gen_other:reg_i|dffgNeg:\gen_dffg:12:dffg_inst|s_Q ; IF_ID_Reg:IF_ID_inst|register_N:Instruction_reg_inst|dffg:\gen_dffg:23:dffg_inst|s_Q ; iCLK         ; iCLK        ; 10.000       ; -0.182     ; 5.789      ;
; 4.017 ; register_file:regFile_inst|register_N_neg:\gen_registers:6:gen_other:reg_i|dffgNeg:\gen_dffg:25:dffg_inst|s_Q  ; IF_ID_Reg:IF_ID_inst|register_N:Instruction_reg_inst|dffg:\gen_dffg:27:dffg_inst|s_Q ; iCLK         ; iCLK        ; 10.000       ; -0.145     ; 5.825      ;
; 4.017 ; register_file:regFile_inst|register_N_neg:\gen_registers:15:gen_other:reg_i|dffgNeg:\gen_dffg:3:dffg_inst|s_Q  ; IF_ID_Reg:IF_ID_inst|register_N:Instruction_reg_inst|dffg:\gen_dffg:27:dffg_inst|s_Q ; iCLK         ; iCLK        ; 10.000       ; -0.159     ; 5.811      ;
; 4.020 ; register_file:regFile_inst|register_N_neg:\gen_registers:5:gen_other:reg_i|dffgNeg:\gen_dffg:2:dffg_inst|s_Q   ; IF_ID_Reg:IF_ID_inst|register_N:Instruction_reg_inst|dffg:\gen_dffg:3:dffg_inst|s_Q  ; iCLK         ; iCLK        ; 10.000       ; -0.177     ; 5.790      ;
; 4.021 ; register_file:regFile_inst|register_N_neg:\gen_registers:22:gen_other:reg_i|dffgNeg:\gen_dffg:12:dffg_inst|s_Q ; IF_ID_Reg:IF_ID_inst|register_N:Instruction_reg_inst|dffg:\gen_dffg:30:dffg_inst|s_Q ; iCLK         ; iCLK        ; 10.000       ; -0.203     ; 5.763      ;
; 4.022 ; register_file:regFile_inst|register_N_neg:\gen_registers:17:gen_other:reg_i|dffgNeg:\gen_dffg:17:dffg_inst|s_Q ; IF_ID_Reg:IF_ID_inst|register_N:Instruction_reg_inst|dffg:\gen_dffg:25:dffg_inst|s_Q ; iCLK         ; iCLK        ; 10.000       ; -0.186     ; 5.779      ;
; 4.023 ; register_file:regFile_inst|register_N_neg:\gen_registers:6:gen_other:reg_i|dffgNeg:\gen_dffg:2:dffg_inst|s_Q   ; IF_ID_Reg:IF_ID_inst|register_N:Instruction_reg_inst|dffg:\gen_dffg:30:dffg_inst|s_Q ; iCLK         ; iCLK        ; 10.000       ; -0.177     ; 5.787      ;
; 4.024 ; register_file:regFile_inst|register_N_neg:\gen_registers:4:gen_other:reg_i|dffgNeg:\gen_dffg:1:dffg_inst|s_Q   ; IF_ID_Reg:IF_ID_inst|register_N:Instruction_reg_inst|dffg:\gen_dffg:20:dffg_inst|s_Q ; iCLK         ; iCLK        ; 10.000       ; -0.169     ; 5.794      ;
; 4.025 ; register_file:regFile_inst|register_N_neg:\gen_registers:27:gen_other:reg_i|dffgNeg:\gen_dffg:16:dffg_inst|s_Q ; IF_ID_Reg:IF_ID_inst|register_N:Instruction_reg_inst|dffg:\gen_dffg:25:dffg_inst|s_Q ; iCLK         ; iCLK        ; 10.000       ; -0.178     ; 5.784      ;
; 4.025 ; register_file:regFile_inst|register_N_neg:\gen_registers:5:gen_other:reg_i|dffgNeg:\gen_dffg:3:dffg_inst|s_Q   ; IF_ID_Reg:IF_ID_inst|register_N:Instruction_reg_inst|dffg:\gen_dffg:1:dffg_inst|s_Q  ; iCLK         ; iCLK        ; 10.000       ; -0.172     ; 5.790      ;
; 4.025 ; register_file:regFile_inst|register_N_neg:\gen_registers:4:gen_other:reg_i|dffgNeg:\gen_dffg:1:dffg_inst|s_Q   ; IF_ID_Reg:IF_ID_inst|register_N:Instruction_reg_inst|dffg:\gen_dffg:23:dffg_inst|s_Q ; iCLK         ; iCLK        ; 10.000       ; -0.169     ; 5.793      ;
; 4.026 ; register_file:regFile_inst|register_N_neg:\gen_registers:17:gen_other:reg_i|dffgNeg:\gen_dffg:17:dffg_inst|s_Q ; IF_ID_Reg:IF_ID_inst|register_N:Instruction_reg_inst|dffg:\gen_dffg:27:dffg_inst|s_Q ; iCLK         ; iCLK        ; 10.000       ; -0.183     ; 5.778      ;
; 4.026 ; register_file:regFile_inst|register_N_neg:\gen_registers:5:gen_other:reg_i|dffgNeg:\gen_dffg:3:dffg_inst|s_Q   ; IF_ID_Reg:IF_ID_inst|register_N:Instruction_reg_inst|dffg:\gen_dffg:0:dffg_inst|s_Q  ; iCLK         ; iCLK        ; 10.000       ; -0.172     ; 5.789      ;
; 4.026 ; register_file:regFile_inst|register_N_neg:\gen_registers:25:gen_other:reg_i|dffgNeg:\gen_dffg:12:dffg_inst|s_Q ; IF_ID_Reg:IF_ID_inst|register_N:Instruction_reg_inst|dffg:\gen_dffg:25:dffg_inst|s_Q ; iCLK         ; iCLK        ; 10.000       ; -0.166     ; 5.795      ;
; 4.026 ; register_file:regFile_inst|register_N_neg:\gen_registers:22:gen_other:reg_i|dffgNeg:\gen_dffg:12:dffg_inst|s_Q ; IF_ID_Reg:IF_ID_inst|register_N:Instruction_reg_inst|dffg:\gen_dffg:3:dffg_inst|s_Q  ; iCLK         ; iCLK        ; 10.000       ; -0.203     ; 5.758      ;
; 4.026 ; register_file:regFile_inst|register_N_neg:\gen_registers:21:gen_other:reg_i|dffgNeg:\gen_dffg:12:dffg_inst|s_Q ; IF_ID_Reg:IF_ID_inst|register_N:Instruction_reg_inst|dffg:\gen_dffg:20:dffg_inst|s_Q ; iCLK         ; iCLK        ; 10.000       ; -0.198     ; 5.763      ;
; 4.027 ; register_file:regFile_inst|register_N_neg:\gen_registers:25:gen_other:reg_i|dffgNeg:\gen_dffg:17:dffg_inst|s_Q ; IF_ID_Reg:IF_ID_inst|register_N:Instruction_reg_inst|dffg:\gen_dffg:1:dffg_inst|s_Q  ; iCLK         ; iCLK        ; 10.000       ; -0.188     ; 5.772      ;
; 4.027 ; register_file:regFile_inst|register_N_neg:\gen_registers:21:gen_other:reg_i|dffgNeg:\gen_dffg:12:dffg_inst|s_Q ; IF_ID_Reg:IF_ID_inst|register_N:Instruction_reg_inst|dffg:\gen_dffg:23:dffg_inst|s_Q ; iCLK         ; iCLK        ; 10.000       ; -0.198     ; 5.762      ;
; 4.028 ; register_file:regFile_inst|register_N_neg:\gen_registers:6:gen_other:reg_i|dffgNeg:\gen_dffg:2:dffg_inst|s_Q   ; IF_ID_Reg:IF_ID_inst|register_N:Instruction_reg_inst|dffg:\gen_dffg:3:dffg_inst|s_Q  ; iCLK         ; iCLK        ; 10.000       ; -0.177     ; 5.782      ;
; 4.028 ; register_file:regFile_inst|register_N_neg:\gen_registers:25:gen_other:reg_i|dffgNeg:\gen_dffg:17:dffg_inst|s_Q ; IF_ID_Reg:IF_ID_inst|register_N:Instruction_reg_inst|dffg:\gen_dffg:0:dffg_inst|s_Q  ; iCLK         ; iCLK        ; 10.000       ; -0.188     ; 5.771      ;
; 4.029 ; register_file:regFile_inst|register_N_neg:\gen_registers:27:gen_other:reg_i|dffgNeg:\gen_dffg:16:dffg_inst|s_Q ; IF_ID_Reg:IF_ID_inst|register_N:Instruction_reg_inst|dffg:\gen_dffg:27:dffg_inst|s_Q ; iCLK         ; iCLK        ; 10.000       ; -0.175     ; 5.783      ;
; 4.030 ; register_file:regFile_inst|register_N_neg:\gen_registers:24:gen_other:reg_i|dffgNeg:\gen_dffg:6:dffg_inst|s_Q  ; IF_ID_Reg:IF_ID_inst|register_N:Instruction_reg_inst|dffg:\gen_dffg:7:dffg_inst|s_Q  ; iCLK         ; iCLK        ; 10.000       ; -0.178     ; 5.779      ;
; 4.030 ; register_file:regFile_inst|register_N_neg:\gen_registers:25:gen_other:reg_i|dffgNeg:\gen_dffg:12:dffg_inst|s_Q ; IF_ID_Reg:IF_ID_inst|register_N:Instruction_reg_inst|dffg:\gen_dffg:27:dffg_inst|s_Q ; iCLK         ; iCLK        ; 10.000       ; -0.163     ; 5.794      ;
; 4.031 ; register_file:regFile_inst|register_N_neg:\gen_registers:6:gen_other:reg_i|dffgNeg:\gen_dffg:3:dffg_inst|s_Q   ; IF_ID_Reg:IF_ID_inst|register_N:Instruction_reg_inst|dffg:\gen_dffg:1:dffg_inst|s_Q  ; iCLK         ; iCLK        ; 10.000       ; -0.172     ; 5.784      ;
; 4.032 ; register_file:regFile_inst|register_N_neg:\gen_registers:6:gen_other:reg_i|dffgNeg:\gen_dffg:10:dffg_inst|s_Q  ; IF_ID_Reg:IF_ID_inst|register_N:Instruction_reg_inst|dffg:\gen_dffg:20:dffg_inst|s_Q ; iCLK         ; iCLK        ; 10.000       ; -0.167     ; 5.788      ;
+-------+----------------------------------------------------------------------------------------------------------------+--------------------------------------------------------------------------------------+--------------+-------------+--------------+------------+------------+


+------------------------------------------------------------------------------------------------------------------------------------------------------------------------------------------------------------------------------------------------------------------+
; Fast 1200mV 0C Model Hold: 'iCLK'                                                                                                                                                                                                                                ;
+-------+------------------------------------------------------------------------------------+-----------------------------------------------------------------------------------------------+--------------+-------------+--------------+------------+------------+
; Slack ; From Node                                                                          ; To Node                                                                                       ; Launch Clock ; Latch Clock ; Relationship ; Clock Skew ; Data Delay ;
+-------+------------------------------------------------------------------------------------+-----------------------------------------------------------------------------------------------+--------------+-------------+--------------+------------+------------+
; 0.175 ; fetch:fetch_inst|register_N:PC|dffg:\gen_dffg:24:dffg_inst|s_Q                     ; fetch:fetch_inst|register_N:PC|dffg:\gen_dffg:24:dffg_inst|s_Q                                ; iCLK         ; iCLK        ; 0.000        ; 0.048      ; 0.307      ;
; 0.176 ; fetch:fetch_inst|register_N:PC|dffg:\gen_dffg:21:dffg_inst|s_Q                     ; fetch:fetch_inst|register_N:PC|dffg:\gen_dffg:21:dffg_inst|s_Q                                ; iCLK         ; iCLK        ; 0.000        ; 0.047      ; 0.307      ;
; 0.176 ; fetch:fetch_inst|register_N:PC|dffg:\gen_dffg:28:dffg_inst|s_Q                     ; fetch:fetch_inst|register_N:PC|dffg:\gen_dffg:28:dffg_inst|s_Q                                ; iCLK         ; iCLK        ; 0.000        ; 0.047      ; 0.307      ;
; 0.176 ; fetch:fetch_inst|register_N:PC|dffg:\gen_dffg:27:dffg_inst|s_Q                     ; fetch:fetch_inst|register_N:PC|dffg:\gen_dffg:27:dffg_inst|s_Q                                ; iCLK         ; iCLK        ; 0.000        ; 0.047      ; 0.307      ;
; 0.176 ; fetch:fetch_inst|register_N:PC|dffg:\gen_dffg:18:dffg_inst|s_Q                     ; fetch:fetch_inst|register_N:PC|dffg:\gen_dffg:18:dffg_inst|s_Q                                ; iCLK         ; iCLK        ; 0.000        ; 0.047      ; 0.307      ;
; 0.176 ; fetch:fetch_inst|register_N:PC|dffg:\gen_dffg:15:dffg_inst|s_Q                     ; fetch:fetch_inst|register_N:PC|dffg:\gen_dffg:15:dffg_inst|s_Q                                ; iCLK         ; iCLK        ; 0.000        ; 0.047      ; 0.307      ;
; 0.176 ; fetch:fetch_inst|register_N:PC|dffg:\gen_dffg:12:dffg_inst|s_Q                     ; fetch:fetch_inst|register_N:PC|dffg:\gen_dffg:12:dffg_inst|s_Q                                ; iCLK         ; iCLK        ; 0.000        ; 0.047      ; 0.307      ;
; 0.176 ; fetch:fetch_inst|register_N:PC|dffg:\gen_dffg:16:dffg_inst|s_Q                     ; fetch:fetch_inst|register_N:PC|dffg:\gen_dffg:16:dffg_inst|s_Q                                ; iCLK         ; iCLK        ; 0.000        ; 0.047      ; 0.307      ;
; 0.184 ; fetch:fetch_inst|register_N:PC|dffg:\gen_dffg:6:dffg_inst|s_Q                      ; fetch:fetch_inst|register_N:PC|dffg:\gen_dffg:6:dffg_inst|s_Q                                 ; iCLK         ; iCLK        ; 0.000        ; 0.039      ; 0.307      ;
; 0.184 ; fetch:fetch_inst|register_N:PC|dffg:\gen_dffg:9:dffg_inst|s_Q                      ; fetch:fetch_inst|register_N:PC|dffg:\gen_dffg:9:dffg_inst|s_Q                                 ; iCLK         ; iCLK        ; 0.000        ; 0.039      ; 0.307      ;
; 0.185 ; fetch:fetch_inst|register_N:PC|dffg:\gen_dffg:3:dffg_inst|s_Q                      ; fetch:fetch_inst|register_N:PC|dffg:\gen_dffg:3:dffg_inst|s_Q                                 ; iCLK         ; iCLK        ; 0.000        ; 0.038      ; 0.307      ;
; 0.190 ; EX_MEM_Reg:EX_MEM_inst|register_N:PCPlus4_reg_inst|dffg:\gen_dffg:23:dffg_inst|s_Q ; MEM_WB_Reg:MEM_WB_inst|register_N:PCPlus4_reg_inst|dffg:\gen_dffg:23:dffg_inst|s_Q            ; iCLK         ; iCLK        ; 0.000        ; 0.040      ; 0.314      ;
; 0.190 ; EX_MEM_Reg:EX_MEM_inst|register_N:PCPlus4_reg_inst|dffg:\gen_dffg:21:dffg_inst|s_Q ; MEM_WB_Reg:MEM_WB_inst|register_N:PCPlus4_reg_inst|dffg:\gen_dffg:21:dffg_inst|s_Q            ; iCLK         ; iCLK        ; 0.000        ; 0.040      ; 0.314      ;
; 0.191 ; EX_MEM_Reg:EX_MEM_inst|register_N:PCPlus4_reg_inst|dffg:\gen_dffg:3:dffg_inst|s_Q  ; MEM_WB_Reg:MEM_WB_inst|register_N:PCPlus4_reg_inst|dffg:\gen_dffg:3:dffg_inst|s_Q             ; iCLK         ; iCLK        ; 0.000        ; 0.039      ; 0.314      ;
; 0.191 ; EX_MEM_Reg:EX_MEM_inst|register_N:PCPlus4_reg_inst|dffg:\gen_dffg:11:dffg_inst|s_Q ; MEM_WB_Reg:MEM_WB_inst|register_N:PCPlus4_reg_inst|dffg:\gen_dffg:11:dffg_inst|s_Q            ; iCLK         ; iCLK        ; 0.000        ; 0.039      ; 0.314      ;
; 0.192 ; fetch:fetch_inst|register_N:PC|dffg:\gen_dffg:2:dffg_inst|s_Q                      ; fetch:fetch_inst|register_N:PC|dffg:\gen_dffg:2:dffg_inst|s_Q                                 ; iCLK         ; iCLK        ; 0.000        ; 0.038      ; 0.314      ;
; 0.192 ; EX_MEM_Reg:EX_MEM_inst|register_N:PCPlus4_reg_inst|dffg:\gen_dffg:4:dffg_inst|s_Q  ; MEM_WB_Reg:MEM_WB_inst|register_N:PCPlus4_reg_inst|dffg:\gen_dffg:4:dffg_inst|s_Q             ; iCLK         ; iCLK        ; 0.000        ; 0.039      ; 0.315      ;
; 0.193 ; EX_MEM_Reg:EX_MEM_inst|register_N:PCPlus4_reg_inst|dffg:\gen_dffg:18:dffg_inst|s_Q ; MEM_WB_Reg:MEM_WB_inst|register_N:PCPlus4_reg_inst|dffg:\gen_dffg:18:dffg_inst|s_Q            ; iCLK         ; iCLK        ; 0.000        ; 0.040      ; 0.317      ;
; 0.193 ; EX_MEM_Reg:EX_MEM_inst|register_N:PCPlus4_reg_inst|dffg:\gen_dffg:20:dffg_inst|s_Q ; MEM_WB_Reg:MEM_WB_inst|register_N:PCPlus4_reg_inst|dffg:\gen_dffg:20:dffg_inst|s_Q            ; iCLK         ; iCLK        ; 0.000        ; 0.039      ; 0.316      ;
; 0.234 ; EX_MEM_Reg:EX_MEM_inst|register_N:Out2_reg_inst|dffg:\gen_dffg:18:dffg_inst|s_Q    ; mem:DMem|altsyncram:ram_rtl_0|altsyncram_eg81:auto_generated|ram_block1a8~porta_datain_reg0   ; iCLK         ; iCLK        ; 0.000        ; 0.230      ; 0.568      ;
; 0.237 ; EX_MEM_Reg:EX_MEM_inst|register_N:Out2_reg_inst|dffg:\gen_dffg:28:dffg_inst|s_Q    ; mem:DMem|altsyncram:ram_rtl_0|altsyncram_eg81:auto_generated|ram_block1a26~porta_datain_reg0  ; iCLK         ; iCLK        ; 0.000        ; 0.236      ; 0.577      ;
; 0.253 ; fetch:fetch_inst|register_N:PC|dffg:\gen_dffg:0:dffg_inst|s_Q                      ; IF_ID_Reg:IF_ID_inst|register_N:PCPlus4_reg_inst|dffg:\gen_dffg:0:dffg_inst|s_Q               ; iCLK         ; iCLK        ; 0.000        ; 0.038      ; 0.375      ;
; 0.256 ; EX_MEM_Reg:EX_MEM_inst|register_N:ALUout_reg_inst|dffg:\gen_dffg:11:dffg_inst|s_Q  ; mem:DMem|altsyncram:ram_rtl_0|altsyncram_eg81:auto_generated|ram_block1a0~porta_address_reg0  ; iCLK         ; iCLK        ; 0.000        ; 0.233      ; 0.593      ;
; 0.257 ; EX_MEM_Reg:EX_MEM_inst|register_N:PCPlus4_reg_inst|dffg:\gen_dffg:30:dffg_inst|s_Q ; MEM_WB_Reg:MEM_WB_inst|register_N:PCPlus4_reg_inst|dffg:\gen_dffg:30:dffg_inst|s_Q            ; iCLK         ; iCLK        ; 0.000        ; 0.039      ; 0.380      ;
; 0.258 ; EX_MEM_Reg:EX_MEM_inst|register_N:ALUout_reg_inst|dffg:\gen_dffg:3:dffg_inst|s_Q   ; mem:DMem|altsyncram:ram_rtl_0|altsyncram_eg81:auto_generated|ram_block1a8~porta_address_reg0  ; iCLK         ; iCLK        ; 0.000        ; 0.218      ; 0.580      ;
; 0.262 ; EX_MEM_Reg:EX_MEM_inst|register_N:PCPlus4_reg_inst|dffg:\gen_dffg:24:dffg_inst|s_Q ; MEM_WB_Reg:MEM_WB_inst|register_N:PCPlus4_reg_inst|dffg:\gen_dffg:24:dffg_inst|s_Q            ; iCLK         ; iCLK        ; 0.000        ; 0.040      ; 0.386      ;
; 0.262 ; ID_EX_Reg:ID_EX_inst|register_N:PCPlus4_reg_inst|dffg:\gen_dffg:18:dffg_inst|s_Q   ; EX_MEM_Reg:EX_MEM_inst|register_N:PCPlus4_reg_inst|dffg:\gen_dffg:18:dffg_inst|s_Q            ; iCLK         ; iCLK        ; 0.000        ; 0.040      ; 0.386      ;
; 0.263 ; IF_ID_Reg:IF_ID_inst|register_N:PC_reg_inst|dffg:\gen_dffg:31:dffg_inst|s_Q        ; fetch:fetch_inst|register_N:PC|dffg:\gen_dffg:31:dffg_inst|s_Q                                ; iCLK         ; iCLK        ; 0.000        ; 0.243      ; 0.590      ;
; 0.263 ; EX_MEM_Reg:EX_MEM_inst|register_N:PCPlus4_reg_inst|dffg:\gen_dffg:28:dffg_inst|s_Q ; MEM_WB_Reg:MEM_WB_inst|register_N:PCPlus4_reg_inst|dffg:\gen_dffg:28:dffg_inst|s_Q            ; iCLK         ; iCLK        ; 0.000        ; 0.040      ; 0.387      ;
; 0.263 ; ID_EX_Reg:ID_EX_inst|register_N:PCPlus4_reg_inst|dffg:\gen_dffg:21:dffg_inst|s_Q   ; EX_MEM_Reg:EX_MEM_inst|register_N:PCPlus4_reg_inst|dffg:\gen_dffg:21:dffg_inst|s_Q            ; iCLK         ; iCLK        ; 0.000        ; 0.040      ; 0.387      ;
; 0.264 ; EX_MEM_Reg:EX_MEM_inst|register_N:Fuct3_reg_inst|dffg:\gen_dffg:1:dffg_inst|s_Q    ; MEM_WB_Reg:MEM_WB_inst|register_N:Fuct3_reg_inst|dffg:\gen_dffg:1:dffg_inst|s_Q               ; iCLK         ; iCLK        ; 0.000        ; 0.039      ; 0.387      ;
; 0.264 ; EX_MEM_Reg:EX_MEM_inst|register_N:ALUout_reg_inst|dffg:\gen_dffg:9:dffg_inst|s_Q   ; mem:DMem|altsyncram:ram_rtl_0|altsyncram_eg81:auto_generated|ram_block1a26~porta_address_reg0 ; iCLK         ; iCLK        ; 0.000        ; 0.233      ; 0.601      ;
; 0.264 ; ID_EX_Reg:ID_EX_inst|register_N:PCPlus4_reg_inst|dffg:\gen_dffg:30:dffg_inst|s_Q   ; EX_MEM_Reg:EX_MEM_inst|register_N:PCPlus4_reg_inst|dffg:\gen_dffg:30:dffg_inst|s_Q            ; iCLK         ; iCLK        ; 0.000        ; 0.039      ; 0.387      ;
; 0.264 ; EX_MEM_Reg:EX_MEM_inst|register_N:PCPlus4_reg_inst|dffg:\gen_dffg:14:dffg_inst|s_Q ; MEM_WB_Reg:MEM_WB_inst|register_N:PCPlus4_reg_inst|dffg:\gen_dffg:14:dffg_inst|s_Q            ; iCLK         ; iCLK        ; 0.000        ; 0.039      ; 0.387      ;
; 0.264 ; EX_MEM_Reg:EX_MEM_inst|register_N:PCPlus4_reg_inst|dffg:\gen_dffg:9:dffg_inst|s_Q  ; MEM_WB_Reg:MEM_WB_inst|register_N:PCPlus4_reg_inst|dffg:\gen_dffg:9:dffg_inst|s_Q             ; iCLK         ; iCLK        ; 0.000        ; 0.039      ; 0.387      ;
; 0.264 ; EX_MEM_Reg:EX_MEM_inst|register_N:PCPlus4_reg_inst|dffg:\gen_dffg:12:dffg_inst|s_Q ; MEM_WB_Reg:MEM_WB_inst|register_N:PCPlus4_reg_inst|dffg:\gen_dffg:12:dffg_inst|s_Q            ; iCLK         ; iCLK        ; 0.000        ; 0.039      ; 0.387      ;
; 0.264 ; EX_MEM_Reg:EX_MEM_inst|register_N:PCPlus4_reg_inst|dffg:\gen_dffg:13:dffg_inst|s_Q ; MEM_WB_Reg:MEM_WB_inst|register_N:PCPlus4_reg_inst|dffg:\gen_dffg:13:dffg_inst|s_Q            ; iCLK         ; iCLK        ; 0.000        ; 0.039      ; 0.387      ;
; 0.264 ; ID_EX_Reg:ID_EX_inst|register_N:PCPlus4_reg_inst|dffg:\gen_dffg:6:dffg_inst|s_Q    ; EX_MEM_Reg:EX_MEM_inst|register_N:PCPlus4_reg_inst|dffg:\gen_dffg:6:dffg_inst|s_Q             ; iCLK         ; iCLK        ; 0.000        ; 0.039      ; 0.387      ;
; 0.264 ; EX_MEM_Reg:EX_MEM_inst|register_N:Fuct3_reg_inst|dffg:\gen_dffg:2:dffg_inst|s_Q    ; MEM_WB_Reg:MEM_WB_inst|register_N:Fuct3_reg_inst|dffg:\gen_dffg:2:dffg_inst|s_Q               ; iCLK         ; iCLK        ; 0.000        ; 0.039      ; 0.387      ;
; 0.265 ; ID_EX_Reg:ID_EX_inst|register_N:PCPlus4_reg_inst|dffg:\gen_dffg:23:dffg_inst|s_Q   ; EX_MEM_Reg:EX_MEM_inst|register_N:PCPlus4_reg_inst|dffg:\gen_dffg:23:dffg_inst|s_Q            ; iCLK         ; iCLK        ; 0.000        ; 0.040      ; 0.389      ;
; 0.265 ; ID_EX_Reg:ID_EX_inst|register_N:PCPlus4_reg_inst|dffg:\gen_dffg:15:dffg_inst|s_Q   ; EX_MEM_Reg:EX_MEM_inst|register_N:PCPlus4_reg_inst|dffg:\gen_dffg:15:dffg_inst|s_Q            ; iCLK         ; iCLK        ; 0.000        ; 0.040      ; 0.389      ;
; 0.265 ; ID_EX_Reg:ID_EX_inst|register_N:PCPlus4_reg_inst|dffg:\gen_dffg:19:dffg_inst|s_Q   ; EX_MEM_Reg:EX_MEM_inst|register_N:PCPlus4_reg_inst|dffg:\gen_dffg:19:dffg_inst|s_Q            ; iCLK         ; iCLK        ; 0.000        ; 0.039      ; 0.388      ;
; 0.266 ; ID_EX_Reg:ID_EX_inst|register_N:PCPlus4_reg_inst|dffg:\gen_dffg:29:dffg_inst|s_Q   ; EX_MEM_Reg:EX_MEM_inst|register_N:PCPlus4_reg_inst|dffg:\gen_dffg:29:dffg_inst|s_Q            ; iCLK         ; iCLK        ; 0.000        ; 0.039      ; 0.389      ;
; 0.266 ; EX_MEM_Reg:EX_MEM_inst|register_N:PCPlus4_reg_inst|dffg:\gen_dffg:26:dffg_inst|s_Q ; MEM_WB_Reg:MEM_WB_inst|register_N:PCPlus4_reg_inst|dffg:\gen_dffg:26:dffg_inst|s_Q            ; iCLK         ; iCLK        ; 0.000        ; 0.039      ; 0.389      ;
; 0.266 ; ID_EX_Reg:ID_EX_inst|register_N:PCPlus4_reg_inst|dffg:\gen_dffg:26:dffg_inst|s_Q   ; EX_MEM_Reg:EX_MEM_inst|register_N:PCPlus4_reg_inst|dffg:\gen_dffg:26:dffg_inst|s_Q            ; iCLK         ; iCLK        ; 0.000        ; 0.039      ; 0.389      ;
; 0.266 ; EX_MEM_Reg:EX_MEM_inst|register_N:PCPlus4_reg_inst|dffg:\gen_dffg:10:dffg_inst|s_Q ; MEM_WB_Reg:MEM_WB_inst|register_N:PCPlus4_reg_inst|dffg:\gen_dffg:10:dffg_inst|s_Q            ; iCLK         ; iCLK        ; 0.000        ; 0.039      ; 0.389      ;
; 0.266 ; ID_EX_Reg:ID_EX_inst|register_N:PCPlus4_reg_inst|dffg:\gen_dffg:2:dffg_inst|s_Q    ; EX_MEM_Reg:EX_MEM_inst|register_N:PCPlus4_reg_inst|dffg:\gen_dffg:2:dffg_inst|s_Q             ; iCLK         ; iCLK        ; 0.000        ; 0.039      ; 0.389      ;
; 0.267 ; EX_MEM_Reg:EX_MEM_inst|register_N:PCPlus4_reg_inst|dffg:\gen_dffg:5:dffg_inst|s_Q  ; MEM_WB_Reg:MEM_WB_inst|register_N:PCPlus4_reg_inst|dffg:\gen_dffg:5:dffg_inst|s_Q             ; iCLK         ; iCLK        ; 0.000        ; 0.039      ; 0.390      ;
; 0.267 ; ID_EX_Reg:ID_EX_inst|register_N:PCPlus4_reg_inst|dffg:\gen_dffg:5:dffg_inst|s_Q    ; EX_MEM_Reg:EX_MEM_inst|register_N:PCPlus4_reg_inst|dffg:\gen_dffg:5:dffg_inst|s_Q             ; iCLK         ; iCLK        ; 0.000        ; 0.039      ; 0.390      ;
; 0.269 ; ID_EX_Reg:ID_EX_inst|register_N:PCPlus4_reg_inst|dffg:\gen_dffg:1:dffg_inst|s_Q    ; EX_MEM_Reg:EX_MEM_inst|register_N:PCPlus4_reg_inst|dffg:\gen_dffg:1:dffg_inst|s_Q             ; iCLK         ; iCLK        ; 0.000        ; 0.039      ; 0.392      ;
; 0.271 ; ID_EX_Reg:ID_EX_inst|register_N:RegWrAddr_reg_inst|dffg:\gen_dffg:0:dffg_inst|s_Q  ; EX_MEM_Reg:EX_MEM_inst|register_N:RegWrAddr_reg_inst|dffg:\gen_dffg:0:dffg_inst|s_Q           ; iCLK         ; iCLK        ; 0.000        ; 0.040      ; 0.395      ;
; 0.271 ; EX_MEM_Reg:EX_MEM_inst|register_N:ALUout_reg_inst|dffg:\gen_dffg:0:dffg_inst|s_Q   ; MEM_WB_Reg:MEM_WB_inst|register_N:ALUout_reg_inst|dffg:\gen_dffg:0:dffg_inst|s_Q              ; iCLK         ; iCLK        ; 0.000        ; 0.039      ; 0.394      ;
; 0.279 ; EX_MEM_Reg:EX_MEM_inst|register_N:ALUout_reg_inst|dffg:\gen_dffg:15:dffg_inst|s_Q  ; MEM_WB_Reg:MEM_WB_inst|register_N:ALUout_reg_inst|dffg:\gen_dffg:15:dffg_inst|s_Q             ; iCLK         ; iCLK        ; 0.000        ; 0.039      ; 0.402      ;
; 0.282 ; fetch:fetch_inst|register_N:PC|dffg:\gen_dffg:6:dffg_inst|s_Q                      ; IF_ID_Reg:IF_ID_inst|register_N:PC_reg_inst|dffg:\gen_dffg:6:dffg_inst|s_Q                    ; iCLK         ; iCLK        ; 0.000        ; 0.039      ; 0.405      ;
; 0.287 ; fetch:fetch_inst|register_N:PC|dffg:\gen_dffg:1:dffg_inst|s_Q                      ; IF_ID_Reg:IF_ID_inst|register_N:PCPlus4_reg_inst|dffg:\gen_dffg:1:dffg_inst|s_Q               ; iCLK         ; iCLK        ; 0.000        ; 0.238      ; 0.609      ;
; 0.289 ; EX_MEM_Reg:EX_MEM_inst|register_N:MemWrite_reg_inst|dffg:\gen_dffg:0:dffg_inst|s_Q ; mem:DMem|altsyncram:ram_rtl_0|altsyncram_eg81:auto_generated|ram_block1a0~porta_we_reg        ; iCLK         ; iCLK        ; 0.000        ; 0.234      ; 0.627      ;
; 0.296 ; fetch:fetch_inst|register_N:PC|dffg:\gen_dffg:25:dffg_inst|s_Q                     ; IF_ID_Reg:IF_ID_inst|register_N:PC_reg_inst|dffg:\gen_dffg:25:dffg_inst|s_Q                   ; iCLK         ; iCLK        ; 0.000        ; 0.047      ; 0.427      ;
; 0.297 ; fetch:fetch_inst|register_N:PC|dffg:\gen_dffg:19:dffg_inst|s_Q                     ; IF_ID_Reg:IF_ID_inst|register_N:PC_reg_inst|dffg:\gen_dffg:19:dffg_inst|s_Q                   ; iCLK         ; iCLK        ; 0.000        ; 0.046      ; 0.427      ;
; 0.302 ; fetch:fetch_inst|register_N:PC|dffg:\gen_dffg:12:dffg_inst|s_Q                     ; IF_ID_Reg:IF_ID_inst|register_N:PC_reg_inst|dffg:\gen_dffg:12:dffg_inst|s_Q                   ; iCLK         ; iCLK        ; 0.000        ; 0.047      ; 0.433      ;
; 0.303 ; fetch:fetch_inst|register_N:PC|dffg:\gen_dffg:16:dffg_inst|s_Q                     ; IF_ID_Reg:IF_ID_inst|register_N:PCPlus4_reg_inst|dffg:\gen_dffg:16:dffg_inst|s_Q              ; iCLK         ; iCLK        ; 0.000        ; 0.047      ; 0.434      ;
; 0.305 ; fetch:fetch_inst|register_N:PC|dffg:\gen_dffg:4:dffg_inst|s_Q                      ; IF_ID_Reg:IF_ID_inst|register_N:PC_reg_inst|dffg:\gen_dffg:4:dffg_inst|s_Q                    ; iCLK         ; iCLK        ; 0.000        ; 0.048      ; 0.437      ;
; 0.305 ; fetch:fetch_inst|register_N:PC|dffg:\gen_dffg:28:dffg_inst|s_Q                     ; IF_ID_Reg:IF_ID_inst|register_N:PC_reg_inst|dffg:\gen_dffg:28:dffg_inst|s_Q                   ; iCLK         ; iCLK        ; 0.000        ; 0.047      ; 0.436      ;
; 0.305 ; EX_MEM_Reg:EX_MEM_inst|register_N:ALUout_reg_inst|dffg:\gen_dffg:8:dffg_inst|s_Q   ; mem:DMem|altsyncram:ram_rtl_0|altsyncram_eg81:auto_generated|ram_block1a26~porta_address_reg0 ; iCLK         ; iCLK        ; 0.000        ; 0.224      ; 0.633      ;
; 0.308 ; fetch:fetch_inst|register_N:PC|dffg:\gen_dffg:12:dffg_inst|s_Q                     ; IF_ID_Reg:IF_ID_inst|register_N:PCPlus4_reg_inst|dffg:\gen_dffg:12:dffg_inst|s_Q              ; iCLK         ; iCLK        ; 0.000        ; 0.047      ; 0.439      ;
; 0.308 ; EX_MEM_Reg:EX_MEM_inst|register_N:Out2_reg_inst|dffg:\gen_dffg:10:dffg_inst|s_Q    ; mem:DMem|altsyncram:ram_rtl_0|altsyncram_eg81:auto_generated|ram_block1a8~porta_datain_reg0   ; iCLK         ; iCLK        ; 0.000        ; 0.247      ; 0.659      ;
; 0.311 ; IF_ID_Reg:IF_ID_inst|register_N:PC_reg_inst|dffg:\gen_dffg:7:dffg_inst|s_Q         ; ID_EX_Reg:ID_EX_inst|register_N:PC_reg_inst|dffg:\gen_dffg:7:dffg_inst|s_Q                    ; iCLK         ; iCLK        ; 0.000        ; 0.039      ; 0.434      ;
; 0.312 ; IF_ID_Reg:IF_ID_inst|register_N:PCPlus4_reg_inst|dffg:\gen_dffg:0:dffg_inst|s_Q    ; fetch:fetch_inst|register_N:PC|dffg:\gen_dffg:0:dffg_inst|s_Q                                 ; iCLK         ; iCLK        ; 0.000        ; 0.038      ; 0.434      ;
; 0.313 ; fetch:fetch_inst|register_N:PC|dffg:\gen_dffg:30:dffg_inst|s_Q                     ; IF_ID_Reg:IF_ID_inst|register_N:PC_reg_inst|dffg:\gen_dffg:30:dffg_inst|s_Q                   ; iCLK         ; iCLK        ; 0.000        ; 0.039      ; 0.436      ;
; 0.313 ; fetch:fetch_inst|register_N:PC|dffg:\gen_dffg:10:dffg_inst|s_Q                     ; IF_ID_Reg:IF_ID_inst|register_N:PC_reg_inst|dffg:\gen_dffg:10:dffg_inst|s_Q                   ; iCLK         ; iCLK        ; 0.000        ; 0.047      ; 0.444      ;
; 0.314 ; EX_MEM_Reg:EX_MEM_inst|register_N:Out2_reg_inst|dffg:\gen_dffg:4:dffg_inst|s_Q     ; mem:DMem|altsyncram:ram_rtl_0|altsyncram_eg81:auto_generated|ram_block1a0~porta_datain_reg0   ; iCLK         ; iCLK        ; 0.000        ; 0.241      ; 0.659      ;
; 0.316 ; fetch:fetch_inst|register_N:PC|dffg:\gen_dffg:22:dffg_inst|s_Q                     ; IF_ID_Reg:IF_ID_inst|register_N:PC_reg_inst|dffg:\gen_dffg:22:dffg_inst|s_Q                   ; iCLK         ; iCLK        ; 0.000        ; 0.047      ; 0.447      ;
; 0.316 ; fetch:fetch_inst|register_N:PC|dffg:\gen_dffg:5:dffg_inst|s_Q                      ; IF_ID_Reg:IF_ID_inst|register_N:PC_reg_inst|dffg:\gen_dffg:5:dffg_inst|s_Q                    ; iCLK         ; iCLK        ; 0.000        ; 0.039      ; 0.439      ;
; 0.320 ; EX_MEM_Reg:EX_MEM_inst|register_N:MemWrite_reg_inst|dffg:\gen_dffg:0:dffg_inst|s_Q ; mem:DMem|altsyncram:ram_rtl_0|altsyncram_eg81:auto_generated|ram_block1a26~porta_we_reg       ; iCLK         ; iCLK        ; 0.000        ; 0.221      ; 0.645      ;
; 0.321 ; EX_MEM_Reg:EX_MEM_inst|register_N:Out2_reg_inst|dffg:\gen_dffg:3:dffg_inst|s_Q     ; mem:DMem|altsyncram:ram_rtl_0|altsyncram_eg81:auto_generated|ram_block1a0~porta_datain_reg0   ; iCLK         ; iCLK        ; 0.000        ; 0.239      ; 0.664      ;
; 0.322 ; EX_MEM_Reg:EX_MEM_inst|register_N:ALUout_reg_inst|dffg:\gen_dffg:6:dffg_inst|s_Q   ; mem:DMem|altsyncram:ram_rtl_0|altsyncram_eg81:auto_generated|ram_block1a0~porta_address_reg0  ; iCLK         ; iCLK        ; 0.000        ; 0.221      ; 0.647      ;
; 0.326 ; EX_MEM_Reg:EX_MEM_inst|register_N:MemWrite_reg_inst|dffg:\gen_dffg:0:dffg_inst|s_Q ; mem:DMem|altsyncram:ram_rtl_0|altsyncram_eg81:auto_generated|ram_block1a8~porta_we_reg        ; iCLK         ; iCLK        ; 0.000        ; 0.215      ; 0.645      ;
; 0.329 ; fetch:fetch_inst|register_N:PC|dffg:\gen_dffg:2:dffg_inst|s_Q                      ; IF_ID_Reg:IF_ID_inst|register_N:PC_reg_inst|dffg:\gen_dffg:2:dffg_inst|s_Q                    ; iCLK         ; iCLK        ; 0.000        ; 0.038      ; 0.451      ;
; 0.330 ; ID_EX_Reg:ID_EX_inst|register_N:PCPlus4_reg_inst|dffg:\gen_dffg:17:dffg_inst|s_Q   ; EX_MEM_Reg:EX_MEM_inst|register_N:PCPlus4_reg_inst|dffg:\gen_dffg:17:dffg_inst|s_Q            ; iCLK         ; iCLK        ; 0.000        ; 0.041      ; 0.455      ;
; 0.330 ; EX_MEM_Reg:EX_MEM_inst|register_N:PCPlus4_reg_inst|dffg:\gen_dffg:31:dffg_inst|s_Q ; MEM_WB_Reg:MEM_WB_inst|register_N:PCPlus4_reg_inst|dffg:\gen_dffg:31:dffg_inst|s_Q            ; iCLK         ; iCLK        ; 0.000        ; 0.040      ; 0.454      ;
; 0.331 ; EX_MEM_Reg:EX_MEM_inst|register_N:Out2_reg_inst|dffg:\gen_dffg:14:dffg_inst|s_Q    ; mem:DMem|altsyncram:ram_rtl_0|altsyncram_eg81:auto_generated|ram_block1a8~porta_datain_reg0   ; iCLK         ; iCLK        ; 0.000        ; 0.240      ; 0.675      ;
; 0.331 ; fetch:fetch_inst|register_N:PC|dffg:\gen_dffg:30:dffg_inst|s_Q                     ; fetch:fetch_inst|register_N:PC|dffg:\gen_dffg:31:dffg_inst|s_Q                                ; iCLK         ; iCLK        ; 0.000        ; 0.243      ; 0.658      ;
; 0.332 ; ID_EX_Reg:ID_EX_inst|register_N:PCPlus4_reg_inst|dffg:\gen_dffg:25:dffg_inst|s_Q   ; EX_MEM_Reg:EX_MEM_inst|register_N:PCPlus4_reg_inst|dffg:\gen_dffg:25:dffg_inst|s_Q            ; iCLK         ; iCLK        ; 0.000        ; 0.041      ; 0.457      ;
; 0.334 ; fetch:fetch_inst|register_N:PC|dffg:\gen_dffg:6:dffg_inst|s_Q                      ; IF_ID_Reg:IF_ID_inst|register_N:PCPlus4_reg_inst|dffg:\gen_dffg:6:dffg_inst|s_Q               ; iCLK         ; iCLK        ; 0.000        ; 0.039      ; 0.457      ;
; 0.335 ; EX_MEM_Reg:EX_MEM_inst|register_N:ALUout_reg_inst|dffg:\gen_dffg:8:dffg_inst|s_Q   ; mem:DMem|altsyncram:ram_rtl_0|altsyncram_eg81:auto_generated|ram_block1a8~porta_address_reg0  ; iCLK         ; iCLK        ; 0.000        ; 0.218      ; 0.657      ;
; 0.335 ; EX_MEM_Reg:EX_MEM_inst|register_N:PCPlus4_reg_inst|dffg:\gen_dffg:2:dffg_inst|s_Q  ; MEM_WB_Reg:MEM_WB_inst|register_N:PCPlus4_reg_inst|dffg:\gen_dffg:2:dffg_inst|s_Q             ; iCLK         ; iCLK        ; 0.000        ; 0.039      ; 0.458      ;
; 0.335 ; ID_EX_Reg:ID_EX_inst|register_N:PCPlus4_reg_inst|dffg:\gen_dffg:20:dffg_inst|s_Q   ; EX_MEM_Reg:EX_MEM_inst|register_N:PCPlus4_reg_inst|dffg:\gen_dffg:20:dffg_inst|s_Q            ; iCLK         ; iCLK        ; 0.000        ; 0.039      ; 0.458      ;
; 0.336 ; fetch:fetch_inst|register_N:PC|dffg:\gen_dffg:2:dffg_inst|s_Q                      ; fetch:fetch_inst|register_N:PC|dffg:\gen_dffg:3:dffg_inst|s_Q                                 ; iCLK         ; iCLK        ; 0.000        ; 0.038      ; 0.458      ;
; 0.337 ; EX_MEM_Reg:EX_MEM_inst|register_N:Out2_reg_inst|dffg:\gen_dffg:21:dffg_inst|s_Q    ; mem:DMem|altsyncram:ram_rtl_0|altsyncram_eg81:auto_generated|ram_block1a7~porta_datain_reg0   ; iCLK         ; iCLK        ; 0.000        ; 0.225      ; 0.666      ;
; 0.337 ; EX_MEM_Reg:EX_MEM_inst|register_N:Out2_reg_inst|dffg:\gen_dffg:5:dffg_inst|s_Q     ; mem:DMem|altsyncram:ram_rtl_0|altsyncram_eg81:auto_generated|ram_block1a0~porta_datain_reg0   ; iCLK         ; iCLK        ; 0.000        ; 0.252      ; 0.693      ;
; 0.337 ; EX_MEM_Reg:EX_MEM_inst|register_N:PCPlus4_reg_inst|dffg:\gen_dffg:1:dffg_inst|s_Q  ; MEM_WB_Reg:MEM_WB_inst|register_N:PCPlus4_reg_inst|dffg:\gen_dffg:1:dffg_inst|s_Q             ; iCLK         ; iCLK        ; 0.000        ; 0.039      ; 0.460      ;
; 0.340 ; ID_EX_Reg:ID_EX_inst|register_N:RegWrAddr_reg_inst|dffg:\gen_dffg:2:dffg_inst|s_Q  ; EX_MEM_Reg:EX_MEM_inst|register_N:RegWrAddr_reg_inst|dffg:\gen_dffg:2:dffg_inst|s_Q           ; iCLK         ; iCLK        ; 0.000        ; 0.041      ; 0.465      ;
; 0.340 ; ID_EX_Reg:ID_EX_inst|register_N:PCPlus4_reg_inst|dffg:\gen_dffg:10:dffg_inst|s_Q   ; EX_MEM_Reg:EX_MEM_inst|register_N:PCPlus4_reg_inst|dffg:\gen_dffg:10:dffg_inst|s_Q            ; iCLK         ; iCLK        ; 0.000        ; 0.040      ; 0.464      ;
; 0.341 ; EX_MEM_Reg:EX_MEM_inst|register_N:PCPlus4_reg_inst|dffg:\gen_dffg:30:dffg_inst|s_Q ; EX_MEM_Reg:EX_MEM_inst|register_N:Out2_reg_inst|dffg:\gen_dffg:30:dffg_inst|s_Q               ; iCLK         ; iCLK        ; 0.000        ; 0.039      ; 0.464      ;
; 0.341 ; ID_EX_Reg:ID_EX_inst|register_N:PCPlus4_reg_inst|dffg:\gen_dffg:31:dffg_inst|s_Q   ; EX_MEM_Reg:EX_MEM_inst|register_N:PCPlus4_reg_inst|dffg:\gen_dffg:31:dffg_inst|s_Q            ; iCLK         ; iCLK        ; 0.000        ; 0.040      ; 0.465      ;
; 0.342 ; fetch:fetch_inst|register_N:PC|dffg:\gen_dffg:2:dffg_inst|s_Q                      ; IF_ID_Reg:IF_ID_inst|register_N:PCPlus4_reg_inst|dffg:\gen_dffg:2:dffg_inst|s_Q               ; iCLK         ; iCLK        ; 0.000        ; 0.038      ; 0.464      ;
; 0.345 ; EX_MEM_Reg:EX_MEM_inst|register_N:Out2_reg_inst|dffg:\gen_dffg:0:dffg_inst|s_Q     ; mem:DMem|altsyncram:ram_rtl_0|altsyncram_eg81:auto_generated|ram_block1a0~porta_datain_reg0   ; iCLK         ; iCLK        ; 0.000        ; 0.247      ; 0.696      ;
; 0.346 ; ID_EX_Reg:ID_EX_inst|register_N:Out2_reg_inst|dffg:\gen_dffg:21:dffg_inst|s_Q      ; EX_MEM_Reg:EX_MEM_inst|register_N:Out2_reg_inst|dffg:\gen_dffg:21:dffg_inst|s_Q               ; iCLK         ; iCLK        ; 0.000        ; 0.040      ; 0.470      ;
; 0.347 ; ID_EX_Reg:ID_EX_inst|register_N:Out2_reg_inst|dffg:\gen_dffg:15:dffg_inst|s_Q      ; EX_MEM_Reg:EX_MEM_inst|register_N:Out2_reg_inst|dffg:\gen_dffg:15:dffg_inst|s_Q               ; iCLK         ; iCLK        ; 0.000        ; 0.039      ; 0.470      ;
; 0.348 ; EX_MEM_Reg:EX_MEM_inst|register_N:Out2_reg_inst|dffg:\gen_dffg:19:dffg_inst|s_Q    ; mem:DMem|altsyncram:ram_rtl_0|altsyncram_eg81:auto_generated|ram_block1a7~porta_datain_reg0   ; iCLK         ; iCLK        ; 0.000        ; 0.223      ; 0.675      ;
; 0.349 ; EX_MEM_Reg:EX_MEM_inst|register_N:Out2_reg_inst|dffg:\gen_dffg:20:dffg_inst|s_Q    ; mem:DMem|altsyncram:ram_rtl_0|altsyncram_eg81:auto_generated|ram_block1a7~porta_datain_reg0   ; iCLK         ; iCLK        ; 0.000        ; 0.225      ; 0.678      ;
+-------+------------------------------------------------------------------------------------+-----------------------------------------------------------------------------------------------+--------------+-------------+--------------+------------+------------+


----------------------------------------------
; Fast 1200mV 0C Model Metastability Summary ;
----------------------------------------------
No synchronizer chains to report.


+-------------------------------------------------------------------------------+
; Multicorner Timing Analysis Summary                                           ;
+------------------+---------+-------+----------+---------+---------------------+
; Clock            ; Setup   ; Hold  ; Recovery ; Removal ; Minimum Pulse Width ;
+------------------+---------+-------+----------+---------+---------------------+
; Worst-case Slack ; -1.405  ; 0.175 ; N/A      ; N/A     ; 9.365               ;
;  iCLK            ; -1.405  ; 0.175 ; N/A      ; N/A     ; 9.365               ;
; Design-wide TNS  ; -69.082 ; 0.0   ; 0.0      ; 0.0     ; 0.0                 ;
;  iCLK            ; -69.082 ; 0.000 ; N/A      ; N/A     ; 0.000               ;
+------------------+---------+-------+----------+---------+---------------------+


+------------------------------------------------------------------------------------------------------------------------------------------------------------------------------------------------------------------------------------------------------------------------------------------------------------------------------------------------------------------------------------------------------------------+
; Board Trace Model Assignments                                                                                                                                                                                                                                                                                                                                                                                    ;
+---------------+--------------+-------------------+-------------------------+-------------------------+---------------+---------------------+----------------+------------------+--------+------------------+------------------------+------------------------+--------------+---------------+-----------------+-------+---------------------+--------------------+---------------+-----------------+-------------+
; Pin           ; I/O Standard ; Near Tline Length ; Near Tline L per Length ; Near Tline C per Length ; Near Series R ; Near Differential R ; Near Pull-up R ; Near Pull-down R ; Near C ; Far Tline Length ; Far Tline L per Length ; Far Tline C per Length ; Far Series R ; Far Pull-up R ; Far Pull-down R ; Far C ; Termination Voltage ; Far Differential R ; EBD File Name ; EBD Signal Name ; EBD Far-end ;
+---------------+--------------+-------------------+-------------------------+-------------------------+---------------+---------------------+----------------+------------------+--------+------------------+------------------------+------------------------+--------------+---------------+-----------------+-------+---------------------+--------------------+---------------+-----------------+-------------+
; oALUOut[0]    ; 2.5 V        ; 0 in              ; 0 H/in                  ; 0 F/in                  ; short         ; -                   ; open           ; open             ; open   ; 0 in             ; 0 H/in                 ; 0 F/in                 ; short        ; open          ; open            ; open  ; 0 V                 ; -                  ; n/a           ; n/a             ; n/a         ;
; oALUOut[1]    ; 2.5 V        ; 0 in              ; 0 H/in                  ; 0 F/in                  ; short         ; -                   ; open           ; open             ; open   ; 0 in             ; 0 H/in                 ; 0 F/in                 ; short        ; open          ; open            ; open  ; 0 V                 ; -                  ; n/a           ; n/a             ; n/a         ;
; oALUOut[2]    ; 2.5 V        ; 0 in              ; 0 H/in                  ; 0 F/in                  ; short         ; -                   ; open           ; open             ; open   ; 0 in             ; 0 H/in                 ; 0 F/in                 ; short        ; open          ; open            ; open  ; 0 V                 ; -                  ; n/a           ; n/a             ; n/a         ;
; oALUOut[3]    ; 2.5 V        ; 0 in              ; 0 H/in                  ; 0 F/in                  ; short         ; -                   ; open           ; open             ; open   ; 0 in             ; 0 H/in                 ; 0 F/in                 ; short        ; open          ; open            ; open  ; 0 V                 ; -                  ; n/a           ; n/a             ; n/a         ;
; oALUOut[4]    ; 2.5 V        ; 0 in              ; 0 H/in                  ; 0 F/in                  ; short         ; -                   ; open           ; open             ; open   ; 0 in             ; 0 H/in                 ; 0 F/in                 ; short        ; open          ; open            ; open  ; 0 V                 ; -                  ; n/a           ; n/a             ; n/a         ;
; oALUOut[5]    ; 2.5 V        ; 0 in              ; 0 H/in                  ; 0 F/in                  ; short         ; -                   ; open           ; open             ; open   ; 0 in             ; 0 H/in                 ; 0 F/in                 ; short        ; open          ; open            ; open  ; 0 V                 ; -                  ; n/a           ; n/a             ; n/a         ;
; oALUOut[6]    ; 2.5 V        ; 0 in              ; 0 H/in                  ; 0 F/in                  ; short         ; -                   ; open           ; open             ; open   ; 0 in             ; 0 H/in                 ; 0 F/in                 ; short        ; open          ; open            ; open  ; 0 V                 ; -                  ; n/a           ; n/a             ; n/a         ;
; oALUOut[7]    ; 2.5 V        ; 0 in              ; 0 H/in                  ; 0 F/in                  ; short         ; -                   ; open           ; open             ; open   ; 0 in             ; 0 H/in                 ; 0 F/in                 ; short        ; open          ; open            ; open  ; 0 V                 ; -                  ; n/a           ; n/a             ; n/a         ;
; oALUOut[8]    ; 2.5 V        ; 0 in              ; 0 H/in                  ; 0 F/in                  ; short         ; -                   ; open           ; open             ; open   ; 0 in             ; 0 H/in                 ; 0 F/in                 ; short        ; open          ; open            ; open  ; 0 V                 ; -                  ; n/a           ; n/a             ; n/a         ;
; oALUOut[9]    ; 2.5 V        ; 0 in              ; 0 H/in                  ; 0 F/in                  ; short         ; -                   ; open           ; open             ; open   ; 0 in             ; 0 H/in                 ; 0 F/in                 ; short        ; open          ; open            ; open  ; 0 V                 ; -                  ; n/a           ; n/a             ; n/a         ;
; oALUOut[10]   ; 2.5 V        ; 0 in              ; 0 H/in                  ; 0 F/in                  ; short         ; -                   ; open           ; open             ; open   ; 0 in             ; 0 H/in                 ; 0 F/in                 ; short        ; open          ; open            ; open  ; 0 V                 ; -                  ; n/a           ; n/a             ; n/a         ;
; oALUOut[11]   ; 2.5 V        ; 0 in              ; 0 H/in                  ; 0 F/in                  ; short         ; -                   ; open           ; open             ; open   ; 0 in             ; 0 H/in                 ; 0 F/in                 ; short        ; open          ; open            ; open  ; 0 V                 ; -                  ; n/a           ; n/a             ; n/a         ;
; oALUOut[12]   ; 2.5 V        ; 0 in              ; 0 H/in                  ; 0 F/in                  ; short         ; -                   ; open           ; open             ; open   ; 0 in             ; 0 H/in                 ; 0 F/in                 ; short        ; open          ; open            ; open  ; 0 V                 ; -                  ; n/a           ; n/a             ; n/a         ;
; oALUOut[13]   ; 2.5 V        ; 0 in              ; 0 H/in                  ; 0 F/in                  ; short         ; -                   ; open           ; open             ; open   ; 0 in             ; 0 H/in                 ; 0 F/in                 ; short        ; open          ; open            ; open  ; 0 V                 ; -                  ; n/a           ; n/a             ; n/a         ;
; oALUOut[14]   ; 2.5 V        ; 0 in              ; 0 H/in                  ; 0 F/in                  ; short         ; -                   ; open           ; open             ; open   ; 0 in             ; 0 H/in                 ; 0 F/in                 ; short        ; open          ; open            ; open  ; 0 V                 ; -                  ; n/a           ; n/a             ; n/a         ;
; oALUOut[15]   ; 2.5 V        ; 0 in              ; 0 H/in                  ; 0 F/in                  ; short         ; -                   ; open           ; open             ; open   ; 0 in             ; 0 H/in                 ; 0 F/in                 ; short        ; open          ; open            ; open  ; 0 V                 ; -                  ; n/a           ; n/a             ; n/a         ;
; oALUOut[16]   ; 2.5 V        ; 0 in              ; 0 H/in                  ; 0 F/in                  ; short         ; -                   ; open           ; open             ; open   ; 0 in             ; 0 H/in                 ; 0 F/in                 ; short        ; open          ; open            ; open  ; 0 V                 ; -                  ; n/a           ; n/a             ; n/a         ;
; oALUOut[17]   ; 2.5 V        ; 0 in              ; 0 H/in                  ; 0 F/in                  ; short         ; -                   ; open           ; open             ; open   ; 0 in             ; 0 H/in                 ; 0 F/in                 ; short        ; open          ; open            ; open  ; 0 V                 ; -                  ; n/a           ; n/a             ; n/a         ;
; oALUOut[18]   ; 2.5 V        ; 0 in              ; 0 H/in                  ; 0 F/in                  ; short         ; -                   ; open           ; open             ; open   ; 0 in             ; 0 H/in                 ; 0 F/in                 ; short        ; open          ; open            ; open  ; 0 V                 ; -                  ; n/a           ; n/a             ; n/a         ;
; oALUOut[19]   ; 2.5 V        ; 0 in              ; 0 H/in                  ; 0 F/in                  ; short         ; -                   ; open           ; open             ; open   ; 0 in             ; 0 H/in                 ; 0 F/in                 ; short        ; open          ; open            ; open  ; 0 V                 ; -                  ; n/a           ; n/a             ; n/a         ;
; oALUOut[20]   ; 2.5 V        ; 0 in              ; 0 H/in                  ; 0 F/in                  ; short         ; -                   ; open           ; open             ; open   ; 0 in             ; 0 H/in                 ; 0 F/in                 ; short        ; open          ; open            ; open  ; 0 V                 ; -                  ; n/a           ; n/a             ; n/a         ;
; oALUOut[21]   ; 2.5 V        ; 0 in              ; 0 H/in                  ; 0 F/in                  ; short         ; -                   ; open           ; open             ; open   ; 0 in             ; 0 H/in                 ; 0 F/in                 ; short        ; open          ; open            ; open  ; 0 V                 ; -                  ; n/a           ; n/a             ; n/a         ;
; oALUOut[22]   ; 2.5 V        ; 0 in              ; 0 H/in                  ; 0 F/in                  ; short         ; -                   ; open           ; open             ; open   ; 0 in             ; 0 H/in                 ; 0 F/in                 ; short        ; open          ; open            ; open  ; 0 V                 ; -                  ; n/a           ; n/a             ; n/a         ;
; oALUOut[23]   ; 2.5 V        ; 0 in              ; 0 H/in                  ; 0 F/in                  ; short         ; -                   ; open           ; open             ; open   ; 0 in             ; 0 H/in                 ; 0 F/in                 ; short        ; open          ; open            ; open  ; 0 V                 ; -                  ; n/a           ; n/a             ; n/a         ;
; oALUOut[24]   ; 2.5 V        ; 0 in              ; 0 H/in                  ; 0 F/in                  ; short         ; -                   ; open           ; open             ; open   ; 0 in             ; 0 H/in                 ; 0 F/in                 ; short        ; open          ; open            ; open  ; 0 V                 ; -                  ; n/a           ; n/a             ; n/a         ;
; oALUOut[25]   ; 2.5 V        ; 0 in              ; 0 H/in                  ; 0 F/in                  ; short         ; -                   ; open           ; open             ; open   ; 0 in             ; 0 H/in                 ; 0 F/in                 ; short        ; open          ; open            ; open  ; 0 V                 ; -                  ; n/a           ; n/a             ; n/a         ;
; oALUOut[26]   ; 2.5 V        ; 0 in              ; 0 H/in                  ; 0 F/in                  ; short         ; -                   ; open           ; open             ; open   ; 0 in             ; 0 H/in                 ; 0 F/in                 ; short        ; open          ; open            ; open  ; 0 V                 ; -                  ; n/a           ; n/a             ; n/a         ;
; oALUOut[27]   ; 2.5 V        ; 0 in              ; 0 H/in                  ; 0 F/in                  ; short         ; -                   ; open           ; open             ; open   ; 0 in             ; 0 H/in                 ; 0 F/in                 ; short        ; open          ; open            ; open  ; 0 V                 ; -                  ; n/a           ; n/a             ; n/a         ;
; oALUOut[28]   ; 2.5 V        ; 0 in              ; 0 H/in                  ; 0 F/in                  ; short         ; -                   ; open           ; open             ; open   ; 0 in             ; 0 H/in                 ; 0 F/in                 ; short        ; open          ; open            ; open  ; 0 V                 ; -                  ; n/a           ; n/a             ; n/a         ;
; oALUOut[29]   ; 2.5 V        ; 0 in              ; 0 H/in                  ; 0 F/in                  ; short         ; -                   ; open           ; open             ; open   ; 0 in             ; 0 H/in                 ; 0 F/in                 ; short        ; open          ; open            ; open  ; 0 V                 ; -                  ; n/a           ; n/a             ; n/a         ;
; oALUOut[30]   ; 2.5 V        ; 0 in              ; 0 H/in                  ; 0 F/in                  ; short         ; -                   ; open           ; open             ; open   ; 0 in             ; 0 H/in                 ; 0 F/in                 ; short        ; open          ; open            ; open  ; 0 V                 ; -                  ; n/a           ; n/a             ; n/a         ;
; oALUOut[31]   ; 2.5 V        ; 0 in              ; 0 H/in                  ; 0 F/in                  ; short         ; -                   ; open           ; open             ; open   ; 0 in             ; 0 H/in                 ; 0 F/in                 ; short        ; open          ; open            ; open  ; 0 V                 ; -                  ; n/a           ; n/a             ; n/a         ;
; ~ALTERA_DCLK~ ; 2.5 V        ; 0 in              ; 0 H/in                  ; 0 F/in                  ; short         ; -                   ; open           ; open             ; open   ; 0 in             ; 0 H/in                 ; 0 F/in                 ; short        ; open          ; open            ; open  ; 0 V                 ; -                  ; n/a           ; n/a             ; n/a         ;
; ~ALTERA_nCEO~ ; 2.5 V        ; 0 in              ; 0 H/in                  ; 0 F/in                  ; short         ; -                   ; open           ; open             ; open   ; 0 in             ; 0 H/in                 ; 0 F/in                 ; short        ; open          ; open            ; open  ; 0 V                 ; -                  ; n/a           ; n/a             ; n/a         ;
+---------------+--------------+-------------------+-------------------------+-------------------------+---------------+---------------------+----------------+------------------+--------+------------------+------------------------+------------------------+--------------+---------------+-----------------+-------+---------------------+--------------------+---------------+-----------------+-------------+


+----------------------------------------------------------------------------+
; Input Transition Times                                                     ;
+-------------------------+--------------+-----------------+-----------------+
; Pin                     ; I/O Standard ; 10-90 Rise Time ; 90-10 Fall Time ;
+-------------------------+--------------+-----------------+-----------------+
; iInstAddr[0]            ; 2.5 V        ; 2000 ps         ; 2000 ps         ;
; iInstAddr[1]            ; 2.5 V        ; 2000 ps         ; 2000 ps         ;
; iInstAddr[12]           ; 2.5 V        ; 2000 ps         ; 2000 ps         ;
; iInstAddr[13]           ; 2.5 V        ; 2000 ps         ; 2000 ps         ;
; iInstAddr[14]           ; 2.5 V        ; 2000 ps         ; 2000 ps         ;
; iInstAddr[15]           ; 2.5 V        ; 2000 ps         ; 2000 ps         ;
; iInstAddr[16]           ; 2.5 V        ; 2000 ps         ; 2000 ps         ;
; iInstAddr[17]           ; 2.5 V        ; 2000 ps         ; 2000 ps         ;
; iInstAddr[18]           ; 2.5 V        ; 2000 ps         ; 2000 ps         ;
; iInstAddr[19]           ; 2.5 V        ; 2000 ps         ; 2000 ps         ;
; iInstAddr[20]           ; 2.5 V        ; 2000 ps         ; 2000 ps         ;
; iInstAddr[21]           ; 2.5 V        ; 2000 ps         ; 2000 ps         ;
; iInstAddr[22]           ; 2.5 V        ; 2000 ps         ; 2000 ps         ;
; iInstAddr[23]           ; 2.5 V        ; 2000 ps         ; 2000 ps         ;
; iInstAddr[24]           ; 2.5 V        ; 2000 ps         ; 2000 ps         ;
; iInstAddr[25]           ; 2.5 V        ; 2000 ps         ; 2000 ps         ;
; iInstAddr[26]           ; 2.5 V        ; 2000 ps         ; 2000 ps         ;
; iInstAddr[27]           ; 2.5 V        ; 2000 ps         ; 2000 ps         ;
; iInstAddr[28]           ; 2.5 V        ; 2000 ps         ; 2000 ps         ;
; iInstAddr[29]           ; 2.5 V        ; 2000 ps         ; 2000 ps         ;
; iInstAddr[30]           ; 2.5 V        ; 2000 ps         ; 2000 ps         ;
; iInstAddr[31]           ; 2.5 V        ; 2000 ps         ; 2000 ps         ;
; iCLK                    ; 2.5 V        ; 2000 ps         ; 2000 ps         ;
; iRST                    ; 2.5 V        ; 2000 ps         ; 2000 ps         ;
; iInstAddr[3]            ; 2.5 V        ; 2000 ps         ; 2000 ps         ;
; iInstLd                 ; 2.5 V        ; 2000 ps         ; 2000 ps         ;
; iInstAddr[2]            ; 2.5 V        ; 2000 ps         ; 2000 ps         ;
; iInstAddr[8]            ; 2.5 V        ; 2000 ps         ; 2000 ps         ;
; iInstAddr[9]            ; 2.5 V        ; 2000 ps         ; 2000 ps         ;
; iInstAddr[6]            ; 2.5 V        ; 2000 ps         ; 2000 ps         ;
; iInstAddr[7]            ; 2.5 V        ; 2000 ps         ; 2000 ps         ;
; iInstAddr[5]            ; 2.5 V        ; 2000 ps         ; 2000 ps         ;
; iInstAddr[4]            ; 2.5 V        ; 2000 ps         ; 2000 ps         ;
; iInstAddr[11]           ; 2.5 V        ; 2000 ps         ; 2000 ps         ;
; iInstAddr[10]           ; 2.5 V        ; 2000 ps         ; 2000 ps         ;
; iInstExt[16]            ; 2.5 V        ; 2000 ps         ; 2000 ps         ;
; iInstExt[15]            ; 2.5 V        ; 2000 ps         ; 2000 ps         ;
; iInstExt[18]            ; 2.5 V        ; 2000 ps         ; 2000 ps         ;
; iInstExt[19]            ; 2.5 V        ; 2000 ps         ; 2000 ps         ;
; iInstExt[17]            ; 2.5 V        ; 2000 ps         ; 2000 ps         ;
; iInstExt[13]            ; 2.5 V        ; 2000 ps         ; 2000 ps         ;
; iInstExt[14]            ; 2.5 V        ; 2000 ps         ; 2000 ps         ;
; iInstExt[2]             ; 2.5 V        ; 2000 ps         ; 2000 ps         ;
; iInstExt[4]             ; 2.5 V        ; 2000 ps         ; 2000 ps         ;
; iInstExt[0]             ; 2.5 V        ; 2000 ps         ; 2000 ps         ;
; iInstExt[1]             ; 2.5 V        ; 2000 ps         ; 2000 ps         ;
; iInstExt[3]             ; 2.5 V        ; 2000 ps         ; 2000 ps         ;
; iInstExt[6]             ; 2.5 V        ; 2000 ps         ; 2000 ps         ;
; iInstExt[5]             ; 2.5 V        ; 2000 ps         ; 2000 ps         ;
; iInstExt[12]            ; 2.5 V        ; 2000 ps         ; 2000 ps         ;
; iInstExt[25]            ; 2.5 V        ; 2000 ps         ; 2000 ps         ;
; iInstExt[26]            ; 2.5 V        ; 2000 ps         ; 2000 ps         ;
; iInstExt[27]            ; 2.5 V        ; 2000 ps         ; 2000 ps         ;
; iInstExt[28]            ; 2.5 V        ; 2000 ps         ; 2000 ps         ;
; iInstExt[30]            ; 2.5 V        ; 2000 ps         ; 2000 ps         ;
; iInstExt[29]            ; 2.5 V        ; 2000 ps         ; 2000 ps         ;
; iInstExt[31]            ; 2.5 V        ; 2000 ps         ; 2000 ps         ;
; iInstExt[20]            ; 2.5 V        ; 2000 ps         ; 2000 ps         ;
; iInstExt[21]            ; 2.5 V        ; 2000 ps         ; 2000 ps         ;
; iInstExt[22]            ; 2.5 V        ; 2000 ps         ; 2000 ps         ;
; iInstExt[23]            ; 2.5 V        ; 2000 ps         ; 2000 ps         ;
; iInstExt[24]            ; 2.5 V        ; 2000 ps         ; 2000 ps         ;
; iInstExt[7]             ; 2.5 V        ; 2000 ps         ; 2000 ps         ;
; iInstExt[11]            ; 2.5 V        ; 2000 ps         ; 2000 ps         ;
; iInstExt[8]             ; 2.5 V        ; 2000 ps         ; 2000 ps         ;
; iInstExt[10]            ; 2.5 V        ; 2000 ps         ; 2000 ps         ;
; iInstExt[9]             ; 2.5 V        ; 2000 ps         ; 2000 ps         ;
; ~ALTERA_ASDO_DATA1~     ; 2.5 V        ; 2000 ps         ; 2000 ps         ;
; ~ALTERA_FLASH_nCE_nCSO~ ; 2.5 V        ; 2000 ps         ; 2000 ps         ;
; ~ALTERA_DATA0~          ; 2.5 V        ; 2000 ps         ; 2000 ps         ;
+-------------------------+--------------+-----------------+-----------------+


+--------------------------------------------------------------------------------------------------------------------------------------------------------------------------------------------------------------------------------------------------------------------------------------------------------------------------------------------------------------------------------------------------------------------------------------------------------------------------------------------------------------------------------------------------------------------------------------------------------------------------------------------------------------------------------------------+
; Signal Integrity Metrics (Slow 1200mv 0c Model)                                                                                                                                                                                                                                                                                                                                                                                                                                                                                                                                                                                                                                            ;
+---------------+--------------+---------------------+---------------------+------------------------------+------------------------------+---------------------+---------------------+--------------------------------------+--------------------------------------+-----------------------------+-----------------------------+----------------------------+----------------------------+-----------------------------+-----------------------------+--------------------+--------------------+-------------------------------------+-------------------------------------+----------------------------+----------------------------+---------------------------+---------------------------+
; Pin           ; I/O Standard ; Board Delay on Rise ; Board Delay on Fall ; Steady State Voh at FPGA Pin ; Steady State Vol at FPGA Pin ; Voh Max at FPGA Pin ; Vol Min at FPGA Pin ; Ringback Voltage on Rise at FPGA Pin ; Ringback Voltage on Fall at FPGA Pin ; 10-90 Rise Time at FPGA Pin ; 90-10 Fall Time at FPGA Pin ; Monotonic Rise at FPGA Pin ; Monotonic Fall at FPGA Pin ; Steady State Voh at Far-end ; Steady State Vol at Far-end ; Voh Max at Far-end ; Vol Min at Far-end ; Ringback Voltage on Rise at Far-end ; Ringback Voltage on Fall at Far-end ; 10-90 Rise Time at Far-end ; 90-10 Fall Time at Far-end ; Monotonic Rise at Far-end ; Monotonic Fall at Far-end ;
+---------------+--------------+---------------------+---------------------+------------------------------+------------------------------+---------------------+---------------------+--------------------------------------+--------------------------------------+-----------------------------+-----------------------------+----------------------------+----------------------------+-----------------------------+-----------------------------+--------------------+--------------------+-------------------------------------+-------------------------------------+----------------------------+----------------------------+---------------------------+---------------------------+
; oALUOut[0]    ; 2.5 V        ; 0 s                 ; 0 s                 ; 2.32 V                       ; 3.07e-09 V                   ; 2.37 V              ; -0.00994 V          ; 0.186 V                              ; 0.028 V                              ; 4.98e-10 s                  ; 4.96e-10 s                  ; Yes                        ; Yes                        ; 2.32 V                      ; 3.07e-09 V                  ; 2.37 V             ; -0.00994 V         ; 0.186 V                             ; 0.028 V                             ; 4.98e-10 s                 ; 4.96e-10 s                 ; Yes                       ; Yes                       ;
; oALUOut[1]    ; 2.5 V        ; 0 s                 ; 0 s                 ; 2.32 V                       ; 3.07e-09 V                   ; 2.33 V              ; -0.00496 V          ; 0.223 V                              ; 0.086 V                              ; 2.9e-09 s                   ; 2.73e-09 s                  ; Yes                        ; Yes                        ; 2.32 V                      ; 3.07e-09 V                  ; 2.33 V             ; -0.00496 V         ; 0.223 V                             ; 0.086 V                             ; 2.9e-09 s                  ; 2.73e-09 s                 ; Yes                       ; Yes                       ;
; oALUOut[2]    ; 2.5 V        ; 0 s                 ; 0 s                 ; 2.32 V                       ; 3.07e-09 V                   ; 2.37 V              ; -0.00994 V          ; 0.186 V                              ; 0.028 V                              ; 4.98e-10 s                  ; 4.96e-10 s                  ; Yes                        ; Yes                        ; 2.32 V                      ; 3.07e-09 V                  ; 2.37 V             ; -0.00994 V         ; 0.186 V                             ; 0.028 V                             ; 4.98e-10 s                 ; 4.96e-10 s                 ; Yes                       ; Yes                       ;
; oALUOut[3]    ; 2.5 V        ; 0 s                 ; 0 s                 ; 2.32 V                       ; 3.07e-09 V                   ; 2.37 V              ; -0.00994 V          ; 0.186 V                              ; 0.028 V                              ; 4.98e-10 s                  ; 4.96e-10 s                  ; Yes                        ; Yes                        ; 2.32 V                      ; 3.07e-09 V                  ; 2.37 V             ; -0.00994 V         ; 0.186 V                             ; 0.028 V                             ; 4.98e-10 s                 ; 4.96e-10 s                 ; Yes                       ; Yes                       ;
; oALUOut[4]    ; 2.5 V        ; 0 s                 ; 0 s                 ; 2.32 V                       ; 3.07e-09 V                   ; 2.37 V              ; -0.00994 V          ; 0.186 V                              ; 0.028 V                              ; 4.98e-10 s                  ; 4.96e-10 s                  ; Yes                        ; Yes                        ; 2.32 V                      ; 3.07e-09 V                  ; 2.37 V             ; -0.00994 V         ; 0.186 V                             ; 0.028 V                             ; 4.98e-10 s                 ; 4.96e-10 s                 ; Yes                       ; Yes                       ;
; oALUOut[5]    ; 2.5 V        ; 0 s                 ; 0 s                 ; 2.32 V                       ; 3.07e-09 V                   ; 2.37 V              ; -0.00994 V          ; 0.186 V                              ; 0.028 V                              ; 4.98e-10 s                  ; 4.96e-10 s                  ; Yes                        ; Yes                        ; 2.32 V                      ; 3.07e-09 V                  ; 2.37 V             ; -0.00994 V         ; 0.186 V                             ; 0.028 V                             ; 4.98e-10 s                 ; 4.96e-10 s                 ; Yes                       ; Yes                       ;
; oALUOut[6]    ; 2.5 V        ; 0 s                 ; 0 s                 ; 2.32 V                       ; 3.07e-09 V                   ; 2.37 V              ; -0.00994 V          ; 0.186 V                              ; 0.028 V                              ; 4.98e-10 s                  ; 4.96e-10 s                  ; Yes                        ; Yes                        ; 2.32 V                      ; 3.07e-09 V                  ; 2.37 V             ; -0.00994 V         ; 0.186 V                             ; 0.028 V                             ; 4.98e-10 s                 ; 4.96e-10 s                 ; Yes                       ; Yes                       ;
; oALUOut[7]    ; 2.5 V        ; 0 s                 ; 0 s                 ; 2.32 V                       ; 3.07e-09 V                   ; 2.37 V              ; -0.00994 V          ; 0.186 V                              ; 0.028 V                              ; 4.98e-10 s                  ; 4.96e-10 s                  ; Yes                        ; Yes                        ; 2.32 V                      ; 3.07e-09 V                  ; 2.37 V             ; -0.00994 V         ; 0.186 V                             ; 0.028 V                             ; 4.98e-10 s                 ; 4.96e-10 s                 ; Yes                       ; Yes                       ;
; oALUOut[8]    ; 2.5 V        ; 0 s                 ; 0 s                 ; 2.32 V                       ; 3.07e-09 V                   ; 2.37 V              ; -0.00994 V          ; 0.186 V                              ; 0.028 V                              ; 4.98e-10 s                  ; 4.96e-10 s                  ; Yes                        ; Yes                        ; 2.32 V                      ; 3.07e-09 V                  ; 2.37 V             ; -0.00994 V         ; 0.186 V                             ; 0.028 V                             ; 4.98e-10 s                 ; 4.96e-10 s                 ; Yes                       ; Yes                       ;
; oALUOut[9]    ; 2.5 V        ; 0 s                 ; 0 s                 ; 2.32 V                       ; 3.07e-09 V                   ; 2.37 V              ; -0.00994 V          ; 0.186 V                              ; 0.028 V                              ; 4.98e-10 s                  ; 4.96e-10 s                  ; Yes                        ; Yes                        ; 2.32 V                      ; 3.07e-09 V                  ; 2.37 V             ; -0.00994 V         ; 0.186 V                             ; 0.028 V                             ; 4.98e-10 s                 ; 4.96e-10 s                 ; Yes                       ; Yes                       ;
; oALUOut[10]   ; 2.5 V        ; 0 s                 ; 0 s                 ; 2.32 V                       ; 3.07e-09 V                   ; 2.37 V              ; -0.00994 V          ; 0.186 V                              ; 0.028 V                              ; 4.98e-10 s                  ; 4.96e-10 s                  ; Yes                        ; Yes                        ; 2.32 V                      ; 3.07e-09 V                  ; 2.37 V             ; -0.00994 V         ; 0.186 V                             ; 0.028 V                             ; 4.98e-10 s                 ; 4.96e-10 s                 ; Yes                       ; Yes                       ;
; oALUOut[11]   ; 2.5 V        ; 0 s                 ; 0 s                 ; 2.32 V                       ; 3.07e-09 V                   ; 2.37 V              ; -0.00994 V          ; 0.186 V                              ; 0.028 V                              ; 4.98e-10 s                  ; 4.96e-10 s                  ; Yes                        ; Yes                        ; 2.32 V                      ; 3.07e-09 V                  ; 2.37 V             ; -0.00994 V         ; 0.186 V                             ; 0.028 V                             ; 4.98e-10 s                 ; 4.96e-10 s                 ; Yes                       ; Yes                       ;
; oALUOut[12]   ; 2.5 V        ; 0 s                 ; 0 s                 ; 2.32 V                       ; 3.07e-09 V                   ; 2.37 V              ; -0.00994 V          ; 0.186 V                              ; 0.028 V                              ; 4.98e-10 s                  ; 4.96e-10 s                  ; Yes                        ; Yes                        ; 2.32 V                      ; 3.07e-09 V                  ; 2.37 V             ; -0.00994 V         ; 0.186 V                             ; 0.028 V                             ; 4.98e-10 s                 ; 4.96e-10 s                 ; Yes                       ; Yes                       ;
; oALUOut[13]   ; 2.5 V        ; 0 s                 ; 0 s                 ; 2.32 V                       ; 3.07e-09 V                   ; 2.37 V              ; -0.00994 V          ; 0.186 V                              ; 0.028 V                              ; 4.98e-10 s                  ; 4.96e-10 s                  ; Yes                        ; Yes                        ; 2.32 V                      ; 3.07e-09 V                  ; 2.37 V             ; -0.00994 V         ; 0.186 V                             ; 0.028 V                             ; 4.98e-10 s                 ; 4.96e-10 s                 ; Yes                       ; Yes                       ;
; oALUOut[14]   ; 2.5 V        ; 0 s                 ; 0 s                 ; 2.32 V                       ; 3.07e-09 V                   ; 2.37 V              ; -0.00994 V          ; 0.186 V                              ; 0.028 V                              ; 4.98e-10 s                  ; 4.96e-10 s                  ; Yes                        ; Yes                        ; 2.32 V                      ; 3.07e-09 V                  ; 2.37 V             ; -0.00994 V         ; 0.186 V                             ; 0.028 V                             ; 4.98e-10 s                 ; 4.96e-10 s                 ; Yes                       ; Yes                       ;
; oALUOut[15]   ; 2.5 V        ; 0 s                 ; 0 s                 ; 2.32 V                       ; 3.07e-09 V                   ; 2.37 V              ; -0.00994 V          ; 0.186 V                              ; 0.028 V                              ; 4.98e-10 s                  ; 4.96e-10 s                  ; Yes                        ; Yes                        ; 2.32 V                      ; 3.07e-09 V                  ; 2.37 V             ; -0.00994 V         ; 0.186 V                             ; 0.028 V                             ; 4.98e-10 s                 ; 4.96e-10 s                 ; Yes                       ; Yes                       ;
; oALUOut[16]   ; 2.5 V        ; 0 s                 ; 0 s                 ; 2.32 V                       ; 3.07e-09 V                   ; 2.37 V              ; -0.00994 V          ; 0.186 V                              ; 0.028 V                              ; 4.98e-10 s                  ; 4.96e-10 s                  ; Yes                        ; Yes                        ; 2.32 V                      ; 3.07e-09 V                  ; 2.37 V             ; -0.00994 V         ; 0.186 V                             ; 0.028 V                             ; 4.98e-10 s                 ; 4.96e-10 s                 ; Yes                       ; Yes                       ;
; oALUOut[17]   ; 2.5 V        ; 0 s                 ; 0 s                 ; 2.32 V                       ; 3.07e-09 V                   ; 2.37 V              ; -0.00994 V          ; 0.186 V                              ; 0.028 V                              ; 4.98e-10 s                  ; 4.96e-10 s                  ; Yes                        ; Yes                        ; 2.32 V                      ; 3.07e-09 V                  ; 2.37 V             ; -0.00994 V         ; 0.186 V                             ; 0.028 V                             ; 4.98e-10 s                 ; 4.96e-10 s                 ; Yes                       ; Yes                       ;
; oALUOut[18]   ; 2.5 V        ; 0 s                 ; 0 s                 ; 2.32 V                       ; 3.07e-09 V                   ; 2.37 V              ; -0.00994 V          ; 0.186 V                              ; 0.028 V                              ; 4.98e-10 s                  ; 4.96e-10 s                  ; Yes                        ; Yes                        ; 2.32 V                      ; 3.07e-09 V                  ; 2.37 V             ; -0.00994 V         ; 0.186 V                             ; 0.028 V                             ; 4.98e-10 s                 ; 4.96e-10 s                 ; Yes                       ; Yes                       ;
; oALUOut[19]   ; 2.5 V        ; 0 s                 ; 0 s                 ; 2.32 V                       ; 3.07e-09 V                   ; 2.37 V              ; -0.00994 V          ; 0.186 V                              ; 0.028 V                              ; 4.98e-10 s                  ; 4.96e-10 s                  ; Yes                        ; Yes                        ; 2.32 V                      ; 3.07e-09 V                  ; 2.37 V             ; -0.00994 V         ; 0.186 V                             ; 0.028 V                             ; 4.98e-10 s                 ; 4.96e-10 s                 ; Yes                       ; Yes                       ;
; oALUOut[20]   ; 2.5 V        ; 0 s                 ; 0 s                 ; 2.32 V                       ; 3.07e-09 V                   ; 2.38 V              ; -0.0144 V           ; 0.227 V                              ; 0.024 V                              ; 3.14e-10 s                  ; 3.39e-10 s                  ; Yes                        ; Yes                        ; 2.32 V                      ; 3.07e-09 V                  ; 2.38 V             ; -0.0144 V          ; 0.227 V                             ; 0.024 V                             ; 3.14e-10 s                 ; 3.39e-10 s                 ; Yes                       ; Yes                       ;
; oALUOut[21]   ; 2.5 V        ; 0 s                 ; 0 s                 ; 2.32 V                       ; 3.07e-09 V                   ; 2.37 V              ; -0.00994 V          ; 0.186 V                              ; 0.028 V                              ; 4.98e-10 s                  ; 4.96e-10 s                  ; Yes                        ; Yes                        ; 2.32 V                      ; 3.07e-09 V                  ; 2.37 V             ; -0.00994 V         ; 0.186 V                             ; 0.028 V                             ; 4.98e-10 s                 ; 4.96e-10 s                 ; Yes                       ; Yes                       ;
; oALUOut[22]   ; 2.5 V        ; 0 s                 ; 0 s                 ; 2.32 V                       ; 3.07e-09 V                   ; 2.33 V              ; -0.00496 V          ; 0.223 V                              ; 0.086 V                              ; 2.9e-09 s                   ; 2.73e-09 s                  ; Yes                        ; Yes                        ; 2.32 V                      ; 3.07e-09 V                  ; 2.33 V             ; -0.00496 V         ; 0.223 V                             ; 0.086 V                             ; 2.9e-09 s                  ; 2.73e-09 s                 ; Yes                       ; Yes                       ;
; oALUOut[23]   ; 2.5 V        ; 0 s                 ; 0 s                 ; 2.32 V                       ; 3.07e-09 V                   ; 2.37 V              ; -0.00994 V          ; 0.186 V                              ; 0.028 V                              ; 4.98e-10 s                  ; 4.96e-10 s                  ; Yes                        ; Yes                        ; 2.32 V                      ; 3.07e-09 V                  ; 2.37 V             ; -0.00994 V         ; 0.186 V                             ; 0.028 V                             ; 4.98e-10 s                 ; 4.96e-10 s                 ; Yes                       ; Yes                       ;
; oALUOut[24]   ; 2.5 V        ; 0 s                 ; 0 s                 ; 2.32 V                       ; 3.07e-09 V                   ; 2.37 V              ; -0.00994 V          ; 0.186 V                              ; 0.028 V                              ; 4.98e-10 s                  ; 4.96e-10 s                  ; Yes                        ; Yes                        ; 2.32 V                      ; 3.07e-09 V                  ; 2.37 V             ; -0.00994 V         ; 0.186 V                             ; 0.028 V                             ; 4.98e-10 s                 ; 4.96e-10 s                 ; Yes                       ; Yes                       ;
; oALUOut[25]   ; 2.5 V        ; 0 s                 ; 0 s                 ; 2.32 V                       ; 4.49e-09 V                   ; 2.38 V              ; -0.00552 V          ; 0.096 V                              ; 0.019 V                              ; 4.18e-10 s                  ; 3.59e-10 s                  ; No                         ; Yes                        ; 2.32 V                      ; 4.49e-09 V                  ; 2.38 V             ; -0.00552 V         ; 0.096 V                             ; 0.019 V                             ; 4.18e-10 s                 ; 3.59e-10 s                 ; No                        ; Yes                       ;
; oALUOut[26]   ; 2.5 V        ; 0 s                 ; 0 s                 ; 2.32 V                       ; 3.07e-09 V                   ; 2.37 V              ; -0.00994 V          ; 0.186 V                              ; 0.028 V                              ; 4.98e-10 s                  ; 4.96e-10 s                  ; Yes                        ; Yes                        ; 2.32 V                      ; 3.07e-09 V                  ; 2.37 V             ; -0.00994 V         ; 0.186 V                             ; 0.028 V                             ; 4.98e-10 s                 ; 4.96e-10 s                 ; Yes                       ; Yes                       ;
; oALUOut[27]   ; 2.5 V        ; 0 s                 ; 0 s                 ; 2.32 V                       ; 3.07e-09 V                   ; 2.37 V              ; -0.00994 V          ; 0.186 V                              ; 0.028 V                              ; 4.98e-10 s                  ; 4.96e-10 s                  ; Yes                        ; Yes                        ; 2.32 V                      ; 3.07e-09 V                  ; 2.37 V             ; -0.00994 V         ; 0.186 V                             ; 0.028 V                             ; 4.98e-10 s                 ; 4.96e-10 s                 ; Yes                       ; Yes                       ;
; oALUOut[28]   ; 2.5 V        ; 0 s                 ; 0 s                 ; 2.32 V                       ; 3.07e-09 V                   ; 2.37 V              ; -0.00994 V          ; 0.186 V                              ; 0.028 V                              ; 4.98e-10 s                  ; 4.96e-10 s                  ; Yes                        ; Yes                        ; 2.32 V                      ; 3.07e-09 V                  ; 2.37 V             ; -0.00994 V         ; 0.186 V                             ; 0.028 V                             ; 4.98e-10 s                 ; 4.96e-10 s                 ; Yes                       ; Yes                       ;
; oALUOut[29]   ; 2.5 V        ; 0 s                 ; 0 s                 ; 2.32 V                       ; 3.07e-09 V                   ; 2.38 V              ; -0.0144 V           ; 0.227 V                              ; 0.024 V                              ; 3.14e-10 s                  ; 3.39e-10 s                  ; Yes                        ; Yes                        ; 2.32 V                      ; 3.07e-09 V                  ; 2.38 V             ; -0.0144 V          ; 0.227 V                             ; 0.024 V                             ; 3.14e-10 s                 ; 3.39e-10 s                 ; Yes                       ; Yes                       ;
; oALUOut[30]   ; 2.5 V        ; 0 s                 ; 0 s                 ; 2.32 V                       ; 3.07e-09 V                   ; 2.37 V              ; -0.00994 V          ; 0.186 V                              ; 0.028 V                              ; 4.98e-10 s                  ; 4.96e-10 s                  ; Yes                        ; Yes                        ; 2.32 V                      ; 3.07e-09 V                  ; 2.37 V             ; -0.00994 V         ; 0.186 V                             ; 0.028 V                             ; 4.98e-10 s                 ; 4.96e-10 s                 ; Yes                       ; Yes                       ;
; oALUOut[31]   ; 2.5 V        ; 0 s                 ; 0 s                 ; 2.32 V                       ; 3.07e-09 V                   ; 2.37 V              ; -0.00994 V          ; 0.186 V                              ; 0.028 V                              ; 4.98e-10 s                  ; 4.96e-10 s                  ; Yes                        ; Yes                        ; 2.32 V                      ; 3.07e-09 V                  ; 2.37 V             ; -0.00994 V         ; 0.186 V                             ; 0.028 V                             ; 4.98e-10 s                 ; 4.96e-10 s                 ; Yes                       ; Yes                       ;
; ~ALTERA_DCLK~ ; 2.5 V        ; 0 s                 ; 0 s                 ; 2.32 V                       ; 2.67e-09 V                   ; 2.38 V              ; -0.0485 V           ; 0.167 V                              ; 0.096 V                              ; 2.95e-10 s                  ; 2.73e-10 s                  ; Yes                        ; Yes                        ; 2.32 V                      ; 2.67e-09 V                  ; 2.38 V             ; -0.0485 V          ; 0.167 V                             ; 0.096 V                             ; 2.95e-10 s                 ; 2.73e-10 s                 ; Yes                       ; Yes                       ;
; ~ALTERA_nCEO~ ; 2.5 V        ; 0 s                 ; 0 s                 ; 2.32 V                       ; 4.18e-09 V                   ; 2.38 V              ; -0.00483 V          ; 0.152 V                              ; 0.012 V                              ; 4.81e-10 s                  ; 6.29e-10 s                  ; Yes                        ; Yes                        ; 2.32 V                      ; 4.18e-09 V                  ; 2.38 V             ; -0.00483 V         ; 0.152 V                             ; 0.012 V                             ; 4.81e-10 s                 ; 6.29e-10 s                 ; Yes                       ; Yes                       ;
+---------------+--------------+---------------------+---------------------+------------------------------+------------------------------+---------------------+---------------------+--------------------------------------+--------------------------------------+-----------------------------+-----------------------------+----------------------------+----------------------------+-----------------------------+-----------------------------+--------------------+--------------------+-------------------------------------+-------------------------------------+----------------------------+----------------------------+---------------------------+---------------------------+


+--------------------------------------------------------------------------------------------------------------------------------------------------------------------------------------------------------------------------------------------------------------------------------------------------------------------------------------------------------------------------------------------------------------------------------------------------------------------------------------------------------------------------------------------------------------------------------------------------------------------------------------------------------------------------------------------+
; Signal Integrity Metrics (Slow 1200mv 85c Model)                                                                                                                                                                                                                                                                                                                                                                                                                                                                                                                                                                                                                                           ;
+---------------+--------------+---------------------+---------------------+------------------------------+------------------------------+---------------------+---------------------+--------------------------------------+--------------------------------------+-----------------------------+-----------------------------+----------------------------+----------------------------+-----------------------------+-----------------------------+--------------------+--------------------+-------------------------------------+-------------------------------------+----------------------------+----------------------------+---------------------------+---------------------------+
; Pin           ; I/O Standard ; Board Delay on Rise ; Board Delay on Fall ; Steady State Voh at FPGA Pin ; Steady State Vol at FPGA Pin ; Voh Max at FPGA Pin ; Vol Min at FPGA Pin ; Ringback Voltage on Rise at FPGA Pin ; Ringback Voltage on Fall at FPGA Pin ; 10-90 Rise Time at FPGA Pin ; 90-10 Fall Time at FPGA Pin ; Monotonic Rise at FPGA Pin ; Monotonic Fall at FPGA Pin ; Steady State Voh at Far-end ; Steady State Vol at Far-end ; Voh Max at Far-end ; Vol Min at Far-end ; Ringback Voltage on Rise at Far-end ; Ringback Voltage on Fall at Far-end ; 10-90 Rise Time at Far-end ; 90-10 Fall Time at Far-end ; Monotonic Rise at Far-end ; Monotonic Fall at Far-end ;
+---------------+--------------+---------------------+---------------------+------------------------------+------------------------------+---------------------+---------------------+--------------------------------------+--------------------------------------+-----------------------------+-----------------------------+----------------------------+----------------------------+-----------------------------+-----------------------------+--------------------+--------------------+-------------------------------------+-------------------------------------+----------------------------+----------------------------+---------------------------+---------------------------+
; oALUOut[0]    ; 2.5 V        ; 0 s                 ; 0 s                 ; 2.32 V                       ; 4.67e-07 V                   ; 2.35 V              ; -0.00942 V          ; 0.116 V                              ; 0.033 V                              ; 6.66e-10 s                  ; 6.27e-10 s                  ; Yes                        ; Yes                        ; 2.32 V                      ; 4.67e-07 V                  ; 2.35 V             ; -0.00942 V         ; 0.116 V                             ; 0.033 V                             ; 6.66e-10 s                 ; 6.27e-10 s                 ; Yes                       ; Yes                       ;
; oALUOut[1]    ; 2.5 V        ; 0 s                 ; 0 s                 ; 2.32 V                       ; 4.67e-07 V                   ; 2.33 V              ; -0.00269 V          ; 0.13 V                               ; 0.055 V                              ; 3.54e-09 s                  ; 3.29e-09 s                  ; Yes                        ; Yes                        ; 2.32 V                      ; 4.67e-07 V                  ; 2.33 V             ; -0.00269 V         ; 0.13 V                              ; 0.055 V                             ; 3.54e-09 s                 ; 3.29e-09 s                 ; Yes                       ; Yes                       ;
; oALUOut[2]    ; 2.5 V        ; 0 s                 ; 0 s                 ; 2.32 V                       ; 4.67e-07 V                   ; 2.35 V              ; -0.00942 V          ; 0.116 V                              ; 0.033 V                              ; 6.66e-10 s                  ; 6.27e-10 s                  ; Yes                        ; Yes                        ; 2.32 V                      ; 4.67e-07 V                  ; 2.35 V             ; -0.00942 V         ; 0.116 V                             ; 0.033 V                             ; 6.66e-10 s                 ; 6.27e-10 s                 ; Yes                       ; Yes                       ;
; oALUOut[3]    ; 2.5 V        ; 0 s                 ; 0 s                 ; 2.32 V                       ; 4.67e-07 V                   ; 2.35 V              ; -0.00942 V          ; 0.116 V                              ; 0.033 V                              ; 6.66e-10 s                  ; 6.27e-10 s                  ; Yes                        ; Yes                        ; 2.32 V                      ; 4.67e-07 V                  ; 2.35 V             ; -0.00942 V         ; 0.116 V                             ; 0.033 V                             ; 6.66e-10 s                 ; 6.27e-10 s                 ; Yes                       ; Yes                       ;
; oALUOut[4]    ; 2.5 V        ; 0 s                 ; 0 s                 ; 2.32 V                       ; 4.67e-07 V                   ; 2.35 V              ; -0.00942 V          ; 0.116 V                              ; 0.033 V                              ; 6.66e-10 s                  ; 6.27e-10 s                  ; Yes                        ; Yes                        ; 2.32 V                      ; 4.67e-07 V                  ; 2.35 V             ; -0.00942 V         ; 0.116 V                             ; 0.033 V                             ; 6.66e-10 s                 ; 6.27e-10 s                 ; Yes                       ; Yes                       ;
; oALUOut[5]    ; 2.5 V        ; 0 s                 ; 0 s                 ; 2.32 V                       ; 4.67e-07 V                   ; 2.35 V              ; -0.00942 V          ; 0.116 V                              ; 0.033 V                              ; 6.66e-10 s                  ; 6.27e-10 s                  ; Yes                        ; Yes                        ; 2.32 V                      ; 4.67e-07 V                  ; 2.35 V             ; -0.00942 V         ; 0.116 V                             ; 0.033 V                             ; 6.66e-10 s                 ; 6.27e-10 s                 ; Yes                       ; Yes                       ;
; oALUOut[6]    ; 2.5 V        ; 0 s                 ; 0 s                 ; 2.32 V                       ; 4.67e-07 V                   ; 2.35 V              ; -0.00942 V          ; 0.116 V                              ; 0.033 V                              ; 6.66e-10 s                  ; 6.27e-10 s                  ; Yes                        ; Yes                        ; 2.32 V                      ; 4.67e-07 V                  ; 2.35 V             ; -0.00942 V         ; 0.116 V                             ; 0.033 V                             ; 6.66e-10 s                 ; 6.27e-10 s                 ; Yes                       ; Yes                       ;
; oALUOut[7]    ; 2.5 V        ; 0 s                 ; 0 s                 ; 2.32 V                       ; 4.67e-07 V                   ; 2.35 V              ; -0.00942 V          ; 0.116 V                              ; 0.033 V                              ; 6.66e-10 s                  ; 6.27e-10 s                  ; Yes                        ; Yes                        ; 2.32 V                      ; 4.67e-07 V                  ; 2.35 V             ; -0.00942 V         ; 0.116 V                             ; 0.033 V                             ; 6.66e-10 s                 ; 6.27e-10 s                 ; Yes                       ; Yes                       ;
; oALUOut[8]    ; 2.5 V        ; 0 s                 ; 0 s                 ; 2.32 V                       ; 4.67e-07 V                   ; 2.35 V              ; -0.00942 V          ; 0.116 V                              ; 0.033 V                              ; 6.66e-10 s                  ; 6.27e-10 s                  ; Yes                        ; Yes                        ; 2.32 V                      ; 4.67e-07 V                  ; 2.35 V             ; -0.00942 V         ; 0.116 V                             ; 0.033 V                             ; 6.66e-10 s                 ; 6.27e-10 s                 ; Yes                       ; Yes                       ;
; oALUOut[9]    ; 2.5 V        ; 0 s                 ; 0 s                 ; 2.32 V                       ; 4.67e-07 V                   ; 2.35 V              ; -0.00942 V          ; 0.116 V                              ; 0.033 V                              ; 6.66e-10 s                  ; 6.27e-10 s                  ; Yes                        ; Yes                        ; 2.32 V                      ; 4.67e-07 V                  ; 2.35 V             ; -0.00942 V         ; 0.116 V                             ; 0.033 V                             ; 6.66e-10 s                 ; 6.27e-10 s                 ; Yes                       ; Yes                       ;
; oALUOut[10]   ; 2.5 V        ; 0 s                 ; 0 s                 ; 2.32 V                       ; 4.67e-07 V                   ; 2.35 V              ; -0.00942 V          ; 0.116 V                              ; 0.033 V                              ; 6.66e-10 s                  ; 6.27e-10 s                  ; Yes                        ; Yes                        ; 2.32 V                      ; 4.67e-07 V                  ; 2.35 V             ; -0.00942 V         ; 0.116 V                             ; 0.033 V                             ; 6.66e-10 s                 ; 6.27e-10 s                 ; Yes                       ; Yes                       ;
; oALUOut[11]   ; 2.5 V        ; 0 s                 ; 0 s                 ; 2.32 V                       ; 4.67e-07 V                   ; 2.35 V              ; -0.00942 V          ; 0.116 V                              ; 0.033 V                              ; 6.66e-10 s                  ; 6.27e-10 s                  ; Yes                        ; Yes                        ; 2.32 V                      ; 4.67e-07 V                  ; 2.35 V             ; -0.00942 V         ; 0.116 V                             ; 0.033 V                             ; 6.66e-10 s                 ; 6.27e-10 s                 ; Yes                       ; Yes                       ;
; oALUOut[12]   ; 2.5 V        ; 0 s                 ; 0 s                 ; 2.32 V                       ; 4.67e-07 V                   ; 2.35 V              ; -0.00942 V          ; 0.116 V                              ; 0.033 V                              ; 6.66e-10 s                  ; 6.27e-10 s                  ; Yes                        ; Yes                        ; 2.32 V                      ; 4.67e-07 V                  ; 2.35 V             ; -0.00942 V         ; 0.116 V                             ; 0.033 V                             ; 6.66e-10 s                 ; 6.27e-10 s                 ; Yes                       ; Yes                       ;
; oALUOut[13]   ; 2.5 V        ; 0 s                 ; 0 s                 ; 2.32 V                       ; 4.67e-07 V                   ; 2.35 V              ; -0.00942 V          ; 0.116 V                              ; 0.033 V                              ; 6.66e-10 s                  ; 6.27e-10 s                  ; Yes                        ; Yes                        ; 2.32 V                      ; 4.67e-07 V                  ; 2.35 V             ; -0.00942 V         ; 0.116 V                             ; 0.033 V                             ; 6.66e-10 s                 ; 6.27e-10 s                 ; Yes                       ; Yes                       ;
; oALUOut[14]   ; 2.5 V        ; 0 s                 ; 0 s                 ; 2.32 V                       ; 4.67e-07 V                   ; 2.35 V              ; -0.00942 V          ; 0.116 V                              ; 0.033 V                              ; 6.66e-10 s                  ; 6.27e-10 s                  ; Yes                        ; Yes                        ; 2.32 V                      ; 4.67e-07 V                  ; 2.35 V             ; -0.00942 V         ; 0.116 V                             ; 0.033 V                             ; 6.66e-10 s                 ; 6.27e-10 s                 ; Yes                       ; Yes                       ;
; oALUOut[15]   ; 2.5 V        ; 0 s                 ; 0 s                 ; 2.32 V                       ; 4.67e-07 V                   ; 2.35 V              ; -0.00942 V          ; 0.116 V                              ; 0.033 V                              ; 6.66e-10 s                  ; 6.27e-10 s                  ; Yes                        ; Yes                        ; 2.32 V                      ; 4.67e-07 V                  ; 2.35 V             ; -0.00942 V         ; 0.116 V                             ; 0.033 V                             ; 6.66e-10 s                 ; 6.27e-10 s                 ; Yes                       ; Yes                       ;
; oALUOut[16]   ; 2.5 V        ; 0 s                 ; 0 s                 ; 2.32 V                       ; 4.67e-07 V                   ; 2.35 V              ; -0.00942 V          ; 0.116 V                              ; 0.033 V                              ; 6.66e-10 s                  ; 6.27e-10 s                  ; Yes                        ; Yes                        ; 2.32 V                      ; 4.67e-07 V                  ; 2.35 V             ; -0.00942 V         ; 0.116 V                             ; 0.033 V                             ; 6.66e-10 s                 ; 6.27e-10 s                 ; Yes                       ; Yes                       ;
; oALUOut[17]   ; 2.5 V        ; 0 s                 ; 0 s                 ; 2.32 V                       ; 4.67e-07 V                   ; 2.35 V              ; -0.00942 V          ; 0.116 V                              ; 0.033 V                              ; 6.66e-10 s                  ; 6.27e-10 s                  ; Yes                        ; Yes                        ; 2.32 V                      ; 4.67e-07 V                  ; 2.35 V             ; -0.00942 V         ; 0.116 V                             ; 0.033 V                             ; 6.66e-10 s                 ; 6.27e-10 s                 ; Yes                       ; Yes                       ;
; oALUOut[18]   ; 2.5 V        ; 0 s                 ; 0 s                 ; 2.32 V                       ; 4.67e-07 V                   ; 2.35 V              ; -0.00942 V          ; 0.116 V                              ; 0.033 V                              ; 6.66e-10 s                  ; 6.27e-10 s                  ; Yes                        ; Yes                        ; 2.32 V                      ; 4.67e-07 V                  ; 2.35 V             ; -0.00942 V         ; 0.116 V                             ; 0.033 V                             ; 6.66e-10 s                 ; 6.27e-10 s                 ; Yes                       ; Yes                       ;
; oALUOut[19]   ; 2.5 V        ; 0 s                 ; 0 s                 ; 2.32 V                       ; 4.67e-07 V                   ; 2.35 V              ; -0.00942 V          ; 0.116 V                              ; 0.033 V                              ; 6.66e-10 s                  ; 6.27e-10 s                  ; Yes                        ; Yes                        ; 2.32 V                      ; 4.67e-07 V                  ; 2.35 V             ; -0.00942 V         ; 0.116 V                             ; 0.033 V                             ; 6.66e-10 s                 ; 6.27e-10 s                 ; Yes                       ; Yes                       ;
; oALUOut[20]   ; 2.5 V        ; 0 s                 ; 0 s                 ; 2.32 V                       ; 4.67e-07 V                   ; 2.36 V              ; -0.00552 V          ; 0.11 V                               ; 0.007 V                              ; 4.54e-10 s                  ; 4.35e-10 s                  ; Yes                        ; Yes                        ; 2.32 V                      ; 4.67e-07 V                  ; 2.36 V             ; -0.00552 V         ; 0.11 V                              ; 0.007 V                             ; 4.54e-10 s                 ; 4.35e-10 s                 ; Yes                       ; Yes                       ;
; oALUOut[21]   ; 2.5 V        ; 0 s                 ; 0 s                 ; 2.32 V                       ; 4.67e-07 V                   ; 2.35 V              ; -0.00942 V          ; 0.116 V                              ; 0.033 V                              ; 6.66e-10 s                  ; 6.27e-10 s                  ; Yes                        ; Yes                        ; 2.32 V                      ; 4.67e-07 V                  ; 2.35 V             ; -0.00942 V         ; 0.116 V                             ; 0.033 V                             ; 6.66e-10 s                 ; 6.27e-10 s                 ; Yes                       ; Yes                       ;
; oALUOut[22]   ; 2.5 V        ; 0 s                 ; 0 s                 ; 2.32 V                       ; 4.67e-07 V                   ; 2.33 V              ; -0.00269 V          ; 0.13 V                               ; 0.055 V                              ; 3.54e-09 s                  ; 3.29e-09 s                  ; Yes                        ; Yes                        ; 2.32 V                      ; 4.67e-07 V                  ; 2.33 V             ; -0.00269 V         ; 0.13 V                              ; 0.055 V                             ; 3.54e-09 s                 ; 3.29e-09 s                 ; Yes                       ; Yes                       ;
; oALUOut[23]   ; 2.5 V        ; 0 s                 ; 0 s                 ; 2.32 V                       ; 4.67e-07 V                   ; 2.35 V              ; -0.00942 V          ; 0.116 V                              ; 0.033 V                              ; 6.66e-10 s                  ; 6.27e-10 s                  ; Yes                        ; Yes                        ; 2.32 V                      ; 4.67e-07 V                  ; 2.35 V             ; -0.00942 V         ; 0.116 V                             ; 0.033 V                             ; 6.66e-10 s                 ; 6.27e-10 s                 ; Yes                       ; Yes                       ;
; oALUOut[24]   ; 2.5 V        ; 0 s                 ; 0 s                 ; 2.32 V                       ; 4.67e-07 V                   ; 2.35 V              ; -0.00942 V          ; 0.116 V                              ; 0.033 V                              ; 6.66e-10 s                  ; 6.27e-10 s                  ; Yes                        ; Yes                        ; 2.32 V                      ; 4.67e-07 V                  ; 2.35 V             ; -0.00942 V         ; 0.116 V                             ; 0.033 V                             ; 6.66e-10 s                 ; 6.27e-10 s                 ; Yes                       ; Yes                       ;
; oALUOut[25]   ; 2.5 V        ; 0 s                 ; 0 s                 ; 2.32 V                       ; 6.92e-07 V                   ; 2.35 V              ; -0.00996 V          ; 0.121 V                              ; 0.03 V                               ; 4.64e-10 s                  ; 4.47e-10 s                  ; Yes                        ; Yes                        ; 2.32 V                      ; 6.92e-07 V                  ; 2.35 V             ; -0.00996 V         ; 0.121 V                             ; 0.03 V                              ; 4.64e-10 s                 ; 4.47e-10 s                 ; Yes                       ; Yes                       ;
; oALUOut[26]   ; 2.5 V        ; 0 s                 ; 0 s                 ; 2.32 V                       ; 4.67e-07 V                   ; 2.35 V              ; -0.00942 V          ; 0.116 V                              ; 0.033 V                              ; 6.66e-10 s                  ; 6.27e-10 s                  ; Yes                        ; Yes                        ; 2.32 V                      ; 4.67e-07 V                  ; 2.35 V             ; -0.00942 V         ; 0.116 V                             ; 0.033 V                             ; 6.66e-10 s                 ; 6.27e-10 s                 ; Yes                       ; Yes                       ;
; oALUOut[27]   ; 2.5 V        ; 0 s                 ; 0 s                 ; 2.32 V                       ; 4.67e-07 V                   ; 2.35 V              ; -0.00942 V          ; 0.116 V                              ; 0.033 V                              ; 6.66e-10 s                  ; 6.27e-10 s                  ; Yes                        ; Yes                        ; 2.32 V                      ; 4.67e-07 V                  ; 2.35 V             ; -0.00942 V         ; 0.116 V                             ; 0.033 V                             ; 6.66e-10 s                 ; 6.27e-10 s                 ; Yes                       ; Yes                       ;
; oALUOut[28]   ; 2.5 V        ; 0 s                 ; 0 s                 ; 2.32 V                       ; 4.67e-07 V                   ; 2.35 V              ; -0.00942 V          ; 0.116 V                              ; 0.033 V                              ; 6.66e-10 s                  ; 6.27e-10 s                  ; Yes                        ; Yes                        ; 2.32 V                      ; 4.67e-07 V                  ; 2.35 V             ; -0.00942 V         ; 0.116 V                             ; 0.033 V                             ; 6.66e-10 s                 ; 6.27e-10 s                 ; Yes                       ; Yes                       ;
; oALUOut[29]   ; 2.5 V        ; 0 s                 ; 0 s                 ; 2.32 V                       ; 4.67e-07 V                   ; 2.36 V              ; -0.00552 V          ; 0.11 V                               ; 0.007 V                              ; 4.54e-10 s                  ; 4.35e-10 s                  ; Yes                        ; Yes                        ; 2.32 V                      ; 4.67e-07 V                  ; 2.36 V             ; -0.00552 V         ; 0.11 V                              ; 0.007 V                             ; 4.54e-10 s                 ; 4.35e-10 s                 ; Yes                       ; Yes                       ;
; oALUOut[30]   ; 2.5 V        ; 0 s                 ; 0 s                 ; 2.32 V                       ; 4.67e-07 V                   ; 2.35 V              ; -0.00942 V          ; 0.116 V                              ; 0.033 V                              ; 6.66e-10 s                  ; 6.27e-10 s                  ; Yes                        ; Yes                        ; 2.32 V                      ; 4.67e-07 V                  ; 2.35 V             ; -0.00942 V         ; 0.116 V                             ; 0.033 V                             ; 6.66e-10 s                 ; 6.27e-10 s                 ; Yes                       ; Yes                       ;
; oALUOut[31]   ; 2.5 V        ; 0 s                 ; 0 s                 ; 2.32 V                       ; 4.67e-07 V                   ; 2.35 V              ; -0.00942 V          ; 0.116 V                              ; 0.033 V                              ; 6.66e-10 s                  ; 6.27e-10 s                  ; Yes                        ; Yes                        ; 2.32 V                      ; 4.67e-07 V                  ; 2.35 V             ; -0.00942 V         ; 0.116 V                             ; 0.033 V                             ; 6.66e-10 s                 ; 6.27e-10 s                 ; Yes                       ; Yes                       ;
; ~ALTERA_DCLK~ ; 2.5 V        ; 0 s                 ; 0 s                 ; 2.32 V                       ; 3.75e-07 V                   ; 2.35 V              ; -0.0109 V           ; 0.084 V                              ; 0.027 V                              ; 4.31e-10 s                  ; 3.61e-10 s                  ; Yes                        ; Yes                        ; 2.32 V                      ; 3.75e-07 V                  ; 2.35 V             ; -0.0109 V          ; 0.084 V                             ; 0.027 V                             ; 4.31e-10 s                 ; 3.61e-10 s                 ; Yes                       ; Yes                       ;
; ~ALTERA_nCEO~ ; 2.5 V        ; 0 s                 ; 0 s                 ; 2.32 V                       ; 6.15e-07 V                   ; 2.35 V              ; -0.00712 V          ; 0.093 V                              ; 0.02 V                               ; 6.21e-10 s                  ; 7.9e-10 s                   ; Yes                        ; Yes                        ; 2.32 V                      ; 6.15e-07 V                  ; 2.35 V             ; -0.00712 V         ; 0.093 V                             ; 0.02 V                              ; 6.21e-10 s                 ; 7.9e-10 s                  ; Yes                       ; Yes                       ;
+---------------+--------------+---------------------+---------------------+------------------------------+------------------------------+---------------------+---------------------+--------------------------------------+--------------------------------------+-----------------------------+-----------------------------+----------------------------+----------------------------+-----------------------------+-----------------------------+--------------------+--------------------+-------------------------------------+-------------------------------------+----------------------------+----------------------------+---------------------------+---------------------------+


+--------------------------------------------------------------------------------------------------------------------------------------------------------------------------------------------------------------------------------------------------------------------------------------------------------------------------------------------------------------------------------------------------------------------------------------------------------------------------------------------------------------------------------------------------------------------------------------------------------------------------------------------------------------------------------------------+
; Signal Integrity Metrics (Fast 1200mv 0c Model)                                                                                                                                                                                                                                                                                                                                                                                                                                                                                                                                                                                                                                            ;
+---------------+--------------+---------------------+---------------------+------------------------------+------------------------------+---------------------+---------------------+--------------------------------------+--------------------------------------+-----------------------------+-----------------------------+----------------------------+----------------------------+-----------------------------+-----------------------------+--------------------+--------------------+-------------------------------------+-------------------------------------+----------------------------+----------------------------+---------------------------+---------------------------+
; Pin           ; I/O Standard ; Board Delay on Rise ; Board Delay on Fall ; Steady State Voh at FPGA Pin ; Steady State Vol at FPGA Pin ; Voh Max at FPGA Pin ; Vol Min at FPGA Pin ; Ringback Voltage on Rise at FPGA Pin ; Ringback Voltage on Fall at FPGA Pin ; 10-90 Rise Time at FPGA Pin ; 90-10 Fall Time at FPGA Pin ; Monotonic Rise at FPGA Pin ; Monotonic Fall at FPGA Pin ; Steady State Voh at Far-end ; Steady State Vol at Far-end ; Voh Max at Far-end ; Vol Min at Far-end ; Ringback Voltage on Rise at Far-end ; Ringback Voltage on Fall at Far-end ; 10-90 Rise Time at Far-end ; 90-10 Fall Time at Far-end ; Monotonic Rise at Far-end ; Monotonic Fall at Far-end ;
+---------------+--------------+---------------------+---------------------+------------------------------+------------------------------+---------------------+---------------------+--------------------------------------+--------------------------------------+-----------------------------+-----------------------------+----------------------------+----------------------------+-----------------------------+-----------------------------+--------------------+--------------------+-------------------------------------+-------------------------------------+----------------------------+----------------------------+---------------------------+---------------------------+
; oALUOut[0]    ; 2.5 V        ; 0 s                 ; 0 s                 ; 2.62 V                       ; 2.74e-08 V                   ; 2.71 V              ; -0.0317 V           ; 0.148 V                              ; 0.064 V                              ; 4.51e-10 s                  ; 4.15e-10 s                  ; No                         ; Yes                        ; 2.62 V                      ; 2.74e-08 V                  ; 2.71 V             ; -0.0317 V          ; 0.148 V                             ; 0.064 V                             ; 4.51e-10 s                 ; 4.15e-10 s                 ; No                        ; Yes                       ;
; oALUOut[1]    ; 2.5 V        ; 0 s                 ; 0 s                 ; 2.62 V                       ; 2.74e-08 V                   ; 2.64 V              ; -0.0117 V           ; 0.202 V                              ; 0.176 V                              ; 2.38e-09 s                  ; 2.22e-09 s                  ; No                         ; Yes                        ; 2.62 V                      ; 2.74e-08 V                  ; 2.64 V             ; -0.0117 V          ; 0.202 V                             ; 0.176 V                             ; 2.38e-09 s                 ; 2.22e-09 s                 ; No                        ; Yes                       ;
; oALUOut[2]    ; 2.5 V        ; 0 s                 ; 0 s                 ; 2.62 V                       ; 2.74e-08 V                   ; 2.71 V              ; -0.0317 V           ; 0.148 V                              ; 0.064 V                              ; 4.51e-10 s                  ; 4.15e-10 s                  ; No                         ; Yes                        ; 2.62 V                      ; 2.74e-08 V                  ; 2.71 V             ; -0.0317 V          ; 0.148 V                             ; 0.064 V                             ; 4.51e-10 s                 ; 4.15e-10 s                 ; No                        ; Yes                       ;
; oALUOut[3]    ; 2.5 V        ; 0 s                 ; 0 s                 ; 2.62 V                       ; 2.74e-08 V                   ; 2.71 V              ; -0.0317 V           ; 0.148 V                              ; 0.064 V                              ; 4.51e-10 s                  ; 4.15e-10 s                  ; No                         ; Yes                        ; 2.62 V                      ; 2.74e-08 V                  ; 2.71 V             ; -0.0317 V          ; 0.148 V                             ; 0.064 V                             ; 4.51e-10 s                 ; 4.15e-10 s                 ; No                        ; Yes                       ;
; oALUOut[4]    ; 2.5 V        ; 0 s                 ; 0 s                 ; 2.62 V                       ; 2.74e-08 V                   ; 2.71 V              ; -0.0317 V           ; 0.148 V                              ; 0.064 V                              ; 4.51e-10 s                  ; 4.15e-10 s                  ; No                         ; Yes                        ; 2.62 V                      ; 2.74e-08 V                  ; 2.71 V             ; -0.0317 V          ; 0.148 V                             ; 0.064 V                             ; 4.51e-10 s                 ; 4.15e-10 s                 ; No                        ; Yes                       ;
; oALUOut[5]    ; 2.5 V        ; 0 s                 ; 0 s                 ; 2.62 V                       ; 2.74e-08 V                   ; 2.71 V              ; -0.0317 V           ; 0.148 V                              ; 0.064 V                              ; 4.51e-10 s                  ; 4.15e-10 s                  ; No                         ; Yes                        ; 2.62 V                      ; 2.74e-08 V                  ; 2.71 V             ; -0.0317 V          ; 0.148 V                             ; 0.064 V                             ; 4.51e-10 s                 ; 4.15e-10 s                 ; No                        ; Yes                       ;
; oALUOut[6]    ; 2.5 V        ; 0 s                 ; 0 s                 ; 2.62 V                       ; 2.74e-08 V                   ; 2.71 V              ; -0.0317 V           ; 0.148 V                              ; 0.064 V                              ; 4.51e-10 s                  ; 4.15e-10 s                  ; No                         ; Yes                        ; 2.62 V                      ; 2.74e-08 V                  ; 2.71 V             ; -0.0317 V          ; 0.148 V                             ; 0.064 V                             ; 4.51e-10 s                 ; 4.15e-10 s                 ; No                        ; Yes                       ;
; oALUOut[7]    ; 2.5 V        ; 0 s                 ; 0 s                 ; 2.62 V                       ; 2.74e-08 V                   ; 2.71 V              ; -0.0317 V           ; 0.148 V                              ; 0.064 V                              ; 4.51e-10 s                  ; 4.15e-10 s                  ; No                         ; Yes                        ; 2.62 V                      ; 2.74e-08 V                  ; 2.71 V             ; -0.0317 V          ; 0.148 V                             ; 0.064 V                             ; 4.51e-10 s                 ; 4.15e-10 s                 ; No                        ; Yes                       ;
; oALUOut[8]    ; 2.5 V        ; 0 s                 ; 0 s                 ; 2.62 V                       ; 2.74e-08 V                   ; 2.71 V              ; -0.0317 V           ; 0.148 V                              ; 0.064 V                              ; 4.51e-10 s                  ; 4.15e-10 s                  ; No                         ; Yes                        ; 2.62 V                      ; 2.74e-08 V                  ; 2.71 V             ; -0.0317 V          ; 0.148 V                             ; 0.064 V                             ; 4.51e-10 s                 ; 4.15e-10 s                 ; No                        ; Yes                       ;
; oALUOut[9]    ; 2.5 V        ; 0 s                 ; 0 s                 ; 2.62 V                       ; 2.74e-08 V                   ; 2.71 V              ; -0.0317 V           ; 0.148 V                              ; 0.064 V                              ; 4.51e-10 s                  ; 4.15e-10 s                  ; No                         ; Yes                        ; 2.62 V                      ; 2.74e-08 V                  ; 2.71 V             ; -0.0317 V          ; 0.148 V                             ; 0.064 V                             ; 4.51e-10 s                 ; 4.15e-10 s                 ; No                        ; Yes                       ;
; oALUOut[10]   ; 2.5 V        ; 0 s                 ; 0 s                 ; 2.62 V                       ; 2.74e-08 V                   ; 2.71 V              ; -0.0317 V           ; 0.148 V                              ; 0.064 V                              ; 4.51e-10 s                  ; 4.15e-10 s                  ; No                         ; Yes                        ; 2.62 V                      ; 2.74e-08 V                  ; 2.71 V             ; -0.0317 V          ; 0.148 V                             ; 0.064 V                             ; 4.51e-10 s                 ; 4.15e-10 s                 ; No                        ; Yes                       ;
; oALUOut[11]   ; 2.5 V        ; 0 s                 ; 0 s                 ; 2.62 V                       ; 2.74e-08 V                   ; 2.71 V              ; -0.0317 V           ; 0.148 V                              ; 0.064 V                              ; 4.51e-10 s                  ; 4.15e-10 s                  ; No                         ; Yes                        ; 2.62 V                      ; 2.74e-08 V                  ; 2.71 V             ; -0.0317 V          ; 0.148 V                             ; 0.064 V                             ; 4.51e-10 s                 ; 4.15e-10 s                 ; No                        ; Yes                       ;
; oALUOut[12]   ; 2.5 V        ; 0 s                 ; 0 s                 ; 2.62 V                       ; 2.74e-08 V                   ; 2.71 V              ; -0.0317 V           ; 0.148 V                              ; 0.064 V                              ; 4.51e-10 s                  ; 4.15e-10 s                  ; No                         ; Yes                        ; 2.62 V                      ; 2.74e-08 V                  ; 2.71 V             ; -0.0317 V          ; 0.148 V                             ; 0.064 V                             ; 4.51e-10 s                 ; 4.15e-10 s                 ; No                        ; Yes                       ;
; oALUOut[13]   ; 2.5 V        ; 0 s                 ; 0 s                 ; 2.62 V                       ; 2.74e-08 V                   ; 2.71 V              ; -0.0317 V           ; 0.148 V                              ; 0.064 V                              ; 4.51e-10 s                  ; 4.15e-10 s                  ; No                         ; Yes                        ; 2.62 V                      ; 2.74e-08 V                  ; 2.71 V             ; -0.0317 V          ; 0.148 V                             ; 0.064 V                             ; 4.51e-10 s                 ; 4.15e-10 s                 ; No                        ; Yes                       ;
; oALUOut[14]   ; 2.5 V        ; 0 s                 ; 0 s                 ; 2.62 V                       ; 2.74e-08 V                   ; 2.71 V              ; -0.0317 V           ; 0.148 V                              ; 0.064 V                              ; 4.51e-10 s                  ; 4.15e-10 s                  ; No                         ; Yes                        ; 2.62 V                      ; 2.74e-08 V                  ; 2.71 V             ; -0.0317 V          ; 0.148 V                             ; 0.064 V                             ; 4.51e-10 s                 ; 4.15e-10 s                 ; No                        ; Yes                       ;
; oALUOut[15]   ; 2.5 V        ; 0 s                 ; 0 s                 ; 2.62 V                       ; 2.74e-08 V                   ; 2.71 V              ; -0.0317 V           ; 0.148 V                              ; 0.064 V                              ; 4.51e-10 s                  ; 4.15e-10 s                  ; No                         ; Yes                        ; 2.62 V                      ; 2.74e-08 V                  ; 2.71 V             ; -0.0317 V          ; 0.148 V                             ; 0.064 V                             ; 4.51e-10 s                 ; 4.15e-10 s                 ; No                        ; Yes                       ;
; oALUOut[16]   ; 2.5 V        ; 0 s                 ; 0 s                 ; 2.62 V                       ; 2.74e-08 V                   ; 2.71 V              ; -0.0317 V           ; 0.148 V                              ; 0.064 V                              ; 4.51e-10 s                  ; 4.15e-10 s                  ; No                         ; Yes                        ; 2.62 V                      ; 2.74e-08 V                  ; 2.71 V             ; -0.0317 V          ; 0.148 V                             ; 0.064 V                             ; 4.51e-10 s                 ; 4.15e-10 s                 ; No                        ; Yes                       ;
; oALUOut[17]   ; 2.5 V        ; 0 s                 ; 0 s                 ; 2.62 V                       ; 2.74e-08 V                   ; 2.71 V              ; -0.0317 V           ; 0.148 V                              ; 0.064 V                              ; 4.51e-10 s                  ; 4.15e-10 s                  ; No                         ; Yes                        ; 2.62 V                      ; 2.74e-08 V                  ; 2.71 V             ; -0.0317 V          ; 0.148 V                             ; 0.064 V                             ; 4.51e-10 s                 ; 4.15e-10 s                 ; No                        ; Yes                       ;
; oALUOut[18]   ; 2.5 V        ; 0 s                 ; 0 s                 ; 2.62 V                       ; 2.74e-08 V                   ; 2.71 V              ; -0.0317 V           ; 0.148 V                              ; 0.064 V                              ; 4.51e-10 s                  ; 4.15e-10 s                  ; No                         ; Yes                        ; 2.62 V                      ; 2.74e-08 V                  ; 2.71 V             ; -0.0317 V          ; 0.148 V                             ; 0.064 V                             ; 4.51e-10 s                 ; 4.15e-10 s                 ; No                        ; Yes                       ;
; oALUOut[19]   ; 2.5 V        ; 0 s                 ; 0 s                 ; 2.62 V                       ; 2.74e-08 V                   ; 2.71 V              ; -0.0317 V           ; 0.148 V                              ; 0.064 V                              ; 4.51e-10 s                  ; 4.15e-10 s                  ; No                         ; Yes                        ; 2.62 V                      ; 2.74e-08 V                  ; 2.71 V             ; -0.0317 V          ; 0.148 V                             ; 0.064 V                             ; 4.51e-10 s                 ; 4.15e-10 s                 ; No                        ; Yes                       ;
; oALUOut[20]   ; 2.5 V        ; 0 s                 ; 0 s                 ; 2.62 V                       ; 2.74e-08 V                   ; 2.73 V              ; -0.0384 V           ; 0.169 V                              ; 0.089 V                              ; 2.7e-10 s                   ; 2.62e-10 s                  ; Yes                        ; Yes                        ; 2.62 V                      ; 2.74e-08 V                  ; 2.73 V             ; -0.0384 V          ; 0.169 V                             ; 0.089 V                             ; 2.7e-10 s                  ; 2.62e-10 s                 ; Yes                       ; Yes                       ;
; oALUOut[21]   ; 2.5 V        ; 0 s                 ; 0 s                 ; 2.62 V                       ; 2.74e-08 V                   ; 2.71 V              ; -0.0317 V           ; 0.148 V                              ; 0.064 V                              ; 4.51e-10 s                  ; 4.15e-10 s                  ; No                         ; Yes                        ; 2.62 V                      ; 2.74e-08 V                  ; 2.71 V             ; -0.0317 V          ; 0.148 V                             ; 0.064 V                             ; 4.51e-10 s                 ; 4.15e-10 s                 ; No                        ; Yes                       ;
; oALUOut[22]   ; 2.5 V        ; 0 s                 ; 0 s                 ; 2.62 V                       ; 2.74e-08 V                   ; 2.64 V              ; -0.0117 V           ; 0.202 V                              ; 0.176 V                              ; 2.38e-09 s                  ; 2.22e-09 s                  ; No                         ; Yes                        ; 2.62 V                      ; 2.74e-08 V                  ; 2.64 V             ; -0.0117 V          ; 0.202 V                             ; 0.176 V                             ; 2.38e-09 s                 ; 2.22e-09 s                 ; No                        ; Yes                       ;
; oALUOut[23]   ; 2.5 V        ; 0 s                 ; 0 s                 ; 2.62 V                       ; 2.74e-08 V                   ; 2.71 V              ; -0.0317 V           ; 0.148 V                              ; 0.064 V                              ; 4.51e-10 s                  ; 4.15e-10 s                  ; No                         ; Yes                        ; 2.62 V                      ; 2.74e-08 V                  ; 2.71 V             ; -0.0317 V          ; 0.148 V                             ; 0.064 V                             ; 4.51e-10 s                 ; 4.15e-10 s                 ; No                        ; Yes                       ;
; oALUOut[24]   ; 2.5 V        ; 0 s                 ; 0 s                 ; 2.62 V                       ; 2.74e-08 V                   ; 2.71 V              ; -0.0317 V           ; 0.148 V                              ; 0.064 V                              ; 4.51e-10 s                  ; 4.15e-10 s                  ; No                         ; Yes                        ; 2.62 V                      ; 2.74e-08 V                  ; 2.71 V             ; -0.0317 V          ; 0.148 V                             ; 0.064 V                             ; 4.51e-10 s                 ; 4.15e-10 s                 ; No                        ; Yes                       ;
; oALUOut[25]   ; 2.5 V        ; 0 s                 ; 0 s                 ; 2.62 V                       ; 4.05e-08 V                   ; 2.72 V              ; -0.0349 V           ; 0.173 V                              ; 0.1 V                                ; 2.72e-10 s                  ; 2.69e-10 s                  ; Yes                        ; Yes                        ; 2.62 V                      ; 4.05e-08 V                  ; 2.72 V             ; -0.0349 V          ; 0.173 V                             ; 0.1 V                               ; 2.72e-10 s                 ; 2.69e-10 s                 ; Yes                       ; Yes                       ;
; oALUOut[26]   ; 2.5 V        ; 0 s                 ; 0 s                 ; 2.62 V                       ; 2.74e-08 V                   ; 2.71 V              ; -0.0317 V           ; 0.148 V                              ; 0.064 V                              ; 4.51e-10 s                  ; 4.15e-10 s                  ; No                         ; Yes                        ; 2.62 V                      ; 2.74e-08 V                  ; 2.71 V             ; -0.0317 V          ; 0.148 V                             ; 0.064 V                             ; 4.51e-10 s                 ; 4.15e-10 s                 ; No                        ; Yes                       ;
; oALUOut[27]   ; 2.5 V        ; 0 s                 ; 0 s                 ; 2.62 V                       ; 2.74e-08 V                   ; 2.71 V              ; -0.0317 V           ; 0.148 V                              ; 0.064 V                              ; 4.51e-10 s                  ; 4.15e-10 s                  ; No                         ; Yes                        ; 2.62 V                      ; 2.74e-08 V                  ; 2.71 V             ; -0.0317 V          ; 0.148 V                             ; 0.064 V                             ; 4.51e-10 s                 ; 4.15e-10 s                 ; No                        ; Yes                       ;
; oALUOut[28]   ; 2.5 V        ; 0 s                 ; 0 s                 ; 2.62 V                       ; 2.74e-08 V                   ; 2.71 V              ; -0.0317 V           ; 0.148 V                              ; 0.064 V                              ; 4.51e-10 s                  ; 4.15e-10 s                  ; No                         ; Yes                        ; 2.62 V                      ; 2.74e-08 V                  ; 2.71 V             ; -0.0317 V          ; 0.148 V                             ; 0.064 V                             ; 4.51e-10 s                 ; 4.15e-10 s                 ; No                        ; Yes                       ;
; oALUOut[29]   ; 2.5 V        ; 0 s                 ; 0 s                 ; 2.62 V                       ; 2.74e-08 V                   ; 2.73 V              ; -0.0384 V           ; 0.169 V                              ; 0.089 V                              ; 2.7e-10 s                   ; 2.62e-10 s                  ; Yes                        ; Yes                        ; 2.62 V                      ; 2.74e-08 V                  ; 2.73 V             ; -0.0384 V          ; 0.169 V                             ; 0.089 V                             ; 2.7e-10 s                  ; 2.62e-10 s                 ; Yes                       ; Yes                       ;
; oALUOut[30]   ; 2.5 V        ; 0 s                 ; 0 s                 ; 2.62 V                       ; 2.74e-08 V                   ; 2.71 V              ; -0.0317 V           ; 0.148 V                              ; 0.064 V                              ; 4.51e-10 s                  ; 4.15e-10 s                  ; No                         ; Yes                        ; 2.62 V                      ; 2.74e-08 V                  ; 2.71 V             ; -0.0317 V          ; 0.148 V                             ; 0.064 V                             ; 4.51e-10 s                 ; 4.15e-10 s                 ; No                        ; Yes                       ;
; oALUOut[31]   ; 2.5 V        ; 0 s                 ; 0 s                 ; 2.62 V                       ; 2.74e-08 V                   ; 2.71 V              ; -0.0317 V           ; 0.148 V                              ; 0.064 V                              ; 4.51e-10 s                  ; 4.15e-10 s                  ; No                         ; Yes                        ; 2.62 V                      ; 2.74e-08 V                  ; 2.71 V             ; -0.0317 V          ; 0.148 V                             ; 0.064 V                             ; 4.51e-10 s                 ; 4.15e-10 s                 ; No                        ; Yes                       ;
; ~ALTERA_DCLK~ ; 2.5 V        ; 0 s                 ; 0 s                 ; 2.62 V                       ; 2.22e-08 V                   ; 2.74 V              ; -0.06 V             ; 0.158 V                              ; 0.08 V                               ; 2.68e-10 s                  ; 2.19e-10 s                  ; Yes                        ; Yes                        ; 2.62 V                      ; 2.22e-08 V                  ; 2.74 V             ; -0.06 V            ; 0.158 V                             ; 0.08 V                              ; 2.68e-10 s                 ; 2.19e-10 s                 ; Yes                       ; Yes                       ;
; ~ALTERA_nCEO~ ; 2.5 V        ; 0 s                 ; 0 s                 ; 2.62 V                       ; 3.54e-08 V                   ; 2.7 V               ; -0.00943 V          ; 0.276 V                              ; 0.035 V                              ; 3.19e-10 s                  ; 4.99e-10 s                  ; No                         ; Yes                        ; 2.62 V                      ; 3.54e-08 V                  ; 2.7 V              ; -0.00943 V         ; 0.276 V                             ; 0.035 V                             ; 3.19e-10 s                 ; 4.99e-10 s                 ; No                        ; Yes                       ;
+---------------+--------------+---------------------+---------------------+------------------------------+------------------------------+---------------------+---------------------+--------------------------------------+--------------------------------------+-----------------------------+-----------------------------+----------------------------+----------------------------+-----------------------------+-----------------------------+--------------------+--------------------+-------------------------------------+-------------------------------------+----------------------------+----------------------------+---------------------------+---------------------------+


+-------------------------------------------------------------------+
; Setup Transfers                                                   ;
+------------+----------+----------+----------+----------+----------+
; From Clock ; To Clock ; RR Paths ; FR Paths ; RF Paths ; FF Paths ;
+------------+----------+----------+----------+----------+----------+
; iCLK       ; iCLK     ; 2428808  ; 790531   ; 25203    ; 0        ;
+------------+----------+----------+----------+----------+----------+
Entries labeled "false path" only account for clock-to-clock false paths and not path-based false paths. As a result, actual path counts may be lower than reported.


+-------------------------------------------------------------------+
; Hold Transfers                                                    ;
+------------+----------+----------+----------+----------+----------+
; From Clock ; To Clock ; RR Paths ; FR Paths ; RF Paths ; FF Paths ;
+------------+----------+----------+----------+----------+----------+
; iCLK       ; iCLK     ; 2428808  ; 790531   ; 25203    ; 0        ;
+------------+----------+----------+----------+----------+----------+
Entries labeled "false path" only account for clock-to-clock false paths and not path-based false paths. As a result, actual path counts may be lower than reported.


---------------
; Report TCCS ;
---------------
No dedicated SERDES Transmitter circuitry present in device or used in design


---------------
; Report RSKM ;
---------------
No non-DPA dedicated SERDES Receiver circuitry present in device or used in design


+---------------------------------------------------+
; Unconstrained Paths Summary                       ;
+---------------------------------+--------+--------+
; Property                        ; Setup  ; Hold   ;
+---------------------------------+--------+--------+
; Illegal Clocks                  ; 0      ; 0      ;
; Unconstrained Clocks            ; 0      ; 0      ;
; Unconstrained Input Ports       ; 44     ; 44     ;
; Unconstrained Input Port Paths  ; 395057 ; 395057 ;
; Unconstrained Output Ports      ; 32     ; 32     ;
; Unconstrained Output Port Paths ; 8586   ; 8586   ;
+---------------------------------+--------+--------+


+-------------------------------------+
; Clock Status Summary                ;
+--------+-------+------+-------------+
; Target ; Clock ; Type ; Status      ;
+--------+-------+------+-------------+
; iCLK   ; iCLK  ; Base ; Constrained ;
+--------+-------+------+-------------+


+------------------------------------------------------------------------------------------------------+
; Unconstrained Input Ports                                                                            ;
+---------------+--------------------------------------------------------------------------------------+
; Input Port    ; Comment                                                                              ;
+---------------+--------------------------------------------------------------------------------------+
; iInstAddr[2]  ; No input delay, min/max delays, false-path exceptions, or max skew assignments found ;
; iInstAddr[3]  ; No input delay, min/max delays, false-path exceptions, or max skew assignments found ;
; iInstAddr[4]  ; No input delay, min/max delays, false-path exceptions, or max skew assignments found ;
; iInstAddr[5]  ; No input delay, min/max delays, false-path exceptions, or max skew assignments found ;
; iInstAddr[6]  ; No input delay, min/max delays, false-path exceptions, or max skew assignments found ;
; iInstAddr[7]  ; No input delay, min/max delays, false-path exceptions, or max skew assignments found ;
; iInstAddr[8]  ; No input delay, min/max delays, false-path exceptions, or max skew assignments found ;
; iInstAddr[9]  ; No input delay, min/max delays, false-path exceptions, or max skew assignments found ;
; iInstAddr[10] ; No input delay, min/max delays, false-path exceptions, or max skew assignments found ;
; iInstAddr[11] ; No input delay, min/max delays, false-path exceptions, or max skew assignments found ;
; iInstExt[0]   ; No input delay, min/max delays, false-path exceptions, or max skew assignments found ;
; iInstExt[1]   ; No input delay, min/max delays, false-path exceptions, or max skew assignments found ;
; iInstExt[2]   ; No input delay, min/max delays, false-path exceptions, or max skew assignments found ;
; iInstExt[3]   ; No input delay, min/max delays, false-path exceptions, or max skew assignments found ;
; iInstExt[4]   ; No input delay, min/max delays, false-path exceptions, or max skew assignments found ;
; iInstExt[5]   ; No input delay, min/max delays, false-path exceptions, or max skew assignments found ;
; iInstExt[6]   ; No input delay, min/max delays, false-path exceptions, or max skew assignments found ;
; iInstExt[7]   ; No input delay, min/max delays, false-path exceptions, or max skew assignments found ;
; iInstExt[8]   ; No input delay, min/max delays, false-path exceptions, or max skew assignments found ;
; iInstExt[9]   ; No input delay, min/max delays, false-path exceptions, or max skew assignments found ;
; iInstExt[10]  ; No input delay, min/max delays, false-path exceptions, or max skew assignments found ;
; iInstExt[11]  ; No input delay, min/max delays, false-path exceptions, or max skew assignments found ;
; iInstExt[12]  ; No input delay, min/max delays, false-path exceptions, or max skew assignments found ;
; iInstExt[13]  ; No input delay, min/max delays, false-path exceptions, or max skew assignments found ;
; iInstExt[14]  ; No input delay, min/max delays, false-path exceptions, or max skew assignments found ;
; iInstExt[15]  ; No input delay, min/max delays, false-path exceptions, or max skew assignments found ;
; iInstExt[16]  ; No input delay, min/max delays, false-path exceptions, or max skew assignments found ;
; iInstExt[17]  ; No input delay, min/max delays, false-path exceptions, or max skew assignments found ;
; iInstExt[18]  ; No input delay, min/max delays, false-path exceptions, or max skew assignments found ;
; iInstExt[19]  ; No input delay, min/max delays, false-path exceptions, or max skew assignments found ;
; iInstExt[20]  ; No input delay, min/max delays, false-path exceptions, or max skew assignments found ;
; iInstExt[21]  ; No input delay, min/max delays, false-path exceptions, or max skew assignments found ;
; iInstExt[22]  ; No input delay, min/max delays, false-path exceptions, or max skew assignments found ;
; iInstExt[23]  ; No input delay, min/max delays, false-path exceptions, or max skew assignments found ;
; iInstExt[24]  ; No input delay, min/max delays, false-path exceptions, or max skew assignments found ;
; iInstExt[25]  ; No input delay, min/max delays, false-path exceptions, or max skew assignments found ;
; iInstExt[26]  ; No input delay, min/max delays, false-path exceptions, or max skew assignments found ;
; iInstExt[27]  ; No input delay, min/max delays, false-path exceptions, or max skew assignments found ;
; iInstExt[28]  ; No input delay, min/max delays, false-path exceptions, or max skew assignments found ;
; iInstExt[29]  ; No input delay, min/max delays, false-path exceptions, or max skew assignments found ;
; iInstExt[30]  ; No input delay, min/max delays, false-path exceptions, or max skew assignments found ;
; iInstExt[31]  ; No input delay, min/max delays, false-path exceptions, or max skew assignments found ;
; iInstLd       ; No input delay, min/max delays, false-path exceptions, or max skew assignments found ;
; iRST          ; No input delay, min/max delays, false-path exceptions, or max skew assignments found ;
+---------------+--------------------------------------------------------------------------------------+


+-----------------------------------------------------------------------------------------------------+
; Unconstrained Output Ports                                                                          ;
+-------------+---------------------------------------------------------------------------------------+
; Output Port ; Comment                                                                               ;
+-------------+---------------------------------------------------------------------------------------+
; oALUOut[0]  ; No output delay, min/max delays, false-path exceptions, or max skew assignments found ;
; oALUOut[1]  ; No output delay, min/max delays, false-path exceptions, or max skew assignments found ;
; oALUOut[2]  ; No output delay, min/max delays, false-path exceptions, or max skew assignments found ;
; oALUOut[3]  ; No output delay, min/max delays, false-path exceptions, or max skew assignments found ;
; oALUOut[4]  ; No output delay, min/max delays, false-path exceptions, or max skew assignments found ;
; oALUOut[5]  ; No output delay, min/max delays, false-path exceptions, or max skew assignments found ;
; oALUOut[6]  ; No output delay, min/max delays, false-path exceptions, or max skew assignments found ;
; oALUOut[7]  ; No output delay, min/max delays, false-path exceptions, or max skew assignments found ;
; oALUOut[8]  ; No output delay, min/max delays, false-path exceptions, or max skew assignments found ;
; oALUOut[9]  ; No output delay, min/max delays, false-path exceptions, or max skew assignments found ;
; oALUOut[10] ; No output delay, min/max delays, false-path exceptions, or max skew assignments found ;
; oALUOut[11] ; No output delay, min/max delays, false-path exceptions, or max skew assignments found ;
; oALUOut[12] ; No output delay, min/max delays, false-path exceptions, or max skew assignments found ;
; oALUOut[13] ; No output delay, min/max delays, false-path exceptions, or max skew assignments found ;
; oALUOut[14] ; No output delay, min/max delays, false-path exceptions, or max skew assignments found ;
; oALUOut[15] ; No output delay, min/max delays, false-path exceptions, or max skew assignments found ;
; oALUOut[16] ; No output delay, min/max delays, false-path exceptions, or max skew assignments found ;
; oALUOut[17] ; No output delay, min/max delays, false-path exceptions, or max skew assignments found ;
; oALUOut[18] ; No output delay, min/max delays, false-path exceptions, or max skew assignments found ;
; oALUOut[19] ; No output delay, min/max delays, false-path exceptions, or max skew assignments found ;
; oALUOut[20] ; No output delay, min/max delays, false-path exceptions, or max skew assignments found ;
; oALUOut[21] ; No output delay, min/max delays, false-path exceptions, or max skew assignments found ;
; oALUOut[22] ; No output delay, min/max delays, false-path exceptions, or max skew assignments found ;
; oALUOut[23] ; No output delay, min/max delays, false-path exceptions, or max skew assignments found ;
; oALUOut[24] ; No output delay, min/max delays, false-path exceptions, or max skew assignments found ;
; oALUOut[25] ; No output delay, min/max delays, false-path exceptions, or max skew assignments found ;
; oALUOut[26] ; No output delay, min/max delays, false-path exceptions, or max skew assignments found ;
; oALUOut[27] ; No output delay, min/max delays, false-path exceptions, or max skew assignments found ;
; oALUOut[28] ; No output delay, min/max delays, false-path exceptions, or max skew assignments found ;
; oALUOut[29] ; No output delay, min/max delays, false-path exceptions, or max skew assignments found ;
; oALUOut[30] ; No output delay, min/max delays, false-path exceptions, or max skew assignments found ;
; oALUOut[31] ; No output delay, min/max delays, false-path exceptions, or max skew assignments found ;
+-------------+---------------------------------------------------------------------------------------+


+------------------------------------------------------------------------------------------------------+
; Unconstrained Input Ports                                                                            ;
+---------------+--------------------------------------------------------------------------------------+
; Input Port    ; Comment                                                                              ;
+---------------+--------------------------------------------------------------------------------------+
; iInstAddr[2]  ; No input delay, min/max delays, false-path exceptions, or max skew assignments found ;
; iInstAddr[3]  ; No input delay, min/max delays, false-path exceptions, or max skew assignments found ;
; iInstAddr[4]  ; No input delay, min/max delays, false-path exceptions, or max skew assignments found ;
; iInstAddr[5]  ; No input delay, min/max delays, false-path exceptions, or max skew assignments found ;
; iInstAddr[6]  ; No input delay, min/max delays, false-path exceptions, or max skew assignments found ;
; iInstAddr[7]  ; No input delay, min/max delays, false-path exceptions, or max skew assignments found ;
; iInstAddr[8]  ; No input delay, min/max delays, false-path exceptions, or max skew assignments found ;
; iInstAddr[9]  ; No input delay, min/max delays, false-path exceptions, or max skew assignments found ;
; iInstAddr[10] ; No input delay, min/max delays, false-path exceptions, or max skew assignments found ;
; iInstAddr[11] ; No input delay, min/max delays, false-path exceptions, or max skew assignments found ;
; iInstExt[0]   ; No input delay, min/max delays, false-path exceptions, or max skew assignments found ;
; iInstExt[1]   ; No input delay, min/max delays, false-path exceptions, or max skew assignments found ;
; iInstExt[2]   ; No input delay, min/max delays, false-path exceptions, or max skew assignments found ;
; iInstExt[3]   ; No input delay, min/max delays, false-path exceptions, or max skew assignments found ;
; iInstExt[4]   ; No input delay, min/max delays, false-path exceptions, or max skew assignments found ;
; iInstExt[5]   ; No input delay, min/max delays, false-path exceptions, or max skew assignments found ;
; iInstExt[6]   ; No input delay, min/max delays, false-path exceptions, or max skew assignments found ;
; iInstExt[7]   ; No input delay, min/max delays, false-path exceptions, or max skew assignments found ;
; iInstExt[8]   ; No input delay, min/max delays, false-path exceptions, or max skew assignments found ;
; iInstExt[9]   ; No input delay, min/max delays, false-path exceptions, or max skew assignments found ;
; iInstExt[10]  ; No input delay, min/max delays, false-path exceptions, or max skew assignments found ;
; iInstExt[11]  ; No input delay, min/max delays, false-path exceptions, or max skew assignments found ;
; iInstExt[12]  ; No input delay, min/max delays, false-path exceptions, or max skew assignments found ;
; iInstExt[13]  ; No input delay, min/max delays, false-path exceptions, or max skew assignments found ;
; iInstExt[14]  ; No input delay, min/max delays, false-path exceptions, or max skew assignments found ;
; iInstExt[15]  ; No input delay, min/max delays, false-path exceptions, or max skew assignments found ;
; iInstExt[16]  ; No input delay, min/max delays, false-path exceptions, or max skew assignments found ;
; iInstExt[17]  ; No input delay, min/max delays, false-path exceptions, or max skew assignments found ;
; iInstExt[18]  ; No input delay, min/max delays, false-path exceptions, or max skew assignments found ;
; iInstExt[19]  ; No input delay, min/max delays, false-path exceptions, or max skew assignments found ;
; iInstExt[20]  ; No input delay, min/max delays, false-path exceptions, or max skew assignments found ;
; iInstExt[21]  ; No input delay, min/max delays, false-path exceptions, or max skew assignments found ;
; iInstExt[22]  ; No input delay, min/max delays, false-path exceptions, or max skew assignments found ;
; iInstExt[23]  ; No input delay, min/max delays, false-path exceptions, or max skew assignments found ;
; iInstExt[24]  ; No input delay, min/max delays, false-path exceptions, or max skew assignments found ;
; iInstExt[25]  ; No input delay, min/max delays, false-path exceptions, or max skew assignments found ;
; iInstExt[26]  ; No input delay, min/max delays, false-path exceptions, or max skew assignments found ;
; iInstExt[27]  ; No input delay, min/max delays, false-path exceptions, or max skew assignments found ;
; iInstExt[28]  ; No input delay, min/max delays, false-path exceptions, or max skew assignments found ;
; iInstExt[29]  ; No input delay, min/max delays, false-path exceptions, or max skew assignments found ;
; iInstExt[30]  ; No input delay, min/max delays, false-path exceptions, or max skew assignments found ;
; iInstExt[31]  ; No input delay, min/max delays, false-path exceptions, or max skew assignments found ;
; iInstLd       ; No input delay, min/max delays, false-path exceptions, or max skew assignments found ;
; iRST          ; No input delay, min/max delays, false-path exceptions, or max skew assignments found ;
+---------------+--------------------------------------------------------------------------------------+


+-----------------------------------------------------------------------------------------------------+
; Unconstrained Output Ports                                                                          ;
+-------------+---------------------------------------------------------------------------------------+
; Output Port ; Comment                                                                               ;
+-------------+---------------------------------------------------------------------------------------+
; oALUOut[0]  ; No output delay, min/max delays, false-path exceptions, or max skew assignments found ;
; oALUOut[1]  ; No output delay, min/max delays, false-path exceptions, or max skew assignments found ;
; oALUOut[2]  ; No output delay, min/max delays, false-path exceptions, or max skew assignments found ;
; oALUOut[3]  ; No output delay, min/max delays, false-path exceptions, or max skew assignments found ;
; oALUOut[4]  ; No output delay, min/max delays, false-path exceptions, or max skew assignments found ;
; oALUOut[5]  ; No output delay, min/max delays, false-path exceptions, or max skew assignments found ;
; oALUOut[6]  ; No output delay, min/max delays, false-path exceptions, or max skew assignments found ;
; oALUOut[7]  ; No output delay, min/max delays, false-path exceptions, or max skew assignments found ;
; oALUOut[8]  ; No output delay, min/max delays, false-path exceptions, or max skew assignments found ;
; oALUOut[9]  ; No output delay, min/max delays, false-path exceptions, or max skew assignments found ;
; oALUOut[10] ; No output delay, min/max delays, false-path exceptions, or max skew assignments found ;
; oALUOut[11] ; No output delay, min/max delays, false-path exceptions, or max skew assignments found ;
; oALUOut[12] ; No output delay, min/max delays, false-path exceptions, or max skew assignments found ;
; oALUOut[13] ; No output delay, min/max delays, false-path exceptions, or max skew assignments found ;
; oALUOut[14] ; No output delay, min/max delays, false-path exceptions, or max skew assignments found ;
; oALUOut[15] ; No output delay, min/max delays, false-path exceptions, or max skew assignments found ;
; oALUOut[16] ; No output delay, min/max delays, false-path exceptions, or max skew assignments found ;
; oALUOut[17] ; No output delay, min/max delays, false-path exceptions, or max skew assignments found ;
; oALUOut[18] ; No output delay, min/max delays, false-path exceptions, or max skew assignments found ;
; oALUOut[19] ; No output delay, min/max delays, false-path exceptions, or max skew assignments found ;
; oALUOut[20] ; No output delay, min/max delays, false-path exceptions, or max skew assignments found ;
; oALUOut[21] ; No output delay, min/max delays, false-path exceptions, or max skew assignments found ;
; oALUOut[22] ; No output delay, min/max delays, false-path exceptions, or max skew assignments found ;
; oALUOut[23] ; No output delay, min/max delays, false-path exceptions, or max skew assignments found ;
; oALUOut[24] ; No output delay, min/max delays, false-path exceptions, or max skew assignments found ;
; oALUOut[25] ; No output delay, min/max delays, false-path exceptions, or max skew assignments found ;
; oALUOut[26] ; No output delay, min/max delays, false-path exceptions, or max skew assignments found ;
; oALUOut[27] ; No output delay, min/max delays, false-path exceptions, or max skew assignments found ;
; oALUOut[28] ; No output delay, min/max delays, false-path exceptions, or max skew assignments found ;
; oALUOut[29] ; No output delay, min/max delays, false-path exceptions, or max skew assignments found ;
; oALUOut[30] ; No output delay, min/max delays, false-path exceptions, or max skew assignments found ;
; oALUOut[31] ; No output delay, min/max delays, false-path exceptions, or max skew assignments found ;
+-------------+---------------------------------------------------------------------------------------+


+--------------------------+
; Timing Analyzer Messages ;
+--------------------------+
Info: *******************************************************************
Info: Running Quartus Prime Timing Analyzer
    Info: Version 20.1.1 Build 720 11/11/2020 SJ Standard Edition
    Info: Copyright (C) 2020  Intel Corporation. All rights reserved.
    Info: Your use of Intel Corporation's design tools, logic functions 
    Info: and other software and tools, and any partner logic 
    Info: functions, and any output files from any of the foregoing 
    Info: (including device programming or simulation files), and any 
    Info: associated documentation or information are expressly subject 
    Info: to the terms and conditions of the Intel Program License 
    Info: Subscription Agreement, the Intel Quartus Prime License Agreement,
    Info: the Intel FPGA IP License Agreement, or other applicable license
    Info: agreement, including, without limitation, that your use is for
    Info: the sole purpose of programming logic devices manufactured by
    Info: Intel and sold by Intel or its authorized distributors.  Please
    Info: refer to the applicable agreement for further details, at
    Info: https://fpgasoftware.intel.com/eula.
    Info: Processing started: Wed Dec  3 12:19:46 2025
Info: Command: quartus_sta --sdc=toolflow.sdc toolflow --do_report_timing
Info: qsta_default_script.tcl version: #1
Warning (18236): Number of processors has not been specified which may cause overloading on shared machines.  Set the global assignment NUM_PARALLEL_PROCESSORS in your QSF to an appropriate value for best performance.
Info (20030): Parallel compilation is enabled and will use 12 of the 12 processors detected
Info (21076): High junction temperature operating condition is not set. Assuming a default value of '85'.
Info (21076): Low junction temperature operating condition is not set. Assuming a default value of '0'.
Info (332104): Reading SDC File: 'toolflow.sdc'
Info: Found TIMING_ANALYZER_REPORT_SCRIPT_INCLUDE_DEFAULT_ANALYSIS = ON
Info: Analyzing Slow 1200mV 85C Model
Critical Warning (332148): Timing requirements not met
    Info (11105): For recommendations on closing timing, run Report Timing Closure Recommendations in the Timing Analyzer.
Info (332146): Worst-case setup slack is -1.405
    Info (332119):     Slack       End Point TNS Clock 
    Info (332119): ========= =================== =====================
    Info (332119):    -1.405             -69.082 iCLK 
Info (332146): Worst-case hold slack is 0.387
    Info (332119):     Slack       End Point TNS Clock 
    Info (332119): ========= =================== =====================
    Info (332119):     0.387               0.000 iCLK 
Info (332140): No Recovery paths to report
Info (332140): No Removal paths to report
Info (332146): Worst-case minimum pulse width slack is 9.625
    Info (332119):     Slack       End Point TNS Clock 
    Info (332119): ========= =================== =====================
    Info (332119):     9.625               0.000 iCLK 
Info (332115): Report Timing: Found 1 setup paths (1 violated).  Worst case slack is -1.405
    Info (332115): -to_clock [get_clocks {iCLK}]
    Info (332115): -setup
    Info (332115): -stdout
Info (332115): Path #1: Setup slack is -1.405 (VIOLATED)
    Info (332115): ===================================================================
    Info (332115): From Node    : register_file:regFile_inst|register_N_neg:\gen_registers:4:gen_other:reg_i|dffgNeg:\gen_dffg:2:dffg_inst|s_Q
    Info (332115): To Node      : IF_ID_Reg:IF_ID_inst|register_N:Instruction_reg_inst|dffg:\gen_dffg:20:dffg_inst|s_Q
    Info (332115): Launch Clock : iCLK (INVERTED)
    Info (332115): Latch Clock  : iCLK
    Info (332115): 
    Info (332115): Data Arrival Path:
    Info (332115): 
    Info (332115): Total (ns)  Incr (ns)     Type  Element
    Info (332115): ==========  ========= ==  ====  ===================================
    Info (332115):     10.000     10.000           launch edge time
    Info (332115):     13.100      3.100  F        clock network delay
    Info (332115):     13.332      0.232     uTco  register_file:regFile_inst|register_N_neg:\gen_registers:4:gen_other:reg_i|dffgNeg:\gen_dffg:2:dffg_inst|s_Q
    Info (332115):     13.332      0.000 FF  CELL  regFile_inst|\gen_registers:4:gen_other:reg_i|\gen_dffg:2:dffg_inst|s_Q|q
    Info (332115):     13.728      0.396 FF    IC  regFile_inst|mux|Mux29~12|dataa
    Info (332115):     14.132      0.404 FF  CELL  regFile_inst|mux|Mux29~12|combout
    Info (332115):     14.360      0.228 FF    IC  regFile_inst|mux|Mux29~13|datad
    Info (332115):     14.510      0.150 FR  CELL  regFile_inst|mux|Mux29~13|combout
    Info (332115):     15.175      0.665 RR    IC  regFile_inst|mux|Mux29~14|datad
    Info (332115):     15.330      0.155 RR  CELL  regFile_inst|mux|Mux29~14|combout
    Info (332115):     15.534      0.204 RR    IC  regFile_inst|mux|Mux29~15|datad
    Info (332115):     15.689      0.155 RR  CELL  regFile_inst|mux|Mux29~15|combout
    Info (332115):     16.722      1.033 RR    IC  regFile_inst|mux|Mux29~16|datad
    Info (332115):     16.877      0.155 RR  CELL  regFile_inst|mux|Mux29~16|combout
    Info (332115):     17.082      0.205 RR    IC  regFile_inst|mux|Mux29~19|datad
    Info (332115):     17.221      0.139 RF  CELL  regFile_inst|mux|Mux29~19|combout
    Info (332115):     18.229      1.008 FF    IC  regFile_inst|LessThan2~5|dataa
    Info (332115):     18.727      0.498 FR  CELL  regFile_inst|LessThan2~5|cout
    Info (332115):     18.727      0.000 RR    IC  regFile_inst|LessThan2~7|cin
    Info (332115):     18.793      0.066 RF  CELL  regFile_inst|LessThan2~7|cout
    Info (332115):     18.793      0.000 FF    IC  regFile_inst|LessThan2~9|cin
    Info (332115):     18.859      0.066 FR  CELL  regFile_inst|LessThan2~9|cout
    Info (332115):     18.859      0.000 RR    IC  regFile_inst|LessThan2~11|cin
    Info (332115):     18.925      0.066 RF  CELL  regFile_inst|LessThan2~11|cout
    Info (332115):     18.925      0.000 FF    IC  regFile_inst|LessThan2~13|cin
    Info (332115):     18.991      0.066 FR  CELL  regFile_inst|LessThan2~13|cout
    Info (332115):     18.991      0.000 RR    IC  regFile_inst|LessThan2~15|cin
    Info (332115):     19.057      0.066 RF  CELL  regFile_inst|LessThan2~15|cout
    Info (332115):     19.057      0.000 FF    IC  regFile_inst|LessThan2~17|cin
    Info (332115):     19.123      0.066 FR  CELL  regFile_inst|LessThan2~17|cout
    Info (332115):     19.123      0.000 RR    IC  regFile_inst|LessThan2~19|cin
    Info (332115):     19.189      0.066 RF  CELL  regFile_inst|LessThan2~19|cout
    Info (332115):     19.189      0.000 FF    IC  regFile_inst|LessThan2~21|cin
    Info (332115):     19.255      0.066 FR  CELL  regFile_inst|LessThan2~21|cout
    Info (332115):     19.255      0.000 RR    IC  regFile_inst|LessThan2~23|cin
    Info (332115):     19.321      0.066 RF  CELL  regFile_inst|LessThan2~23|cout
    Info (332115):     19.321      0.000 FF    IC  regFile_inst|LessThan2~25|cin
    Info (332115):     19.387      0.066 FR  CELL  regFile_inst|LessThan2~25|cout
    Info (332115):     19.387      0.000 RR    IC  regFile_inst|LessThan2~27|cin
    Info (332115):     19.453      0.066 RF  CELL  regFile_inst|LessThan2~27|cout
    Info (332115):     19.453      0.000 FF    IC  regFile_inst|LessThan2~29|cin
    Info (332115):     19.519      0.066 FR  CELL  regFile_inst|LessThan2~29|cout
    Info (332115):     19.519      0.000 RR    IC  regFile_inst|LessThan2~31|cin
    Info (332115):     19.585      0.066 RF  CELL  regFile_inst|LessThan2~31|cout
    Info (332115):     19.585      0.000 FF    IC  regFile_inst|LessThan2~33|cin
    Info (332115):     19.651      0.066 FR  CELL  regFile_inst|LessThan2~33|cout
    Info (332115):     19.651      0.000 RR    IC  regFile_inst|LessThan2~35|cin
    Info (332115):     19.717      0.066 RF  CELL  regFile_inst|LessThan2~35|cout
    Info (332115):     19.717      0.000 FF    IC  regFile_inst|LessThan2~37|cin
    Info (332115):     19.783      0.066 FR  CELL  regFile_inst|LessThan2~37|cout
    Info (332115):     19.783      0.000 RR    IC  regFile_inst|LessThan2~39|cin
    Info (332115):     19.849      0.066 RF  CELL  regFile_inst|LessThan2~39|cout
    Info (332115):     19.849      0.000 FF    IC  regFile_inst|LessThan2~41|cin
    Info (332115):     19.915      0.066 FR  CELL  regFile_inst|LessThan2~41|cout
    Info (332115):     19.915      0.000 RR    IC  regFile_inst|LessThan2~43|cin
    Info (332115):     19.981      0.066 RF  CELL  regFile_inst|LessThan2~43|cout
    Info (332115):     19.981      0.000 FF    IC  regFile_inst|LessThan2~45|cin
    Info (332115):     20.047      0.066 FR  CELL  regFile_inst|LessThan2~45|cout
    Info (332115):     20.047      0.000 RR    IC  regFile_inst|LessThan2~47|cin
    Info (332115):     20.113      0.066 RF  CELL  regFile_inst|LessThan2~47|cout
    Info (332115):     20.113      0.000 FF    IC  regFile_inst|LessThan2~49|cin
    Info (332115):     20.179      0.066 FR  CELL  regFile_inst|LessThan2~49|cout
    Info (332115):     20.179      0.000 RR    IC  regFile_inst|LessThan2~51|cin
    Info (332115):     20.245      0.066 RF  CELL  regFile_inst|LessThan2~51|cout
    Info (332115):     20.245      0.000 FF    IC  regFile_inst|LessThan2~53|cin
    Info (332115):     20.311      0.066 FR  CELL  regFile_inst|LessThan2~53|cout
    Info (332115):     20.311      0.000 RR    IC  regFile_inst|LessThan2~55|cin
    Info (332115):     20.377      0.066 RF  CELL  regFile_inst|LessThan2~55|cout
    Info (332115):     20.377      0.000 FF    IC  regFile_inst|LessThan2~57|cin
    Info (332115):     20.443      0.066 FR  CELL  regFile_inst|LessThan2~57|cout
    Info (332115):     20.443      0.000 RR    IC  regFile_inst|LessThan2~59|cin
    Info (332115):     20.509      0.066 RF  CELL  regFile_inst|LessThan2~59|cout
    Info (332115):     20.509      0.000 FF    IC  regFile_inst|LessThan2~61|cin
    Info (332115):     20.575      0.066 FR  CELL  regFile_inst|LessThan2~61|cout
    Info (332115):     20.575      0.000 RR    IC  regFile_inst|LessThan2~62|cin
    Info (332115):     21.111      0.536 RR  CELL  regFile_inst|LessThan2~62|combout
    Info (332115):     21.477      0.366 RR    IC  fetch_inst|s_Jump_Select~0|datad
    Info (332115):     21.616      0.139 RF  CELL  fetch_inst|s_Jump_Select~0|combout
    Info (332115):     21.842      0.226 FF    IC  fetch_inst|s_Jump_Select~4|datad
    Info (332115):     21.967      0.125 FF  CELL  fetch_inst|s_Jump_Select~4|combout
    Info (332115):     22.206      0.239 FF    IC  fetch_inst|s_Jump_Select|datad
    Info (332115):     22.331      0.125 FF  CELL  fetch_inst|s_Jump_Select|combout
    Info (332115):     24.581      2.250 FF    IC  IF_ID_inst|s_D_Instruction[20]~22|datad
    Info (332115):     24.731      0.150 FR  CELL  IF_ID_inst|s_D_Instruction[20]~22|combout
    Info (332115):     24.731      0.000 RR    IC  IF_ID_inst|Instruction_reg_inst|\gen_dffg:20:dffg_inst|s_Q|d
    Info (332115):     24.818      0.087 RR  CELL  IF_ID_Reg:IF_ID_inst|register_N:Instruction_reg_inst|dffg:\gen_dffg:20:dffg_inst|s_Q
    Info (332115): 
    Info (332115): Data Required Path:
    Info (332115): 
    Info (332115): Total (ns)  Incr (ns)     Type  Element
    Info (332115): ==========  ========= ==  ====  ===================================
    Info (332115):     20.000     20.000           latch edge time
    Info (332115):     23.407      3.407  R        clock network delay
    Info (332115):     23.415      0.008           clock pessimism removed
    Info (332115):     23.395     -0.020           clock uncertainty
    Info (332115):     23.413      0.018     uTsu  IF_ID_Reg:IF_ID_inst|register_N:Instruction_reg_inst|dffg:\gen_dffg:20:dffg_inst|s_Q
    Info (332115): 
    Info (332115): Data Arrival Time  :    24.818
    Info (332115): Data Required Time :    23.413
    Info (332115): Slack              :    -1.405 (VIOLATED)
    Info (332115): ===================================================================
    Info (332115): 
Info (332115): Report Timing: Found 1 hold paths (0 violated).  Worst case slack is 0.387
    Info (332115): -to_clock [get_clocks {iCLK}]
    Info (332115): -hold
    Info (332115): -stdout
Info (332115): Path #1: Hold slack is 0.387 
    Info (332115): ===================================================================
    Info (332115): From Node    : fetch:fetch_inst|register_N:PC|dffg:\gen_dffg:28:dffg_inst|s_Q
    Info (332115): To Node      : fetch:fetch_inst|register_N:PC|dffg:\gen_dffg:28:dffg_inst|s_Q
    Info (332115): Launch Clock : iCLK
    Info (332115): Latch Clock  : iCLK
    Info (332115): 
    Info (332115): Data Arrival Path:
    Info (332115): 
    Info (332115): Total (ns)  Incr (ns)     Type  Element
    Info (332115): ==========  ========= ==  ====  ===================================
    Info (332115):      0.000      0.000           launch edge time
    Info (332115):      3.330      3.330  R        clock network delay
    Info (332115):      3.562      0.232     uTco  fetch:fetch_inst|register_N:PC|dffg:\gen_dffg:28:dffg_inst|s_Q
    Info (332115):      3.562      0.000 FF  CELL  fetch_inst|PC|\gen_dffg:28:dffg_inst|s_Q|q
    Info (332115):      3.562      0.000 FF    IC  fetch_inst|jalr_Mux|\G_NBit_MUX:28:MUXI|or_gate|o_F~0|datac
    Info (332115):      3.923      0.361 FF  CELL  fetch_inst|jalr_Mux|\G_NBit_MUX:28:MUXI|or_gate|o_F~0|combout
    Info (332115):      3.923      0.000 FF    IC  fetch_inst|PC|\gen_dffg:28:dffg_inst|s_Q|d
    Info (332115):      3.999      0.076 FF  CELL  fetch:fetch_inst|register_N:PC|dffg:\gen_dffg:28:dffg_inst|s_Q
    Info (332115): 
    Info (332115): Data Required Path:
    Info (332115): 
    Info (332115): Total (ns)  Incr (ns)     Type  Element
    Info (332115): ==========  ========= ==  ====  ===================================
    Info (332115):      0.000      0.000           latch edge time
    Info (332115):      3.458      3.458  R        clock network delay
    Info (332115):      3.426     -0.032           clock pessimism removed
    Info (332115):      3.426      0.000           clock uncertainty
    Info (332115):      3.612      0.186      uTh  fetch:fetch_inst|register_N:PC|dffg:\gen_dffg:28:dffg_inst|s_Q
    Info (332115): 
    Info (332115): Data Arrival Time  :     3.999
    Info (332115): Data Required Time :     3.612
    Info (332115): Slack              :     0.387 
    Info (332115): ===================================================================
    Info (332115): 
Info: Analyzing Slow 1200mV 0C Model
Info (334003): Started post-fitting delay annotation
Info (334004): Delay annotation completed successfully
Critical Warning (332148): Timing requirements not met
    Info (11105): For recommendations on closing timing, run Report Timing Closure Recommendations in the Timing Analyzer.
Info (332146): Worst-case setup slack is -0.341
    Info (332119):     Slack       End Point TNS Clock 
    Info (332119): ========= =================== =====================
    Info (332119):    -0.341              -3.225 iCLK 
Info (332146): Worst-case hold slack is 0.340
    Info (332119):     Slack       End Point TNS Clock 
    Info (332119): ========= =================== =====================
    Info (332119):     0.340               0.000 iCLK 
Info (332140): No Recovery paths to report
Info (332140): No Removal paths to report
Info (332146): Worst-case minimum pulse width slack is 9.646
    Info (332119):     Slack       End Point TNS Clock 
    Info (332119): ========= =================== =====================
    Info (332119):     9.646               0.000 iCLK 
Info (332115): Report Timing: Found 1 setup paths (1 violated).  Worst case slack is -0.341
    Info (332115): -to_clock [get_clocks {iCLK}]
    Info (332115): -setup
    Info (332115): -stdout
Info (332115): Path #1: Setup slack is -0.341 (VIOLATED)
    Info (332115): ===================================================================
    Info (332115): From Node    : register_file:regFile_inst|register_N_neg:\gen_registers:4:gen_other:reg_i|dffgNeg:\gen_dffg:2:dffg_inst|s_Q
    Info (332115): To Node      : IF_ID_Reg:IF_ID_inst|register_N:Instruction_reg_inst|dffg:\gen_dffg:20:dffg_inst|s_Q
    Info (332115): Launch Clock : iCLK (INVERTED)
    Info (332115): Latch Clock  : iCLK
    Info (332115): 
    Info (332115): Data Arrival Path:
    Info (332115): 
    Info (332115): Total (ns)  Incr (ns)     Type  Element
    Info (332115): ==========  ========= ==  ====  ===================================
    Info (332115):     10.000     10.000           launch edge time
    Info (332115):     12.785      2.785  F        clock network delay
    Info (332115):     12.998      0.213     uTco  register_file:regFile_inst|register_N_neg:\gen_registers:4:gen_other:reg_i|dffgNeg:\gen_dffg:2:dffg_inst|s_Q
    Info (332115):     12.998      0.000 FF  CELL  regFile_inst|\gen_registers:4:gen_other:reg_i|\gen_dffg:2:dffg_inst|s_Q|q
    Info (332115):     13.355      0.357 FF    IC  regFile_inst|mux|Mux29~12|dataa
    Info (332115):     13.715      0.360 FF  CELL  regFile_inst|mux|Mux29~12|combout
    Info (332115):     13.923      0.208 FF    IC  regFile_inst|mux|Mux29~13|datad
    Info (332115):     14.057      0.134 FR  CELL  regFile_inst|mux|Mux29~13|combout
    Info (332115):     14.684      0.627 RR    IC  regFile_inst|mux|Mux29~14|datad
    Info (332115):     14.828      0.144 RR  CELL  regFile_inst|mux|Mux29~14|combout
    Info (332115):     15.016      0.188 RR    IC  regFile_inst|mux|Mux29~15|datad
    Info (332115):     15.160      0.144 RR  CELL  regFile_inst|mux|Mux29~15|combout
    Info (332115):     16.122      0.962 RR    IC  regFile_inst|mux|Mux29~16|datad
    Info (332115):     16.266      0.144 RR  CELL  regFile_inst|mux|Mux29~16|combout
    Info (332115):     16.455      0.189 RR    IC  regFile_inst|mux|Mux29~19|datad
    Info (332115):     16.580      0.125 RF  CELL  regFile_inst|mux|Mux29~19|combout
    Info (332115):     17.484      0.904 FF    IC  regFile_inst|LessThan2~5|dataa
    Info (332115):     17.919      0.435 FR  CELL  regFile_inst|LessThan2~5|cout
    Info (332115):     17.919      0.000 RR    IC  regFile_inst|LessThan2~7|cin
    Info (332115):     17.977      0.058 RF  CELL  regFile_inst|LessThan2~7|cout
    Info (332115):     17.977      0.000 FF    IC  regFile_inst|LessThan2~9|cin
    Info (332115):     18.035      0.058 FR  CELL  regFile_inst|LessThan2~9|cout
    Info (332115):     18.035      0.000 RR    IC  regFile_inst|LessThan2~11|cin
    Info (332115):     18.093      0.058 RF  CELL  regFile_inst|LessThan2~11|cout
    Info (332115):     18.093      0.000 FF    IC  regFile_inst|LessThan2~13|cin
    Info (332115):     18.151      0.058 FR  CELL  regFile_inst|LessThan2~13|cout
    Info (332115):     18.151      0.000 RR    IC  regFile_inst|LessThan2~15|cin
    Info (332115):     18.209      0.058 RF  CELL  regFile_inst|LessThan2~15|cout
    Info (332115):     18.209      0.000 FF    IC  regFile_inst|LessThan2~17|cin
    Info (332115):     18.267      0.058 FR  CELL  regFile_inst|LessThan2~17|cout
    Info (332115):     18.267      0.000 RR    IC  regFile_inst|LessThan2~19|cin
    Info (332115):     18.325      0.058 RF  CELL  regFile_inst|LessThan2~19|cout
    Info (332115):     18.325      0.000 FF    IC  regFile_inst|LessThan2~21|cin
    Info (332115):     18.383      0.058 FR  CELL  regFile_inst|LessThan2~21|cout
    Info (332115):     18.383      0.000 RR    IC  regFile_inst|LessThan2~23|cin
    Info (332115):     18.441      0.058 RF  CELL  regFile_inst|LessThan2~23|cout
    Info (332115):     18.441      0.000 FF    IC  regFile_inst|LessThan2~25|cin
    Info (332115):     18.499      0.058 FR  CELL  regFile_inst|LessThan2~25|cout
    Info (332115):     18.499      0.000 RR    IC  regFile_inst|LessThan2~27|cin
    Info (332115):     18.557      0.058 RF  CELL  regFile_inst|LessThan2~27|cout
    Info (332115):     18.557      0.000 FF    IC  regFile_inst|LessThan2~29|cin
    Info (332115):     18.615      0.058 FR  CELL  regFile_inst|LessThan2~29|cout
    Info (332115):     18.615      0.000 RR    IC  regFile_inst|LessThan2~31|cin
    Info (332115):     18.673      0.058 RF  CELL  regFile_inst|LessThan2~31|cout
    Info (332115):     18.673      0.000 FF    IC  regFile_inst|LessThan2~33|cin
    Info (332115):     18.731      0.058 FR  CELL  regFile_inst|LessThan2~33|cout
    Info (332115):     18.731      0.000 RR    IC  regFile_inst|LessThan2~35|cin
    Info (332115):     18.789      0.058 RF  CELL  regFile_inst|LessThan2~35|cout
    Info (332115):     18.789      0.000 FF    IC  regFile_inst|LessThan2~37|cin
    Info (332115):     18.847      0.058 FR  CELL  regFile_inst|LessThan2~37|cout
    Info (332115):     18.847      0.000 RR    IC  regFile_inst|LessThan2~39|cin
    Info (332115):     18.905      0.058 RF  CELL  regFile_inst|LessThan2~39|cout
    Info (332115):     18.905      0.000 FF    IC  regFile_inst|LessThan2~41|cin
    Info (332115):     18.963      0.058 FR  CELL  regFile_inst|LessThan2~41|cout
    Info (332115):     18.963      0.000 RR    IC  regFile_inst|LessThan2~43|cin
    Info (332115):     19.021      0.058 RF  CELL  regFile_inst|LessThan2~43|cout
    Info (332115):     19.021      0.000 FF    IC  regFile_inst|LessThan2~45|cin
    Info (332115):     19.079      0.058 FR  CELL  regFile_inst|LessThan2~45|cout
    Info (332115):     19.079      0.000 RR    IC  regFile_inst|LessThan2~47|cin
    Info (332115):     19.137      0.058 RF  CELL  regFile_inst|LessThan2~47|cout
    Info (332115):     19.137      0.000 FF    IC  regFile_inst|LessThan2~49|cin
    Info (332115):     19.195      0.058 FR  CELL  regFile_inst|LessThan2~49|cout
    Info (332115):     19.195      0.000 RR    IC  regFile_inst|LessThan2~51|cin
    Info (332115):     19.253      0.058 RF  CELL  regFile_inst|LessThan2~51|cout
    Info (332115):     19.253      0.000 FF    IC  regFile_inst|LessThan2~53|cin
    Info (332115):     19.311      0.058 FR  CELL  regFile_inst|LessThan2~53|cout
    Info (332115):     19.311      0.000 RR    IC  regFile_inst|LessThan2~55|cin
    Info (332115):     19.369      0.058 RF  CELL  regFile_inst|LessThan2~55|cout
    Info (332115):     19.369      0.000 FF    IC  regFile_inst|LessThan2~57|cin
    Info (332115):     19.427      0.058 FR  CELL  regFile_inst|LessThan2~57|cout
    Info (332115):     19.427      0.000 RR    IC  regFile_inst|LessThan2~59|cin
    Info (332115):     19.485      0.058 RF  CELL  regFile_inst|LessThan2~59|cout
    Info (332115):     19.485      0.000 FF    IC  regFile_inst|LessThan2~61|cin
    Info (332115):     19.543      0.058 FR  CELL  regFile_inst|LessThan2~61|cout
    Info (332115):     19.543      0.000 RR    IC  regFile_inst|LessThan2~62|cin
    Info (332115):     20.026      0.483 RR  CELL  regFile_inst|LessThan2~62|combout
    Info (332115):     20.373      0.347 RR    IC  fetch_inst|s_Jump_Select~0|datad
    Info (332115):     20.517      0.144 RR  CELL  fetch_inst|s_Jump_Select~0|combout
    Info (332115):     20.704      0.187 RR    IC  fetch_inst|s_Jump_Select~4|datad
    Info (332115):     20.848      0.144 RR  CELL  fetch_inst|s_Jump_Select~4|combout
    Info (332115):     21.044      0.196 RR    IC  fetch_inst|s_Jump_Select|datad
    Info (332115):     21.188      0.144 RR  CELL  fetch_inst|s_Jump_Select|combout
    Info (332115):     23.231      2.043 RR    IC  IF_ID_inst|s_D_Instruction[20]~22|datad
    Info (332115):     23.356      0.125 RF  CELL  IF_ID_inst|s_D_Instruction[20]~22|combout
    Info (332115):     23.356      0.000 FF    IC  IF_ID_inst|Instruction_reg_inst|\gen_dffg:20:dffg_inst|s_Q|d
    Info (332115):     23.446      0.090 FF  CELL  IF_ID_Reg:IF_ID_inst|register_N:Instruction_reg_inst|dffg:\gen_dffg:20:dffg_inst|s_Q
    Info (332115): 
    Info (332115): Data Required Path:
    Info (332115): 
    Info (332115): Total (ns)  Incr (ns)     Type  Element
    Info (332115): ==========  ========= ==  ====  ===================================
    Info (332115):     20.000     20.000           latch edge time
    Info (332115):     23.099      3.099  R        clock network delay
    Info (332115):     23.106      0.007           clock pessimism removed
    Info (332115):     23.086     -0.020           clock uncertainty
    Info (332115):     23.105      0.019     uTsu  IF_ID_Reg:IF_ID_inst|register_N:Instruction_reg_inst|dffg:\gen_dffg:20:dffg_inst|s_Q
    Info (332115): 
    Info (332115): Data Arrival Time  :    23.446
    Info (332115): Data Required Time :    23.105
    Info (332115): Slack              :    -0.341 (VIOLATED)
    Info (332115): ===================================================================
    Info (332115): 
Info (332115): Report Timing: Found 1 hold paths (0 violated).  Worst case slack is 0.340
    Info (332115): -to_clock [get_clocks {iCLK}]
    Info (332115): -hold
    Info (332115): -stdout
Info (332115): Path #1: Hold slack is 0.340 
    Info (332115): ===================================================================
    Info (332115): From Node    : fetch:fetch_inst|register_N:PC|dffg:\gen_dffg:24:dffg_inst|s_Q
    Info (332115): To Node      : fetch:fetch_inst|register_N:PC|dffg:\gen_dffg:24:dffg_inst|s_Q
    Info (332115): Launch Clock : iCLK
    Info (332115): Latch Clock  : iCLK
    Info (332115): 
    Info (332115): Data Arrival Path:
    Info (332115): 
    Info (332115): Total (ns)  Incr (ns)     Type  Element
    Info (332115): ==========  ========= ==  ====  ===================================
    Info (332115):      0.000      0.000           launch edge time
    Info (332115):      3.026      3.026  R        clock network delay
    Info (332115):      3.239      0.213     uTco  fetch:fetch_inst|register_N:PC|dffg:\gen_dffg:24:dffg_inst|s_Q
    Info (332115):      3.239      0.000 FF  CELL  fetch_inst|PC|\gen_dffg:24:dffg_inst|s_Q|q
    Info (332115):      3.239      0.000 FF    IC  fetch_inst|jalr_Mux|\G_NBit_MUX:24:MUXI|or_gate|o_F~0|datac
    Info (332115):      3.558      0.319 FF  CELL  fetch_inst|jalr_Mux|\G_NBit_MUX:24:MUXI|or_gate|o_F~0|combout
    Info (332115):      3.558      0.000 FF    IC  fetch_inst|PC|\gen_dffg:24:dffg_inst|s_Q|d
    Info (332115):      3.623      0.065 FF  CELL  fetch:fetch_inst|register_N:PC|dffg:\gen_dffg:24:dffg_inst|s_Q
    Info (332115): 
    Info (332115): Data Required Path:
    Info (332115): 
    Info (332115): Total (ns)  Incr (ns)     Type  Element
    Info (332115): ==========  ========= ==  ====  ===================================
    Info (332115):      0.000      0.000           latch edge time
    Info (332115):      3.140      3.140  R        clock network delay
    Info (332115):      3.112     -0.028           clock pessimism removed
    Info (332115):      3.112      0.000           clock uncertainty
    Info (332115):      3.283      0.171      uTh  fetch:fetch_inst|register_N:PC|dffg:\gen_dffg:24:dffg_inst|s_Q
    Info (332115): 
    Info (332115): Data Arrival Time  :     3.623
    Info (332115): Data Required Time :     3.283
    Info (332115): Slack              :     0.340 
    Info (332115): ===================================================================
    Info (332115): 
Info: Analyzing Fast 1200mV 0C Model
Info (332146): Worst-case setup slack is 3.887
    Info (332119):     Slack       End Point TNS Clock 
    Info (332119): ========= =================== =====================
    Info (332119):     3.887               0.000 iCLK 
Info (332146): Worst-case hold slack is 0.175
    Info (332119):     Slack       End Point TNS Clock 
    Info (332119): ========= =================== =====================
    Info (332119):     0.175               0.000 iCLK 
Info (332140): No Recovery paths to report
Info (332140): No Removal paths to report
Info (332146): Worst-case minimum pulse width slack is 9.365
    Info (332119):     Slack       End Point TNS Clock 
    Info (332119): ========= =================== =====================
    Info (332119):     9.365               0.000 iCLK 
Info (332115): Report Timing: Found 1 setup paths (0 violated).  Worst case slack is 3.887
    Info (332115): -to_clock [get_clocks {iCLK}]
    Info (332115): -setup
    Info (332115): -stdout
Info (332115): Path #1: Setup slack is 3.887 
    Info (332115): ===================================================================
    Info (332115): From Node    : register_file:regFile_inst|register_N_neg:\gen_registers:4:gen_other:reg_i|dffgNeg:\gen_dffg:2:dffg_inst|s_Q
    Info (332115): To Node      : IF_ID_Reg:IF_ID_inst|register_N:Instruction_reg_inst|dffg:\gen_dffg:20:dffg_inst|s_Q
    Info (332115): Launch Clock : iCLK (INVERTED)
    Info (332115): Latch Clock  : iCLK
    Info (332115): 
    Info (332115): Data Arrival Path:
    Info (332115): 
    Info (332115): Total (ns)  Incr (ns)     Type  Element
    Info (332115): ==========  ========= ==  ====  ===================================
    Info (332115):     10.000     10.000           launch edge time
    Info (332115):     11.967      1.967  F        clock network delay
    Info (332115):     12.072      0.105     uTco  register_file:regFile_inst|register_N_neg:\gen_registers:4:gen_other:reg_i|dffgNeg:\gen_dffg:2:dffg_inst|s_Q
    Info (332115):     12.072      0.000 FF  CELL  regFile_inst|\gen_registers:4:gen_other:reg_i|\gen_dffg:2:dffg_inst|s_Q|q
    Info (332115):     12.264      0.192 FF    IC  regFile_inst|mux|Mux29~12|dataa
    Info (332115):     12.457      0.193 FF  CELL  regFile_inst|mux|Mux29~12|combout
    Info (332115):     12.565      0.108 FF    IC  regFile_inst|mux|Mux29~13|datad
    Info (332115):     12.628      0.063 FF  CELL  regFile_inst|mux|Mux29~13|combout
    Info (332115):     12.959      0.331 FF    IC  regFile_inst|mux|Mux29~14|datad
    Info (332115):     13.022      0.063 FF  CELL  regFile_inst|mux|Mux29~14|combout
    Info (332115):     13.130      0.108 FF    IC  regFile_inst|mux|Mux29~15|datad
    Info (332115):     13.193      0.063 FF  CELL  regFile_inst|mux|Mux29~15|combout
    Info (332115):     13.743      0.550 FF    IC  regFile_inst|mux|Mux29~16|datad
    Info (332115):     13.806      0.063 FF  CELL  regFile_inst|mux|Mux29~16|combout
    Info (332115):     13.915      0.109 FF    IC  regFile_inst|mux|Mux29~19|datad
    Info (332115):     13.978      0.063 FF  CELL  regFile_inst|mux|Mux29~19|combout
    Info (332115):     14.525      0.547 FF    IC  regFile_inst|LessThan2~5|dataa
    Info (332115):     14.775      0.250 FR  CELL  regFile_inst|LessThan2~5|cout
    Info (332115):     14.775      0.000 RR    IC  regFile_inst|LessThan2~7|cin
    Info (332115):     14.809      0.034 RF  CELL  regFile_inst|LessThan2~7|cout
    Info (332115):     14.809      0.000 FF    IC  regFile_inst|LessThan2~9|cin
    Info (332115):     14.843      0.034 FR  CELL  regFile_inst|LessThan2~9|cout
    Info (332115):     14.843      0.000 RR    IC  regFile_inst|LessThan2~11|cin
    Info (332115):     14.877      0.034 RF  CELL  regFile_inst|LessThan2~11|cout
    Info (332115):     14.877      0.000 FF    IC  regFile_inst|LessThan2~13|cin
    Info (332115):     14.911      0.034 FR  CELL  regFile_inst|LessThan2~13|cout
    Info (332115):     14.911      0.000 RR    IC  regFile_inst|LessThan2~15|cin
    Info (332115):     14.945      0.034 RF  CELL  regFile_inst|LessThan2~15|cout
    Info (332115):     14.945      0.000 FF    IC  regFile_inst|LessThan2~17|cin
    Info (332115):     14.979      0.034 FR  CELL  regFile_inst|LessThan2~17|cout
    Info (332115):     14.979      0.000 RR    IC  regFile_inst|LessThan2~19|cin
    Info (332115):     15.013      0.034 RF  CELL  regFile_inst|LessThan2~19|cout
    Info (332115):     15.013      0.000 FF    IC  regFile_inst|LessThan2~21|cin
    Info (332115):     15.047      0.034 FR  CELL  regFile_inst|LessThan2~21|cout
    Info (332115):     15.047      0.000 RR    IC  regFile_inst|LessThan2~23|cin
    Info (332115):     15.081      0.034 RF  CELL  regFile_inst|LessThan2~23|cout
    Info (332115):     15.081      0.000 FF    IC  regFile_inst|LessThan2~25|cin
    Info (332115):     15.115      0.034 FR  CELL  regFile_inst|LessThan2~25|cout
    Info (332115):     15.115      0.000 RR    IC  regFile_inst|LessThan2~27|cin
    Info (332115):     15.149      0.034 RF  CELL  regFile_inst|LessThan2~27|cout
    Info (332115):     15.149      0.000 FF    IC  regFile_inst|LessThan2~29|cin
    Info (332115):     15.183      0.034 FR  CELL  regFile_inst|LessThan2~29|cout
    Info (332115):     15.183      0.000 RR    IC  regFile_inst|LessThan2~31|cin
    Info (332115):     15.217      0.034 RF  CELL  regFile_inst|LessThan2~31|cout
    Info (332115):     15.217      0.000 FF    IC  regFile_inst|LessThan2~33|cin
    Info (332115):     15.251      0.034 FR  CELL  regFile_inst|LessThan2~33|cout
    Info (332115):     15.251      0.000 RR    IC  regFile_inst|LessThan2~35|cin
    Info (332115):     15.285      0.034 RF  CELL  regFile_inst|LessThan2~35|cout
    Info (332115):     15.285      0.000 FF    IC  regFile_inst|LessThan2~37|cin
    Info (332115):     15.319      0.034 FR  CELL  regFile_inst|LessThan2~37|cout
    Info (332115):     15.319      0.000 RR    IC  regFile_inst|LessThan2~39|cin
    Info (332115):     15.353      0.034 RF  CELL  regFile_inst|LessThan2~39|cout
    Info (332115):     15.353      0.000 FF    IC  regFile_inst|LessThan2~41|cin
    Info (332115):     15.387      0.034 FR  CELL  regFile_inst|LessThan2~41|cout
    Info (332115):     15.387      0.000 RR    IC  regFile_inst|LessThan2~43|cin
    Info (332115):     15.421      0.034 RF  CELL  regFile_inst|LessThan2~43|cout
    Info (332115):     15.421      0.000 FF    IC  regFile_inst|LessThan2~45|cin
    Info (332115):     15.455      0.034 FR  CELL  regFile_inst|LessThan2~45|cout
    Info (332115):     15.455      0.000 RR    IC  regFile_inst|LessThan2~47|cin
    Info (332115):     15.489      0.034 RF  CELL  regFile_inst|LessThan2~47|cout
    Info (332115):     15.489      0.000 FF    IC  regFile_inst|LessThan2~49|cin
    Info (332115):     15.523      0.034 FR  CELL  regFile_inst|LessThan2~49|cout
    Info (332115):     15.523      0.000 RR    IC  regFile_inst|LessThan2~51|cin
    Info (332115):     15.557      0.034 RF  CELL  regFile_inst|LessThan2~51|cout
    Info (332115):     15.557      0.000 FF    IC  regFile_inst|LessThan2~53|cin
    Info (332115):     15.591      0.034 FR  CELL  regFile_inst|LessThan2~53|cout
    Info (332115):     15.591      0.000 RR    IC  regFile_inst|LessThan2~55|cin
    Info (332115):     15.625      0.034 RF  CELL  regFile_inst|LessThan2~55|cout
    Info (332115):     15.625      0.000 FF    IC  regFile_inst|LessThan2~57|cin
    Info (332115):     15.659      0.034 FR  CELL  regFile_inst|LessThan2~57|cout
    Info (332115):     15.659      0.000 RR    IC  regFile_inst|LessThan2~59|cin
    Info (332115):     15.693      0.034 RF  CELL  regFile_inst|LessThan2~59|cout
    Info (332115):     15.693      0.000 FF    IC  regFile_inst|LessThan2~61|cin
    Info (332115):     15.727      0.034 FR  CELL  regFile_inst|LessThan2~61|cout
    Info (332115):     15.727      0.000 RR    IC  regFile_inst|LessThan2~62|cin
    Info (332115):     15.969      0.242 RR  CELL  regFile_inst|LessThan2~62|combout
    Info (332115):     16.128      0.159 RR    IC  fetch_inst|s_Jump_Select~0|datad
    Info (332115):     16.194      0.066 RF  CELL  fetch_inst|s_Jump_Select~0|combout
    Info (332115):     16.301      0.107 FF    IC  fetch_inst|s_Jump_Select~4|datad
    Info (332115):     16.364      0.063 FF  CELL  fetch_inst|s_Jump_Select~4|combout
    Info (332115):     16.479      0.115 FF    IC  fetch_inst|s_Jump_Select|datad
    Info (332115):     16.542      0.063 FF  CELL  fetch_inst|s_Jump_Select|combout
    Info (332115):     17.796      1.254 FF    IC  IF_ID_inst|s_D_Instruction[20]~22|datad
    Info (332115):     17.868      0.072 FR  CELL  IF_ID_inst|s_D_Instruction[20]~22|combout
    Info (332115):     17.868      0.000 RR    IC  IF_ID_inst|Instruction_reg_inst|\gen_dffg:20:dffg_inst|s_Q|d
    Info (332115):     17.905      0.037 RR  CELL  IF_ID_Reg:IF_ID_inst|register_N:Instruction_reg_inst|dffg:\gen_dffg:20:dffg_inst|s_Q
    Info (332115): 
    Info (332115): Data Required Path:
    Info (332115): 
    Info (332115): Total (ns)  Incr (ns)     Type  Element
    Info (332115): ==========  ========= ==  ====  ===================================
    Info (332115):     20.000     20.000           latch edge time
    Info (332115):     21.801      1.801  R        clock network delay
    Info (332115):     21.805      0.004           clock pessimism removed
    Info (332115):     21.785     -0.020           clock uncertainty
    Info (332115):     21.792      0.007     uTsu  IF_ID_Reg:IF_ID_inst|register_N:Instruction_reg_inst|dffg:\gen_dffg:20:dffg_inst|s_Q
    Info (332115): 
    Info (332115): Data Arrival Time  :    17.905
    Info (332115): Data Required Time :    21.792
    Info (332115): Slack              :     3.887 
    Info (332115): ===================================================================
    Info (332115): 
Info (332115): Report Timing: Found 1 hold paths (0 violated).  Worst case slack is 0.175
    Info (332115): -to_clock [get_clocks {iCLK}]
    Info (332115): -hold
    Info (332115): -stdout
Info (332115): Path #1: Hold slack is 0.175 
    Info (332115): ===================================================================
    Info (332115): From Node    : fetch:fetch_inst|register_N:PC|dffg:\gen_dffg:24:dffg_inst|s_Q
    Info (332115): To Node      : fetch:fetch_inst|register_N:PC|dffg:\gen_dffg:24:dffg_inst|s_Q
    Info (332115): Launch Clock : iCLK
    Info (332115): Latch Clock  : iCLK
    Info (332115): 
    Info (332115): Data Arrival Path:
    Info (332115): 
    Info (332115): Total (ns)  Incr (ns)     Type  Element
    Info (332115): ==========  ========= ==  ====  ===================================
    Info (332115):      0.000      0.000           launch edge time
    Info (332115):      1.728      1.728  R        clock network delay
    Info (332115):      1.833      0.105     uTco  fetch:fetch_inst|register_N:PC|dffg:\gen_dffg:24:dffg_inst|s_Q
    Info (332115):      1.833      0.000 RR  CELL  fetch_inst|PC|\gen_dffg:24:dffg_inst|s_Q|q
    Info (332115):      1.833      0.000 RR    IC  fetch_inst|jalr_Mux|\G_NBit_MUX:24:MUXI|or_gate|o_F~0|datac
    Info (332115):      2.004      0.171 RR  CELL  fetch_inst|jalr_Mux|\G_NBit_MUX:24:MUXI|or_gate|o_F~0|combout
    Info (332115):      2.004      0.000 RR    IC  fetch_inst|PC|\gen_dffg:24:dffg_inst|s_Q|d
    Info (332115):      2.035      0.031 RR  CELL  fetch:fetch_inst|register_N:PC|dffg:\gen_dffg:24:dffg_inst|s_Q
    Info (332115): 
    Info (332115): Data Required Path:
    Info (332115): 
    Info (332115): Total (ns)  Incr (ns)     Type  Element
    Info (332115): ==========  ========= ==  ====  ===================================
    Info (332115):      0.000      0.000           latch edge time
    Info (332115):      1.796      1.796  R        clock network delay
    Info (332115):      1.776     -0.020           clock pessimism removed
    Info (332115):      1.776      0.000           clock uncertainty
    Info (332115):      1.860      0.084      uTh  fetch:fetch_inst|register_N:PC|dffg:\gen_dffg:24:dffg_inst|s_Q
    Info (332115): 
    Info (332115): Data Arrival Time  :     2.035
    Info (332115): Data Required Time :     1.860
    Info (332115): Slack              :     0.175 
    Info (332115): ===================================================================
    Info (332115): 
Info (332102): Design is not fully constrained for setup requirements
Info (332102): Design is not fully constrained for hold requirements
Info: Quartus Prime Timing Analyzer was successful. 0 errors, 3 warnings
    Info: Peak virtual memory: 1351 megabytes
    Info: Processing ended: Wed Dec  3 12:20:00 2025
    Info: Elapsed time: 00:00:14
    Info: Total CPU time (on all processors): 00:00:18


