Timing Analyzer report for toolflow
Wed Dec  3 12:25:51 2025
Quartus Prime Version 20.1.1 Build 720 11/11/2020 SJ Standard Edition


---------------------
; Table of Contents ;
---------------------
  1. Legal Notice
  2. Timing Analyzer Summary
  3. Parallel Compilation
  4. SDC File List
  5. Clocks
  6. Slow 1200mV 85C Model Fmax Summary
  7. Timing Closure Recommendations
  8. Slow 1200mV 85C Model Setup Summary
  9. Slow 1200mV 85C Model Hold Summary
 10. Slow 1200mV 85C Model Recovery Summary
 11. Slow 1200mV 85C Model Removal Summary
 12. Slow 1200mV 85C Model Minimum Pulse Width Summary
 13. Slow 1200mV 85C Model Setup: 'iCLK'
 14. Slow 1200mV 85C Model Hold: 'iCLK'
 15. Slow 1200mV 85C Model Recovery: 'iCLK'
 16. Slow 1200mV 85C Model Removal: 'iCLK'
 17. Slow 1200mV 85C Model Metastability Summary
 18. Slow 1200mV 0C Model Fmax Summary
 19. Slow 1200mV 0C Model Setup Summary
 20. Slow 1200mV 0C Model Hold Summary
 21. Slow 1200mV 0C Model Recovery Summary
 22. Slow 1200mV 0C Model Removal Summary
 23. Slow 1200mV 0C Model Minimum Pulse Width Summary
 24. Slow 1200mV 0C Model Setup: 'iCLK'
 25. Slow 1200mV 0C Model Hold: 'iCLK'
 26. Slow 1200mV 0C Model Recovery: 'iCLK'
 27. Slow 1200mV 0C Model Removal: 'iCLK'
 28. Slow 1200mV 0C Model Metastability Summary
 29. Fast 1200mV 0C Model Setup Summary
 30. Fast 1200mV 0C Model Hold Summary
 31. Fast 1200mV 0C Model Recovery Summary
 32. Fast 1200mV 0C Model Removal Summary
 33. Fast 1200mV 0C Model Minimum Pulse Width Summary
 34. Fast 1200mV 0C Model Setup: 'iCLK'
 35. Fast 1200mV 0C Model Hold: 'iCLK'
 36. Fast 1200mV 0C Model Recovery: 'iCLK'
 37. Fast 1200mV 0C Model Removal: 'iCLK'
 38. Fast 1200mV 0C Model Metastability Summary
 39. Multicorner Timing Analysis Summary
 40. Board Trace Model Assignments
 41. Input Transition Times
 42. Signal Integrity Metrics (Slow 1200mv 0c Model)
 43. Signal Integrity Metrics (Slow 1200mv 85c Model)
 44. Signal Integrity Metrics (Fast 1200mv 0c Model)
 45. Setup Transfers
 46. Hold Transfers
 47. Recovery Transfers
 48. Removal Transfers
 49. Report TCCS
 50. Report RSKM
 51. Unconstrained Paths Summary
 52. Clock Status Summary
 53. Unconstrained Input Ports
 54. Unconstrained Output Ports
 55. Unconstrained Input Ports
 56. Unconstrained Output Ports
 57. Timing Analyzer Messages



----------------
; Legal Notice ;
----------------
Copyright (C) 2020  Intel Corporation. All rights reserved.
Your use of Intel Corporation's design tools, logic functions 
and other software and tools, and any partner logic 
functions, and any output files from any of the foregoing 
(including device programming or simulation files), and any 
associated documentation or information are expressly subject 
to the terms and conditions of the Intel Program License 
Subscription Agreement, the Intel Quartus Prime License Agreement,
the Intel FPGA IP License Agreement, or other applicable license
agreement, including, without limitation, that your use is for
the sole purpose of programming logic devices manufactured by
Intel and sold by Intel or its authorized distributors.  Please
refer to the applicable agreement for further details, at
https://fpgasoftware.intel.com/eula.



+---------------------------------------------------------------------------------+
; Timing Analyzer Summary                                                         ;
+-----------------------+---------------------------------------------------------+
; Quartus Prime Version ; Version 20.1.1 Build 720 11/11/2020 SJ Standard Edition ;
; Timing Analyzer       ; Legacy Timing Analyzer                                  ;
; Revision Name         ; toolflow                                                ;
; Device Family         ; Cyclone IV E                                            ;
; Device Name           ; EP4CE115F29C7                                           ;
; Timing Models         ; Final                                                   ;
; Delay Model           ; Combined                                                ;
; Rise/Fall Delays      ; Enabled                                                 ;
+-----------------------+---------------------------------------------------------+


+------------------------------------------+
; Parallel Compilation                     ;
+----------------------------+-------------+
; Processors                 ; Number      ;
+----------------------------+-------------+
; Number detected on machine ; 20          ;
; Maximum allowed            ; 12          ;
;                            ;             ;
; Average used               ; 1.67        ;
; Maximum used               ; 12          ;
;                            ;             ;
; Usage by Processor         ; % Time Used ;
;     Processor 1            ; 100.0%      ;
;     Processor 2            ;  17.6%      ;
;     Processor 3            ;  13.6%      ;
;     Processor 4            ;  12.6%      ;
;     Processors 5-12        ;   2.9%      ;
+----------------------------+-------------+


+---------------------------------------------------+
; SDC File List                                     ;
+---------------+--------+--------------------------+
; SDC File Path ; Status ; Read at                  ;
+---------------+--------+--------------------------+
; toolflow.sdc  ; OK     ; Wed Dec  3 12:25:50 2025 ;
+---------------+--------+--------------------------+


+----------------------------------------------------------------------------------------------------------------------------------------------------------------------------------+
; Clocks                                                                                                                                                                           ;
+------------+------+--------+-----------+-------+--------+------------+-----------+-------------+-------+--------+-----------+------------+----------+--------+--------+----------+
; Clock Name ; Type ; Period ; Frequency ; Rise  ; Fall   ; Duty Cycle ; Divide by ; Multiply by ; Phase ; Offset ; Edge List ; Edge Shift ; Inverted ; Master ; Source ; Targets  ;
+------------+------+--------+-----------+-------+--------+------------+-----------+-------------+-------+--------+-----------+------------+----------+--------+--------+----------+
; iCLK       ; Base ; 20.000 ; 50.0 MHz  ; 0.000 ; 10.000 ;            ;           ;             ;       ;        ;           ;            ;          ;        ;        ; { iCLK } ;
+------------+------+--------+-----------+-------+--------+------------+-----------+-------------+-------+--------+-----------+------------+----------+--------+--------+----------+


+-------------------------------------------------+
; Slow 1200mV 85C Model Fmax Summary              ;
+-----------+-----------------+------------+------+
; Fmax      ; Restricted Fmax ; Clock Name ; Note ;
+-----------+-----------------+------------+------+
; 56.95 MHz ; 56.95 MHz       ; iCLK       ;      ;
+-----------+-----------------+------------+------+
This panel reports FMAX for every clock in the design, regardless of the user-specified clock periods.  FMAX is only computed for paths where the source and destination registers or ports are driven by the same clock.  Paths of different clocks, including generated clocks, are ignored.  For paths between a clock and its inversion, FMAX is computed as if the rising and falling edges are scaled along with FMAX, such that the duty cycle (in terms of a percentage) is maintained. Altera recommends that you always use clock constraints and other slack reports for sign-off analysis.


----------------------------------
; Timing Closure Recommendations ;
----------------------------------
HTML report is unavailable in plain text report export.


+-------------------------------------+
; Slow 1200mV 85C Model Setup Summary ;
+-------+-------+---------------------+
; Clock ; Slack ; End Point TNS       ;
+-------+-------+---------------------+
; iCLK  ; 1.220 ; 0.000               ;
+-------+-------+---------------------+


+------------------------------------+
; Slow 1200mV 85C Model Hold Summary ;
+-------+-------+--------------------+
; Clock ; Slack ; End Point TNS      ;
+-------+-------+--------------------+
; iCLK  ; 0.344 ; 0.000              ;
+-------+-------+--------------------+


+----------------------------------------+
; Slow 1200mV 85C Model Recovery Summary ;
+-------+--------+-----------------------+
; Clock ; Slack  ; End Point TNS         ;
+-------+--------+-----------------------+
; iCLK  ; 17.717 ; 0.000                 ;
+-------+--------+-----------------------+


+---------------------------------------+
; Slow 1200mV 85C Model Removal Summary ;
+-------+-------+-----------------------+
; Clock ; Slack ; End Point TNS         ;
+-------+-------+-----------------------+
; iCLK  ; 1.706 ; 0.000                 ;
+-------+-------+-----------------------+


+---------------------------------------------------+
; Slow 1200mV 85C Model Minimum Pulse Width Summary ;
+-------+-------+-----------------------------------+
; Clock ; Slack ; End Point TNS                     ;
+-------+-------+-----------------------------------+
; iCLK  ; 9.628 ; 0.000                             ;
+-------+-------+-----------------------------------+


+---------------------------------------------------------------------------------------------------------------------------------------------------------------------------------------------------------------------------------------------------------------------------------------+
; Slow 1200mV 85C Model Setup: 'iCLK'                                                                                                                                                                                                                                                   ;
+-------+----------------------------------------------------------------------------------------+----------------------------------------------------------------------------------------------------------------+--------------+-------------+--------------+------------+------------+
; Slack ; From Node                                                                              ; To Node                                                                                                        ; Launch Clock ; Latch Clock ; Relationship ; Clock Skew ; Data Delay ;
+-------+----------------------------------------------------------------------------------------+----------------------------------------------------------------------------------------------------------------+--------------+-------------+--------------+------------+------------+
; 1.220 ; mem:DMem|altsyncram:ram_rtl_0|altsyncram_eg81:auto_generated|ram_block1a5~porta_we_reg ; register_file:regFile_inst|register_N_neg:\gen_registers:29:gen_other:reg_i|dffgNeg:\gen_dffg:29:dffg_inst|s_Q ; iCLK         ; iCLK        ; 10.000       ; -0.350     ; 8.428      ;
; 1.313 ; mem:DMem|altsyncram:ram_rtl_0|altsyncram_eg81:auto_generated|ram_block1a0~porta_we_reg ; register_file:regFile_inst|register_N_neg:\gen_registers:13:gen_other:reg_i|dffgNeg:\gen_dffg:21:dffg_inst|s_Q ; iCLK         ; iCLK        ; 10.000       ; -0.370     ; 8.315      ;
; 1.380 ; mem:DMem|altsyncram:ram_rtl_0|altsyncram_eg81:auto_generated|ram_block1a5~porta_we_reg ; register_file:regFile_inst|register_N_neg:\gen_registers:1:gen_other:reg_i|dffgNeg:\gen_dffg:29:dffg_inst|s_Q  ; iCLK         ; iCLK        ; 10.000       ; -0.357     ; 8.261      ;
; 1.434 ; mem:DMem|altsyncram:ram_rtl_0|altsyncram_eg81:auto_generated|ram_block1a5~porta_we_reg ; register_file:regFile_inst|register_N_neg:\gen_registers:14:gen_other:reg_i|dffgNeg:\gen_dffg:29:dffg_inst|s_Q ; iCLK         ; iCLK        ; 10.000       ; -0.357     ; 8.207      ;
; 1.443 ; mem:DMem|altsyncram:ram_rtl_0|altsyncram_eg81:auto_generated|ram_block1a5~porta_we_reg ; register_file:regFile_inst|register_N_neg:\gen_registers:4:gen_other:reg_i|dffgNeg:\gen_dffg:29:dffg_inst|s_Q  ; iCLK         ; iCLK        ; 10.000       ; -0.372     ; 8.183      ;
; 1.445 ; mem:DMem|altsyncram:ram_rtl_0|altsyncram_eg81:auto_generated|ram_block1a5~porta_we_reg ; register_file:regFile_inst|register_N_neg:\gen_registers:7:gen_other:reg_i|dffgNeg:\gen_dffg:29:dffg_inst|s_Q  ; iCLK         ; iCLK        ; 10.000       ; -0.372     ; 8.181      ;
; 1.463 ; mem:DMem|altsyncram:ram_rtl_0|altsyncram_eg81:auto_generated|ram_block1a5~porta_we_reg ; register_file:regFile_inst|register_N_neg:\gen_registers:17:gen_other:reg_i|dffgNeg:\gen_dffg:29:dffg_inst|s_Q ; iCLK         ; iCLK        ; 10.000       ; -0.358     ; 8.177      ;
; 1.464 ; mem:DMem|altsyncram:ram_rtl_0|altsyncram_eg81:auto_generated|ram_block1a5~porta_we_reg ; register_file:regFile_inst|register_N_neg:\gen_registers:10:gen_other:reg_i|dffgNeg:\gen_dffg:29:dffg_inst|s_Q ; iCLK         ; iCLK        ; 10.000       ; -0.358     ; 8.176      ;
; 1.468 ; mem:DMem|altsyncram:ram_rtl_0|altsyncram_eg81:auto_generated|ram_block1a5~porta_we_reg ; register_file:regFile_inst|register_N_neg:\gen_registers:5:gen_other:reg_i|dffgNeg:\gen_dffg:29:dffg_inst|s_Q  ; iCLK         ; iCLK        ; 10.000       ; -0.357     ; 8.173      ;
; 1.476 ; mem:DMem|altsyncram:ram_rtl_0|altsyncram_eg81:auto_generated|ram_block1a0~porta_we_reg ; register_file:regFile_inst|register_N_neg:\gen_registers:4:gen_other:reg_i|dffgNeg:\gen_dffg:22:dffg_inst|s_Q  ; iCLK         ; iCLK        ; 10.000       ; -0.377     ; 8.145      ;
; 1.476 ; mem:DMem|altsyncram:ram_rtl_0|altsyncram_eg81:auto_generated|ram_block1a0~porta_we_reg ; register_file:regFile_inst|register_N_neg:\gen_registers:7:gen_other:reg_i|dffgNeg:\gen_dffg:22:dffg_inst|s_Q  ; iCLK         ; iCLK        ; 10.000       ; -0.377     ; 8.145      ;
; 1.480 ; mem:DMem|altsyncram:ram_rtl_0|altsyncram_eg81:auto_generated|ram_block1a0~porta_we_reg ; register_file:regFile_inst|register_N_neg:\gen_registers:1:gen_other:reg_i|dffgNeg:\gen_dffg:22:dffg_inst|s_Q  ; iCLK         ; iCLK        ; 10.000       ; -0.375     ; 8.143      ;
; 1.494 ; mem:DMem|altsyncram:ram_rtl_0|altsyncram_eg81:auto_generated|ram_block1a0~porta_we_reg ; register_file:regFile_inst|register_N_neg:\gen_registers:4:gen_other:reg_i|dffgNeg:\gen_dffg:17:dffg_inst|s_Q  ; iCLK         ; iCLK        ; 10.000       ; -0.377     ; 8.127      ;
; 1.495 ; mem:DMem|altsyncram:ram_rtl_0|altsyncram_eg81:auto_generated|ram_block1a0~porta_we_reg ; register_file:regFile_inst|register_N_neg:\gen_registers:29:gen_other:reg_i|dffgNeg:\gen_dffg:17:dffg_inst|s_Q ; iCLK         ; iCLK        ; 10.000       ; -0.369     ; 8.134      ;
; 1.496 ; mem:DMem|altsyncram:ram_rtl_0|altsyncram_eg81:auto_generated|ram_block1a0~porta_we_reg ; register_file:regFile_inst|register_N_neg:\gen_registers:7:gen_other:reg_i|dffgNeg:\gen_dffg:17:dffg_inst|s_Q  ; iCLK         ; iCLK        ; 10.000       ; -0.377     ; 8.125      ;
; 1.514 ; mem:DMem|altsyncram:ram_rtl_0|altsyncram_eg81:auto_generated|ram_block1a0~porta_we_reg ; register_file:regFile_inst|register_N_neg:\gen_registers:1:gen_other:reg_i|dffgNeg:\gen_dffg:21:dffg_inst|s_Q  ; iCLK         ; iCLK        ; 10.000       ; -0.373     ; 8.111      ;
; 1.522 ; mem:DMem|altsyncram:ram_rtl_0|altsyncram_eg81:auto_generated|ram_block1a0~porta_we_reg ; register_file:regFile_inst|register_N_neg:\gen_registers:1:gen_other:reg_i|dffgNeg:\gen_dffg:17:dffg_inst|s_Q  ; iCLK         ; iCLK        ; 10.000       ; -0.373     ; 8.103      ;
; 1.525 ; mem:DMem|altsyncram:ram_rtl_0|altsyncram_eg81:auto_generated|ram_block1a0~porta_we_reg ; register_file:regFile_inst|register_N_neg:\gen_registers:5:gen_other:reg_i|dffgNeg:\gen_dffg:27:dffg_inst|s_Q  ; iCLK         ; iCLK        ; 10.000       ; -0.373     ; 8.100      ;
; 1.528 ; mem:DMem|altsyncram:ram_rtl_0|altsyncram_eg81:auto_generated|ram_block1a0~porta_we_reg ; register_file:regFile_inst|register_N_neg:\gen_registers:4:gen_other:reg_i|dffgNeg:\gen_dffg:21:dffg_inst|s_Q  ; iCLK         ; iCLK        ; 10.000       ; -0.377     ; 8.093      ;
; 1.528 ; mem:DMem|altsyncram:ram_rtl_0|altsyncram_eg81:auto_generated|ram_block1a0~porta_we_reg ; register_file:regFile_inst|register_N_neg:\gen_registers:6:gen_other:reg_i|dffgNeg:\gen_dffg:27:dffg_inst|s_Q  ; iCLK         ; iCLK        ; 10.000       ; -0.373     ; 8.097      ;
; 1.529 ; mem:DMem|altsyncram:ram_rtl_0|altsyncram_eg81:auto_generated|ram_block1a0~porta_we_reg ; register_file:regFile_inst|register_N_neg:\gen_registers:21:gen_other:reg_i|dffgNeg:\gen_dffg:17:dffg_inst|s_Q ; iCLK         ; iCLK        ; 10.000       ; -0.369     ; 8.100      ;
; 1.529 ; mem:DMem|altsyncram:ram_rtl_0|altsyncram_eg81:auto_generated|ram_block1a0~porta_we_reg ; register_file:regFile_inst|register_N_neg:\gen_registers:7:gen_other:reg_i|dffgNeg:\gen_dffg:21:dffg_inst|s_Q  ; iCLK         ; iCLK        ; 10.000       ; -0.377     ; 8.092      ;
; 1.541 ; mem:DMem|altsyncram:ram_rtl_0|altsyncram_eg81:auto_generated|ram_block1a5~porta_we_reg ; register_file:regFile_inst|register_N_neg:\gen_registers:2:gen_sp:reg_2|dffgNeg:\gen_dffg:29:dffg_inst|s_Q     ; iCLK         ; iCLK        ; 10.000       ; -0.357     ; 8.100      ;
; 1.553 ; mem:DMem|altsyncram:ram_rtl_0|altsyncram_eg81:auto_generated|ram_block1a0~porta_we_reg ; register_file:regFile_inst|register_N_neg:\gen_registers:8:gen_other:reg_i|dffgNeg:\gen_dffg:21:dffg_inst|s_Q  ; iCLK         ; iCLK        ; 10.000       ; -0.353     ; 8.092      ;
; 1.553 ; mem:DMem|altsyncram:ram_rtl_0|altsyncram_eg81:auto_generated|ram_block1a0~porta_we_reg ; register_file:regFile_inst|register_N_neg:\gen_registers:9:gen_other:reg_i|dffgNeg:\gen_dffg:21:dffg_inst|s_Q  ; iCLK         ; iCLK        ; 10.000       ; -0.353     ; 8.092      ;
; 1.556 ; mem:DMem|altsyncram:ram_rtl_0|altsyncram_eg81:auto_generated|ram_block1a0~porta_we_reg ; register_file:regFile_inst|register_N_neg:\gen_registers:2:gen_sp:reg_2|dffgNeg:\gen_dffg:17:dffg_inst|s_Q     ; iCLK         ; iCLK        ; 10.000       ; -0.373     ; 8.069      ;
; 1.561 ; mem:DMem|altsyncram:ram_rtl_0|altsyncram_eg81:auto_generated|ram_block1a0~porta_we_reg ; register_file:regFile_inst|register_N_neg:\gen_registers:6:gen_other:reg_i|dffgNeg:\gen_dffg:17:dffg_inst|s_Q  ; iCLK         ; iCLK        ; 10.000       ; -0.376     ; 8.061      ;
; 1.562 ; mem:DMem|altsyncram:ram_rtl_0|altsyncram_eg81:auto_generated|ram_block1a0~porta_we_reg ; register_file:regFile_inst|register_N_neg:\gen_registers:5:gen_other:reg_i|dffgNeg:\gen_dffg:17:dffg_inst|s_Q  ; iCLK         ; iCLK        ; 10.000       ; -0.376     ; 8.060      ;
; 1.569 ; mem:DMem|altsyncram:ram_rtl_0|altsyncram_eg81:auto_generated|ram_block1a0~porta_we_reg ; register_file:regFile_inst|register_N_neg:\gen_registers:6:gen_other:reg_i|dffgNeg:\gen_dffg:24:dffg_inst|s_Q  ; iCLK         ; iCLK        ; 10.000       ; -0.376     ; 8.053      ;
; 1.569 ; mem:DMem|altsyncram:ram_rtl_0|altsyncram_eg81:auto_generated|ram_block1a0~porta_we_reg ; register_file:regFile_inst|register_N_neg:\gen_registers:5:gen_other:reg_i|dffgNeg:\gen_dffg:24:dffg_inst|s_Q  ; iCLK         ; iCLK        ; 10.000       ; -0.376     ; 8.053      ;
; 1.576 ; mem:DMem|altsyncram:ram_rtl_0|altsyncram_eg81:auto_generated|ram_block1a0~porta_we_reg ; register_file:regFile_inst|register_N_neg:\gen_registers:5:gen_other:reg_i|dffgNeg:\gen_dffg:22:dffg_inst|s_Q  ; iCLK         ; iCLK        ; 10.000       ; -0.383     ; 8.039      ;
; 1.576 ; mem:DMem|altsyncram:ram_rtl_0|altsyncram_eg81:auto_generated|ram_block1a0~porta_we_reg ; register_file:regFile_inst|register_N_neg:\gen_registers:6:gen_other:reg_i|dffgNeg:\gen_dffg:22:dffg_inst|s_Q  ; iCLK         ; iCLK        ; 10.000       ; -0.383     ; 8.039      ;
; 1.579 ; mem:DMem|altsyncram:ram_rtl_0|altsyncram_eg81:auto_generated|ram_block1a5~porta_we_reg ; register_file:regFile_inst|register_N_neg:\gen_registers:6:gen_other:reg_i|dffgNeg:\gen_dffg:29:dffg_inst|s_Q  ; iCLK         ; iCLK        ; 10.000       ; -0.368     ; 8.051      ;
; 1.581 ; mem:DMem|altsyncram:ram_rtl_0|altsyncram_eg81:auto_generated|ram_block1a0~porta_we_reg ; register_file:regFile_inst|register_N_neg:\gen_registers:4:gen_other:reg_i|dffgNeg:\gen_dffg:24:dffg_inst|s_Q  ; iCLK         ; iCLK        ; 10.000       ; -0.377     ; 8.040      ;
; 1.583 ; mem:DMem|altsyncram:ram_rtl_0|altsyncram_eg81:auto_generated|ram_block1a0~porta_we_reg ; register_file:regFile_inst|register_N_neg:\gen_registers:7:gen_other:reg_i|dffgNeg:\gen_dffg:24:dffg_inst|s_Q  ; iCLK         ; iCLK        ; 10.000       ; -0.377     ; 8.038      ;
; 1.589 ; mem:DMem|altsyncram:ram_rtl_0|altsyncram_eg81:auto_generated|ram_block1a0~porta_we_reg ; register_file:regFile_inst|register_N_neg:\gen_registers:5:gen_other:reg_i|dffgNeg:\gen_dffg:21:dffg_inst|s_Q  ; iCLK         ; iCLK        ; 10.000       ; -0.368     ; 8.041      ;
; 1.590 ; mem:DMem|altsyncram:ram_rtl_0|altsyncram_eg81:auto_generated|ram_block1a0~porta_we_reg ; register_file:regFile_inst|register_N_neg:\gen_registers:14:gen_other:reg_i|dffgNeg:\gen_dffg:21:dffg_inst|s_Q ; iCLK         ; iCLK        ; 10.000       ; -0.368     ; 8.040      ;
; 1.599 ; mem:DMem|altsyncram:ram_rtl_0|altsyncram_eg81:auto_generated|ram_block1a0~porta_we_reg ; register_file:regFile_inst|register_N_neg:\gen_registers:3:gen_other:reg_i|dffgNeg:\gen_dffg:27:dffg_inst|s_Q  ; iCLK         ; iCLK        ; 10.000       ; -0.374     ; 8.025      ;
; 1.610 ; mem:DMem|altsyncram:ram_rtl_0|altsyncram_eg81:auto_generated|ram_block1a5~porta_we_reg ; register_file:regFile_inst|register_N_neg:\gen_registers:15:gen_other:reg_i|dffgNeg:\gen_dffg:29:dffg_inst|s_Q ; iCLK         ; iCLK        ; 10.000       ; -0.362     ; 8.026      ;
; 1.611 ; mem:DMem|altsyncram:ram_rtl_0|altsyncram_eg81:auto_generated|ram_block1a0~porta_we_reg ; register_file:regFile_inst|register_N_neg:\gen_registers:29:gen_other:reg_i|dffgNeg:\gen_dffg:24:dffg_inst|s_Q ; iCLK         ; iCLK        ; 10.000       ; -0.370     ; 8.017      ;
; 1.611 ; mem:DMem|altsyncram:ram_rtl_0|altsyncram_eg81:auto_generated|ram_block1a0~porta_we_reg ; register_file:regFile_inst|register_N_neg:\gen_registers:21:gen_other:reg_i|dffgNeg:\gen_dffg:24:dffg_inst|s_Q ; iCLK         ; iCLK        ; 10.000       ; -0.370     ; 8.017      ;
; 1.612 ; mem:DMem|altsyncram:ram_rtl_0|altsyncram_eg81:auto_generated|ram_block1a0~porta_we_reg ; register_file:regFile_inst|register_N_neg:\gen_registers:25:gen_other:reg_i|dffgNeg:\gen_dffg:17:dffg_inst|s_Q ; iCLK         ; iCLK        ; 10.000       ; -0.361     ; 8.025      ;
; 1.628 ; mem:DMem|altsyncram:ram_rtl_0|altsyncram_eg81:auto_generated|ram_block1a0~porta_we_reg ; register_file:regFile_inst|register_N_neg:\gen_registers:7:gen_other:reg_i|dffgNeg:\gen_dffg:28:dffg_inst|s_Q  ; iCLK         ; iCLK        ; 10.000       ; -0.383     ; 7.987      ;
; 1.628 ; mem:DMem|altsyncram:ram_rtl_0|altsyncram_eg81:auto_generated|ram_block1a0~porta_we_reg ; register_file:regFile_inst|register_N_neg:\gen_registers:4:gen_other:reg_i|dffgNeg:\gen_dffg:28:dffg_inst|s_Q  ; iCLK         ; iCLK        ; 10.000       ; -0.383     ; 7.987      ;
; 1.630 ; mem:DMem|altsyncram:ram_rtl_0|altsyncram_eg81:auto_generated|ram_block1a0~porta_we_reg ; register_file:regFile_inst|register_N_neg:\gen_registers:25:gen_other:reg_i|dffgNeg:\gen_dffg:24:dffg_inst|s_Q ; iCLK         ; iCLK        ; 10.000       ; -0.370     ; 7.998      ;
; 1.636 ; mem:DMem|altsyncram:ram_rtl_0|altsyncram_eg81:auto_generated|ram_block1a0~porta_we_reg ; register_file:regFile_inst|register_N_neg:\gen_registers:2:gen_sp:reg_2|dffgNeg:\gen_dffg:27:dffg_inst|s_Q     ; iCLK         ; iCLK        ; 10.000       ; -0.374     ; 7.988      ;
; 1.641 ; mem:DMem|altsyncram:ram_rtl_0|altsyncram_eg81:auto_generated|ram_block1a0~porta_we_reg ; register_file:regFile_inst|register_N_neg:\gen_registers:8:gen_other:reg_i|dffgNeg:\gen_dffg:17:dffg_inst|s_Q  ; iCLK         ; iCLK        ; 10.000       ; -0.353     ; 8.004      ;
; 1.641 ; mem:DMem|altsyncram:ram_rtl_0|altsyncram_eg81:auto_generated|ram_block1a0~porta_we_reg ; register_file:regFile_inst|register_N_neg:\gen_registers:9:gen_other:reg_i|dffgNeg:\gen_dffg:17:dffg_inst|s_Q  ; iCLK         ; iCLK        ; 10.000       ; -0.353     ; 8.004      ;
; 1.643 ; mem:DMem|altsyncram:ram_rtl_0|altsyncram_eg81:auto_generated|ram_block1a5~porta_we_reg ; register_file:regFile_inst|register_N_neg:\gen_registers:12:gen_other:reg_i|dffgNeg:\gen_dffg:29:dffg_inst|s_Q ; iCLK         ; iCLK        ; 10.000       ; -0.362     ; 7.993      ;
; 1.644 ; mem:DMem|altsyncram:ram_rtl_0|altsyncram_eg81:auto_generated|ram_block1a0~porta_we_reg ; register_file:regFile_inst|register_N_neg:\gen_registers:1:gen_other:reg_i|dffgNeg:\gen_dffg:16:dffg_inst|s_Q  ; iCLK         ; iCLK        ; 10.000       ; -0.373     ; 7.981      ;
; 1.647 ; mem:DMem|altsyncram:ram_rtl_0|altsyncram_eg81:auto_generated|ram_block1a0~porta_we_reg ; register_file:regFile_inst|register_N_neg:\gen_registers:17:gen_other:reg_i|dffgNeg:\gen_dffg:17:dffg_inst|s_Q ; iCLK         ; iCLK        ; 10.000       ; -0.361     ; 7.990      ;
; 1.648 ; mem:DMem|altsyncram:ram_rtl_0|altsyncram_eg81:auto_generated|ram_block1a0~porta_we_reg ; register_file:regFile_inst|register_N_neg:\gen_registers:17:gen_other:reg_i|dffgNeg:\gen_dffg:24:dffg_inst|s_Q ; iCLK         ; iCLK        ; 10.000       ; -0.370     ; 7.980      ;
; 1.650 ; mem:DMem|altsyncram:ram_rtl_0|altsyncram_eg81:auto_generated|ram_block1a5~porta_we_reg ; register_file:regFile_inst|register_N_neg:\gen_registers:8:gen_other:reg_i|dffgNeg:\gen_dffg:29:dffg_inst|s_Q  ; iCLK         ; iCLK        ; 10.000       ; -0.360     ; 7.988      ;
; 1.657 ; mem:DMem|altsyncram:ram_rtl_0|altsyncram_eg81:auto_generated|ram_block1a0~porta_we_reg ; register_file:regFile_inst|register_N_neg:\gen_registers:4:gen_other:reg_i|dffgNeg:\gen_dffg:19:dffg_inst|s_Q  ; iCLK         ; iCLK        ; 10.000       ; -0.377     ; 7.964      ;
; 1.660 ; mem:DMem|altsyncram:ram_rtl_0|altsyncram_eg81:auto_generated|ram_block1a0~porta_we_reg ; register_file:regFile_inst|register_N_neg:\gen_registers:29:gen_other:reg_i|dffgNeg:\gen_dffg:16:dffg_inst|s_Q ; iCLK         ; iCLK        ; 10.000       ; -0.369     ; 7.969      ;
; 1.661 ; mem:DMem|altsyncram:ram_rtl_0|altsyncram_eg81:auto_generated|ram_block1a5~porta_we_reg ; register_file:regFile_inst|register_N_neg:\gen_registers:22:gen_other:reg_i|dffgNeg:\gen_dffg:29:dffg_inst|s_Q ; iCLK         ; iCLK        ; 10.000       ; -0.337     ; 8.000      ;
; 1.661 ; mem:DMem|altsyncram:ram_rtl_0|altsyncram_eg81:auto_generated|ram_block1a5~porta_we_reg ; register_file:regFile_inst|register_N_neg:\gen_registers:18:gen_other:reg_i|dffgNeg:\gen_dffg:29:dffg_inst|s_Q ; iCLK         ; iCLK        ; 10.000       ; -0.337     ; 8.000      ;
; 1.661 ; mem:DMem|altsyncram:ram_rtl_0|altsyncram_eg81:auto_generated|ram_block1a0~porta_we_reg ; register_file:regFile_inst|register_N_neg:\gen_registers:17:gen_other:reg_i|dffgNeg:\gen_dffg:16:dffg_inst|s_Q ; iCLK         ; iCLK        ; 10.000       ; -0.369     ; 7.968      ;
; 1.665 ; mem:DMem|altsyncram:ram_rtl_0|altsyncram_eg81:auto_generated|ram_block1a5~porta_we_reg ; register_file:regFile_inst|register_N_neg:\gen_registers:26:gen_other:reg_i|dffgNeg:\gen_dffg:29:dffg_inst|s_Q ; iCLK         ; iCLK        ; 10.000       ; -0.349     ; 7.984      ;
; 1.665 ; mem:DMem|altsyncram:ram_rtl_0|altsyncram_eg81:auto_generated|ram_block1a0~porta_we_reg ; register_file:regFile_inst|register_N_neg:\gen_registers:29:gen_other:reg_i|dffgNeg:\gen_dffg:29:dffg_inst|s_Q ; iCLK         ; iCLK        ; 10.000       ; -0.361     ; 7.972      ;
; 1.672 ; mem:DMem|altsyncram:ram_rtl_0|altsyncram_eg81:auto_generated|ram_block1a0~porta_we_reg ; register_file:regFile_inst|register_N_neg:\gen_registers:1:gen_other:reg_i|dffgNeg:\gen_dffg:25:dffg_inst|s_Q  ; iCLK         ; iCLK        ; 10.000       ; -0.380     ; 7.946      ;
; 1.678 ; mem:DMem|altsyncram:ram_rtl_0|altsyncram_eg81:auto_generated|ram_block1a0~porta_we_reg ; register_file:regFile_inst|register_N_neg:\gen_registers:2:gen_sp:reg_2|dffgNeg:\gen_dffg:16:dffg_inst|s_Q     ; iCLK         ; iCLK        ; 10.000       ; -0.373     ; 7.947      ;
; 1.678 ; mem:DMem|altsyncram:ram_rtl_0|altsyncram_eg81:auto_generated|ram_block1a0~porta_we_reg ; register_file:regFile_inst|register_N_neg:\gen_registers:7:gen_other:reg_i|dffgNeg:\gen_dffg:25:dffg_inst|s_Q  ; iCLK         ; iCLK        ; 10.000       ; -0.383     ; 7.937      ;
; 1.681 ; mem:DMem|altsyncram:ram_rtl_0|altsyncram_eg81:auto_generated|ram_block1a0~porta_we_reg ; register_file:regFile_inst|register_N_neg:\gen_registers:4:gen_other:reg_i|dffgNeg:\gen_dffg:25:dffg_inst|s_Q  ; iCLK         ; iCLK        ; 10.000       ; -0.383     ; 7.934      ;
; 1.692 ; mem:DMem|altsyncram:ram_rtl_0|altsyncram_eg81:auto_generated|ram_block1a5~porta_we_reg ; register_file:regFile_inst|register_N_neg:\gen_registers:31:gen_other:reg_i|dffgNeg:\gen_dffg:29:dffg_inst|s_Q ; iCLK         ; iCLK        ; 10.000       ; -0.345     ; 7.961      ;
; 1.693 ; mem:DMem|altsyncram:ram_rtl_0|altsyncram_eg81:auto_generated|ram_block1a5~porta_we_reg ; register_file:regFile_inst|register_N_neg:\gen_registers:23:gen_other:reg_i|dffgNeg:\gen_dffg:29:dffg_inst|s_Q ; iCLK         ; iCLK        ; 10.000       ; -0.345     ; 7.960      ;
; 1.701 ; mem:DMem|altsyncram:ram_rtl_0|altsyncram_eg81:auto_generated|ram_block1a0~porta_we_reg ; register_file:regFile_inst|register_N_neg:\gen_registers:26:gen_other:reg_i|dffgNeg:\gen_dffg:17:dffg_inst|s_Q ; iCLK         ; iCLK        ; 10.000       ; -0.340     ; 7.957      ;
; 1.701 ; mem:DMem|altsyncram:ram_rtl_0|altsyncram_eg81:auto_generated|ram_block1a0~porta_we_reg ; register_file:regFile_inst|register_N_neg:\gen_registers:15:gen_other:reg_i|dffgNeg:\gen_dffg:22:dffg_inst|s_Q ; iCLK         ; iCLK        ; 10.000       ; -0.356     ; 7.941      ;
; 1.704 ; mem:DMem|altsyncram:ram_rtl_0|altsyncram_eg81:auto_generated|ram_block1a0~porta_we_reg ; register_file:regFile_inst|register_N_neg:\gen_registers:22:gen_other:reg_i|dffgNeg:\gen_dffg:17:dffg_inst|s_Q ; iCLK         ; iCLK        ; 10.000       ; -0.340     ; 7.954      ;
; 1.704 ; mem:DMem|altsyncram:ram_rtl_0|altsyncram_eg81:auto_generated|ram_block1a0~porta_we_reg ; register_file:regFile_inst|register_N_neg:\gen_registers:12:gen_other:reg_i|dffgNeg:\gen_dffg:22:dffg_inst|s_Q ; iCLK         ; iCLK        ; 10.000       ; -0.356     ; 7.938      ;
; 1.707 ; mem:DMem|altsyncram:ram_rtl_0|altsyncram_eg81:auto_generated|ram_block1a0~porta_we_reg ; register_file:regFile_inst|register_N_neg:\gen_registers:10:gen_other:reg_i|dffgNeg:\gen_dffg:21:dffg_inst|s_Q ; iCLK         ; iCLK        ; 10.000       ; -0.344     ; 7.947      ;
; 1.708 ; mem:DMem|altsyncram:ram_rtl_0|altsyncram_eg81:auto_generated|ram_block1a0~porta_we_reg ; register_file:regFile_inst|register_N_neg:\gen_registers:2:gen_sp:reg_2|dffgNeg:\gen_dffg:25:dffg_inst|s_Q     ; iCLK         ; iCLK        ; 10.000       ; -0.380     ; 7.910      ;
; 1.711 ; mem:DMem|altsyncram:ram_rtl_0|altsyncram_eg81:auto_generated|ram_block1a5~porta_we_reg ; register_file:regFile_inst|register_N_neg:\gen_registers:9:gen_other:reg_i|dffgNeg:\gen_dffg:29:dffg_inst|s_Q  ; iCLK         ; iCLK        ; 10.000       ; -0.359     ; 7.928      ;
; 1.711 ; mem:DMem|altsyncram:ram_rtl_0|altsyncram_eg81:auto_generated|ram_block1a0~porta_we_reg ; register_file:regFile_inst|register_N_neg:\gen_registers:11:gen_other:reg_i|dffgNeg:\gen_dffg:21:dffg_inst|s_Q ; iCLK         ; iCLK        ; 10.000       ; -0.367     ; 7.920      ;
; 1.712 ; mem:DMem|altsyncram:ram_rtl_0|altsyncram_eg81:auto_generated|ram_block1a0~porta_we_reg ; register_file:regFile_inst|register_N_neg:\gen_registers:6:gen_other:reg_i|dffgNeg:\gen_dffg:21:dffg_inst|s_Q  ; iCLK         ; iCLK        ; 10.000       ; -0.367     ; 7.919      ;
; 1.714 ; mem:DMem|altsyncram:ram_rtl_0|altsyncram_eg81:auto_generated|ram_block1a0~porta_we_reg ; register_file:regFile_inst|register_N_neg:\gen_registers:12:gen_other:reg_i|dffgNeg:\gen_dffg:30:dffg_inst|s_Q ; iCLK         ; iCLK        ; 10.000       ; -0.373     ; 7.911      ;
; 1.714 ; mem:DMem|altsyncram:ram_rtl_0|altsyncram_eg81:auto_generated|ram_block1a0~porta_we_reg ; register_file:regFile_inst|register_N_neg:\gen_registers:6:gen_other:reg_i|dffgNeg:\gen_dffg:25:dffg_inst|s_Q  ; iCLK         ; iCLK        ; 10.000       ; -0.373     ; 7.911      ;
; 1.716 ; mem:DMem|altsyncram:ram_rtl_0|altsyncram_eg81:auto_generated|ram_block1a0~porta_we_reg ; register_file:regFile_inst|register_N_neg:\gen_registers:15:gen_other:reg_i|dffgNeg:\gen_dffg:30:dffg_inst|s_Q ; iCLK         ; iCLK        ; 10.000       ; -0.373     ; 7.909      ;
; 1.718 ; mem:DMem|altsyncram:ram_rtl_0|altsyncram_eg81:auto_generated|ram_block1a0~porta_we_reg ; register_file:regFile_inst|register_N_neg:\gen_registers:5:gen_other:reg_i|dffgNeg:\gen_dffg:25:dffg_inst|s_Q  ; iCLK         ; iCLK        ; 10.000       ; -0.373     ; 7.907      ;
; 1.722 ; mem:DMem|altsyncram:ram_rtl_0|altsyncram_eg81:auto_generated|ram_block1a5~porta_we_reg ; register_file:regFile_inst|register_N_neg:\gen_registers:25:gen_other:reg_i|dffgNeg:\gen_dffg:29:dffg_inst|s_Q ; iCLK         ; iCLK        ; 10.000       ; -0.351     ; 7.925      ;
; 1.722 ; mem:DMem|altsyncram:ram_rtl_0|altsyncram_eg81:auto_generated|ram_block1a5~porta_we_reg ; register_file:regFile_inst|register_N_neg:\gen_registers:21:gen_other:reg_i|dffgNeg:\gen_dffg:29:dffg_inst|s_Q ; iCLK         ; iCLK        ; 10.000       ; -0.351     ; 7.925      ;
; 1.724 ; mem:DMem|altsyncram:ram_rtl_0|altsyncram_eg81:auto_generated|ram_block1a0~porta_we_reg ; register_file:regFile_inst|register_N_neg:\gen_registers:29:gen_other:reg_i|dffgNeg:\gen_dffg:25:dffg_inst|s_Q ; iCLK         ; iCLK        ; 10.000       ; -0.370     ; 7.904      ;
; 1.733 ; mem:DMem|altsyncram:ram_rtl_0|altsyncram_eg81:auto_generated|ram_block1a0~porta_we_reg ; register_file:regFile_inst|register_N_neg:\gen_registers:4:gen_other:reg_i|dffgNeg:\gen_dffg:16:dffg_inst|s_Q  ; iCLK         ; iCLK        ; 10.000       ; -0.377     ; 7.888      ;
; 1.736 ; mem:DMem|altsyncram:ram_rtl_0|altsyncram_eg81:auto_generated|ram_block1a0~porta_we_reg ; register_file:regFile_inst|register_N_neg:\gen_registers:17:gen_other:reg_i|dffgNeg:\gen_dffg:25:dffg_inst|s_Q ; iCLK         ; iCLK        ; 10.000       ; -0.369     ; 7.893      ;
; 1.747 ; mem:DMem|altsyncram:ram_rtl_0|altsyncram_eg81:auto_generated|ram_block1a0~porta_we_reg ; register_file:regFile_inst|register_N_neg:\gen_registers:24:gen_other:reg_i|dffgNeg:\gen_dffg:9:dffg_inst|s_Q  ; iCLK         ; iCLK        ; 10.000       ; -0.365     ; 7.886      ;
; 1.747 ; mem:DMem|altsyncram:ram_rtl_0|altsyncram_eg81:auto_generated|ram_block1a0~porta_we_reg ; register_file:regFile_inst|register_N_neg:\gen_registers:28:gen_other:reg_i|dffgNeg:\gen_dffg:9:dffg_inst|s_Q  ; iCLK         ; iCLK        ; 10.000       ; -0.365     ; 7.886      ;
; 1.758 ; mem:DMem|altsyncram:ram_rtl_0|altsyncram_eg81:auto_generated|ram_block1a0~porta_we_reg ; register_file:regFile_inst|register_N_neg:\gen_registers:21:gen_other:reg_i|dffgNeg:\gen_dffg:25:dffg_inst|s_Q ; iCLK         ; iCLK        ; 10.000       ; -0.370     ; 7.870      ;
; 1.759 ; mem:DMem|altsyncram:ram_rtl_0|altsyncram_eg81:auto_generated|ram_block1a0~porta_we_reg ; register_file:regFile_inst|register_N_neg:\gen_registers:8:gen_other:reg_i|dffgNeg:\gen_dffg:24:dffg_inst|s_Q  ; iCLK         ; iCLK        ; 10.000       ; -0.352     ; 7.887      ;
; 1.762 ; mem:DMem|altsyncram:ram_rtl_0|altsyncram_eg81:auto_generated|ram_block1a0~porta_we_reg ; register_file:regFile_inst|register_N_neg:\gen_registers:9:gen_other:reg_i|dffgNeg:\gen_dffg:24:dffg_inst|s_Q  ; iCLK         ; iCLK        ; 10.000       ; -0.352     ; 7.884      ;
; 1.767 ; mem:DMem|altsyncram:ram_rtl_0|altsyncram_eg81:auto_generated|ram_block1a0~porta_we_reg ; register_file:regFile_inst|register_N_neg:\gen_registers:2:gen_sp:reg_2|dffgNeg:\gen_dffg:21:dffg_inst|s_Q     ; iCLK         ; iCLK        ; 10.000       ; -0.373     ; 7.858      ;
; 1.776 ; mem:DMem|altsyncram:ram_rtl_0|altsyncram_eg81:auto_generated|ram_block1a0~porta_we_reg ; register_file:regFile_inst|register_N_neg:\gen_registers:8:gen_other:reg_i|dffgNeg:\gen_dffg:19:dffg_inst|s_Q  ; iCLK         ; iCLK        ; 10.000       ; -0.353     ; 7.869      ;
; 1.777 ; mem:DMem|altsyncram:ram_rtl_0|altsyncram_eg81:auto_generated|ram_block1a0~porta_we_reg ; register_file:regFile_inst|register_N_neg:\gen_registers:9:gen_other:reg_i|dffgNeg:\gen_dffg:19:dffg_inst|s_Q  ; iCLK         ; iCLK        ; 10.000       ; -0.353     ; 7.868      ;
; 1.788 ; mem:DMem|altsyncram:ram_rtl_0|altsyncram_eg81:auto_generated|ram_block1a0~porta_we_reg ; register_file:regFile_inst|register_N_neg:\gen_registers:9:gen_other:reg_i|dffgNeg:\gen_dffg:25:dffg_inst|s_Q  ; iCLK         ; iCLK        ; 10.000       ; -0.352     ; 7.858      ;
; 1.788 ; mem:DMem|altsyncram:ram_rtl_0|altsyncram_eg81:auto_generated|ram_block1a0~porta_we_reg ; register_file:regFile_inst|register_N_neg:\gen_registers:8:gen_other:reg_i|dffgNeg:\gen_dffg:25:dffg_inst|s_Q  ; iCLK         ; iCLK        ; 10.000       ; -0.352     ; 7.858      ;
; 1.790 ; mem:DMem|altsyncram:ram_rtl_0|altsyncram_eg81:auto_generated|ram_block1a6~porta_we_reg ; register_file:regFile_inst|register_N_neg:\gen_registers:1:gen_other:reg_i|dffgNeg:\gen_dffg:25:dffg_inst|s_Q  ; iCLK         ; iCLK        ; 10.000       ; -0.374     ; 7.834      ;
; 1.796 ; mem:DMem|altsyncram:ram_rtl_0|altsyncram_eg81:auto_generated|ram_block1a6~porta_we_reg ; register_file:regFile_inst|register_N_neg:\gen_registers:7:gen_other:reg_i|dffgNeg:\gen_dffg:25:dffg_inst|s_Q  ; iCLK         ; iCLK        ; 10.000       ; -0.377     ; 7.825      ;
; 1.798 ; mem:DMem|altsyncram:ram_rtl_0|altsyncram_eg81:auto_generated|ram_block1a0~porta_we_reg ; register_file:regFile_inst|register_N_neg:\gen_registers:7:gen_other:reg_i|dffgNeg:\gen_dffg:8:dffg_inst|s_Q   ; iCLK         ; iCLK        ; 10.000       ; -0.378     ; 7.822      ;
; 1.799 ; mem:DMem|altsyncram:ram_rtl_0|altsyncram_eg81:auto_generated|ram_block1a6~porta_we_reg ; register_file:regFile_inst|register_N_neg:\gen_registers:4:gen_other:reg_i|dffgNeg:\gen_dffg:25:dffg_inst|s_Q  ; iCLK         ; iCLK        ; 10.000       ; -0.377     ; 7.822      ;
; 1.799 ; mem:DMem|altsyncram:ram_rtl_0|altsyncram_eg81:auto_generated|ram_block1a0~porta_we_reg ; register_file:regFile_inst|register_N_neg:\gen_registers:20:gen_other:reg_i|dffgNeg:\gen_dffg:17:dffg_inst|s_Q ; iCLK         ; iCLK        ; 10.000       ; -0.349     ; 7.850      ;
; 1.799 ; mem:DMem|altsyncram:ram_rtl_0|altsyncram_eg81:auto_generated|ram_block1a0~porta_we_reg ; register_file:regFile_inst|register_N_neg:\gen_registers:9:gen_other:reg_i|dffgNeg:\gen_dffg:22:dffg_inst|s_Q  ; iCLK         ; iCLK        ; 10.000       ; -0.370     ; 7.829      ;
+-------+----------------------------------------------------------------------------------------+----------------------------------------------------------------------------------------------------------------+--------------+-------------+--------------+------------+------------+


+---------------------------------------------------------------------------------------------------------------------------------------------------------------------------------------------------------------------------------------------------------------------------------------------------------------------------------------------------------------------------------------------------------------------------+
; Slow 1200mV 85C Model Hold: 'iCLK'                                                                                                                                                                                                                                                                                                                                                                                        ;
+-------+----------------------------------------------------------------------------------------------------------------------------------------------------------------------+----------------------------------------------------------------------------------------------------------------------------------------------------------------------+--------------+-------------+--------------+------------+------------+
; Slack ; From Node                                                                                                                                                            ; To Node                                                                                                                                                              ; Launch Clock ; Latch Clock ; Relationship ; Clock Skew ; Data Delay ;
+-------+----------------------------------------------------------------------------------------------------------------------------------------------------------------------+----------------------------------------------------------------------------------------------------------------------------------------------------------------------+--------------+-------------+--------------+------------+------------+
; 0.344 ; EX_MEM_Reg:EX_MEM_inst|register_N:Out2_reg_inst|dffg:\gen_dffg:17:dffg_inst|s_Q                                                                                      ; mem:DMem|altsyncram:ram_rtl_0|altsyncram_eg81:auto_generated|ram_block1a6~porta_datain_reg0                                                                          ; iCLK         ; iCLK        ; 0.000        ; 0.442      ; 1.008      ;
; 0.344 ; EX_MEM_Reg:EX_MEM_inst|register_N:Out2_reg_inst|dffg:\gen_dffg:18:dffg_inst|s_Q                                                                                      ; mem:DMem|altsyncram:ram_rtl_0|altsyncram_eg81:auto_generated|ram_block1a6~porta_datain_reg0                                                                          ; iCLK         ; iCLK        ; 0.000        ; 0.442      ; 1.008      ;
; 0.346 ; EX_MEM_Reg:EX_MEM_inst|register_N:Out2_reg_inst|dffg:\gen_dffg:10:dffg_inst|s_Q                                                                                      ; mem:DMem|altsyncram:ram_rtl_0|altsyncram_eg81:auto_generated|ram_block1a5~porta_datain_reg0                                                                          ; iCLK         ; iCLK        ; 0.000        ; 0.442      ; 1.010      ;
; 0.347 ; EX_MEM_Reg:EX_MEM_inst|register_N:Out2_reg_inst|dffg:\gen_dffg:13:dffg_inst|s_Q                                                                                      ; mem:DMem|altsyncram:ram_rtl_0|altsyncram_eg81:auto_generated|ram_block1a6~porta_datain_reg0                                                                          ; iCLK         ; iCLK        ; 0.000        ; 0.441      ; 1.010      ;
; 0.367 ; EX_MEM_Reg:EX_MEM_inst|register_N:Out2_reg_inst|dffg:\gen_dffg:19:dffg_inst|s_Q                                                                                      ; mem:DMem|altsyncram:ram_rtl_0|altsyncram_eg81:auto_generated|ram_block1a8~porta_datain_reg0                                                                          ; iCLK         ; iCLK        ; 0.000        ; 0.447      ; 1.036      ;
; 0.374 ; EX_MEM_Reg:EX_MEM_inst|register_N:Out2_reg_inst|dffg:\gen_dffg:25:dffg_inst|s_Q                                                                                      ; mem:DMem|altsyncram:ram_rtl_0|altsyncram_eg81:auto_generated|ram_block1a6~porta_datain_reg0                                                                          ; iCLK         ; iCLK        ; 0.000        ; 0.441      ; 1.037      ;
; 0.382 ; EX_MEM_Reg:EX_MEM_inst|register_N:Out2_reg_inst|dffg:\gen_dffg:22:dffg_inst|s_Q                                                                                      ; mem:DMem|altsyncram:ram_rtl_0|altsyncram_eg81:auto_generated|ram_block1a6~porta_datain_reg0                                                                          ; iCLK         ; iCLK        ; 0.000        ; 0.447      ; 1.051      ;
; 0.386 ; EX_MEM_Reg:EX_MEM_inst|register_N:ALUout_reg_inst|dffg:\gen_dffg:6:dffg_inst|s_Q                                                                                     ; mem:DMem|altsyncram:ram_rtl_0|altsyncram_eg81:auto_generated|ram_block1a0~porta_address_reg0                                                                         ; iCLK         ; iCLK        ; 0.000        ; 0.439      ; 1.047      ;
; 0.403 ; fetch:fetch_inst|register_N:PC|dffg:\gen_dffg:12:dffg_inst|s_Q                                                                                                       ; fetch:fetch_inst|register_N:PC|dffg:\gen_dffg:12:dffg_inst|s_Q                                                                                                       ; iCLK         ; iCLK        ; 0.000        ; 0.080      ; 0.669      ;
; 0.403 ; fetch:fetch_inst|register_N:PC|dffg:\gen_dffg:30:dffg_inst|s_Q                                                                                                       ; fetch:fetch_inst|register_N:PC|dffg:\gen_dffg:30:dffg_inst|s_Q                                                                                                       ; iCLK         ; iCLK        ; 0.000        ; 0.080      ; 0.669      ;
; 0.403 ; fetch:fetch_inst|register_N:PC|dffg:\gen_dffg:15:dffg_inst|s_Q                                                                                                       ; fetch:fetch_inst|register_N:PC|dffg:\gen_dffg:15:dffg_inst|s_Q                                                                                                       ; iCLK         ; iCLK        ; 0.000        ; 0.080      ; 0.669      ;
; 0.403 ; fetch:fetch_inst|register_N:PC|dffg:\gen_dffg:6:dffg_inst|s_Q                                                                                                        ; fetch:fetch_inst|register_N:PC|dffg:\gen_dffg:6:dffg_inst|s_Q                                                                                                        ; iCLK         ; iCLK        ; 0.000        ; 0.080      ; 0.669      ;
; 0.403 ; fetch:fetch_inst|register_N:PC|dffg:\gen_dffg:3:dffg_inst|s_Q                                                                                                        ; fetch:fetch_inst|register_N:PC|dffg:\gen_dffg:3:dffg_inst|s_Q                                                                                                        ; iCLK         ; iCLK        ; 0.000        ; 0.080      ; 0.669      ;
; 0.403 ; fetch:fetch_inst|register_N:PC|dffg:\gen_dffg:9:dffg_inst|s_Q                                                                                                        ; fetch:fetch_inst|register_N:PC|dffg:\gen_dffg:9:dffg_inst|s_Q                                                                                                        ; iCLK         ; iCLK        ; 0.000        ; 0.080      ; 0.669      ;
; 0.404 ; fetch:fetch_inst|register_N:PC|dffg:\gen_dffg:21:dffg_inst|s_Q                                                                                                       ; fetch:fetch_inst|register_N:PC|dffg:\gen_dffg:21:dffg_inst|s_Q                                                                                                       ; iCLK         ; iCLK        ; 0.000        ; 0.079      ; 0.669      ;
; 0.404 ; fetch:fetch_inst|register_N:PC|dffg:\gen_dffg:24:dffg_inst|s_Q                                                                                                       ; fetch:fetch_inst|register_N:PC|dffg:\gen_dffg:24:dffg_inst|s_Q                                                                                                       ; iCLK         ; iCLK        ; 0.000        ; 0.079      ; 0.669      ;
; 0.404 ; fetch:fetch_inst|register_N:PC|dffg:\gen_dffg:27:dffg_inst|s_Q                                                                                                       ; fetch:fetch_inst|register_N:PC|dffg:\gen_dffg:27:dffg_inst|s_Q                                                                                                       ; iCLK         ; iCLK        ; 0.000        ; 0.079      ; 0.669      ;
; 0.404 ; fetch:fetch_inst|register_N:PC|dffg:\gen_dffg:18:dffg_inst|s_Q                                                                                                       ; fetch:fetch_inst|register_N:PC|dffg:\gen_dffg:18:dffg_inst|s_Q                                                                                                       ; iCLK         ; iCLK        ; 0.000        ; 0.079      ; 0.669      ;
; 0.408 ; fetch:fetch_inst|register_N:PC|dffg:\gen_dffg:2:dffg_inst|s_Q                                                                                                        ; fetch:fetch_inst|register_N:PC|dffg:\gen_dffg:2:dffg_inst|s_Q                                                                                                        ; iCLK         ; iCLK        ; 0.000        ; 0.080      ; 0.674      ;
; 0.424 ; EX_MEM_Reg:EX_MEM_inst|register_N:ALUout_reg_inst|dffg:\gen_dffg:6:dffg_inst|s_Q                                                                                     ; mem:DMem|altsyncram:ram_rtl_0|altsyncram_eg81:auto_generated|ram_block1a5~porta_address_reg0                                                                         ; iCLK         ; iCLK        ; 0.000        ; 0.428      ; 1.074      ;
; 0.429 ; ID_EX_Reg:ID_EX_inst|register_N:RegWrAddr_reg_inst|dffg:\gen_dffg:0:dffg_inst|s_Q                                                                                    ; EX_MEM_Reg:EX_MEM_inst|register_N:RegWrAddr_reg_inst|dffg:\gen_dffg:0:dffg_inst|s_Q                                                                                  ; iCLK         ; iCLK        ; 0.000        ; 0.081      ; 0.696      ;
; 0.429 ; EX_MEM_Reg:EX_MEM_inst|register_N:PCPlusImm_reg_inst|dffg:\gen_dffg:5:dffg_inst|s_Q                                                                                  ; fetch:fetch_inst|register_N:PC|dffg:\gen_dffg:5:dffg_inst|s_Q                                                                                                        ; iCLK         ; iCLK        ; 0.000        ; 0.080      ; 0.695      ;
; 0.429 ; EX_MEM_Reg:EX_MEM_inst|register_N:PCPlus4_reg_inst|dffg:\gen_dffg:0:dffg_inst|s_Q                                                                                    ; MEM_WB_Reg:MEM_WB_inst|register_N:PCPlus4_reg_inst|dffg:\gen_dffg:0:dffg_inst|s_Q                                                                                    ; iCLK         ; iCLK        ; 0.000        ; 0.081      ; 0.696      ;
; 0.429 ; ID_EX_Reg:ID_EX_inst|register_N:PCPlusImm_reg_inst|dffg:\gen_dffg:27:dffg_inst|s_Q                                                                                   ; EX_MEM_Reg:EX_MEM_inst|register_N:PCPlusImm_reg_inst|dffg:\gen_dffg:27:dffg_inst|s_Q                                                                                 ; iCLK         ; iCLK        ; 0.000        ; 0.080      ; 0.695      ;
; 0.429 ; ID_EX_Reg:ID_EX_inst|register_N:PCPlusImm_reg_inst|dffg:\gen_dffg:0:dffg_inst|s_Q                                                                                    ; EX_MEM_Reg:EX_MEM_inst|register_N:PCPlusImm_reg_inst|dffg:\gen_dffg:0:dffg_inst|s_Q                                                                                  ; iCLK         ; iCLK        ; 0.000        ; 0.080      ; 0.695      ;
; 0.430 ; EX_MEM_Reg:EX_MEM_inst|register_N:RegWrite_reg_inst|dffg:\gen_dffg:0:dffg_inst|s_Q                                                                                   ; MEM_WB_Reg:MEM_WB_inst|register_N:RegWrite_reg_inst|dffg:\gen_dffg:0:dffg_inst|s_Q                                                                                   ; iCLK         ; iCLK        ; 0.000        ; 0.081      ; 0.697      ;
; 0.430 ; ID_EX_Reg:ID_EX_inst|register_N:RegWrAddr_reg_inst|dffg:\gen_dffg:4:dffg_inst|s_Q                                                                                    ; EX_MEM_Reg:EX_MEM_inst|register_N:RegWrAddr_reg_inst|dffg:\gen_dffg:4:dffg_inst|s_Q                                                                                  ; iCLK         ; iCLK        ; 0.000        ; 0.081      ; 0.697      ;
; 0.430 ; EX_MEM_Reg:EX_MEM_inst|register_N:PCPlusImm_reg_inst|dffg:\gen_dffg:31:dffg_inst|s_Q                                                                                 ; fetch:fetch_inst|register_N:PC|dffg:\gen_dffg:31:dffg_inst|s_Q                                                                                                       ; iCLK         ; iCLK        ; 0.000        ; 0.080      ; 0.696      ;
; 0.430 ; EX_MEM_Reg:EX_MEM_inst|register_N:PCPlusImm_reg_inst|dffg:\gen_dffg:4:dffg_inst|s_Q                                                                                  ; fetch:fetch_inst|register_N:PC|dffg:\gen_dffg:4:dffg_inst|s_Q                                                                                                        ; iCLK         ; iCLK        ; 0.000        ; 0.080      ; 0.696      ;
; 0.430 ; ID_EX_Reg:ID_EX_inst|register_N:PCPlusImm_reg_inst|dffg:\gen_dffg:25:dffg_inst|s_Q                                                                                   ; EX_MEM_Reg:EX_MEM_inst|register_N:PCPlusImm_reg_inst|dffg:\gen_dffg:25:dffg_inst|s_Q                                                                                 ; iCLK         ; iCLK        ; 0.000        ; 0.080      ; 0.696      ;
; 0.430 ; ID_EX_Reg:ID_EX_inst|register_N:PCPlusImm_reg_inst|dffg:\gen_dffg:26:dffg_inst|s_Q                                                                                   ; EX_MEM_Reg:EX_MEM_inst|register_N:PCPlusImm_reg_inst|dffg:\gen_dffg:26:dffg_inst|s_Q                                                                                 ; iCLK         ; iCLK        ; 0.000        ; 0.080      ; 0.696      ;
; 0.430 ; EX_MEM_Reg:EX_MEM_inst|register_N:PCorMemtoReg_reg_inst|dffg:\gen_dffg:1:dffg_inst|s_Q                                                                               ; MEM_WB_Reg:MEM_WB_inst|register_N:PCorMemtoReg_reg_inst|dffg:\gen_dffg:1:dffg_inst|s_Q                                                                               ; iCLK         ; iCLK        ; 0.000        ; 0.081      ; 0.697      ;
; 0.430 ; EX_MEM_Reg:EX_MEM_inst|register_N:PCPlusImm_reg_inst|dffg:\gen_dffg:6:dffg_inst|s_Q                                                                                  ; fetch:fetch_inst|register_N:PC|dffg:\gen_dffg:6:dffg_inst|s_Q                                                                                                        ; iCLK         ; iCLK        ; 0.000        ; 0.080      ; 0.696      ;
; 0.431 ; EX_MEM_Reg:EX_MEM_inst|register_N:PCPlusImm_reg_inst|dffg:\gen_dffg:19:dffg_inst|s_Q                                                                                 ; fetch:fetch_inst|register_N:PC|dffg:\gen_dffg:19:dffg_inst|s_Q                                                                                                       ; iCLK         ; iCLK        ; 0.000        ; 0.079      ; 0.696      ;
; 0.431 ; EX_MEM_Reg:EX_MEM_inst|register_N:PCPlusImm_reg_inst|dffg:\gen_dffg:16:dffg_inst|s_Q                                                                                 ; fetch:fetch_inst|register_N:PC|dffg:\gen_dffg:16:dffg_inst|s_Q                                                                                                       ; iCLK         ; iCLK        ; 0.000        ; 0.080      ; 0.697      ;
; 0.431 ; ID_EX_Reg:ID_EX_inst|register_N:PCPlusImm_reg_inst|dffg:\gen_dffg:10:dffg_inst|s_Q                                                                                   ; EX_MEM_Reg:EX_MEM_inst|register_N:PCPlusImm_reg_inst|dffg:\gen_dffg:10:dffg_inst|s_Q                                                                                 ; iCLK         ; iCLK        ; 0.000        ; 0.080      ; 0.697      ;
; 0.431 ; ID_EX_Reg:ID_EX_inst|register_N:PCPlusImm_reg_inst|dffg:\gen_dffg:30:dffg_inst|s_Q                                                                                   ; EX_MEM_Reg:EX_MEM_inst|register_N:PCPlusImm_reg_inst|dffg:\gen_dffg:30:dffg_inst|s_Q                                                                                 ; iCLK         ; iCLK        ; 0.000        ; 0.079      ; 0.696      ;
; 0.431 ; ID_EX_Reg:ID_EX_inst|register_N:MemWrite_reg_inst|dffg:\gen_dffg:0:dffg_inst|s_Q                                                                                     ; EX_MEM_Reg:EX_MEM_inst|register_N:MemWrite_reg_inst|dffg:\gen_dffg:0:dffg_inst|s_Q                                                                                   ; iCLK         ; iCLK        ; 0.000        ; 0.079      ; 0.696      ;
; 0.431 ; ID_EX_Reg:ID_EX_inst|register_N:PCPlusImm_reg_inst|dffg:\gen_dffg:17:dffg_inst|s_Q                                                                                   ; EX_MEM_Reg:EX_MEM_inst|register_N:PCPlusImm_reg_inst|dffg:\gen_dffg:17:dffg_inst|s_Q                                                                                 ; iCLK         ; iCLK        ; 0.000        ; 0.081      ; 0.698      ;
; 0.431 ; ID_EX_Reg:ID_EX_inst|register_N:PCPlusImm_reg_inst|dffg:\gen_dffg:12:dffg_inst|s_Q                                                                                   ; EX_MEM_Reg:EX_MEM_inst|register_N:PCPlusImm_reg_inst|dffg:\gen_dffg:12:dffg_inst|s_Q                                                                                 ; iCLK         ; iCLK        ; 0.000        ; 0.080      ; 0.697      ;
; 0.431 ; ID_EX_Reg:ID_EX_inst|register_N:RegWrAddr_reg_inst|dffg:\gen_dffg:3:dffg_inst|s_Q                                                                                    ; EX_MEM_Reg:EX_MEM_inst|register_N:RegWrAddr_reg_inst|dffg:\gen_dffg:3:dffg_inst|s_Q                                                                                  ; iCLK         ; iCLK        ; 0.000        ; 0.080      ; 0.697      ;
; 0.432 ; ID_EX_Reg:ID_EX_inst|register_N:PCPlusImm_reg_inst|dffg:\gen_dffg:29:dffg_inst|s_Q                                                                                   ; EX_MEM_Reg:EX_MEM_inst|register_N:PCPlusImm_reg_inst|dffg:\gen_dffg:29:dffg_inst|s_Q                                                                                 ; iCLK         ; iCLK        ; 0.000        ; 0.079      ; 0.697      ;
; 0.432 ; EX_MEM_Reg:EX_MEM_inst|register_N:PCPlusImm_reg_inst|dffg:\gen_dffg:15:dffg_inst|s_Q                                                                                 ; fetch:fetch_inst|register_N:PC|dffg:\gen_dffg:15:dffg_inst|s_Q                                                                                                       ; iCLK         ; iCLK        ; 0.000        ; 0.080      ; 0.698      ;
; 0.437 ; EX_MEM_Reg:EX_MEM_inst|register_N:ALUout_reg_inst|dffg:\gen_dffg:6:dffg_inst|s_Q                                                                                     ; mem:DMem|altsyncram:ram_rtl_0|altsyncram_eg81:auto_generated|ram_block1a6~porta_address_reg0                                                                         ; iCLK         ; iCLK        ; 0.000        ; 0.433      ; 1.092      ;
; 0.438 ; fetch:fetch_inst|register_N:PC|dffg:\gen_dffg:31:dffg_inst|s_Q                                                                                                       ; IF_ID_Reg:IF_ID_inst|register_N:PC_reg_inst|dffg:\gen_dffg:31:dffg_inst|s_Q                                                                                          ; iCLK         ; iCLK        ; 0.000        ; 0.080      ; 0.704      ;
; 0.443 ; ID_EX_Reg:ID_EX_inst|register_N:Out2_reg_inst|dffg:\gen_dffg:10:dffg_inst|s_Q                                                                                        ; EX_MEM_Reg:EX_MEM_inst|register_N:Out2_reg_inst|dffg:\gen_dffg:10:dffg_inst|s_Q                                                                                      ; iCLK         ; iCLK        ; 0.000        ; 0.081      ; 0.710      ;
; 0.444 ; ID_EX_Reg:ID_EX_inst|register_N:Out2_reg_inst|dffg:\gen_dffg:14:dffg_inst|s_Q                                                                                        ; EX_MEM_Reg:EX_MEM_inst|register_N:Out2_reg_inst|dffg:\gen_dffg:14:dffg_inst|s_Q                                                                                      ; iCLK         ; iCLK        ; 0.000        ; 0.081      ; 0.711      ;
; 0.445 ; ID_EX_Reg:ID_EX_inst|register_N:Out2_reg_inst|dffg:\gen_dffg:7:dffg_inst|s_Q                                                                                         ; EX_MEM_Reg:EX_MEM_inst|register_N:Out2_reg_inst|dffg:\gen_dffg:7:dffg_inst|s_Q                                                                                       ; iCLK         ; iCLK        ; 0.000        ; 0.080      ; 0.711      ;
; 0.445 ; ID_EX_Reg:ID_EX_inst|register_N:Out2_reg_inst|dffg:\gen_dffg:2:dffg_inst|s_Q                                                                                         ; EX_MEM_Reg:EX_MEM_inst|register_N:Out2_reg_inst|dffg:\gen_dffg:2:dffg_inst|s_Q                                                                                       ; iCLK         ; iCLK        ; 0.000        ; 0.080      ; 0.711      ;
; 0.446 ; ID_EX_Reg:ID_EX_inst|register_N:Out2_reg_inst|dffg:\gen_dffg:18:dffg_inst|s_Q                                                                                        ; EX_MEM_Reg:EX_MEM_inst|register_N:Out2_reg_inst|dffg:\gen_dffg:18:dffg_inst|s_Q                                                                                      ; iCLK         ; iCLK        ; 0.000        ; 0.081      ; 0.713      ;
; 0.447 ; ID_EX_Reg:ID_EX_inst|register_N:Out2_reg_inst|dffg:\gen_dffg:31:dffg_inst|s_Q                                                                                        ; EX_MEM_Reg:EX_MEM_inst|register_N:Out2_reg_inst|dffg:\gen_dffg:31:dffg_inst|s_Q                                                                                      ; iCLK         ; iCLK        ; 0.000        ; 0.080      ; 0.713      ;
; 0.449 ; ID_EX_Reg:ID_EX_inst|register_N:Out2_reg_inst|dffg:\gen_dffg:13:dffg_inst|s_Q                                                                                        ; EX_MEM_Reg:EX_MEM_inst|register_N:Out2_reg_inst|dffg:\gen_dffg:13:dffg_inst|s_Q                                                                                      ; iCLK         ; iCLK        ; 0.000        ; 0.081      ; 0.716      ;
; 0.451 ; ID_EX_Reg:ID_EX_inst|register_N:Out2_reg_inst|dffg:\gen_dffg:16:dffg_inst|s_Q                                                                                        ; EX_MEM_Reg:EX_MEM_inst|register_N:Out2_reg_inst|dffg:\gen_dffg:16:dffg_inst|s_Q                                                                                      ; iCLK         ; iCLK        ; 0.000        ; 0.081      ; 0.718      ;
; 0.452 ; ID_EX_Reg:ID_EX_inst|register_N:Out2_reg_inst|dffg:\gen_dffg:0:dffg_inst|s_Q                                                                                         ; EX_MEM_Reg:EX_MEM_inst|register_N:Out2_reg_inst|dffg:\gen_dffg:0:dffg_inst|s_Q                                                                                       ; iCLK         ; iCLK        ; 0.000        ; 0.080      ; 0.718      ;
; 0.452 ; ID_EX_Reg:ID_EX_inst|register_N:Out2_reg_inst|dffg:\gen_dffg:3:dffg_inst|s_Q                                                                                         ; EX_MEM_Reg:EX_MEM_inst|register_N:Out2_reg_inst|dffg:\gen_dffg:3:dffg_inst|s_Q                                                                                       ; iCLK         ; iCLK        ; 0.000        ; 0.081      ; 0.719      ;
; 0.458 ; ID_EX_Reg:ID_EX_inst|register_N:Out2_reg_inst|dffg:\gen_dffg:20:dffg_inst|s_Q                                                                                        ; EX_MEM_Reg:EX_MEM_inst|register_N:Out2_reg_inst|dffg:\gen_dffg:20:dffg_inst|s_Q                                                                                      ; iCLK         ; iCLK        ; 0.000        ; 0.081      ; 0.725      ;
; 0.533 ; mem:IMem|ram~43                                                                                                                                                      ; ID_EX_Reg:ID_EX_inst|register_N:RegWrAddr_reg_inst|dffg:\gen_dffg:2:dffg_inst|s_Q                                                                                    ; iCLK         ; iCLK        ; 0.000        ; 0.080      ; 0.799      ;
; 0.555 ; ID_EX_Reg:ID_EX_inst|register_N:PCPlusImm_reg_inst|dffg:\gen_dffg:9:dffg_inst|s_Q                                                                                    ; EX_MEM_Reg:EX_MEM_inst|register_N:PCPlusImm_reg_inst|dffg:\gen_dffg:9:dffg_inst|s_Q                                                                                  ; iCLK         ; iCLK        ; 0.000        ; 0.080      ; 0.821      ;
; 0.555 ; ID_EX_Reg:ID_EX_inst|register_N:PCPlusImm_reg_inst|dffg:\gen_dffg:13:dffg_inst|s_Q                                                                                   ; EX_MEM_Reg:EX_MEM_inst|register_N:PCPlusImm_reg_inst|dffg:\gen_dffg:13:dffg_inst|s_Q                                                                                 ; iCLK         ; iCLK        ; 0.000        ; 0.080      ; 0.821      ;
; 0.558 ; EX_MEM_Reg:EX_MEM_inst|register_N:Out2_reg_inst|dffg:\gen_dffg:11:dffg_inst|s_Q                                                                                      ; mem:DMem|altsyncram:ram_rtl_0|altsyncram_eg81:auto_generated|ram_block1a8~porta_datain_reg0                                                                          ; iCLK         ; iCLK        ; 0.000        ; 0.447      ; 1.227      ;
; 0.576 ; ID_EX_Reg:ID_EX_inst|register_N:Out2_reg_inst|dffg:\gen_dffg:30:dffg_inst|s_Q                                                                                        ; EX_MEM_Reg:EX_MEM_inst|register_N:Out2_reg_inst|dffg:\gen_dffg:30:dffg_inst|s_Q                                                                                      ; iCLK         ; iCLK        ; 0.000        ; 0.080      ; 0.842      ;
; 0.586 ; EX_MEM_Reg:EX_MEM_inst|register_N:PCPlusImm_reg_inst|dffg:\gen_dffg:14:dffg_inst|s_Q                                                                                 ; fetch:fetch_inst|register_N:PC|dffg:\gen_dffg:14:dffg_inst|s_Q                                                                                                       ; iCLK         ; iCLK        ; 0.000        ; 0.081      ; 0.853      ;
; 0.590 ; IF_ID_Reg:IF_ID_inst|register_N:PC_reg_inst|dffg:\gen_dffg:29:dffg_inst|s_Q                                                                                          ; ID_EX_Reg:ID_EX_inst|register_N:PCPlusImm_reg_inst|dffg:\gen_dffg:29:dffg_inst|s_Q                                                                                   ; iCLK         ; iCLK        ; 0.000        ; 0.079      ; 0.855      ;
; 0.593 ; EX_MEM_Reg:EX_MEM_inst|register_N:PCPlusImm_reg_inst|dffg:\gen_dffg:11:dffg_inst|s_Q                                                                                 ; fetch:fetch_inst|register_N:PC|dffg:\gen_dffg:11:dffg_inst|s_Q                                                                                                       ; iCLK         ; iCLK        ; 0.000        ; 0.080      ; 0.859      ;
; 0.593 ; EX_MEM_Reg:EX_MEM_inst|register_N:PCPlusImm_reg_inst|dffg:\gen_dffg:2:dffg_inst|s_Q                                                                                  ; fetch:fetch_inst|register_N:PC|dffg:\gen_dffg:2:dffg_inst|s_Q                                                                                                        ; iCLK         ; iCLK        ; 0.000        ; 0.086      ; 0.865      ;
; 0.595 ; EX_MEM_Reg:EX_MEM_inst|register_N:PCPlusImm_reg_inst|dffg:\gen_dffg:28:dffg_inst|s_Q                                                                                 ; fetch:fetch_inst|register_N:PC|dffg:\gen_dffg:28:dffg_inst|s_Q                                                                                                       ; iCLK         ; iCLK        ; 0.000        ; 0.080      ; 0.861      ;
; 0.598 ; EX_MEM_Reg:EX_MEM_inst|register_N:Fuct3_reg_inst|dffg:\gen_dffg:1:dffg_inst|s_Q                                                                                      ; MEM_WB_Reg:MEM_WB_inst|register_N:Fuct3_reg_inst|dffg:\gen_dffg:1:dffg_inst|s_Q                                                                                      ; iCLK         ; iCLK        ; 0.000        ; 0.081      ; 0.865      ;
; 0.600 ; EX_MEM_Reg:EX_MEM_inst|register_N:RegWrAddr_reg_inst|dffg:\gen_dffg:0:dffg_inst|s_Q                                                                                  ; MEM_WB_Reg:MEM_WB_inst|register_N:RegWrAddr_reg_inst|dffg:\gen_dffg:0:dffg_inst|s_Q                                                                                  ; iCLK         ; iCLK        ; 0.000        ; 0.081      ; 0.867      ;
; 0.601 ; IF_ID_Reg:IF_ID_inst|register_N:PC_reg_inst|dffg:\gen_dffg:8:dffg_inst|s_Q                                                                                           ; ID_EX_Reg:ID_EX_inst|register_N:PCPlusImm_reg_inst|dffg:\gen_dffg:8:dffg_inst|s_Q                                                                                    ; iCLK         ; iCLK        ; 0.000        ; 0.080      ; 0.867      ;
; 0.601 ; ID_EX_Reg:ID_EX_inst|register_N:PCPlusImm_reg_inst|dffg:\gen_dffg:23:dffg_inst|s_Q                                                                                   ; EX_MEM_Reg:EX_MEM_inst|register_N:PCPlusImm_reg_inst|dffg:\gen_dffg:23:dffg_inst|s_Q                                                                                 ; iCLK         ; iCLK        ; 0.000        ; 0.079      ; 0.866      ;
; 0.602 ; ID_EX_Reg:ID_EX_inst|register_N:Jalr_reg_inst|dffg:\gen_dffg:0:dffg_inst|s_Q                                                                                         ; EX_MEM_Reg:EX_MEM_inst|register_N:Jalr_reg_inst|dffg:\gen_dffg:0:dffg_inst|s_Q                                                                                       ; iCLK         ; iCLK        ; 0.000        ; 0.079      ; 0.867      ;
; 0.602 ; ID_EX_Reg:ID_EX_inst|register_N:PCPlusImm_reg_inst|dffg:\gen_dffg:1:dffg_inst|s_Q                                                                                    ; EX_MEM_Reg:EX_MEM_inst|register_N:PCPlusImm_reg_inst|dffg:\gen_dffg:1:dffg_inst|s_Q                                                                                  ; iCLK         ; iCLK        ; 0.000        ; 0.080      ; 0.868      ;
; 0.602 ; ID_EX_Reg:ID_EX_inst|register_N:PCPlusImm_reg_inst|dffg:\gen_dffg:28:dffg_inst|s_Q                                                                                   ; EX_MEM_Reg:EX_MEM_inst|register_N:PCPlusImm_reg_inst|dffg:\gen_dffg:28:dffg_inst|s_Q                                                                                 ; iCLK         ; iCLK        ; 0.000        ; 0.079      ; 0.867      ;
; 0.602 ; ID_EX_Reg:ID_EX_inst|register_N:PCPlusImm_reg_inst|dffg:\gen_dffg:14:dffg_inst|s_Q                                                                                   ; EX_MEM_Reg:EX_MEM_inst|register_N:PCPlusImm_reg_inst|dffg:\gen_dffg:14:dffg_inst|s_Q                                                                                 ; iCLK         ; iCLK        ; 0.000        ; 0.080      ; 0.868      ;
; 0.604 ; ID_EX_Reg:ID_EX_inst|register_N:PCPlusImm_reg_inst|dffg:\gen_dffg:2:dffg_inst|s_Q                                                                                    ; EX_MEM_Reg:EX_MEM_inst|register_N:PCPlusImm_reg_inst|dffg:\gen_dffg:2:dffg_inst|s_Q                                                                                  ; iCLK         ; iCLK        ; 0.000        ; 0.080      ; 0.870      ;
; 0.606 ; ID_EX_Reg:ID_EX_inst|register_N:PCPlus4_reg_inst|dffg:\gen_dffg:1:dffg_inst|s_Q                                                                                      ; EX_MEM_Reg:EX_MEM_inst|register_N:PCPlus4_reg_inst|dffg:\gen_dffg:1:dffg_inst|s_Q                                                                                    ; iCLK         ; iCLK        ; 0.000        ; 0.081      ; 0.873      ;
; 0.610 ; EX_MEM_Reg:EX_MEM_inst|register_N:ALUout_reg_inst|dffg:\gen_dffg:10:dffg_inst|s_Q                                                                                    ; mem:DMem|altsyncram:ram_rtl_0|altsyncram_eg81:auto_generated|ram_block1a8~porta_address_reg0                                                                         ; iCLK         ; iCLK        ; 0.000        ; 0.444      ; 1.276      ;
; 0.611 ; EX_MEM_Reg:EX_MEM_inst|register_N:PCPlusImm_reg_inst|dffg:\gen_dffg:29:dffg_inst|s_Q                                                                                 ; fetch:fetch_inst|register_N:PC|dffg:\gen_dffg:29:dffg_inst|s_Q                                                                                                       ; iCLK         ; iCLK        ; 0.000        ; 0.080      ; 0.877      ;
; 0.615 ; ID_EX_Reg:ID_EX_inst|register_N:Out2_reg_inst|dffg:\gen_dffg:8:dffg_inst|s_Q                                                                                         ; EX_MEM_Reg:EX_MEM_inst|register_N:Out2_reg_inst|dffg:\gen_dffg:8:dffg_inst|s_Q                                                                                       ; iCLK         ; iCLK        ; 0.000        ; 0.081      ; 0.882      ;
; 0.616 ; IF_ID_Reg:IF_ID_inst|register_N:PC_reg_inst|dffg:\gen_dffg:11:dffg_inst|s_Q                                                                                          ; ID_EX_Reg:ID_EX_inst|register_N:PCPlusImm_reg_inst|dffg:\gen_dffg:11:dffg_inst|s_Q                                                                                   ; iCLK         ; iCLK        ; 0.000        ; 0.080      ; 0.882      ;
; 0.620 ; EX_MEM_Reg:EX_MEM_inst|register_N:Out2_reg_inst|dffg:\gen_dffg:9:dffg_inst|s_Q                                                                                       ; mem:DMem|altsyncram:ram_rtl_0|altsyncram_eg81:auto_generated|ram_block1a6~porta_datain_reg0                                                                          ; iCLK         ; iCLK        ; 0.000        ; 0.447      ; 1.289      ;
; 0.621 ; ID_EX_Reg:ID_EX_inst|register_N:Out2_reg_inst|dffg:\gen_dffg:24:dffg_inst|s_Q                                                                                        ; EX_MEM_Reg:EX_MEM_inst|register_N:Out2_reg_inst|dffg:\gen_dffg:24:dffg_inst|s_Q                                                                                      ; iCLK         ; iCLK        ; 0.000        ; 0.081      ; 0.888      ;
; 0.621 ; EX_MEM_Reg:EX_MEM_inst|register_N:ALUout_reg_inst|dffg:\gen_dffg:13:dffg_inst|s_Q                                                                                    ; MEM_WB_Reg:MEM_WB_inst|register_N:ALUout_reg_inst|dffg:\gen_dffg:13:dffg_inst|s_Q                                                                                    ; iCLK         ; iCLK        ; 0.000        ; 0.081      ; 0.888      ;
; 0.622 ; ID_EX_Reg:ID_EX_inst|register_N:Out2_reg_inst|dffg:\gen_dffg:28:dffg_inst|s_Q                                                                                        ; EX_MEM_Reg:EX_MEM_inst|register_N:Out2_reg_inst|dffg:\gen_dffg:28:dffg_inst|s_Q                                                                                      ; iCLK         ; iCLK        ; 0.000        ; 0.080      ; 0.888      ;
; 0.622 ; ID_EX_Reg:ID_EX_inst|register_N:Out2_reg_inst|dffg:\gen_dffg:25:dffg_inst|s_Q                                                                                        ; EX_MEM_Reg:EX_MEM_inst|register_N:Out2_reg_inst|dffg:\gen_dffg:25:dffg_inst|s_Q                                                                                      ; iCLK         ; iCLK        ; 0.000        ; 0.081      ; 0.889      ;
; 0.623 ; ID_EX_Reg:ID_EX_inst|register_N:Out2_reg_inst|dffg:\gen_dffg:11:dffg_inst|s_Q                                                                                        ; EX_MEM_Reg:EX_MEM_inst|register_N:Out2_reg_inst|dffg:\gen_dffg:11:dffg_inst|s_Q                                                                                      ; iCLK         ; iCLK        ; 0.000        ; 0.081      ; 0.890      ;
; 0.623 ; EX_MEM_Reg:EX_MEM_inst|register_N:ALUout_reg_inst|dffg:\gen_dffg:6:dffg_inst|s_Q                                                                                     ; MEM_WB_Reg:MEM_WB_inst|register_N:ALUout_reg_inst|dffg:\gen_dffg:6:dffg_inst|s_Q                                                                                     ; iCLK         ; iCLK        ; 0.000        ; 0.081      ; 0.890      ;
; 0.623 ; ID_EX_Reg:ID_EX_inst|register_N:Out2_reg_inst|dffg:\gen_dffg:23:dffg_inst|s_Q                                                                                        ; EX_MEM_Reg:EX_MEM_inst|register_N:Out2_reg_inst|dffg:\gen_dffg:23:dffg_inst|s_Q                                                                                      ; iCLK         ; iCLK        ; 0.000        ; 0.081      ; 0.890      ;
; 0.624 ; EX_MEM_Reg:EX_MEM_inst|register_N:Out2_reg_inst|dffg:\gen_dffg:14:dffg_inst|s_Q                                                                                      ; mem:DMem|altsyncram:ram_rtl_0|altsyncram_eg81:auto_generated|ram_block1a6~porta_datain_reg0                                                                          ; iCLK         ; iCLK        ; 0.000        ; 0.445      ; 1.291      ;
; 0.625 ; ID_EX_Reg:ID_EX_inst|register_N:Out2_reg_inst|dffg:\gen_dffg:15:dffg_inst|s_Q                                                                                        ; EX_MEM_Reg:EX_MEM_inst|register_N:Out2_reg_inst|dffg:\gen_dffg:15:dffg_inst|s_Q                                                                                      ; iCLK         ; iCLK        ; 0.000        ; 0.080      ; 0.891      ;
; 0.637 ; EX_MEM_Reg:EX_MEM_inst|register_N:Out2_reg_inst|dffg:\gen_dffg:3:dffg_inst|s_Q                                                                                       ; mem:DMem|altsyncram:ram_rtl_0|altsyncram_eg81:auto_generated|ram_block1a0~porta_datain_reg0                                                                          ; iCLK         ; iCLK        ; 0.000        ; 0.448      ; 1.307      ;
; 0.637 ; IF_ID_Reg:IF_ID_inst|register_N:PCPlus4_reg_inst|dffg:\gen_dffg:31:dffg_inst|altshift_taps:s_Q_rtl_0|shift_taps_bkm:auto_generated|cntr_r8h:cntr3|counter_reg_bit[1] ; IF_ID_Reg:IF_ID_inst|register_N:PCPlus4_reg_inst|dffg:\gen_dffg:31:dffg_inst|altshift_taps:s_Q_rtl_0|shift_taps_bkm:auto_generated|cntr_r8h:cntr3|counter_reg_bit[1] ; iCLK         ; iCLK        ; 0.000        ; 0.080      ; 0.903      ;
; 0.638 ; EX_MEM_Reg:EX_MEM_inst|register_N:Out2_reg_inst|dffg:\gen_dffg:30:dffg_inst|s_Q                                                                                      ; mem:DMem|altsyncram:ram_rtl_0|altsyncram_eg81:auto_generated|ram_block1a6~porta_datain_reg0                                                                          ; iCLK         ; iCLK        ; 0.000        ; 0.452      ; 1.312      ;
; 0.638 ; EX_MEM_Reg:EX_MEM_inst|register_N:PCPlusImm_reg_inst|dffg:\gen_dffg:21:dffg_inst|s_Q                                                                                 ; fetch:fetch_inst|register_N:PC|dffg:\gen_dffg:21:dffg_inst|s_Q                                                                                                       ; iCLK         ; iCLK        ; 0.000        ; 0.079      ; 0.903      ;
; 0.639 ; EX_MEM_Reg:EX_MEM_inst|register_N:PCPlusImm_reg_inst|dffg:\gen_dffg:7:dffg_inst|s_Q                                                                                  ; fetch:fetch_inst|register_N:PC|dffg:\gen_dffg:7:dffg_inst|s_Q                                                                                                        ; iCLK         ; iCLK        ; 0.000        ; 0.080      ; 0.905      ;
; 0.640 ; EX_MEM_Reg:EX_MEM_inst|register_N:PCPlusImm_reg_inst|dffg:\gen_dffg:8:dffg_inst|s_Q                                                                                  ; fetch:fetch_inst|register_N:PC|dffg:\gen_dffg:8:dffg_inst|s_Q                                                                                                        ; iCLK         ; iCLK        ; 0.000        ; 0.080      ; 0.906      ;
; 0.640 ; EX_MEM_Reg:EX_MEM_inst|register_N:PCPlusImm_reg_inst|dffg:\gen_dffg:12:dffg_inst|s_Q                                                                                 ; fetch:fetch_inst|register_N:PC|dffg:\gen_dffg:12:dffg_inst|s_Q                                                                                                       ; iCLK         ; iCLK        ; 0.000        ; 0.080      ; 0.906      ;
; 0.640 ; EX_MEM_Reg:EX_MEM_inst|register_N:PCPlusImm_reg_inst|dffg:\gen_dffg:3:dffg_inst|s_Q                                                                                  ; fetch:fetch_inst|register_N:PC|dffg:\gen_dffg:3:dffg_inst|s_Q                                                                                                        ; iCLK         ; iCLK        ; 0.000        ; 0.080      ; 0.906      ;
; 0.640 ; EX_MEM_Reg:EX_MEM_inst|register_N:PCPlusImm_reg_inst|dffg:\gen_dffg:18:dffg_inst|s_Q                                                                                 ; fetch:fetch_inst|register_N:PC|dffg:\gen_dffg:18:dffg_inst|s_Q                                                                                                       ; iCLK         ; iCLK        ; 0.000        ; 0.079      ; 0.905      ;
; 0.641 ; EX_MEM_Reg:EX_MEM_inst|register_N:PCPlusImm_reg_inst|dffg:\gen_dffg:13:dffg_inst|s_Q                                                                                 ; fetch:fetch_inst|register_N:PC|dffg:\gen_dffg:13:dffg_inst|s_Q                                                                                                       ; iCLK         ; iCLK        ; 0.000        ; 0.080      ; 0.907      ;
+-------+----------------------------------------------------------------------------------------------------------------------------------------------------------------------+----------------------------------------------------------------------------------------------------------------------------------------------------------------------+--------------+-------------+--------------+------------+------------+


+--------------------------------------------------------------------------------------------------------------------------------------------------------------------------------------------------------------------------------------------------------------------------------------------------------------------------------------------------------------------------------------------------------+
; Slow 1200mV 85C Model Recovery: 'iCLK'                                                                                                                                                                                                                                                                                                                                                                 ;
+--------+------------------------------------------------------------------------------------------------------------------------------------------+------------------------------------------------------------------------------------------------------------------------------------------------------------------------------+--------------+-------------+--------------+------------+------------+
; Slack  ; From Node                                                                                                                                ; To Node                                                                                                                                                                      ; Launch Clock ; Latch Clock ; Relationship ; Clock Skew ; Data Delay ;
+--------+------------------------------------------------------------------------------------------------------------------------------------------+------------------------------------------------------------------------------------------------------------------------------------------------------------------------------+--------------+-------------+--------------+------------+------------+
; 17.717 ; IF_ID_Reg:IF_ID_inst|register_N:PCPlus4_reg_inst|dffg:\gen_dffg:31:dffg_inst|altshift_taps:s_Q_rtl_0|shift_taps_bkm:auto_generated|dffe4 ; IF_ID_Reg:IF_ID_inst|register_N:PCPlus4_reg_inst|dffg:\gen_dffg:31:dffg_inst|altshift_taps:s_Q_rtl_0|shift_taps_bkm:auto_generated|altsyncram_k1b1:altsyncram2|ram_block5a0  ; iCLK         ; iCLK        ; 20.000       ; 0.256      ; 2.461      ;
; 17.717 ; IF_ID_Reg:IF_ID_inst|register_N:PCPlus4_reg_inst|dffg:\gen_dffg:31:dffg_inst|altshift_taps:s_Q_rtl_0|shift_taps_bkm:auto_generated|dffe4 ; IF_ID_Reg:IF_ID_inst|register_N:PCPlus4_reg_inst|dffg:\gen_dffg:31:dffg_inst|altshift_taps:s_Q_rtl_0|shift_taps_bkm:auto_generated|altsyncram_k1b1:altsyncram2|ram_block5a1  ; iCLK         ; iCLK        ; 20.000       ; 0.256      ; 2.461      ;
; 17.717 ; IF_ID_Reg:IF_ID_inst|register_N:PCPlus4_reg_inst|dffg:\gen_dffg:31:dffg_inst|altshift_taps:s_Q_rtl_0|shift_taps_bkm:auto_generated|dffe4 ; IF_ID_Reg:IF_ID_inst|register_N:PCPlus4_reg_inst|dffg:\gen_dffg:31:dffg_inst|altshift_taps:s_Q_rtl_0|shift_taps_bkm:auto_generated|altsyncram_k1b1:altsyncram2|ram_block5a2  ; iCLK         ; iCLK        ; 20.000       ; 0.256      ; 2.461      ;
; 17.717 ; IF_ID_Reg:IF_ID_inst|register_N:PCPlus4_reg_inst|dffg:\gen_dffg:31:dffg_inst|altshift_taps:s_Q_rtl_0|shift_taps_bkm:auto_generated|dffe4 ; IF_ID_Reg:IF_ID_inst|register_N:PCPlus4_reg_inst|dffg:\gen_dffg:31:dffg_inst|altshift_taps:s_Q_rtl_0|shift_taps_bkm:auto_generated|altsyncram_k1b1:altsyncram2|ram_block5a3  ; iCLK         ; iCLK        ; 20.000       ; 0.256      ; 2.461      ;
; 17.717 ; IF_ID_Reg:IF_ID_inst|register_N:PCPlus4_reg_inst|dffg:\gen_dffg:31:dffg_inst|altshift_taps:s_Q_rtl_0|shift_taps_bkm:auto_generated|dffe4 ; IF_ID_Reg:IF_ID_inst|register_N:PCPlus4_reg_inst|dffg:\gen_dffg:31:dffg_inst|altshift_taps:s_Q_rtl_0|shift_taps_bkm:auto_generated|altsyncram_k1b1:altsyncram2|ram_block5a4  ; iCLK         ; iCLK        ; 20.000       ; 0.256      ; 2.461      ;
; 17.717 ; IF_ID_Reg:IF_ID_inst|register_N:PCPlus4_reg_inst|dffg:\gen_dffg:31:dffg_inst|altshift_taps:s_Q_rtl_0|shift_taps_bkm:auto_generated|dffe4 ; IF_ID_Reg:IF_ID_inst|register_N:PCPlus4_reg_inst|dffg:\gen_dffg:31:dffg_inst|altshift_taps:s_Q_rtl_0|shift_taps_bkm:auto_generated|altsyncram_k1b1:altsyncram2|ram_block5a5  ; iCLK         ; iCLK        ; 20.000       ; 0.256      ; 2.461      ;
; 17.717 ; IF_ID_Reg:IF_ID_inst|register_N:PCPlus4_reg_inst|dffg:\gen_dffg:31:dffg_inst|altshift_taps:s_Q_rtl_0|shift_taps_bkm:auto_generated|dffe4 ; IF_ID_Reg:IF_ID_inst|register_N:PCPlus4_reg_inst|dffg:\gen_dffg:31:dffg_inst|altshift_taps:s_Q_rtl_0|shift_taps_bkm:auto_generated|altsyncram_k1b1:altsyncram2|ram_block5a6  ; iCLK         ; iCLK        ; 20.000       ; 0.256      ; 2.461      ;
; 17.717 ; IF_ID_Reg:IF_ID_inst|register_N:PCPlus4_reg_inst|dffg:\gen_dffg:31:dffg_inst|altshift_taps:s_Q_rtl_0|shift_taps_bkm:auto_generated|dffe4 ; IF_ID_Reg:IF_ID_inst|register_N:PCPlus4_reg_inst|dffg:\gen_dffg:31:dffg_inst|altshift_taps:s_Q_rtl_0|shift_taps_bkm:auto_generated|altsyncram_k1b1:altsyncram2|ram_block5a7  ; iCLK         ; iCLK        ; 20.000       ; 0.256      ; 2.461      ;
; 17.717 ; IF_ID_Reg:IF_ID_inst|register_N:PCPlus4_reg_inst|dffg:\gen_dffg:31:dffg_inst|altshift_taps:s_Q_rtl_0|shift_taps_bkm:auto_generated|dffe4 ; IF_ID_Reg:IF_ID_inst|register_N:PCPlus4_reg_inst|dffg:\gen_dffg:31:dffg_inst|altshift_taps:s_Q_rtl_0|shift_taps_bkm:auto_generated|altsyncram_k1b1:altsyncram2|ram_block5a8  ; iCLK         ; iCLK        ; 20.000       ; 0.256      ; 2.461      ;
; 17.717 ; IF_ID_Reg:IF_ID_inst|register_N:PCPlus4_reg_inst|dffg:\gen_dffg:31:dffg_inst|altshift_taps:s_Q_rtl_0|shift_taps_bkm:auto_generated|dffe4 ; IF_ID_Reg:IF_ID_inst|register_N:PCPlus4_reg_inst|dffg:\gen_dffg:31:dffg_inst|altshift_taps:s_Q_rtl_0|shift_taps_bkm:auto_generated|altsyncram_k1b1:altsyncram2|ram_block5a9  ; iCLK         ; iCLK        ; 20.000       ; 0.256      ; 2.461      ;
; 17.717 ; IF_ID_Reg:IF_ID_inst|register_N:PCPlus4_reg_inst|dffg:\gen_dffg:31:dffg_inst|altshift_taps:s_Q_rtl_0|shift_taps_bkm:auto_generated|dffe4 ; IF_ID_Reg:IF_ID_inst|register_N:PCPlus4_reg_inst|dffg:\gen_dffg:31:dffg_inst|altshift_taps:s_Q_rtl_0|shift_taps_bkm:auto_generated|altsyncram_k1b1:altsyncram2|ram_block5a10 ; iCLK         ; iCLK        ; 20.000       ; 0.256      ; 2.461      ;
; 17.717 ; IF_ID_Reg:IF_ID_inst|register_N:PCPlus4_reg_inst|dffg:\gen_dffg:31:dffg_inst|altshift_taps:s_Q_rtl_0|shift_taps_bkm:auto_generated|dffe4 ; IF_ID_Reg:IF_ID_inst|register_N:PCPlus4_reg_inst|dffg:\gen_dffg:31:dffg_inst|altshift_taps:s_Q_rtl_0|shift_taps_bkm:auto_generated|altsyncram_k1b1:altsyncram2|ram_block5a11 ; iCLK         ; iCLK        ; 20.000       ; 0.256      ; 2.461      ;
; 17.717 ; IF_ID_Reg:IF_ID_inst|register_N:PCPlus4_reg_inst|dffg:\gen_dffg:31:dffg_inst|altshift_taps:s_Q_rtl_0|shift_taps_bkm:auto_generated|dffe4 ; IF_ID_Reg:IF_ID_inst|register_N:PCPlus4_reg_inst|dffg:\gen_dffg:31:dffg_inst|altshift_taps:s_Q_rtl_0|shift_taps_bkm:auto_generated|altsyncram_k1b1:altsyncram2|ram_block5a12 ; iCLK         ; iCLK        ; 20.000       ; 0.256      ; 2.461      ;
; 17.717 ; IF_ID_Reg:IF_ID_inst|register_N:PCPlus4_reg_inst|dffg:\gen_dffg:31:dffg_inst|altshift_taps:s_Q_rtl_0|shift_taps_bkm:auto_generated|dffe4 ; IF_ID_Reg:IF_ID_inst|register_N:PCPlus4_reg_inst|dffg:\gen_dffg:31:dffg_inst|altshift_taps:s_Q_rtl_0|shift_taps_bkm:auto_generated|altsyncram_k1b1:altsyncram2|ram_block5a13 ; iCLK         ; iCLK        ; 20.000       ; 0.256      ; 2.461      ;
; 17.717 ; IF_ID_Reg:IF_ID_inst|register_N:PCPlus4_reg_inst|dffg:\gen_dffg:31:dffg_inst|altshift_taps:s_Q_rtl_0|shift_taps_bkm:auto_generated|dffe4 ; IF_ID_Reg:IF_ID_inst|register_N:PCPlus4_reg_inst|dffg:\gen_dffg:31:dffg_inst|altshift_taps:s_Q_rtl_0|shift_taps_bkm:auto_generated|altsyncram_k1b1:altsyncram2|ram_block5a14 ; iCLK         ; iCLK        ; 20.000       ; 0.256      ; 2.461      ;
; 17.717 ; IF_ID_Reg:IF_ID_inst|register_N:PCPlus4_reg_inst|dffg:\gen_dffg:31:dffg_inst|altshift_taps:s_Q_rtl_0|shift_taps_bkm:auto_generated|dffe4 ; IF_ID_Reg:IF_ID_inst|register_N:PCPlus4_reg_inst|dffg:\gen_dffg:31:dffg_inst|altshift_taps:s_Q_rtl_0|shift_taps_bkm:auto_generated|altsyncram_k1b1:altsyncram2|ram_block5a15 ; iCLK         ; iCLK        ; 20.000       ; 0.256      ; 2.461      ;
; 17.717 ; IF_ID_Reg:IF_ID_inst|register_N:PCPlus4_reg_inst|dffg:\gen_dffg:31:dffg_inst|altshift_taps:s_Q_rtl_0|shift_taps_bkm:auto_generated|dffe4 ; IF_ID_Reg:IF_ID_inst|register_N:PCPlus4_reg_inst|dffg:\gen_dffg:31:dffg_inst|altshift_taps:s_Q_rtl_0|shift_taps_bkm:auto_generated|altsyncram_k1b1:altsyncram2|ram_block5a16 ; iCLK         ; iCLK        ; 20.000       ; 0.256      ; 2.461      ;
; 17.717 ; IF_ID_Reg:IF_ID_inst|register_N:PCPlus4_reg_inst|dffg:\gen_dffg:31:dffg_inst|altshift_taps:s_Q_rtl_0|shift_taps_bkm:auto_generated|dffe4 ; IF_ID_Reg:IF_ID_inst|register_N:PCPlus4_reg_inst|dffg:\gen_dffg:31:dffg_inst|altshift_taps:s_Q_rtl_0|shift_taps_bkm:auto_generated|altsyncram_k1b1:altsyncram2|ram_block5a17 ; iCLK         ; iCLK        ; 20.000       ; 0.256      ; 2.461      ;
; 17.717 ; IF_ID_Reg:IF_ID_inst|register_N:PCPlus4_reg_inst|dffg:\gen_dffg:31:dffg_inst|altshift_taps:s_Q_rtl_0|shift_taps_bkm:auto_generated|dffe4 ; IF_ID_Reg:IF_ID_inst|register_N:PCPlus4_reg_inst|dffg:\gen_dffg:31:dffg_inst|altshift_taps:s_Q_rtl_0|shift_taps_bkm:auto_generated|altsyncram_k1b1:altsyncram2|ram_block5a18 ; iCLK         ; iCLK        ; 20.000       ; 0.256      ; 2.461      ;
; 17.717 ; IF_ID_Reg:IF_ID_inst|register_N:PCPlus4_reg_inst|dffg:\gen_dffg:31:dffg_inst|altshift_taps:s_Q_rtl_0|shift_taps_bkm:auto_generated|dffe4 ; IF_ID_Reg:IF_ID_inst|register_N:PCPlus4_reg_inst|dffg:\gen_dffg:31:dffg_inst|altshift_taps:s_Q_rtl_0|shift_taps_bkm:auto_generated|altsyncram_k1b1:altsyncram2|ram_block5a19 ; iCLK         ; iCLK        ; 20.000       ; 0.256      ; 2.461      ;
; 17.717 ; IF_ID_Reg:IF_ID_inst|register_N:PCPlus4_reg_inst|dffg:\gen_dffg:31:dffg_inst|altshift_taps:s_Q_rtl_0|shift_taps_bkm:auto_generated|dffe4 ; IF_ID_Reg:IF_ID_inst|register_N:PCPlus4_reg_inst|dffg:\gen_dffg:31:dffg_inst|altshift_taps:s_Q_rtl_0|shift_taps_bkm:auto_generated|altsyncram_k1b1:altsyncram2|ram_block5a20 ; iCLK         ; iCLK        ; 20.000       ; 0.256      ; 2.461      ;
; 17.717 ; IF_ID_Reg:IF_ID_inst|register_N:PCPlus4_reg_inst|dffg:\gen_dffg:31:dffg_inst|altshift_taps:s_Q_rtl_0|shift_taps_bkm:auto_generated|dffe4 ; IF_ID_Reg:IF_ID_inst|register_N:PCPlus4_reg_inst|dffg:\gen_dffg:31:dffg_inst|altshift_taps:s_Q_rtl_0|shift_taps_bkm:auto_generated|altsyncram_k1b1:altsyncram2|ram_block5a21 ; iCLK         ; iCLK        ; 20.000       ; 0.256      ; 2.461      ;
; 17.717 ; IF_ID_Reg:IF_ID_inst|register_N:PCPlus4_reg_inst|dffg:\gen_dffg:31:dffg_inst|altshift_taps:s_Q_rtl_0|shift_taps_bkm:auto_generated|dffe4 ; IF_ID_Reg:IF_ID_inst|register_N:PCPlus4_reg_inst|dffg:\gen_dffg:31:dffg_inst|altshift_taps:s_Q_rtl_0|shift_taps_bkm:auto_generated|altsyncram_k1b1:altsyncram2|ram_block5a22 ; iCLK         ; iCLK        ; 20.000       ; 0.256      ; 2.461      ;
; 17.717 ; IF_ID_Reg:IF_ID_inst|register_N:PCPlus4_reg_inst|dffg:\gen_dffg:31:dffg_inst|altshift_taps:s_Q_rtl_0|shift_taps_bkm:auto_generated|dffe4 ; IF_ID_Reg:IF_ID_inst|register_N:PCPlus4_reg_inst|dffg:\gen_dffg:31:dffg_inst|altshift_taps:s_Q_rtl_0|shift_taps_bkm:auto_generated|altsyncram_k1b1:altsyncram2|ram_block5a23 ; iCLK         ; iCLK        ; 20.000       ; 0.256      ; 2.461      ;
; 17.717 ; IF_ID_Reg:IF_ID_inst|register_N:PCPlus4_reg_inst|dffg:\gen_dffg:31:dffg_inst|altshift_taps:s_Q_rtl_0|shift_taps_bkm:auto_generated|dffe4 ; IF_ID_Reg:IF_ID_inst|register_N:PCPlus4_reg_inst|dffg:\gen_dffg:31:dffg_inst|altshift_taps:s_Q_rtl_0|shift_taps_bkm:auto_generated|altsyncram_k1b1:altsyncram2|ram_block5a24 ; iCLK         ; iCLK        ; 20.000       ; 0.256      ; 2.461      ;
; 17.717 ; IF_ID_Reg:IF_ID_inst|register_N:PCPlus4_reg_inst|dffg:\gen_dffg:31:dffg_inst|altshift_taps:s_Q_rtl_0|shift_taps_bkm:auto_generated|dffe4 ; IF_ID_Reg:IF_ID_inst|register_N:PCPlus4_reg_inst|dffg:\gen_dffg:31:dffg_inst|altshift_taps:s_Q_rtl_0|shift_taps_bkm:auto_generated|altsyncram_k1b1:altsyncram2|ram_block5a25 ; iCLK         ; iCLK        ; 20.000       ; 0.256      ; 2.461      ;
; 17.717 ; IF_ID_Reg:IF_ID_inst|register_N:PCPlus4_reg_inst|dffg:\gen_dffg:31:dffg_inst|altshift_taps:s_Q_rtl_0|shift_taps_bkm:auto_generated|dffe4 ; IF_ID_Reg:IF_ID_inst|register_N:PCPlus4_reg_inst|dffg:\gen_dffg:31:dffg_inst|altshift_taps:s_Q_rtl_0|shift_taps_bkm:auto_generated|altsyncram_k1b1:altsyncram2|ram_block5a26 ; iCLK         ; iCLK        ; 20.000       ; 0.256      ; 2.461      ;
; 17.717 ; IF_ID_Reg:IF_ID_inst|register_N:PCPlus4_reg_inst|dffg:\gen_dffg:31:dffg_inst|altshift_taps:s_Q_rtl_0|shift_taps_bkm:auto_generated|dffe4 ; IF_ID_Reg:IF_ID_inst|register_N:PCPlus4_reg_inst|dffg:\gen_dffg:31:dffg_inst|altshift_taps:s_Q_rtl_0|shift_taps_bkm:auto_generated|altsyncram_k1b1:altsyncram2|ram_block5a27 ; iCLK         ; iCLK        ; 20.000       ; 0.256      ; 2.461      ;
; 17.717 ; IF_ID_Reg:IF_ID_inst|register_N:PCPlus4_reg_inst|dffg:\gen_dffg:31:dffg_inst|altshift_taps:s_Q_rtl_0|shift_taps_bkm:auto_generated|dffe4 ; IF_ID_Reg:IF_ID_inst|register_N:PCPlus4_reg_inst|dffg:\gen_dffg:31:dffg_inst|altshift_taps:s_Q_rtl_0|shift_taps_bkm:auto_generated|altsyncram_k1b1:altsyncram2|ram_block5a28 ; iCLK         ; iCLK        ; 20.000       ; 0.256      ; 2.461      ;
; 17.717 ; IF_ID_Reg:IF_ID_inst|register_N:PCPlus4_reg_inst|dffg:\gen_dffg:31:dffg_inst|altshift_taps:s_Q_rtl_0|shift_taps_bkm:auto_generated|dffe4 ; IF_ID_Reg:IF_ID_inst|register_N:PCPlus4_reg_inst|dffg:\gen_dffg:31:dffg_inst|altshift_taps:s_Q_rtl_0|shift_taps_bkm:auto_generated|altsyncram_k1b1:altsyncram2|ram_block5a29 ; iCLK         ; iCLK        ; 20.000       ; 0.256      ; 2.461      ;
+--------+------------------------------------------------------------------------------------------------------------------------------------------+------------------------------------------------------------------------------------------------------------------------------------------------------------------------------+--------------+-------------+--------------+------------+------------+


+-------------------------------------------------------------------------------------------------------------------------------------------------------------------------------------------------------------------------------------------------------------------------------------------------------------------------------------------------------------------------------------------------------+
; Slow 1200mV 85C Model Removal: 'iCLK'                                                                                                                                                                                                                                                                                                                                                                 ;
+-------+------------------------------------------------------------------------------------------------------------------------------------------+------------------------------------------------------------------------------------------------------------------------------------------------------------------------------+--------------+-------------+--------------+------------+------------+
; Slack ; From Node                                                                                                                                ; To Node                                                                                                                                                                      ; Launch Clock ; Latch Clock ; Relationship ; Clock Skew ; Data Delay ;
+-------+------------------------------------------------------------------------------------------------------------------------------------------+------------------------------------------------------------------------------------------------------------------------------------------------------------------------------+--------------+-------------+--------------+------------+------------+
; 1.706 ; IF_ID_Reg:IF_ID_inst|register_N:PCPlus4_reg_inst|dffg:\gen_dffg:31:dffg_inst|altshift_taps:s_Q_rtl_0|shift_taps_bkm:auto_generated|dffe4 ; IF_ID_Reg:IF_ID_inst|register_N:PCPlus4_reg_inst|dffg:\gen_dffg:31:dffg_inst|altshift_taps:s_Q_rtl_0|shift_taps_bkm:auto_generated|altsyncram_k1b1:altsyncram2|ram_block5a0  ; iCLK         ; iCLK        ; 0.000        ; 0.410      ; 2.302      ;
; 1.706 ; IF_ID_Reg:IF_ID_inst|register_N:PCPlus4_reg_inst|dffg:\gen_dffg:31:dffg_inst|altshift_taps:s_Q_rtl_0|shift_taps_bkm:auto_generated|dffe4 ; IF_ID_Reg:IF_ID_inst|register_N:PCPlus4_reg_inst|dffg:\gen_dffg:31:dffg_inst|altshift_taps:s_Q_rtl_0|shift_taps_bkm:auto_generated|altsyncram_k1b1:altsyncram2|ram_block5a1  ; iCLK         ; iCLK        ; 0.000        ; 0.410      ; 2.302      ;
; 1.706 ; IF_ID_Reg:IF_ID_inst|register_N:PCPlus4_reg_inst|dffg:\gen_dffg:31:dffg_inst|altshift_taps:s_Q_rtl_0|shift_taps_bkm:auto_generated|dffe4 ; IF_ID_Reg:IF_ID_inst|register_N:PCPlus4_reg_inst|dffg:\gen_dffg:31:dffg_inst|altshift_taps:s_Q_rtl_0|shift_taps_bkm:auto_generated|altsyncram_k1b1:altsyncram2|ram_block5a2  ; iCLK         ; iCLK        ; 0.000        ; 0.410      ; 2.302      ;
; 1.706 ; IF_ID_Reg:IF_ID_inst|register_N:PCPlus4_reg_inst|dffg:\gen_dffg:31:dffg_inst|altshift_taps:s_Q_rtl_0|shift_taps_bkm:auto_generated|dffe4 ; IF_ID_Reg:IF_ID_inst|register_N:PCPlus4_reg_inst|dffg:\gen_dffg:31:dffg_inst|altshift_taps:s_Q_rtl_0|shift_taps_bkm:auto_generated|altsyncram_k1b1:altsyncram2|ram_block5a3  ; iCLK         ; iCLK        ; 0.000        ; 0.410      ; 2.302      ;
; 1.706 ; IF_ID_Reg:IF_ID_inst|register_N:PCPlus4_reg_inst|dffg:\gen_dffg:31:dffg_inst|altshift_taps:s_Q_rtl_0|shift_taps_bkm:auto_generated|dffe4 ; IF_ID_Reg:IF_ID_inst|register_N:PCPlus4_reg_inst|dffg:\gen_dffg:31:dffg_inst|altshift_taps:s_Q_rtl_0|shift_taps_bkm:auto_generated|altsyncram_k1b1:altsyncram2|ram_block5a4  ; iCLK         ; iCLK        ; 0.000        ; 0.410      ; 2.302      ;
; 1.706 ; IF_ID_Reg:IF_ID_inst|register_N:PCPlus4_reg_inst|dffg:\gen_dffg:31:dffg_inst|altshift_taps:s_Q_rtl_0|shift_taps_bkm:auto_generated|dffe4 ; IF_ID_Reg:IF_ID_inst|register_N:PCPlus4_reg_inst|dffg:\gen_dffg:31:dffg_inst|altshift_taps:s_Q_rtl_0|shift_taps_bkm:auto_generated|altsyncram_k1b1:altsyncram2|ram_block5a5  ; iCLK         ; iCLK        ; 0.000        ; 0.410      ; 2.302      ;
; 1.706 ; IF_ID_Reg:IF_ID_inst|register_N:PCPlus4_reg_inst|dffg:\gen_dffg:31:dffg_inst|altshift_taps:s_Q_rtl_0|shift_taps_bkm:auto_generated|dffe4 ; IF_ID_Reg:IF_ID_inst|register_N:PCPlus4_reg_inst|dffg:\gen_dffg:31:dffg_inst|altshift_taps:s_Q_rtl_0|shift_taps_bkm:auto_generated|altsyncram_k1b1:altsyncram2|ram_block5a6  ; iCLK         ; iCLK        ; 0.000        ; 0.410      ; 2.302      ;
; 1.706 ; IF_ID_Reg:IF_ID_inst|register_N:PCPlus4_reg_inst|dffg:\gen_dffg:31:dffg_inst|altshift_taps:s_Q_rtl_0|shift_taps_bkm:auto_generated|dffe4 ; IF_ID_Reg:IF_ID_inst|register_N:PCPlus4_reg_inst|dffg:\gen_dffg:31:dffg_inst|altshift_taps:s_Q_rtl_0|shift_taps_bkm:auto_generated|altsyncram_k1b1:altsyncram2|ram_block5a7  ; iCLK         ; iCLK        ; 0.000        ; 0.410      ; 2.302      ;
; 1.706 ; IF_ID_Reg:IF_ID_inst|register_N:PCPlus4_reg_inst|dffg:\gen_dffg:31:dffg_inst|altshift_taps:s_Q_rtl_0|shift_taps_bkm:auto_generated|dffe4 ; IF_ID_Reg:IF_ID_inst|register_N:PCPlus4_reg_inst|dffg:\gen_dffg:31:dffg_inst|altshift_taps:s_Q_rtl_0|shift_taps_bkm:auto_generated|altsyncram_k1b1:altsyncram2|ram_block5a8  ; iCLK         ; iCLK        ; 0.000        ; 0.410      ; 2.302      ;
; 1.706 ; IF_ID_Reg:IF_ID_inst|register_N:PCPlus4_reg_inst|dffg:\gen_dffg:31:dffg_inst|altshift_taps:s_Q_rtl_0|shift_taps_bkm:auto_generated|dffe4 ; IF_ID_Reg:IF_ID_inst|register_N:PCPlus4_reg_inst|dffg:\gen_dffg:31:dffg_inst|altshift_taps:s_Q_rtl_0|shift_taps_bkm:auto_generated|altsyncram_k1b1:altsyncram2|ram_block5a9  ; iCLK         ; iCLK        ; 0.000        ; 0.410      ; 2.302      ;
; 1.706 ; IF_ID_Reg:IF_ID_inst|register_N:PCPlus4_reg_inst|dffg:\gen_dffg:31:dffg_inst|altshift_taps:s_Q_rtl_0|shift_taps_bkm:auto_generated|dffe4 ; IF_ID_Reg:IF_ID_inst|register_N:PCPlus4_reg_inst|dffg:\gen_dffg:31:dffg_inst|altshift_taps:s_Q_rtl_0|shift_taps_bkm:auto_generated|altsyncram_k1b1:altsyncram2|ram_block5a10 ; iCLK         ; iCLK        ; 0.000        ; 0.410      ; 2.302      ;
; 1.706 ; IF_ID_Reg:IF_ID_inst|register_N:PCPlus4_reg_inst|dffg:\gen_dffg:31:dffg_inst|altshift_taps:s_Q_rtl_0|shift_taps_bkm:auto_generated|dffe4 ; IF_ID_Reg:IF_ID_inst|register_N:PCPlus4_reg_inst|dffg:\gen_dffg:31:dffg_inst|altshift_taps:s_Q_rtl_0|shift_taps_bkm:auto_generated|altsyncram_k1b1:altsyncram2|ram_block5a11 ; iCLK         ; iCLK        ; 0.000        ; 0.410      ; 2.302      ;
; 1.706 ; IF_ID_Reg:IF_ID_inst|register_N:PCPlus4_reg_inst|dffg:\gen_dffg:31:dffg_inst|altshift_taps:s_Q_rtl_0|shift_taps_bkm:auto_generated|dffe4 ; IF_ID_Reg:IF_ID_inst|register_N:PCPlus4_reg_inst|dffg:\gen_dffg:31:dffg_inst|altshift_taps:s_Q_rtl_0|shift_taps_bkm:auto_generated|altsyncram_k1b1:altsyncram2|ram_block5a12 ; iCLK         ; iCLK        ; 0.000        ; 0.410      ; 2.302      ;
; 1.706 ; IF_ID_Reg:IF_ID_inst|register_N:PCPlus4_reg_inst|dffg:\gen_dffg:31:dffg_inst|altshift_taps:s_Q_rtl_0|shift_taps_bkm:auto_generated|dffe4 ; IF_ID_Reg:IF_ID_inst|register_N:PCPlus4_reg_inst|dffg:\gen_dffg:31:dffg_inst|altshift_taps:s_Q_rtl_0|shift_taps_bkm:auto_generated|altsyncram_k1b1:altsyncram2|ram_block5a13 ; iCLK         ; iCLK        ; 0.000        ; 0.410      ; 2.302      ;
; 1.706 ; IF_ID_Reg:IF_ID_inst|register_N:PCPlus4_reg_inst|dffg:\gen_dffg:31:dffg_inst|altshift_taps:s_Q_rtl_0|shift_taps_bkm:auto_generated|dffe4 ; IF_ID_Reg:IF_ID_inst|register_N:PCPlus4_reg_inst|dffg:\gen_dffg:31:dffg_inst|altshift_taps:s_Q_rtl_0|shift_taps_bkm:auto_generated|altsyncram_k1b1:altsyncram2|ram_block5a14 ; iCLK         ; iCLK        ; 0.000        ; 0.410      ; 2.302      ;
; 1.706 ; IF_ID_Reg:IF_ID_inst|register_N:PCPlus4_reg_inst|dffg:\gen_dffg:31:dffg_inst|altshift_taps:s_Q_rtl_0|shift_taps_bkm:auto_generated|dffe4 ; IF_ID_Reg:IF_ID_inst|register_N:PCPlus4_reg_inst|dffg:\gen_dffg:31:dffg_inst|altshift_taps:s_Q_rtl_0|shift_taps_bkm:auto_generated|altsyncram_k1b1:altsyncram2|ram_block5a15 ; iCLK         ; iCLK        ; 0.000        ; 0.410      ; 2.302      ;
; 1.706 ; IF_ID_Reg:IF_ID_inst|register_N:PCPlus4_reg_inst|dffg:\gen_dffg:31:dffg_inst|altshift_taps:s_Q_rtl_0|shift_taps_bkm:auto_generated|dffe4 ; IF_ID_Reg:IF_ID_inst|register_N:PCPlus4_reg_inst|dffg:\gen_dffg:31:dffg_inst|altshift_taps:s_Q_rtl_0|shift_taps_bkm:auto_generated|altsyncram_k1b1:altsyncram2|ram_block5a16 ; iCLK         ; iCLK        ; 0.000        ; 0.410      ; 2.302      ;
; 1.706 ; IF_ID_Reg:IF_ID_inst|register_N:PCPlus4_reg_inst|dffg:\gen_dffg:31:dffg_inst|altshift_taps:s_Q_rtl_0|shift_taps_bkm:auto_generated|dffe4 ; IF_ID_Reg:IF_ID_inst|register_N:PCPlus4_reg_inst|dffg:\gen_dffg:31:dffg_inst|altshift_taps:s_Q_rtl_0|shift_taps_bkm:auto_generated|altsyncram_k1b1:altsyncram2|ram_block5a17 ; iCLK         ; iCLK        ; 0.000        ; 0.410      ; 2.302      ;
; 1.706 ; IF_ID_Reg:IF_ID_inst|register_N:PCPlus4_reg_inst|dffg:\gen_dffg:31:dffg_inst|altshift_taps:s_Q_rtl_0|shift_taps_bkm:auto_generated|dffe4 ; IF_ID_Reg:IF_ID_inst|register_N:PCPlus4_reg_inst|dffg:\gen_dffg:31:dffg_inst|altshift_taps:s_Q_rtl_0|shift_taps_bkm:auto_generated|altsyncram_k1b1:altsyncram2|ram_block5a18 ; iCLK         ; iCLK        ; 0.000        ; 0.410      ; 2.302      ;
; 1.706 ; IF_ID_Reg:IF_ID_inst|register_N:PCPlus4_reg_inst|dffg:\gen_dffg:31:dffg_inst|altshift_taps:s_Q_rtl_0|shift_taps_bkm:auto_generated|dffe4 ; IF_ID_Reg:IF_ID_inst|register_N:PCPlus4_reg_inst|dffg:\gen_dffg:31:dffg_inst|altshift_taps:s_Q_rtl_0|shift_taps_bkm:auto_generated|altsyncram_k1b1:altsyncram2|ram_block5a19 ; iCLK         ; iCLK        ; 0.000        ; 0.410      ; 2.302      ;
; 1.706 ; IF_ID_Reg:IF_ID_inst|register_N:PCPlus4_reg_inst|dffg:\gen_dffg:31:dffg_inst|altshift_taps:s_Q_rtl_0|shift_taps_bkm:auto_generated|dffe4 ; IF_ID_Reg:IF_ID_inst|register_N:PCPlus4_reg_inst|dffg:\gen_dffg:31:dffg_inst|altshift_taps:s_Q_rtl_0|shift_taps_bkm:auto_generated|altsyncram_k1b1:altsyncram2|ram_block5a20 ; iCLK         ; iCLK        ; 0.000        ; 0.410      ; 2.302      ;
; 1.706 ; IF_ID_Reg:IF_ID_inst|register_N:PCPlus4_reg_inst|dffg:\gen_dffg:31:dffg_inst|altshift_taps:s_Q_rtl_0|shift_taps_bkm:auto_generated|dffe4 ; IF_ID_Reg:IF_ID_inst|register_N:PCPlus4_reg_inst|dffg:\gen_dffg:31:dffg_inst|altshift_taps:s_Q_rtl_0|shift_taps_bkm:auto_generated|altsyncram_k1b1:altsyncram2|ram_block5a21 ; iCLK         ; iCLK        ; 0.000        ; 0.410      ; 2.302      ;
; 1.706 ; IF_ID_Reg:IF_ID_inst|register_N:PCPlus4_reg_inst|dffg:\gen_dffg:31:dffg_inst|altshift_taps:s_Q_rtl_0|shift_taps_bkm:auto_generated|dffe4 ; IF_ID_Reg:IF_ID_inst|register_N:PCPlus4_reg_inst|dffg:\gen_dffg:31:dffg_inst|altshift_taps:s_Q_rtl_0|shift_taps_bkm:auto_generated|altsyncram_k1b1:altsyncram2|ram_block5a22 ; iCLK         ; iCLK        ; 0.000        ; 0.410      ; 2.302      ;
; 1.706 ; IF_ID_Reg:IF_ID_inst|register_N:PCPlus4_reg_inst|dffg:\gen_dffg:31:dffg_inst|altshift_taps:s_Q_rtl_0|shift_taps_bkm:auto_generated|dffe4 ; IF_ID_Reg:IF_ID_inst|register_N:PCPlus4_reg_inst|dffg:\gen_dffg:31:dffg_inst|altshift_taps:s_Q_rtl_0|shift_taps_bkm:auto_generated|altsyncram_k1b1:altsyncram2|ram_block5a23 ; iCLK         ; iCLK        ; 0.000        ; 0.410      ; 2.302      ;
; 1.706 ; IF_ID_Reg:IF_ID_inst|register_N:PCPlus4_reg_inst|dffg:\gen_dffg:31:dffg_inst|altshift_taps:s_Q_rtl_0|shift_taps_bkm:auto_generated|dffe4 ; IF_ID_Reg:IF_ID_inst|register_N:PCPlus4_reg_inst|dffg:\gen_dffg:31:dffg_inst|altshift_taps:s_Q_rtl_0|shift_taps_bkm:auto_generated|altsyncram_k1b1:altsyncram2|ram_block5a24 ; iCLK         ; iCLK        ; 0.000        ; 0.410      ; 2.302      ;
; 1.706 ; IF_ID_Reg:IF_ID_inst|register_N:PCPlus4_reg_inst|dffg:\gen_dffg:31:dffg_inst|altshift_taps:s_Q_rtl_0|shift_taps_bkm:auto_generated|dffe4 ; IF_ID_Reg:IF_ID_inst|register_N:PCPlus4_reg_inst|dffg:\gen_dffg:31:dffg_inst|altshift_taps:s_Q_rtl_0|shift_taps_bkm:auto_generated|altsyncram_k1b1:altsyncram2|ram_block5a25 ; iCLK         ; iCLK        ; 0.000        ; 0.410      ; 2.302      ;
; 1.706 ; IF_ID_Reg:IF_ID_inst|register_N:PCPlus4_reg_inst|dffg:\gen_dffg:31:dffg_inst|altshift_taps:s_Q_rtl_0|shift_taps_bkm:auto_generated|dffe4 ; IF_ID_Reg:IF_ID_inst|register_N:PCPlus4_reg_inst|dffg:\gen_dffg:31:dffg_inst|altshift_taps:s_Q_rtl_0|shift_taps_bkm:auto_generated|altsyncram_k1b1:altsyncram2|ram_block5a26 ; iCLK         ; iCLK        ; 0.000        ; 0.410      ; 2.302      ;
; 1.706 ; IF_ID_Reg:IF_ID_inst|register_N:PCPlus4_reg_inst|dffg:\gen_dffg:31:dffg_inst|altshift_taps:s_Q_rtl_0|shift_taps_bkm:auto_generated|dffe4 ; IF_ID_Reg:IF_ID_inst|register_N:PCPlus4_reg_inst|dffg:\gen_dffg:31:dffg_inst|altshift_taps:s_Q_rtl_0|shift_taps_bkm:auto_generated|altsyncram_k1b1:altsyncram2|ram_block5a27 ; iCLK         ; iCLK        ; 0.000        ; 0.410      ; 2.302      ;
; 1.706 ; IF_ID_Reg:IF_ID_inst|register_N:PCPlus4_reg_inst|dffg:\gen_dffg:31:dffg_inst|altshift_taps:s_Q_rtl_0|shift_taps_bkm:auto_generated|dffe4 ; IF_ID_Reg:IF_ID_inst|register_N:PCPlus4_reg_inst|dffg:\gen_dffg:31:dffg_inst|altshift_taps:s_Q_rtl_0|shift_taps_bkm:auto_generated|altsyncram_k1b1:altsyncram2|ram_block5a28 ; iCLK         ; iCLK        ; 0.000        ; 0.410      ; 2.302      ;
; 1.706 ; IF_ID_Reg:IF_ID_inst|register_N:PCPlus4_reg_inst|dffg:\gen_dffg:31:dffg_inst|altshift_taps:s_Q_rtl_0|shift_taps_bkm:auto_generated|dffe4 ; IF_ID_Reg:IF_ID_inst|register_N:PCPlus4_reg_inst|dffg:\gen_dffg:31:dffg_inst|altshift_taps:s_Q_rtl_0|shift_taps_bkm:auto_generated|altsyncram_k1b1:altsyncram2|ram_block5a29 ; iCLK         ; iCLK        ; 0.000        ; 0.410      ; 2.302      ;
+-------+------------------------------------------------------------------------------------------------------------------------------------------+------------------------------------------------------------------------------------------------------------------------------------------------------------------------------+--------------+-------------+--------------+------------+------------+


-----------------------------------------------
; Slow 1200mV 85C Model Metastability Summary ;
-----------------------------------------------
No synchronizer chains to report.


+-------------------------------------------------+
; Slow 1200mV 0C Model Fmax Summary               ;
+-----------+-----------------+------------+------+
; Fmax      ; Restricted Fmax ; Clock Name ; Note ;
+-----------+-----------------+------------+------+
; 61.91 MHz ; 61.91 MHz       ; iCLK       ;      ;
+-----------+-----------------+------------+------+
This panel reports FMAX for every clock in the design, regardless of the user-specified clock periods.  FMAX is only computed for paths where the source and destination registers or ports are driven by the same clock.  Paths of different clocks, including generated clocks, are ignored.  For paths between a clock and its inversion, FMAX is computed as if the rising and falling edges are scaled along with FMAX, such that the duty cycle (in terms of a percentage) is maintained. Altera recommends that you always use clock constraints and other slack reports for sign-off analysis.


+------------------------------------+
; Slow 1200mV 0C Model Setup Summary ;
+-------+-------+--------------------+
; Clock ; Slack ; End Point TNS      ;
+-------+-------+--------------------+
; iCLK  ; 1.924 ; 0.000              ;
+-------+-------+--------------------+


+-----------------------------------+
; Slow 1200mV 0C Model Hold Summary ;
+-------+-------+-------------------+
; Clock ; Slack ; End Point TNS     ;
+-------+-------+-------------------+
; iCLK  ; 0.342 ; 0.000             ;
+-------+-------+-------------------+


+---------------------------------------+
; Slow 1200mV 0C Model Recovery Summary ;
+-------+--------+----------------------+
; Clock ; Slack  ; End Point TNS        ;
+-------+--------+----------------------+
; iCLK  ; 17.906 ; 0.000                ;
+-------+--------+----------------------+


+--------------------------------------+
; Slow 1200mV 0C Model Removal Summary ;
+-------+-------+----------------------+
; Clock ; Slack ; End Point TNS        ;
+-------+-------+----------------------+
; iCLK  ; 1.538 ; 0.000                ;
+-------+-------+----------------------+


+--------------------------------------------------+
; Slow 1200mV 0C Model Minimum Pulse Width Summary ;
+-------+-------+----------------------------------+
; Clock ; Slack ; End Point TNS                    ;
+-------+-------+----------------------------------+
; iCLK  ; 9.648 ; 0.000                            ;
+-------+-------+----------------------------------+


+---------------------------------------------------------------------------------------------------------------------------------------------------------------------------------------------------------------------------------------------------------------------------------------+
; Slow 1200mV 0C Model Setup: 'iCLK'                                                                                                                                                                                                                                                    ;
+-------+----------------------------------------------------------------------------------------+----------------------------------------------------------------------------------------------------------------+--------------+-------------+--------------+------------+------------+
; Slack ; From Node                                                                              ; To Node                                                                                                        ; Launch Clock ; Latch Clock ; Relationship ; Clock Skew ; Data Delay ;
+-------+----------------------------------------------------------------------------------------+----------------------------------------------------------------------------------------------------------------+--------------+-------------+--------------+------------+------------+
; 1.924 ; mem:DMem|altsyncram:ram_rtl_0|altsyncram_eg81:auto_generated|ram_block1a5~porta_we_reg ; register_file:regFile_inst|register_N_neg:\gen_registers:29:gen_other:reg_i|dffgNeg:\gen_dffg:29:dffg_inst|s_Q ; iCLK         ; iCLK        ; 10.000       ; -0.327     ; 7.748      ;
; 1.987 ; mem:DMem|altsyncram:ram_rtl_0|altsyncram_eg81:auto_generated|ram_block1a0~porta_we_reg ; register_file:regFile_inst|register_N_neg:\gen_registers:13:gen_other:reg_i|dffgNeg:\gen_dffg:21:dffg_inst|s_Q ; iCLK         ; iCLK        ; 10.000       ; -0.346     ; 7.666      ;
; 2.069 ; mem:DMem|altsyncram:ram_rtl_0|altsyncram_eg81:auto_generated|ram_block1a5~porta_we_reg ; register_file:regFile_inst|register_N_neg:\gen_registers:1:gen_other:reg_i|dffgNeg:\gen_dffg:29:dffg_inst|s_Q  ; iCLK         ; iCLK        ; 10.000       ; -0.334     ; 7.596      ;
; 2.114 ; mem:DMem|altsyncram:ram_rtl_0|altsyncram_eg81:auto_generated|ram_block1a5~porta_we_reg ; register_file:regFile_inst|register_N_neg:\gen_registers:14:gen_other:reg_i|dffgNeg:\gen_dffg:29:dffg_inst|s_Q ; iCLK         ; iCLK        ; 10.000       ; -0.334     ; 7.551      ;
; 2.124 ; mem:DMem|altsyncram:ram_rtl_0|altsyncram_eg81:auto_generated|ram_block1a5~porta_we_reg ; register_file:regFile_inst|register_N_neg:\gen_registers:4:gen_other:reg_i|dffgNeg:\gen_dffg:29:dffg_inst|s_Q  ; iCLK         ; iCLK        ; 10.000       ; -0.350     ; 7.525      ;
; 2.126 ; mem:DMem|altsyncram:ram_rtl_0|altsyncram_eg81:auto_generated|ram_block1a5~porta_we_reg ; register_file:regFile_inst|register_N_neg:\gen_registers:7:gen_other:reg_i|dffgNeg:\gen_dffg:29:dffg_inst|s_Q  ; iCLK         ; iCLK        ; 10.000       ; -0.350     ; 7.523      ;
; 2.138 ; mem:DMem|altsyncram:ram_rtl_0|altsyncram_eg81:auto_generated|ram_block1a5~porta_we_reg ; register_file:regFile_inst|register_N_neg:\gen_registers:10:gen_other:reg_i|dffgNeg:\gen_dffg:29:dffg_inst|s_Q ; iCLK         ; iCLK        ; 10.000       ; -0.335     ; 7.526      ;
; 2.138 ; mem:DMem|altsyncram:ram_rtl_0|altsyncram_eg81:auto_generated|ram_block1a5~porta_we_reg ; register_file:regFile_inst|register_N_neg:\gen_registers:17:gen_other:reg_i|dffgNeg:\gen_dffg:29:dffg_inst|s_Q ; iCLK         ; iCLK        ; 10.000       ; -0.335     ; 7.526      ;
; 2.141 ; mem:DMem|altsyncram:ram_rtl_0|altsyncram_eg81:auto_generated|ram_block1a5~porta_we_reg ; register_file:regFile_inst|register_N_neg:\gen_registers:5:gen_other:reg_i|dffgNeg:\gen_dffg:29:dffg_inst|s_Q  ; iCLK         ; iCLK        ; 10.000       ; -0.334     ; 7.524      ;
; 2.143 ; mem:DMem|altsyncram:ram_rtl_0|altsyncram_eg81:auto_generated|ram_block1a0~porta_we_reg ; register_file:regFile_inst|register_N_neg:\gen_registers:4:gen_other:reg_i|dffgNeg:\gen_dffg:22:dffg_inst|s_Q  ; iCLK         ; iCLK        ; 10.000       ; -0.353     ; 7.503      ;
; 2.143 ; mem:DMem|altsyncram:ram_rtl_0|altsyncram_eg81:auto_generated|ram_block1a0~porta_we_reg ; register_file:regFile_inst|register_N_neg:\gen_registers:7:gen_other:reg_i|dffgNeg:\gen_dffg:22:dffg_inst|s_Q  ; iCLK         ; iCLK        ; 10.000       ; -0.353     ; 7.503      ;
; 2.146 ; mem:DMem|altsyncram:ram_rtl_0|altsyncram_eg81:auto_generated|ram_block1a0~porta_we_reg ; register_file:regFile_inst|register_N_neg:\gen_registers:1:gen_other:reg_i|dffgNeg:\gen_dffg:22:dffg_inst|s_Q  ; iCLK         ; iCLK        ; 10.000       ; -0.351     ; 7.502      ;
; 2.171 ; mem:DMem|altsyncram:ram_rtl_0|altsyncram_eg81:auto_generated|ram_block1a0~porta_we_reg ; register_file:regFile_inst|register_N_neg:\gen_registers:4:gen_other:reg_i|dffgNeg:\gen_dffg:17:dffg_inst|s_Q  ; iCLK         ; iCLK        ; 10.000       ; -0.353     ; 7.475      ;
; 2.171 ; mem:DMem|altsyncram:ram_rtl_0|altsyncram_eg81:auto_generated|ram_block1a0~porta_we_reg ; register_file:regFile_inst|register_N_neg:\gen_registers:29:gen_other:reg_i|dffgNeg:\gen_dffg:17:dffg_inst|s_Q ; iCLK         ; iCLK        ; 10.000       ; -0.345     ; 7.483      ;
; 2.173 ; mem:DMem|altsyncram:ram_rtl_0|altsyncram_eg81:auto_generated|ram_block1a0~porta_we_reg ; register_file:regFile_inst|register_N_neg:\gen_registers:7:gen_other:reg_i|dffgNeg:\gen_dffg:17:dffg_inst|s_Q  ; iCLK         ; iCLK        ; 10.000       ; -0.353     ; 7.473      ;
; 2.188 ; mem:DMem|altsyncram:ram_rtl_0|altsyncram_eg81:auto_generated|ram_block1a0~porta_we_reg ; register_file:regFile_inst|register_N_neg:\gen_registers:1:gen_other:reg_i|dffgNeg:\gen_dffg:21:dffg_inst|s_Q  ; iCLK         ; iCLK        ; 10.000       ; -0.348     ; 7.463      ;
; 2.197 ; mem:DMem|altsyncram:ram_rtl_0|altsyncram_eg81:auto_generated|ram_block1a0~porta_we_reg ; register_file:regFile_inst|register_N_neg:\gen_registers:1:gen_other:reg_i|dffgNeg:\gen_dffg:17:dffg_inst|s_Q  ; iCLK         ; iCLK        ; 10.000       ; -0.348     ; 7.454      ;
; 2.198 ; mem:DMem|altsyncram:ram_rtl_0|altsyncram_eg81:auto_generated|ram_block1a0~porta_we_reg ; register_file:regFile_inst|register_N_neg:\gen_registers:21:gen_other:reg_i|dffgNeg:\gen_dffg:17:dffg_inst|s_Q ; iCLK         ; iCLK        ; 10.000       ; -0.345     ; 7.456      ;
; 2.198 ; mem:DMem|altsyncram:ram_rtl_0|altsyncram_eg81:auto_generated|ram_block1a0~porta_we_reg ; register_file:regFile_inst|register_N_neg:\gen_registers:4:gen_other:reg_i|dffgNeg:\gen_dffg:21:dffg_inst|s_Q  ; iCLK         ; iCLK        ; 10.000       ; -0.353     ; 7.448      ;
; 2.200 ; mem:DMem|altsyncram:ram_rtl_0|altsyncram_eg81:auto_generated|ram_block1a0~porta_we_reg ; register_file:regFile_inst|register_N_neg:\gen_registers:7:gen_other:reg_i|dffgNeg:\gen_dffg:21:dffg_inst|s_Q  ; iCLK         ; iCLK        ; 10.000       ; -0.353     ; 7.446      ;
; 2.200 ; mem:DMem|altsyncram:ram_rtl_0|altsyncram_eg81:auto_generated|ram_block1a0~porta_we_reg ; register_file:regFile_inst|register_N_neg:\gen_registers:5:gen_other:reg_i|dffgNeg:\gen_dffg:27:dffg_inst|s_Q  ; iCLK         ; iCLK        ; 10.000       ; -0.349     ; 7.450      ;
; 2.203 ; mem:DMem|altsyncram:ram_rtl_0|altsyncram_eg81:auto_generated|ram_block1a0~porta_we_reg ; register_file:regFile_inst|register_N_neg:\gen_registers:6:gen_other:reg_i|dffgNeg:\gen_dffg:27:dffg_inst|s_Q  ; iCLK         ; iCLK        ; 10.000       ; -0.349     ; 7.447      ;
; 2.214 ; mem:DMem|altsyncram:ram_rtl_0|altsyncram_eg81:auto_generated|ram_block1a0~porta_we_reg ; register_file:regFile_inst|register_N_neg:\gen_registers:8:gen_other:reg_i|dffgNeg:\gen_dffg:21:dffg_inst|s_Q  ; iCLK         ; iCLK        ; 10.000       ; -0.332     ; 7.453      ;
; 2.214 ; mem:DMem|altsyncram:ram_rtl_0|altsyncram_eg81:auto_generated|ram_block1a0~porta_we_reg ; register_file:regFile_inst|register_N_neg:\gen_registers:9:gen_other:reg_i|dffgNeg:\gen_dffg:21:dffg_inst|s_Q  ; iCLK         ; iCLK        ; 10.000       ; -0.332     ; 7.453      ;
; 2.227 ; mem:DMem|altsyncram:ram_rtl_0|altsyncram_eg81:auto_generated|ram_block1a5~porta_we_reg ; register_file:regFile_inst|register_N_neg:\gen_registers:2:gen_sp:reg_2|dffgNeg:\gen_dffg:29:dffg_inst|s_Q     ; iCLK         ; iCLK        ; 10.000       ; -0.334     ; 7.438      ;
; 2.232 ; mem:DMem|altsyncram:ram_rtl_0|altsyncram_eg81:auto_generated|ram_block1a0~porta_we_reg ; register_file:regFile_inst|register_N_neg:\gen_registers:6:gen_other:reg_i|dffgNeg:\gen_dffg:17:dffg_inst|s_Q  ; iCLK         ; iCLK        ; 10.000       ; -0.352     ; 7.415      ;
; 2.233 ; mem:DMem|altsyncram:ram_rtl_0|altsyncram_eg81:auto_generated|ram_block1a0~porta_we_reg ; register_file:regFile_inst|register_N_neg:\gen_registers:5:gen_other:reg_i|dffgNeg:\gen_dffg:17:dffg_inst|s_Q  ; iCLK         ; iCLK        ; 10.000       ; -0.352     ; 7.414      ;
; 2.233 ; mem:DMem|altsyncram:ram_rtl_0|altsyncram_eg81:auto_generated|ram_block1a0~porta_we_reg ; register_file:regFile_inst|register_N_neg:\gen_registers:2:gen_sp:reg_2|dffgNeg:\gen_dffg:17:dffg_inst|s_Q     ; iCLK         ; iCLK        ; 10.000       ; -0.348     ; 7.418      ;
; 2.240 ; mem:DMem|altsyncram:ram_rtl_0|altsyncram_eg81:auto_generated|ram_block1a0~porta_we_reg ; register_file:regFile_inst|register_N_neg:\gen_registers:5:gen_other:reg_i|dffgNeg:\gen_dffg:22:dffg_inst|s_Q  ; iCLK         ; iCLK        ; 10.000       ; -0.359     ; 7.400      ;
; 2.240 ; mem:DMem|altsyncram:ram_rtl_0|altsyncram_eg81:auto_generated|ram_block1a0~porta_we_reg ; register_file:regFile_inst|register_N_neg:\gen_registers:6:gen_other:reg_i|dffgNeg:\gen_dffg:22:dffg_inst|s_Q  ; iCLK         ; iCLK        ; 10.000       ; -0.359     ; 7.400      ;
; 2.247 ; mem:DMem|altsyncram:ram_rtl_0|altsyncram_eg81:auto_generated|ram_block1a0~porta_we_reg ; register_file:regFile_inst|register_N_neg:\gen_registers:5:gen_other:reg_i|dffgNeg:\gen_dffg:21:dffg_inst|s_Q  ; iCLK         ; iCLK        ; 10.000       ; -0.344     ; 7.408      ;
; 2.248 ; mem:DMem|altsyncram:ram_rtl_0|altsyncram_eg81:auto_generated|ram_block1a0~porta_we_reg ; register_file:regFile_inst|register_N_neg:\gen_registers:14:gen_other:reg_i|dffgNeg:\gen_dffg:21:dffg_inst|s_Q ; iCLK         ; iCLK        ; 10.000       ; -0.344     ; 7.407      ;
; 2.248 ; mem:DMem|altsyncram:ram_rtl_0|altsyncram_eg81:auto_generated|ram_block1a5~porta_we_reg ; register_file:regFile_inst|register_N_neg:\gen_registers:6:gen_other:reg_i|dffgNeg:\gen_dffg:29:dffg_inst|s_Q  ; iCLK         ; iCLK        ; 10.000       ; -0.345     ; 7.406      ;
; 2.259 ; mem:DMem|altsyncram:ram_rtl_0|altsyncram_eg81:auto_generated|ram_block1a0~porta_we_reg ; register_file:regFile_inst|register_N_neg:\gen_registers:3:gen_other:reg_i|dffgNeg:\gen_dffg:27:dffg_inst|s_Q  ; iCLK         ; iCLK        ; 10.000       ; -0.350     ; 7.390      ;
; 2.273 ; mem:DMem|altsyncram:ram_rtl_0|altsyncram_eg81:auto_generated|ram_block1a0~porta_we_reg ; register_file:regFile_inst|register_N_neg:\gen_registers:4:gen_other:reg_i|dffgNeg:\gen_dffg:24:dffg_inst|s_Q  ; iCLK         ; iCLK        ; 10.000       ; -0.353     ; 7.373      ;
; 2.274 ; mem:DMem|altsyncram:ram_rtl_0|altsyncram_eg81:auto_generated|ram_block1a0~porta_we_reg ; register_file:regFile_inst|register_N_neg:\gen_registers:6:gen_other:reg_i|dffgNeg:\gen_dffg:24:dffg_inst|s_Q  ; iCLK         ; iCLK        ; 10.000       ; -0.352     ; 7.373      ;
; 2.274 ; mem:DMem|altsyncram:ram_rtl_0|altsyncram_eg81:auto_generated|ram_block1a0~porta_we_reg ; register_file:regFile_inst|register_N_neg:\gen_registers:5:gen_other:reg_i|dffgNeg:\gen_dffg:24:dffg_inst|s_Q  ; iCLK         ; iCLK        ; 10.000       ; -0.352     ; 7.373      ;
; 2.275 ; mem:DMem|altsyncram:ram_rtl_0|altsyncram_eg81:auto_generated|ram_block1a0~porta_we_reg ; register_file:regFile_inst|register_N_neg:\gen_registers:29:gen_other:reg_i|dffgNeg:\gen_dffg:24:dffg_inst|s_Q ; iCLK         ; iCLK        ; 10.000       ; -0.346     ; 7.378      ;
; 2.275 ; mem:DMem|altsyncram:ram_rtl_0|altsyncram_eg81:auto_generated|ram_block1a0~porta_we_reg ; register_file:regFile_inst|register_N_neg:\gen_registers:7:gen_other:reg_i|dffgNeg:\gen_dffg:24:dffg_inst|s_Q  ; iCLK         ; iCLK        ; 10.000       ; -0.353     ; 7.371      ;
; 2.275 ; mem:DMem|altsyncram:ram_rtl_0|altsyncram_eg81:auto_generated|ram_block1a0~porta_we_reg ; register_file:regFile_inst|register_N_neg:\gen_registers:21:gen_other:reg_i|dffgNeg:\gen_dffg:24:dffg_inst|s_Q ; iCLK         ; iCLK        ; 10.000       ; -0.346     ; 7.378      ;
; 2.278 ; mem:DMem|altsyncram:ram_rtl_0|altsyncram_eg81:auto_generated|ram_block1a0~porta_we_reg ; register_file:regFile_inst|register_N_neg:\gen_registers:25:gen_other:reg_i|dffgNeg:\gen_dffg:17:dffg_inst|s_Q ; iCLK         ; iCLK        ; 10.000       ; -0.336     ; 7.385      ;
; 2.282 ; mem:DMem|altsyncram:ram_rtl_0|altsyncram_eg81:auto_generated|ram_block1a5~porta_we_reg ; register_file:regFile_inst|register_N_neg:\gen_registers:15:gen_other:reg_i|dffgNeg:\gen_dffg:29:dffg_inst|s_Q ; iCLK         ; iCLK        ; 10.000       ; -0.340     ; 7.377      ;
; 2.293 ; mem:DMem|altsyncram:ram_rtl_0|altsyncram_eg81:auto_generated|ram_block1a0~porta_we_reg ; register_file:regFile_inst|register_N_neg:\gen_registers:9:gen_other:reg_i|dffgNeg:\gen_dffg:17:dffg_inst|s_Q  ; iCLK         ; iCLK        ; 10.000       ; -0.332     ; 7.374      ;
; 2.293 ; mem:DMem|altsyncram:ram_rtl_0|altsyncram_eg81:auto_generated|ram_block1a0~porta_we_reg ; register_file:regFile_inst|register_N_neg:\gen_registers:7:gen_other:reg_i|dffgNeg:\gen_dffg:28:dffg_inst|s_Q  ; iCLK         ; iCLK        ; 10.000       ; -0.360     ; 7.346      ;
; 2.293 ; mem:DMem|altsyncram:ram_rtl_0|altsyncram_eg81:auto_generated|ram_block1a0~porta_we_reg ; register_file:regFile_inst|register_N_neg:\gen_registers:4:gen_other:reg_i|dffgNeg:\gen_dffg:28:dffg_inst|s_Q  ; iCLK         ; iCLK        ; 10.000       ; -0.360     ; 7.346      ;
; 2.294 ; mem:DMem|altsyncram:ram_rtl_0|altsyncram_eg81:auto_generated|ram_block1a0~porta_we_reg ; register_file:regFile_inst|register_N_neg:\gen_registers:8:gen_other:reg_i|dffgNeg:\gen_dffg:17:dffg_inst|s_Q  ; iCLK         ; iCLK        ; 10.000       ; -0.332     ; 7.373      ;
; 2.298 ; mem:DMem|altsyncram:ram_rtl_0|altsyncram_eg81:auto_generated|ram_block1a0~porta_we_reg ; register_file:regFile_inst|register_N_neg:\gen_registers:2:gen_sp:reg_2|dffgNeg:\gen_dffg:27:dffg_inst|s_Q     ; iCLK         ; iCLK        ; 10.000       ; -0.350     ; 7.351      ;
; 2.306 ; mem:DMem|altsyncram:ram_rtl_0|altsyncram_eg81:auto_generated|ram_block1a0~porta_we_reg ; register_file:regFile_inst|register_N_neg:\gen_registers:17:gen_other:reg_i|dffgNeg:\gen_dffg:17:dffg_inst|s_Q ; iCLK         ; iCLK        ; 10.000       ; -0.336     ; 7.357      ;
; 2.308 ; mem:DMem|altsyncram:ram_rtl_0|altsyncram_eg81:auto_generated|ram_block1a0~porta_we_reg ; register_file:regFile_inst|register_N_neg:\gen_registers:25:gen_other:reg_i|dffgNeg:\gen_dffg:24:dffg_inst|s_Q ; iCLK         ; iCLK        ; 10.000       ; -0.346     ; 7.345      ;
; 2.308 ; mem:DMem|altsyncram:ram_rtl_0|altsyncram_eg81:auto_generated|ram_block1a5~porta_we_reg ; register_file:regFile_inst|register_N_neg:\gen_registers:12:gen_other:reg_i|dffgNeg:\gen_dffg:29:dffg_inst|s_Q ; iCLK         ; iCLK        ; 10.000       ; -0.340     ; 7.351      ;
; 2.310 ; mem:DMem|altsyncram:ram_rtl_0|altsyncram_eg81:auto_generated|ram_block1a0~porta_we_reg ; register_file:regFile_inst|register_N_neg:\gen_registers:1:gen_other:reg_i|dffgNeg:\gen_dffg:16:dffg_inst|s_Q  ; iCLK         ; iCLK        ; 10.000       ; -0.348     ; 7.341      ;
; 2.313 ; mem:DMem|altsyncram:ram_rtl_0|altsyncram_eg81:auto_generated|ram_block1a0~porta_we_reg ; register_file:regFile_inst|register_N_neg:\gen_registers:4:gen_other:reg_i|dffgNeg:\gen_dffg:19:dffg_inst|s_Q  ; iCLK         ; iCLK        ; 10.000       ; -0.354     ; 7.332      ;
; 2.319 ; mem:DMem|altsyncram:ram_rtl_0|altsyncram_eg81:auto_generated|ram_block1a0~porta_we_reg ; register_file:regFile_inst|register_N_neg:\gen_registers:1:gen_other:reg_i|dffgNeg:\gen_dffg:25:dffg_inst|s_Q  ; iCLK         ; iCLK        ; 10.000       ; -0.355     ; 7.325      ;
; 2.321 ; mem:DMem|altsyncram:ram_rtl_0|altsyncram_eg81:auto_generated|ram_block1a0~porta_we_reg ; register_file:regFile_inst|register_N_neg:\gen_registers:29:gen_other:reg_i|dffgNeg:\gen_dffg:16:dffg_inst|s_Q ; iCLK         ; iCLK        ; 10.000       ; -0.345     ; 7.333      ;
; 2.321 ; mem:DMem|altsyncram:ram_rtl_0|altsyncram_eg81:auto_generated|ram_block1a5~porta_we_reg ; register_file:regFile_inst|register_N_neg:\gen_registers:8:gen_other:reg_i|dffgNeg:\gen_dffg:29:dffg_inst|s_Q  ; iCLK         ; iCLK        ; 10.000       ; -0.337     ; 7.341      ;
; 2.322 ; mem:DMem|altsyncram:ram_rtl_0|altsyncram_eg81:auto_generated|ram_block1a0~porta_we_reg ; register_file:regFile_inst|register_N_neg:\gen_registers:17:gen_other:reg_i|dffgNeg:\gen_dffg:16:dffg_inst|s_Q ; iCLK         ; iCLK        ; 10.000       ; -0.345     ; 7.332      ;
; 2.329 ; mem:DMem|altsyncram:ram_rtl_0|altsyncram_eg81:auto_generated|ram_block1a5~porta_we_reg ; register_file:regFile_inst|register_N_neg:\gen_registers:26:gen_other:reg_i|dffgNeg:\gen_dffg:29:dffg_inst|s_Q ; iCLK         ; iCLK        ; 10.000       ; -0.326     ; 7.344      ;
; 2.333 ; mem:DMem|altsyncram:ram_rtl_0|altsyncram_eg81:auto_generated|ram_block1a0~porta_we_reg ; register_file:regFile_inst|register_N_neg:\gen_registers:7:gen_other:reg_i|dffgNeg:\gen_dffg:25:dffg_inst|s_Q  ; iCLK         ; iCLK        ; 10.000       ; -0.360     ; 7.306      ;
; 2.334 ; mem:DMem|altsyncram:ram_rtl_0|altsyncram_eg81:auto_generated|ram_block1a0~porta_we_reg ; register_file:regFile_inst|register_N_neg:\gen_registers:17:gen_other:reg_i|dffgNeg:\gen_dffg:24:dffg_inst|s_Q ; iCLK         ; iCLK        ; 10.000       ; -0.346     ; 7.319      ;
; 2.334 ; mem:DMem|altsyncram:ram_rtl_0|altsyncram_eg81:auto_generated|ram_block1a5~porta_we_reg ; register_file:regFile_inst|register_N_neg:\gen_registers:22:gen_other:reg_i|dffgNeg:\gen_dffg:29:dffg_inst|s_Q ; iCLK         ; iCLK        ; 10.000       ; -0.316     ; 7.349      ;
; 2.334 ; mem:DMem|altsyncram:ram_rtl_0|altsyncram_eg81:auto_generated|ram_block1a5~porta_we_reg ; register_file:regFile_inst|register_N_neg:\gen_registers:18:gen_other:reg_i|dffgNeg:\gen_dffg:29:dffg_inst|s_Q ; iCLK         ; iCLK        ; 10.000       ; -0.316     ; 7.349      ;
; 2.336 ; mem:DMem|altsyncram:ram_rtl_0|altsyncram_eg81:auto_generated|ram_block1a0~porta_we_reg ; register_file:regFile_inst|register_N_neg:\gen_registers:4:gen_other:reg_i|dffgNeg:\gen_dffg:25:dffg_inst|s_Q  ; iCLK         ; iCLK        ; 10.000       ; -0.360     ; 7.303      ;
; 2.336 ; mem:DMem|altsyncram:ram_rtl_0|altsyncram_eg81:auto_generated|ram_block1a0~porta_we_reg ; register_file:regFile_inst|register_N_neg:\gen_registers:29:gen_other:reg_i|dffgNeg:\gen_dffg:29:dffg_inst|s_Q ; iCLK         ; iCLK        ; 10.000       ; -0.337     ; 7.326      ;
; 2.345 ; mem:DMem|altsyncram:ram_rtl_0|altsyncram_eg81:auto_generated|ram_block1a0~porta_we_reg ; register_file:regFile_inst|register_N_neg:\gen_registers:15:gen_other:reg_i|dffgNeg:\gen_dffg:22:dffg_inst|s_Q ; iCLK         ; iCLK        ; 10.000       ; -0.334     ; 7.320      ;
; 2.347 ; mem:DMem|altsyncram:ram_rtl_0|altsyncram_eg81:auto_generated|ram_block1a0~porta_we_reg ; register_file:regFile_inst|register_N_neg:\gen_registers:2:gen_sp:reg_2|dffgNeg:\gen_dffg:16:dffg_inst|s_Q     ; iCLK         ; iCLK        ; 10.000       ; -0.348     ; 7.304      ;
; 2.348 ; mem:DMem|altsyncram:ram_rtl_0|altsyncram_eg81:auto_generated|ram_block1a0~porta_we_reg ; register_file:regFile_inst|register_N_neg:\gen_registers:12:gen_other:reg_i|dffgNeg:\gen_dffg:22:dffg_inst|s_Q ; iCLK         ; iCLK        ; 10.000       ; -0.334     ; 7.317      ;
; 2.353 ; mem:DMem|altsyncram:ram_rtl_0|altsyncram_eg81:auto_generated|ram_block1a0~porta_we_reg ; register_file:regFile_inst|register_N_neg:\gen_registers:11:gen_other:reg_i|dffgNeg:\gen_dffg:21:dffg_inst|s_Q ; iCLK         ; iCLK        ; 10.000       ; -0.343     ; 7.303      ;
; 2.354 ; mem:DMem|altsyncram:ram_rtl_0|altsyncram_eg81:auto_generated|ram_block1a0~porta_we_reg ; register_file:regFile_inst|register_N_neg:\gen_registers:6:gen_other:reg_i|dffgNeg:\gen_dffg:21:dffg_inst|s_Q  ; iCLK         ; iCLK        ; 10.000       ; -0.343     ; 7.302      ;
; 2.358 ; mem:DMem|altsyncram:ram_rtl_0|altsyncram_eg81:auto_generated|ram_block1a0~porta_we_reg ; register_file:regFile_inst|register_N_neg:\gen_registers:2:gen_sp:reg_2|dffgNeg:\gen_dffg:25:dffg_inst|s_Q     ; iCLK         ; iCLK        ; 10.000       ; -0.355     ; 7.286      ;
; 2.358 ; mem:DMem|altsyncram:ram_rtl_0|altsyncram_eg81:auto_generated|ram_block1a5~porta_we_reg ; register_file:regFile_inst|register_N_neg:\gen_registers:23:gen_other:reg_i|dffgNeg:\gen_dffg:29:dffg_inst|s_Q ; iCLK         ; iCLK        ; 10.000       ; -0.321     ; 7.320      ;
; 2.358 ; mem:DMem|altsyncram:ram_rtl_0|altsyncram_eg81:auto_generated|ram_block1a5~porta_we_reg ; register_file:regFile_inst|register_N_neg:\gen_registers:31:gen_other:reg_i|dffgNeg:\gen_dffg:29:dffg_inst|s_Q ; iCLK         ; iCLK        ; 10.000       ; -0.321     ; 7.320      ;
; 2.359 ; mem:DMem|altsyncram:ram_rtl_0|altsyncram_eg81:auto_generated|ram_block1a0~porta_we_reg ; register_file:regFile_inst|register_N_neg:\gen_registers:26:gen_other:reg_i|dffgNeg:\gen_dffg:17:dffg_inst|s_Q ; iCLK         ; iCLK        ; 10.000       ; -0.317     ; 7.323      ;
; 2.359 ; mem:DMem|altsyncram:ram_rtl_0|altsyncram_eg81:auto_generated|ram_block1a0~porta_we_reg ; register_file:regFile_inst|register_N_neg:\gen_registers:10:gen_other:reg_i|dffgNeg:\gen_dffg:21:dffg_inst|s_Q ; iCLK         ; iCLK        ; 10.000       ; -0.322     ; 7.318      ;
; 2.361 ; mem:DMem|altsyncram:ram_rtl_0|altsyncram_eg81:auto_generated|ram_block1a0~porta_we_reg ; register_file:regFile_inst|register_N_neg:\gen_registers:12:gen_other:reg_i|dffgNeg:\gen_dffg:30:dffg_inst|s_Q ; iCLK         ; iCLK        ; 10.000       ; -0.350     ; 7.288      ;
; 2.362 ; mem:DMem|altsyncram:ram_rtl_0|altsyncram_eg81:auto_generated|ram_block1a0~porta_we_reg ; register_file:regFile_inst|register_N_neg:\gen_registers:22:gen_other:reg_i|dffgNeg:\gen_dffg:17:dffg_inst|s_Q ; iCLK         ; iCLK        ; 10.000       ; -0.317     ; 7.320      ;
; 2.363 ; mem:DMem|altsyncram:ram_rtl_0|altsyncram_eg81:auto_generated|ram_block1a0~porta_we_reg ; register_file:regFile_inst|register_N_neg:\gen_registers:15:gen_other:reg_i|dffgNeg:\gen_dffg:30:dffg_inst|s_Q ; iCLK         ; iCLK        ; 10.000       ; -0.350     ; 7.286      ;
; 2.365 ; mem:DMem|altsyncram:ram_rtl_0|altsyncram_eg81:auto_generated|ram_block1a0~porta_we_reg ; register_file:regFile_inst|register_N_neg:\gen_registers:6:gen_other:reg_i|dffgNeg:\gen_dffg:25:dffg_inst|s_Q  ; iCLK         ; iCLK        ; 10.000       ; -0.349     ; 7.285      ;
; 2.368 ; mem:DMem|altsyncram:ram_rtl_0|altsyncram_eg81:auto_generated|ram_block1a0~porta_we_reg ; register_file:regFile_inst|register_N_neg:\gen_registers:5:gen_other:reg_i|dffgNeg:\gen_dffg:25:dffg_inst|s_Q  ; iCLK         ; iCLK        ; 10.000       ; -0.349     ; 7.282      ;
; 2.370 ; mem:DMem|altsyncram:ram_rtl_0|altsyncram_eg81:auto_generated|ram_block1a5~porta_we_reg ; register_file:regFile_inst|register_N_neg:\gen_registers:9:gen_other:reg_i|dffgNeg:\gen_dffg:29:dffg_inst|s_Q  ; iCLK         ; iCLK        ; 10.000       ; -0.336     ; 7.293      ;
; 2.371 ; mem:DMem|altsyncram:ram_rtl_0|altsyncram_eg81:auto_generated|ram_block1a0~porta_we_reg ; register_file:regFile_inst|register_N_neg:\gen_registers:29:gen_other:reg_i|dffgNeg:\gen_dffg:25:dffg_inst|s_Q ; iCLK         ; iCLK        ; 10.000       ; -0.346     ; 7.282      ;
; 2.381 ; mem:DMem|altsyncram:ram_rtl_0|altsyncram_eg81:auto_generated|ram_block1a0~porta_we_reg ; register_file:regFile_inst|register_N_neg:\gen_registers:17:gen_other:reg_i|dffgNeg:\gen_dffg:25:dffg_inst|s_Q ; iCLK         ; iCLK        ; 10.000       ; -0.345     ; 7.273      ;
; 2.388 ; mem:DMem|altsyncram:ram_rtl_0|altsyncram_eg81:auto_generated|ram_block1a0~porta_we_reg ; register_file:regFile_inst|register_N_neg:\gen_registers:4:gen_other:reg_i|dffgNeg:\gen_dffg:16:dffg_inst|s_Q  ; iCLK         ; iCLK        ; 10.000       ; -0.354     ; 7.257      ;
; 2.391 ; mem:DMem|altsyncram:ram_rtl_0|altsyncram_eg81:auto_generated|ram_block1a5~porta_we_reg ; register_file:regFile_inst|register_N_neg:\gen_registers:25:gen_other:reg_i|dffgNeg:\gen_dffg:29:dffg_inst|s_Q ; iCLK         ; iCLK        ; 10.000       ; -0.328     ; 7.280      ;
; 2.392 ; mem:DMem|altsyncram:ram_rtl_0|altsyncram_eg81:auto_generated|ram_block1a5~porta_we_reg ; register_file:regFile_inst|register_N_neg:\gen_registers:21:gen_other:reg_i|dffgNeg:\gen_dffg:29:dffg_inst|s_Q ; iCLK         ; iCLK        ; 10.000       ; -0.328     ; 7.279      ;
; 2.398 ; mem:DMem|altsyncram:ram_rtl_0|altsyncram_eg81:auto_generated|ram_block1a0~porta_we_reg ; register_file:regFile_inst|register_N_neg:\gen_registers:21:gen_other:reg_i|dffgNeg:\gen_dffg:25:dffg_inst|s_Q ; iCLK         ; iCLK        ; 10.000       ; -0.346     ; 7.255      ;
; 2.405 ; mem:DMem|altsyncram:ram_rtl_0|altsyncram_eg81:auto_generated|ram_block1a0~porta_we_reg ; register_file:regFile_inst|register_N_neg:\gen_registers:24:gen_other:reg_i|dffgNeg:\gen_dffg:9:dffg_inst|s_Q  ; iCLK         ; iCLK        ; 10.000       ; -0.341     ; 7.253      ;
; 2.405 ; mem:DMem|altsyncram:ram_rtl_0|altsyncram_eg81:auto_generated|ram_block1a0~porta_we_reg ; register_file:regFile_inst|register_N_neg:\gen_registers:28:gen_other:reg_i|dffgNeg:\gen_dffg:9:dffg_inst|s_Q  ; iCLK         ; iCLK        ; 10.000       ; -0.341     ; 7.253      ;
; 2.417 ; mem:DMem|altsyncram:ram_rtl_0|altsyncram_eg81:auto_generated|ram_block1a0~porta_we_reg ; register_file:regFile_inst|register_N_neg:\gen_registers:8:gen_other:reg_i|dffgNeg:\gen_dffg:19:dffg_inst|s_Q  ; iCLK         ; iCLK        ; 10.000       ; -0.332     ; 7.250      ;
; 2.418 ; mem:DMem|altsyncram:ram_rtl_0|altsyncram_eg81:auto_generated|ram_block1a0~porta_we_reg ; register_file:regFile_inst|register_N_neg:\gen_registers:9:gen_other:reg_i|dffgNeg:\gen_dffg:19:dffg_inst|s_Q  ; iCLK         ; iCLK        ; 10.000       ; -0.332     ; 7.249      ;
; 2.419 ; mem:DMem|altsyncram:ram_rtl_0|altsyncram_eg81:auto_generated|ram_block1a0~porta_we_reg ; register_file:regFile_inst|register_N_neg:\gen_registers:8:gen_other:reg_i|dffgNeg:\gen_dffg:24:dffg_inst|s_Q  ; iCLK         ; iCLK        ; 10.000       ; -0.330     ; 7.250      ;
; 2.422 ; mem:DMem|altsyncram:ram_rtl_0|altsyncram_eg81:auto_generated|ram_block1a0~porta_we_reg ; register_file:regFile_inst|register_N_neg:\gen_registers:9:gen_other:reg_i|dffgNeg:\gen_dffg:24:dffg_inst|s_Q  ; iCLK         ; iCLK        ; 10.000       ; -0.330     ; 7.247      ;
; 2.425 ; mem:DMem|altsyncram:ram_rtl_0|altsyncram_eg81:auto_generated|ram_block1a0~porta_we_reg ; register_file:regFile_inst|register_N_neg:\gen_registers:2:gen_sp:reg_2|dffgNeg:\gen_dffg:21:dffg_inst|s_Q     ; iCLK         ; iCLK        ; 10.000       ; -0.348     ; 7.226      ;
; 2.430 ; mem:DMem|altsyncram:ram_rtl_0|altsyncram_eg81:auto_generated|ram_block1a0~porta_we_reg ; register_file:regFile_inst|register_N_neg:\gen_registers:7:gen_other:reg_i|dffgNeg:\gen_dffg:8:dffg_inst|s_Q   ; iCLK         ; iCLK        ; 10.000       ; -0.354     ; 7.215      ;
; 2.434 ; mem:DMem|altsyncram:ram_rtl_0|altsyncram_eg81:auto_generated|ram_block1a6~porta_we_reg ; register_file:regFile_inst|register_N_neg:\gen_registers:1:gen_other:reg_i|dffgNeg:\gen_dffg:25:dffg_inst|s_Q  ; iCLK         ; iCLK        ; 10.000       ; -0.349     ; 7.216      ;
; 2.434 ; mem:DMem|altsyncram:ram_rtl_0|altsyncram_eg81:auto_generated|ram_block1a0~porta_we_reg ; register_file:regFile_inst|register_N_neg:\gen_registers:25:gen_other:reg_i|dffgNeg:\gen_dffg:8:dffg_inst|s_Q  ; iCLK         ; iCLK        ; 10.000       ; -0.354     ; 7.211      ;
; 2.436 ; mem:DMem|altsyncram:ram_rtl_0|altsyncram_eg81:auto_generated|ram_block1a0~porta_we_reg ; register_file:regFile_inst|register_N_neg:\gen_registers:3:gen_other:reg_i|dffgNeg:\gen_dffg:15:dffg_inst|s_Q  ; iCLK         ; iCLK        ; 10.000       ; -0.349     ; 7.214      ;
; 2.440 ; mem:DMem|altsyncram:ram_rtl_0|altsyncram_eg81:auto_generated|ram_block1a0~porta_we_reg ; register_file:regFile_inst|register_N_neg:\gen_registers:9:gen_other:reg_i|dffgNeg:\gen_dffg:25:dffg_inst|s_Q  ; iCLK         ; iCLK        ; 10.000       ; -0.330     ; 7.229      ;
; 2.440 ; mem:DMem|altsyncram:ram_rtl_0|altsyncram_eg81:auto_generated|ram_block1a0~porta_we_reg ; register_file:regFile_inst|register_N_neg:\gen_registers:8:gen_other:reg_i|dffgNeg:\gen_dffg:25:dffg_inst|s_Q  ; iCLK         ; iCLK        ; 10.000       ; -0.330     ; 7.229      ;
; 2.444 ; mem:DMem|altsyncram:ram_rtl_0|altsyncram_eg81:auto_generated|ram_block1a0~porta_we_reg ; register_file:regFile_inst|register_N_neg:\gen_registers:9:gen_other:reg_i|dffgNeg:\gen_dffg:22:dffg_inst|s_Q  ; iCLK         ; iCLK        ; 10.000       ; -0.346     ; 7.209      ;
; 2.448 ; mem:DMem|altsyncram:ram_rtl_0|altsyncram_eg81:auto_generated|ram_block1a6~porta_we_reg ; register_file:regFile_inst|register_N_neg:\gen_registers:7:gen_other:reg_i|dffgNeg:\gen_dffg:25:dffg_inst|s_Q  ; iCLK         ; iCLK        ; 10.000       ; -0.354     ; 7.197      ;
+-------+----------------------------------------------------------------------------------------+----------------------------------------------------------------------------------------------------------------+--------------+-------------+--------------+------------+------------+


+---------------------------------------------------------------------------------------------------------------------------------------------------------------------------------------------------------------------------------------------------------------------------------------------------------------------------------------------------------------------------------------------------------------------------+
; Slow 1200mV 0C Model Hold: 'iCLK'                                                                                                                                                                                                                                                                                                                                                                                         ;
+-------+----------------------------------------------------------------------------------------------------------------------------------------------------------------------+----------------------------------------------------------------------------------------------------------------------------------------------------------------------+--------------+-------------+--------------+------------+------------+
; Slack ; From Node                                                                                                                                                            ; To Node                                                                                                                                                              ; Launch Clock ; Latch Clock ; Relationship ; Clock Skew ; Data Delay ;
+-------+----------------------------------------------------------------------------------------------------------------------------------------------------------------------+----------------------------------------------------------------------------------------------------------------------------------------------------------------------+--------------+-------------+--------------+------------+------------+
; 0.342 ; EX_MEM_Reg:EX_MEM_inst|register_N:Out2_reg_inst|dffg:\gen_dffg:17:dffg_inst|s_Q                                                                                      ; mem:DMem|altsyncram:ram_rtl_0|altsyncram_eg81:auto_generated|ram_block1a6~porta_datain_reg0                                                                          ; iCLK         ; iCLK        ; 0.000        ; 0.395      ; 0.938      ;
; 0.353 ; EX_MEM_Reg:EX_MEM_inst|register_N:Out2_reg_inst|dffg:\gen_dffg:18:dffg_inst|s_Q                                                                                      ; mem:DMem|altsyncram:ram_rtl_0|altsyncram_eg81:auto_generated|ram_block1a6~porta_datain_reg0                                                                          ; iCLK         ; iCLK        ; 0.000        ; 0.395      ; 0.949      ;
; 0.354 ; fetch:fetch_inst|register_N:PC|dffg:\gen_dffg:12:dffg_inst|s_Q                                                                                                       ; fetch:fetch_inst|register_N:PC|dffg:\gen_dffg:12:dffg_inst|s_Q                                                                                                       ; iCLK         ; iCLK        ; 0.000        ; 0.072      ; 0.597      ;
; 0.354 ; fetch:fetch_inst|register_N:PC|dffg:\gen_dffg:6:dffg_inst|s_Q                                                                                                        ; fetch:fetch_inst|register_N:PC|dffg:\gen_dffg:6:dffg_inst|s_Q                                                                                                        ; iCLK         ; iCLK        ; 0.000        ; 0.072      ; 0.597      ;
; 0.355 ; fetch:fetch_inst|register_N:PC|dffg:\gen_dffg:24:dffg_inst|s_Q                                                                                                       ; fetch:fetch_inst|register_N:PC|dffg:\gen_dffg:24:dffg_inst|s_Q                                                                                                       ; iCLK         ; iCLK        ; 0.000        ; 0.071      ; 0.597      ;
; 0.355 ; fetch:fetch_inst|register_N:PC|dffg:\gen_dffg:30:dffg_inst|s_Q                                                                                                       ; fetch:fetch_inst|register_N:PC|dffg:\gen_dffg:30:dffg_inst|s_Q                                                                                                       ; iCLK         ; iCLK        ; 0.000        ; 0.071      ; 0.597      ;
; 0.355 ; fetch:fetch_inst|register_N:PC|dffg:\gen_dffg:27:dffg_inst|s_Q                                                                                                       ; fetch:fetch_inst|register_N:PC|dffg:\gen_dffg:27:dffg_inst|s_Q                                                                                                       ; iCLK         ; iCLK        ; 0.000        ; 0.071      ; 0.597      ;
; 0.355 ; fetch:fetch_inst|register_N:PC|dffg:\gen_dffg:15:dffg_inst|s_Q                                                                                                       ; fetch:fetch_inst|register_N:PC|dffg:\gen_dffg:15:dffg_inst|s_Q                                                                                                       ; iCLK         ; iCLK        ; 0.000        ; 0.071      ; 0.597      ;
; 0.355 ; fetch:fetch_inst|register_N:PC|dffg:\gen_dffg:3:dffg_inst|s_Q                                                                                                        ; fetch:fetch_inst|register_N:PC|dffg:\gen_dffg:3:dffg_inst|s_Q                                                                                                        ; iCLK         ; iCLK        ; 0.000        ; 0.071      ; 0.597      ;
; 0.355 ; fetch:fetch_inst|register_N:PC|dffg:\gen_dffg:9:dffg_inst|s_Q                                                                                                        ; fetch:fetch_inst|register_N:PC|dffg:\gen_dffg:9:dffg_inst|s_Q                                                                                                        ; iCLK         ; iCLK        ; 0.000        ; 0.071      ; 0.597      ;
; 0.355 ; EX_MEM_Reg:EX_MEM_inst|register_N:Out2_reg_inst|dffg:\gen_dffg:10:dffg_inst|s_Q                                                                                      ; mem:DMem|altsyncram:ram_rtl_0|altsyncram_eg81:auto_generated|ram_block1a5~porta_datain_reg0                                                                          ; iCLK         ; iCLK        ; 0.000        ; 0.394      ; 0.950      ;
; 0.355 ; EX_MEM_Reg:EX_MEM_inst|register_N:Out2_reg_inst|dffg:\gen_dffg:13:dffg_inst|s_Q                                                                                      ; mem:DMem|altsyncram:ram_rtl_0|altsyncram_eg81:auto_generated|ram_block1a6~porta_datain_reg0                                                                          ; iCLK         ; iCLK        ; 0.000        ; 0.394      ; 0.950      ;
; 0.356 ; fetch:fetch_inst|register_N:PC|dffg:\gen_dffg:21:dffg_inst|s_Q                                                                                                       ; fetch:fetch_inst|register_N:PC|dffg:\gen_dffg:21:dffg_inst|s_Q                                                                                                       ; iCLK         ; iCLK        ; 0.000        ; 0.070      ; 0.597      ;
; 0.356 ; fetch:fetch_inst|register_N:PC|dffg:\gen_dffg:18:dffg_inst|s_Q                                                                                                       ; fetch:fetch_inst|register_N:PC|dffg:\gen_dffg:18:dffg_inst|s_Q                                                                                                       ; iCLK         ; iCLK        ; 0.000        ; 0.070      ; 0.597      ;
; 0.360 ; EX_MEM_Reg:EX_MEM_inst|register_N:Out2_reg_inst|dffg:\gen_dffg:19:dffg_inst|s_Q                                                                                      ; mem:DMem|altsyncram:ram_rtl_0|altsyncram_eg81:auto_generated|ram_block1a8~porta_datain_reg0                                                                          ; iCLK         ; iCLK        ; 0.000        ; 0.400      ; 0.961      ;
; 0.366 ; fetch:fetch_inst|register_N:PC|dffg:\gen_dffg:2:dffg_inst|s_Q                                                                                                        ; fetch:fetch_inst|register_N:PC|dffg:\gen_dffg:2:dffg_inst|s_Q                                                                                                        ; iCLK         ; iCLK        ; 0.000        ; 0.071      ; 0.608      ;
; 0.374 ; EX_MEM_Reg:EX_MEM_inst|register_N:Out2_reg_inst|dffg:\gen_dffg:22:dffg_inst|s_Q                                                                                      ; mem:DMem|altsyncram:ram_rtl_0|altsyncram_eg81:auto_generated|ram_block1a6~porta_datain_reg0                                                                          ; iCLK         ; iCLK        ; 0.000        ; 0.400      ; 0.975      ;
; 0.379 ; EX_MEM_Reg:EX_MEM_inst|register_N:ALUout_reg_inst|dffg:\gen_dffg:6:dffg_inst|s_Q                                                                                     ; mem:DMem|altsyncram:ram_rtl_0|altsyncram_eg81:auto_generated|ram_block1a0~porta_address_reg0                                                                         ; iCLK         ; iCLK        ; 0.000        ; 0.393      ; 0.973      ;
; 0.380 ; EX_MEM_Reg:EX_MEM_inst|register_N:Out2_reg_inst|dffg:\gen_dffg:25:dffg_inst|s_Q                                                                                      ; mem:DMem|altsyncram:ram_rtl_0|altsyncram_eg81:auto_generated|ram_block1a6~porta_datain_reg0                                                                          ; iCLK         ; iCLK        ; 0.000        ; 0.394      ; 0.975      ;
; 0.395 ; ID_EX_Reg:ID_EX_inst|register_N:PCPlusImm_reg_inst|dffg:\gen_dffg:27:dffg_inst|s_Q                                                                                   ; EX_MEM_Reg:EX_MEM_inst|register_N:PCPlusImm_reg_inst|dffg:\gen_dffg:27:dffg_inst|s_Q                                                                                 ; iCLK         ; iCLK        ; 0.000        ; 0.072      ; 0.638      ;
; 0.396 ; ID_EX_Reg:ID_EX_inst|register_N:RegWrAddr_reg_inst|dffg:\gen_dffg:0:dffg_inst|s_Q                                                                                    ; EX_MEM_Reg:EX_MEM_inst|register_N:RegWrAddr_reg_inst|dffg:\gen_dffg:0:dffg_inst|s_Q                                                                                  ; iCLK         ; iCLK        ; 0.000        ; 0.072      ; 0.639      ;
; 0.396 ; EX_MEM_Reg:EX_MEM_inst|register_N:PCPlusImm_reg_inst|dffg:\gen_dffg:5:dffg_inst|s_Q                                                                                  ; fetch:fetch_inst|register_N:PC|dffg:\gen_dffg:5:dffg_inst|s_Q                                                                                                        ; iCLK         ; iCLK        ; 0.000        ; 0.071      ; 0.638      ;
; 0.396 ; EX_MEM_Reg:EX_MEM_inst|register_N:PCPlus4_reg_inst|dffg:\gen_dffg:0:dffg_inst|s_Q                                                                                    ; MEM_WB_Reg:MEM_WB_inst|register_N:PCPlus4_reg_inst|dffg:\gen_dffg:0:dffg_inst|s_Q                                                                                    ; iCLK         ; iCLK        ; 0.000        ; 0.072      ; 0.639      ;
; 0.396 ; ID_EX_Reg:ID_EX_inst|register_N:PCPlusImm_reg_inst|dffg:\gen_dffg:0:dffg_inst|s_Q                                                                                    ; EX_MEM_Reg:EX_MEM_inst|register_N:PCPlusImm_reg_inst|dffg:\gen_dffg:0:dffg_inst|s_Q                                                                                  ; iCLK         ; iCLK        ; 0.000        ; 0.071      ; 0.638      ;
; 0.396 ; EX_MEM_Reg:EX_MEM_inst|register_N:PCPlusImm_reg_inst|dffg:\gen_dffg:6:dffg_inst|s_Q                                                                                  ; fetch:fetch_inst|register_N:PC|dffg:\gen_dffg:6:dffg_inst|s_Q                                                                                                        ; iCLK         ; iCLK        ; 0.000        ; 0.072      ; 0.639      ;
; 0.397 ; EX_MEM_Reg:EX_MEM_inst|register_N:PCPlusImm_reg_inst|dffg:\gen_dffg:31:dffg_inst|s_Q                                                                                 ; fetch:fetch_inst|register_N:PC|dffg:\gen_dffg:31:dffg_inst|s_Q                                                                                                       ; iCLK         ; iCLK        ; 0.000        ; 0.071      ; 0.639      ;
; 0.397 ; EX_MEM_Reg:EX_MEM_inst|register_N:PCPlusImm_reg_inst|dffg:\gen_dffg:4:dffg_inst|s_Q                                                                                  ; fetch:fetch_inst|register_N:PC|dffg:\gen_dffg:4:dffg_inst|s_Q                                                                                                        ; iCLK         ; iCLK        ; 0.000        ; 0.071      ; 0.639      ;
; 0.397 ; ID_EX_Reg:ID_EX_inst|register_N:PCPlusImm_reg_inst|dffg:\gen_dffg:25:dffg_inst|s_Q                                                                                   ; EX_MEM_Reg:EX_MEM_inst|register_N:PCPlusImm_reg_inst|dffg:\gen_dffg:25:dffg_inst|s_Q                                                                                 ; iCLK         ; iCLK        ; 0.000        ; 0.072      ; 0.640      ;
; 0.397 ; ID_EX_Reg:ID_EX_inst|register_N:PCPlusImm_reg_inst|dffg:\gen_dffg:12:dffg_inst|s_Q                                                                                   ; EX_MEM_Reg:EX_MEM_inst|register_N:PCPlusImm_reg_inst|dffg:\gen_dffg:12:dffg_inst|s_Q                                                                                 ; iCLK         ; iCLK        ; 0.000        ; 0.072      ; 0.640      ;
; 0.397 ; ID_EX_Reg:ID_EX_inst|register_N:PCPlusImm_reg_inst|dffg:\gen_dffg:26:dffg_inst|s_Q                                                                                   ; EX_MEM_Reg:EX_MEM_inst|register_N:PCPlusImm_reg_inst|dffg:\gen_dffg:26:dffg_inst|s_Q                                                                                 ; iCLK         ; iCLK        ; 0.000        ; 0.072      ; 0.640      ;
; 0.397 ; EX_MEM_Reg:EX_MEM_inst|register_N:PCorMemtoReg_reg_inst|dffg:\gen_dffg:1:dffg_inst|s_Q                                                                               ; MEM_WB_Reg:MEM_WB_inst|register_N:PCorMemtoReg_reg_inst|dffg:\gen_dffg:1:dffg_inst|s_Q                                                                               ; iCLK         ; iCLK        ; 0.000        ; 0.072      ; 0.640      ;
; 0.398 ; EX_MEM_Reg:EX_MEM_inst|register_N:RegWrite_reg_inst|dffg:\gen_dffg:0:dffg_inst|s_Q                                                                                   ; MEM_WB_Reg:MEM_WB_inst|register_N:RegWrite_reg_inst|dffg:\gen_dffg:0:dffg_inst|s_Q                                                                                   ; iCLK         ; iCLK        ; 0.000        ; 0.072      ; 0.641      ;
; 0.398 ; ID_EX_Reg:ID_EX_inst|register_N:RegWrAddr_reg_inst|dffg:\gen_dffg:4:dffg_inst|s_Q                                                                                    ; EX_MEM_Reg:EX_MEM_inst|register_N:RegWrAddr_reg_inst|dffg:\gen_dffg:4:dffg_inst|s_Q                                                                                  ; iCLK         ; iCLK        ; 0.000        ; 0.072      ; 0.641      ;
; 0.398 ; ID_EX_Reg:ID_EX_inst|register_N:PCPlusImm_reg_inst|dffg:\gen_dffg:10:dffg_inst|s_Q                                                                                   ; EX_MEM_Reg:EX_MEM_inst|register_N:PCPlusImm_reg_inst|dffg:\gen_dffg:10:dffg_inst|s_Q                                                                                 ; iCLK         ; iCLK        ; 0.000        ; 0.071      ; 0.640      ;
; 0.398 ; ID_EX_Reg:ID_EX_inst|register_N:PCPlusImm_reg_inst|dffg:\gen_dffg:30:dffg_inst|s_Q                                                                                   ; EX_MEM_Reg:EX_MEM_inst|register_N:PCPlusImm_reg_inst|dffg:\gen_dffg:30:dffg_inst|s_Q                                                                                 ; iCLK         ; iCLK        ; 0.000        ; 0.071      ; 0.640      ;
; 0.398 ; ID_EX_Reg:ID_EX_inst|register_N:MemWrite_reg_inst|dffg:\gen_dffg:0:dffg_inst|s_Q                                                                                     ; EX_MEM_Reg:EX_MEM_inst|register_N:MemWrite_reg_inst|dffg:\gen_dffg:0:dffg_inst|s_Q                                                                                   ; iCLK         ; iCLK        ; 0.000        ; 0.071      ; 0.640      ;
; 0.398 ; ID_EX_Reg:ID_EX_inst|register_N:PCPlusImm_reg_inst|dffg:\gen_dffg:17:dffg_inst|s_Q                                                                                   ; EX_MEM_Reg:EX_MEM_inst|register_N:PCPlusImm_reg_inst|dffg:\gen_dffg:17:dffg_inst|s_Q                                                                                 ; iCLK         ; iCLK        ; 0.000        ; 0.072      ; 0.641      ;
; 0.398 ; ID_EX_Reg:ID_EX_inst|register_N:RegWrAddr_reg_inst|dffg:\gen_dffg:3:dffg_inst|s_Q                                                                                    ; EX_MEM_Reg:EX_MEM_inst|register_N:RegWrAddr_reg_inst|dffg:\gen_dffg:3:dffg_inst|s_Q                                                                                  ; iCLK         ; iCLK        ; 0.000        ; 0.071      ; 0.640      ;
; 0.399 ; EX_MEM_Reg:EX_MEM_inst|register_N:PCPlusImm_reg_inst|dffg:\gen_dffg:19:dffg_inst|s_Q                                                                                 ; fetch:fetch_inst|register_N:PC|dffg:\gen_dffg:19:dffg_inst|s_Q                                                                                                       ; iCLK         ; iCLK        ; 0.000        ; 0.070      ; 0.640      ;
; 0.399 ; EX_MEM_Reg:EX_MEM_inst|register_N:PCPlusImm_reg_inst|dffg:\gen_dffg:16:dffg_inst|s_Q                                                                                 ; fetch:fetch_inst|register_N:PC|dffg:\gen_dffg:16:dffg_inst|s_Q                                                                                                       ; iCLK         ; iCLK        ; 0.000        ; 0.071      ; 0.641      ;
; 0.399 ; ID_EX_Reg:ID_EX_inst|register_N:PCPlusImm_reg_inst|dffg:\gen_dffg:29:dffg_inst|s_Q                                                                                   ; EX_MEM_Reg:EX_MEM_inst|register_N:PCPlusImm_reg_inst|dffg:\gen_dffg:29:dffg_inst|s_Q                                                                                 ; iCLK         ; iCLK        ; 0.000        ; 0.071      ; 0.641      ;
; 0.399 ; EX_MEM_Reg:EX_MEM_inst|register_N:PCPlusImm_reg_inst|dffg:\gen_dffg:15:dffg_inst|s_Q                                                                                 ; fetch:fetch_inst|register_N:PC|dffg:\gen_dffg:15:dffg_inst|s_Q                                                                                                       ; iCLK         ; iCLK        ; 0.000        ; 0.071      ; 0.641      ;
; 0.405 ; fetch:fetch_inst|register_N:PC|dffg:\gen_dffg:31:dffg_inst|s_Q                                                                                                       ; IF_ID_Reg:IF_ID_inst|register_N:PC_reg_inst|dffg:\gen_dffg:31:dffg_inst|s_Q                                                                                          ; iCLK         ; iCLK        ; 0.000        ; 0.071      ; 0.647      ;
; 0.409 ; ID_EX_Reg:ID_EX_inst|register_N:Out2_reg_inst|dffg:\gen_dffg:14:dffg_inst|s_Q                                                                                        ; EX_MEM_Reg:EX_MEM_inst|register_N:Out2_reg_inst|dffg:\gen_dffg:14:dffg_inst|s_Q                                                                                      ; iCLK         ; iCLK        ; 0.000        ; 0.072      ; 0.652      ;
; 0.409 ; ID_EX_Reg:ID_EX_inst|register_N:Out2_reg_inst|dffg:\gen_dffg:10:dffg_inst|s_Q                                                                                        ; EX_MEM_Reg:EX_MEM_inst|register_N:Out2_reg_inst|dffg:\gen_dffg:10:dffg_inst|s_Q                                                                                      ; iCLK         ; iCLK        ; 0.000        ; 0.072      ; 0.652      ;
; 0.410 ; ID_EX_Reg:ID_EX_inst|register_N:Out2_reg_inst|dffg:\gen_dffg:7:dffg_inst|s_Q                                                                                         ; EX_MEM_Reg:EX_MEM_inst|register_N:Out2_reg_inst|dffg:\gen_dffg:7:dffg_inst|s_Q                                                                                       ; iCLK         ; iCLK        ; 0.000        ; 0.072      ; 0.653      ;
; 0.410 ; ID_EX_Reg:ID_EX_inst|register_N:Out2_reg_inst|dffg:\gen_dffg:2:dffg_inst|s_Q                                                                                         ; EX_MEM_Reg:EX_MEM_inst|register_N:Out2_reg_inst|dffg:\gen_dffg:2:dffg_inst|s_Q                                                                                       ; iCLK         ; iCLK        ; 0.000        ; 0.072      ; 0.653      ;
; 0.412 ; ID_EX_Reg:ID_EX_inst|register_N:Out2_reg_inst|dffg:\gen_dffg:18:dffg_inst|s_Q                                                                                        ; EX_MEM_Reg:EX_MEM_inst|register_N:Out2_reg_inst|dffg:\gen_dffg:18:dffg_inst|s_Q                                                                                      ; iCLK         ; iCLK        ; 0.000        ; 0.072      ; 0.655      ;
; 0.413 ; ID_EX_Reg:ID_EX_inst|register_N:Out2_reg_inst|dffg:\gen_dffg:31:dffg_inst|s_Q                                                                                        ; EX_MEM_Reg:EX_MEM_inst|register_N:Out2_reg_inst|dffg:\gen_dffg:31:dffg_inst|s_Q                                                                                      ; iCLK         ; iCLK        ; 0.000        ; 0.071      ; 0.655      ;
; 0.415 ; EX_MEM_Reg:EX_MEM_inst|register_N:ALUout_reg_inst|dffg:\gen_dffg:6:dffg_inst|s_Q                                                                                     ; mem:DMem|altsyncram:ram_rtl_0|altsyncram_eg81:auto_generated|ram_block1a5~porta_address_reg0                                                                         ; iCLK         ; iCLK        ; 0.000        ; 0.383      ; 0.999      ;
; 0.415 ; ID_EX_Reg:ID_EX_inst|register_N:Out2_reg_inst|dffg:\gen_dffg:13:dffg_inst|s_Q                                                                                        ; EX_MEM_Reg:EX_MEM_inst|register_N:Out2_reg_inst|dffg:\gen_dffg:13:dffg_inst|s_Q                                                                                      ; iCLK         ; iCLK        ; 0.000        ; 0.072      ; 0.658      ;
; 0.416 ; ID_EX_Reg:ID_EX_inst|register_N:Out2_reg_inst|dffg:\gen_dffg:0:dffg_inst|s_Q                                                                                         ; EX_MEM_Reg:EX_MEM_inst|register_N:Out2_reg_inst|dffg:\gen_dffg:0:dffg_inst|s_Q                                                                                       ; iCLK         ; iCLK        ; 0.000        ; 0.072      ; 0.659      ;
; 0.417 ; ID_EX_Reg:ID_EX_inst|register_N:Out2_reg_inst|dffg:\gen_dffg:3:dffg_inst|s_Q                                                                                         ; EX_MEM_Reg:EX_MEM_inst|register_N:Out2_reg_inst|dffg:\gen_dffg:3:dffg_inst|s_Q                                                                                       ; iCLK         ; iCLK        ; 0.000        ; 0.072      ; 0.660      ;
; 0.417 ; ID_EX_Reg:ID_EX_inst|register_N:Out2_reg_inst|dffg:\gen_dffg:16:dffg_inst|s_Q                                                                                        ; EX_MEM_Reg:EX_MEM_inst|register_N:Out2_reg_inst|dffg:\gen_dffg:16:dffg_inst|s_Q                                                                                      ; iCLK         ; iCLK        ; 0.000        ; 0.072      ; 0.660      ;
; 0.423 ; ID_EX_Reg:ID_EX_inst|register_N:Out2_reg_inst|dffg:\gen_dffg:20:dffg_inst|s_Q                                                                                        ; EX_MEM_Reg:EX_MEM_inst|register_N:Out2_reg_inst|dffg:\gen_dffg:20:dffg_inst|s_Q                                                                                      ; iCLK         ; iCLK        ; 0.000        ; 0.072      ; 0.666      ;
; 0.430 ; EX_MEM_Reg:EX_MEM_inst|register_N:ALUout_reg_inst|dffg:\gen_dffg:6:dffg_inst|s_Q                                                                                     ; mem:DMem|altsyncram:ram_rtl_0|altsyncram_eg81:auto_generated|ram_block1a6~porta_address_reg0                                                                         ; iCLK         ; iCLK        ; 0.000        ; 0.387      ; 1.018      ;
; 0.490 ; mem:IMem|ram~43                                                                                                                                                      ; ID_EX_Reg:ID_EX_inst|register_N:RegWrAddr_reg_inst|dffg:\gen_dffg:2:dffg_inst|s_Q                                                                                    ; iCLK         ; iCLK        ; 0.000        ; 0.071      ; 0.732      ;
; 0.508 ; ID_EX_Reg:ID_EX_inst|register_N:PCPlusImm_reg_inst|dffg:\gen_dffg:13:dffg_inst|s_Q                                                                                   ; EX_MEM_Reg:EX_MEM_inst|register_N:PCPlusImm_reg_inst|dffg:\gen_dffg:13:dffg_inst|s_Q                                                                                 ; iCLK         ; iCLK        ; 0.000        ; 0.072      ; 0.751      ;
; 0.509 ; ID_EX_Reg:ID_EX_inst|register_N:PCPlusImm_reg_inst|dffg:\gen_dffg:9:dffg_inst|s_Q                                                                                    ; EX_MEM_Reg:EX_MEM_inst|register_N:PCPlusImm_reg_inst|dffg:\gen_dffg:9:dffg_inst|s_Q                                                                                  ; iCLK         ; iCLK        ; 0.000        ; 0.071      ; 0.751      ;
; 0.526 ; EX_MEM_Reg:EX_MEM_inst|register_N:Out2_reg_inst|dffg:\gen_dffg:11:dffg_inst|s_Q                                                                                      ; mem:DMem|altsyncram:ram_rtl_0|altsyncram_eg81:auto_generated|ram_block1a8~porta_datain_reg0                                                                          ; iCLK         ; iCLK        ; 0.000        ; 0.400      ; 1.127      ;
; 0.528 ; ID_EX_Reg:ID_EX_inst|register_N:Out2_reg_inst|dffg:\gen_dffg:30:dffg_inst|s_Q                                                                                        ; EX_MEM_Reg:EX_MEM_inst|register_N:Out2_reg_inst|dffg:\gen_dffg:30:dffg_inst|s_Q                                                                                      ; iCLK         ; iCLK        ; 0.000        ; 0.072      ; 0.771      ;
; 0.534 ; IF_ID_Reg:IF_ID_inst|register_N:PC_reg_inst|dffg:\gen_dffg:29:dffg_inst|s_Q                                                                                          ; ID_EX_Reg:ID_EX_inst|register_N:PCPlusImm_reg_inst|dffg:\gen_dffg:29:dffg_inst|s_Q                                                                                   ; iCLK         ; iCLK        ; 0.000        ; 0.071      ; 0.776      ;
; 0.540 ; EX_MEM_Reg:EX_MEM_inst|register_N:PCPlusImm_reg_inst|dffg:\gen_dffg:14:dffg_inst|s_Q                                                                                 ; fetch:fetch_inst|register_N:PC|dffg:\gen_dffg:14:dffg_inst|s_Q                                                                                                       ; iCLK         ; iCLK        ; 0.000        ; 0.072      ; 0.783      ;
; 0.543 ; EX_MEM_Reg:EX_MEM_inst|register_N:PCPlusImm_reg_inst|dffg:\gen_dffg:28:dffg_inst|s_Q                                                                                 ; fetch:fetch_inst|register_N:PC|dffg:\gen_dffg:28:dffg_inst|s_Q                                                                                                       ; iCLK         ; iCLK        ; 0.000        ; 0.071      ; 0.785      ;
; 0.546 ; IF_ID_Reg:IF_ID_inst|register_N:PC_reg_inst|dffg:\gen_dffg:8:dffg_inst|s_Q                                                                                           ; ID_EX_Reg:ID_EX_inst|register_N:PCPlusImm_reg_inst|dffg:\gen_dffg:8:dffg_inst|s_Q                                                                                    ; iCLK         ; iCLK        ; 0.000        ; 0.072      ; 0.789      ;
; 0.547 ; EX_MEM_Reg:EX_MEM_inst|register_N:Fuct3_reg_inst|dffg:\gen_dffg:1:dffg_inst|s_Q                                                                                      ; MEM_WB_Reg:MEM_WB_inst|register_N:Fuct3_reg_inst|dffg:\gen_dffg:1:dffg_inst|s_Q                                                                                      ; iCLK         ; iCLK        ; 0.000        ; 0.072      ; 0.790      ;
; 0.548 ; EX_MEM_Reg:EX_MEM_inst|register_N:PCPlusImm_reg_inst|dffg:\gen_dffg:2:dffg_inst|s_Q                                                                                  ; fetch:fetch_inst|register_N:PC|dffg:\gen_dffg:2:dffg_inst|s_Q                                                                                                        ; iCLK         ; iCLK        ; 0.000        ; 0.077      ; 0.796      ;
; 0.549 ; EX_MEM_Reg:EX_MEM_inst|register_N:RegWrAddr_reg_inst|dffg:\gen_dffg:0:dffg_inst|s_Q                                                                                  ; MEM_WB_Reg:MEM_WB_inst|register_N:RegWrAddr_reg_inst|dffg:\gen_dffg:0:dffg_inst|s_Q                                                                                  ; iCLK         ; iCLK        ; 0.000        ; 0.072      ; 0.792      ;
; 0.549 ; EX_MEM_Reg:EX_MEM_inst|register_N:PCPlusImm_reg_inst|dffg:\gen_dffg:11:dffg_inst|s_Q                                                                                 ; fetch:fetch_inst|register_N:PC|dffg:\gen_dffg:11:dffg_inst|s_Q                                                                                                       ; iCLK         ; iCLK        ; 0.000        ; 0.071      ; 0.791      ;
; 0.549 ; ID_EX_Reg:ID_EX_inst|register_N:PCPlusImm_reg_inst|dffg:\gen_dffg:23:dffg_inst|s_Q                                                                                   ; EX_MEM_Reg:EX_MEM_inst|register_N:PCPlusImm_reg_inst|dffg:\gen_dffg:23:dffg_inst|s_Q                                                                                 ; iCLK         ; iCLK        ; 0.000        ; 0.071      ; 0.791      ;
; 0.550 ; ID_EX_Reg:ID_EX_inst|register_N:PCPlusImm_reg_inst|dffg:\gen_dffg:28:dffg_inst|s_Q                                                                                   ; EX_MEM_Reg:EX_MEM_inst|register_N:PCPlusImm_reg_inst|dffg:\gen_dffg:28:dffg_inst|s_Q                                                                                 ; iCLK         ; iCLK        ; 0.000        ; 0.071      ; 0.792      ;
; 0.551 ; ID_EX_Reg:ID_EX_inst|register_N:Jalr_reg_inst|dffg:\gen_dffg:0:dffg_inst|s_Q                                                                                         ; EX_MEM_Reg:EX_MEM_inst|register_N:Jalr_reg_inst|dffg:\gen_dffg:0:dffg_inst|s_Q                                                                                       ; iCLK         ; iCLK        ; 0.000        ; 0.070      ; 0.792      ;
; 0.551 ; ID_EX_Reg:ID_EX_inst|register_N:PCPlusImm_reg_inst|dffg:\gen_dffg:1:dffg_inst|s_Q                                                                                    ; EX_MEM_Reg:EX_MEM_inst|register_N:PCPlusImm_reg_inst|dffg:\gen_dffg:1:dffg_inst|s_Q                                                                                  ; iCLK         ; iCLK        ; 0.000        ; 0.071      ; 0.793      ;
; 0.551 ; ID_EX_Reg:ID_EX_inst|register_N:PCPlusImm_reg_inst|dffg:\gen_dffg:14:dffg_inst|s_Q                                                                                   ; EX_MEM_Reg:EX_MEM_inst|register_N:PCPlusImm_reg_inst|dffg:\gen_dffg:14:dffg_inst|s_Q                                                                                 ; iCLK         ; iCLK        ; 0.000        ; 0.071      ; 0.793      ;
; 0.553 ; ID_EX_Reg:ID_EX_inst|register_N:PCPlusImm_reg_inst|dffg:\gen_dffg:2:dffg_inst|s_Q                                                                                    ; EX_MEM_Reg:EX_MEM_inst|register_N:PCPlusImm_reg_inst|dffg:\gen_dffg:2:dffg_inst|s_Q                                                                                  ; iCLK         ; iCLK        ; 0.000        ; 0.071      ; 0.795      ;
; 0.554 ; ID_EX_Reg:ID_EX_inst|register_N:PCPlus4_reg_inst|dffg:\gen_dffg:1:dffg_inst|s_Q                                                                                      ; EX_MEM_Reg:EX_MEM_inst|register_N:PCPlus4_reg_inst|dffg:\gen_dffg:1:dffg_inst|s_Q                                                                                    ; iCLK         ; iCLK        ; 0.000        ; 0.072      ; 0.797      ;
; 0.562 ; EX_MEM_Reg:EX_MEM_inst|register_N:PCPlusImm_reg_inst|dffg:\gen_dffg:29:dffg_inst|s_Q                                                                                 ; fetch:fetch_inst|register_N:PC|dffg:\gen_dffg:29:dffg_inst|s_Q                                                                                                       ; iCLK         ; iCLK        ; 0.000        ; 0.071      ; 0.804      ;
; 0.563 ; ID_EX_Reg:ID_EX_inst|register_N:Out2_reg_inst|dffg:\gen_dffg:8:dffg_inst|s_Q                                                                                         ; EX_MEM_Reg:EX_MEM_inst|register_N:Out2_reg_inst|dffg:\gen_dffg:8:dffg_inst|s_Q                                                                                       ; iCLK         ; iCLK        ; 0.000        ; 0.072      ; 0.806      ;
; 0.567 ; ID_EX_Reg:ID_EX_inst|register_N:Out2_reg_inst|dffg:\gen_dffg:24:dffg_inst|s_Q                                                                                        ; EX_MEM_Reg:EX_MEM_inst|register_N:Out2_reg_inst|dffg:\gen_dffg:24:dffg_inst|s_Q                                                                                      ; iCLK         ; iCLK        ; 0.000        ; 0.073      ; 0.811      ;
; 0.567 ; EX_MEM_Reg:EX_MEM_inst|register_N:ALUout_reg_inst|dffg:\gen_dffg:10:dffg_inst|s_Q                                                                                    ; mem:DMem|altsyncram:ram_rtl_0|altsyncram_eg81:auto_generated|ram_block1a8~porta_address_reg0                                                                         ; iCLK         ; iCLK        ; 0.000        ; 0.398      ; 1.166      ;
; 0.567 ; EX_MEM_Reg:EX_MEM_inst|register_N:ALUout_reg_inst|dffg:\gen_dffg:13:dffg_inst|s_Q                                                                                    ; MEM_WB_Reg:MEM_WB_inst|register_N:ALUout_reg_inst|dffg:\gen_dffg:13:dffg_inst|s_Q                                                                                    ; iCLK         ; iCLK        ; 0.000        ; 0.072      ; 0.810      ;
; 0.569 ; ID_EX_Reg:ID_EX_inst|register_N:Out2_reg_inst|dffg:\gen_dffg:28:dffg_inst|s_Q                                                                                        ; EX_MEM_Reg:EX_MEM_inst|register_N:Out2_reg_inst|dffg:\gen_dffg:28:dffg_inst|s_Q                                                                                      ; iCLK         ; iCLK        ; 0.000        ; 0.071      ; 0.811      ;
; 0.569 ; ID_EX_Reg:ID_EX_inst|register_N:Out2_reg_inst|dffg:\gen_dffg:25:dffg_inst|s_Q                                                                                        ; EX_MEM_Reg:EX_MEM_inst|register_N:Out2_reg_inst|dffg:\gen_dffg:25:dffg_inst|s_Q                                                                                      ; iCLK         ; iCLK        ; 0.000        ; 0.072      ; 0.812      ;
; 0.569 ; ID_EX_Reg:ID_EX_inst|register_N:Out2_reg_inst|dffg:\gen_dffg:11:dffg_inst|s_Q                                                                                        ; EX_MEM_Reg:EX_MEM_inst|register_N:Out2_reg_inst|dffg:\gen_dffg:11:dffg_inst|s_Q                                                                                      ; iCLK         ; iCLK        ; 0.000        ; 0.072      ; 0.812      ;
; 0.569 ; EX_MEM_Reg:EX_MEM_inst|register_N:ALUout_reg_inst|dffg:\gen_dffg:6:dffg_inst|s_Q                                                                                     ; MEM_WB_Reg:MEM_WB_inst|register_N:ALUout_reg_inst|dffg:\gen_dffg:6:dffg_inst|s_Q                                                                                     ; iCLK         ; iCLK        ; 0.000        ; 0.073      ; 0.813      ;
; 0.570 ; IF_ID_Reg:IF_ID_inst|register_N:PC_reg_inst|dffg:\gen_dffg:11:dffg_inst|s_Q                                                                                          ; ID_EX_Reg:ID_EX_inst|register_N:PCPlusImm_reg_inst|dffg:\gen_dffg:11:dffg_inst|s_Q                                                                                   ; iCLK         ; iCLK        ; 0.000        ; 0.072      ; 0.813      ;
; 0.570 ; ID_EX_Reg:ID_EX_inst|register_N:Out2_reg_inst|dffg:\gen_dffg:23:dffg_inst|s_Q                                                                                        ; EX_MEM_Reg:EX_MEM_inst|register_N:Out2_reg_inst|dffg:\gen_dffg:23:dffg_inst|s_Q                                                                                      ; iCLK         ; iCLK        ; 0.000        ; 0.072      ; 0.813      ;
; 0.571 ; ID_EX_Reg:ID_EX_inst|register_N:Out2_reg_inst|dffg:\gen_dffg:15:dffg_inst|s_Q                                                                                        ; EX_MEM_Reg:EX_MEM_inst|register_N:Out2_reg_inst|dffg:\gen_dffg:15:dffg_inst|s_Q                                                                                      ; iCLK         ; iCLK        ; 0.000        ; 0.072      ; 0.814      ;
; 0.577 ; EX_MEM_Reg:EX_MEM_inst|register_N:Out2_reg_inst|dffg:\gen_dffg:9:dffg_inst|s_Q                                                                                       ; mem:DMem|altsyncram:ram_rtl_0|altsyncram_eg81:auto_generated|ram_block1a6~porta_datain_reg0                                                                          ; iCLK         ; iCLK        ; 0.000        ; 0.400      ; 1.178      ;
; 0.583 ; EX_MEM_Reg:EX_MEM_inst|register_N:PCPlusImm_reg_inst|dffg:\gen_dffg:21:dffg_inst|s_Q                                                                                 ; fetch:fetch_inst|register_N:PC|dffg:\gen_dffg:21:dffg_inst|s_Q                                                                                                       ; iCLK         ; iCLK        ; 0.000        ; 0.070      ; 0.824      ;
; 0.584 ; EX_MEM_Reg:EX_MEM_inst|register_N:PCPlusImm_reg_inst|dffg:\gen_dffg:7:dffg_inst|s_Q                                                                                  ; fetch:fetch_inst|register_N:PC|dffg:\gen_dffg:7:dffg_inst|s_Q                                                                                                        ; iCLK         ; iCLK        ; 0.000        ; 0.072      ; 0.827      ;
; 0.585 ; IF_ID_Reg:IF_ID_inst|register_N:PCPlus4_reg_inst|dffg:\gen_dffg:31:dffg_inst|altshift_taps:s_Q_rtl_0|shift_taps_bkm:auto_generated|cntr_r8h:cntr3|counter_reg_bit[1] ; IF_ID_Reg:IF_ID_inst|register_N:PCPlus4_reg_inst|dffg:\gen_dffg:31:dffg_inst|altshift_taps:s_Q_rtl_0|shift_taps_bkm:auto_generated|cntr_r8h:cntr3|counter_reg_bit[1] ; iCLK         ; iCLK        ; 0.000        ; 0.071      ; 0.827      ;
; 0.585 ; EX_MEM_Reg:EX_MEM_inst|register_N:PCPlusImm_reg_inst|dffg:\gen_dffg:12:dffg_inst|s_Q                                                                                 ; fetch:fetch_inst|register_N:PC|dffg:\gen_dffg:12:dffg_inst|s_Q                                                                                                       ; iCLK         ; iCLK        ; 0.000        ; 0.072      ; 0.828      ;
; 0.585 ; EX_MEM_Reg:EX_MEM_inst|register_N:PCPlusImm_reg_inst|dffg:\gen_dffg:3:dffg_inst|s_Q                                                                                  ; fetch:fetch_inst|register_N:PC|dffg:\gen_dffg:3:dffg_inst|s_Q                                                                                                        ; iCLK         ; iCLK        ; 0.000        ; 0.071      ; 0.827      ;
; 0.586 ; EX_MEM_Reg:EX_MEM_inst|register_N:PCPlusImm_reg_inst|dffg:\gen_dffg:13:dffg_inst|s_Q                                                                                 ; fetch:fetch_inst|register_N:PC|dffg:\gen_dffg:13:dffg_inst|s_Q                                                                                                       ; iCLK         ; iCLK        ; 0.000        ; 0.072      ; 0.829      ;
; 0.586 ; EX_MEM_Reg:EX_MEM_inst|register_N:PCPlusImm_reg_inst|dffg:\gen_dffg:8:dffg_inst|s_Q                                                                                  ; fetch:fetch_inst|register_N:PC|dffg:\gen_dffg:8:dffg_inst|s_Q                                                                                                        ; iCLK         ; iCLK        ; 0.000        ; 0.072      ; 0.829      ;
; 0.586 ; EX_MEM_Reg:EX_MEM_inst|register_N:PCPlusImm_reg_inst|dffg:\gen_dffg:18:dffg_inst|s_Q                                                                                 ; fetch:fetch_inst|register_N:PC|dffg:\gen_dffg:18:dffg_inst|s_Q                                                                                                       ; iCLK         ; iCLK        ; 0.000        ; 0.070      ; 0.827      ;
; 0.587 ; EX_MEM_Reg:EX_MEM_inst|register_N:PCPlusImm_reg_inst|dffg:\gen_dffg:24:dffg_inst|s_Q                                                                                 ; fetch:fetch_inst|register_N:PC|dffg:\gen_dffg:24:dffg_inst|s_Q                                                                                                       ; iCLK         ; iCLK        ; 0.000        ; 0.071      ; 0.829      ;
; 0.599 ; fetch:fetch_inst|register_N:PC|dffg:\gen_dffg:29:dffg_inst|s_Q                                                                                                       ; IF_ID_Reg:IF_ID_inst|register_N:PC_reg_inst|dffg:\gen_dffg:29:dffg_inst|s_Q                                                                                          ; iCLK         ; iCLK        ; 0.000        ; 0.071      ; 0.841      ;
; 0.601 ; IF_ID_Reg:IF_ID_inst|register_N:PCPlus4_reg_inst|dffg:\gen_dffg:31:dffg_inst|altshift_taps:s_Q_rtl_0|shift_taps_bkm:auto_generated|cntr_r8h:cntr3|counter_reg_bit[0] ; IF_ID_Reg:IF_ID_inst|register_N:PCPlus4_reg_inst|dffg:\gen_dffg:31:dffg_inst|altshift_taps:s_Q_rtl_0|shift_taps_bkm:auto_generated|cntr_r8h:cntr3|counter_reg_bit[0] ; iCLK         ; iCLK        ; 0.000        ; 0.071      ; 0.843      ;
+-------+----------------------------------------------------------------------------------------------------------------------------------------------------------------------+----------------------------------------------------------------------------------------------------------------------------------------------------------------------+--------------+-------------+--------------+------------+------------+


+--------------------------------------------------------------------------------------------------------------------------------------------------------------------------------------------------------------------------------------------------------------------------------------------------------------------------------------------------------------------------------------------------------+
; Slow 1200mV 0C Model Recovery: 'iCLK'                                                                                                                                                                                                                                                                                                                                                                  ;
+--------+------------------------------------------------------------------------------------------------------------------------------------------+------------------------------------------------------------------------------------------------------------------------------------------------------------------------------+--------------+-------------+--------------+------------+------------+
; Slack  ; From Node                                                                                                                                ; To Node                                                                                                                                                                      ; Launch Clock ; Latch Clock ; Relationship ; Clock Skew ; Data Delay ;
+--------+------------------------------------------------------------------------------------------------------------------------------------------+------------------------------------------------------------------------------------------------------------------------------------------------------------------------------+--------------+-------------+--------------+------------+------------+
; 17.906 ; IF_ID_Reg:IF_ID_inst|register_N:PCPlus4_reg_inst|dffg:\gen_dffg:31:dffg_inst|altshift_taps:s_Q_rtl_0|shift_taps_bkm:auto_generated|dffe4 ; IF_ID_Reg:IF_ID_inst|register_N:PCPlus4_reg_inst|dffg:\gen_dffg:31:dffg_inst|altshift_taps:s_Q_rtl_0|shift_taps_bkm:auto_generated|altsyncram_k1b1:altsyncram2|ram_block5a0  ; iCLK         ; iCLK        ; 20.000       ; 0.225      ; 2.250      ;
; 17.906 ; IF_ID_Reg:IF_ID_inst|register_N:PCPlus4_reg_inst|dffg:\gen_dffg:31:dffg_inst|altshift_taps:s_Q_rtl_0|shift_taps_bkm:auto_generated|dffe4 ; IF_ID_Reg:IF_ID_inst|register_N:PCPlus4_reg_inst|dffg:\gen_dffg:31:dffg_inst|altshift_taps:s_Q_rtl_0|shift_taps_bkm:auto_generated|altsyncram_k1b1:altsyncram2|ram_block5a1  ; iCLK         ; iCLK        ; 20.000       ; 0.225      ; 2.250      ;
; 17.906 ; IF_ID_Reg:IF_ID_inst|register_N:PCPlus4_reg_inst|dffg:\gen_dffg:31:dffg_inst|altshift_taps:s_Q_rtl_0|shift_taps_bkm:auto_generated|dffe4 ; IF_ID_Reg:IF_ID_inst|register_N:PCPlus4_reg_inst|dffg:\gen_dffg:31:dffg_inst|altshift_taps:s_Q_rtl_0|shift_taps_bkm:auto_generated|altsyncram_k1b1:altsyncram2|ram_block5a2  ; iCLK         ; iCLK        ; 20.000       ; 0.225      ; 2.250      ;
; 17.906 ; IF_ID_Reg:IF_ID_inst|register_N:PCPlus4_reg_inst|dffg:\gen_dffg:31:dffg_inst|altshift_taps:s_Q_rtl_0|shift_taps_bkm:auto_generated|dffe4 ; IF_ID_Reg:IF_ID_inst|register_N:PCPlus4_reg_inst|dffg:\gen_dffg:31:dffg_inst|altshift_taps:s_Q_rtl_0|shift_taps_bkm:auto_generated|altsyncram_k1b1:altsyncram2|ram_block5a3  ; iCLK         ; iCLK        ; 20.000       ; 0.225      ; 2.250      ;
; 17.906 ; IF_ID_Reg:IF_ID_inst|register_N:PCPlus4_reg_inst|dffg:\gen_dffg:31:dffg_inst|altshift_taps:s_Q_rtl_0|shift_taps_bkm:auto_generated|dffe4 ; IF_ID_Reg:IF_ID_inst|register_N:PCPlus4_reg_inst|dffg:\gen_dffg:31:dffg_inst|altshift_taps:s_Q_rtl_0|shift_taps_bkm:auto_generated|altsyncram_k1b1:altsyncram2|ram_block5a4  ; iCLK         ; iCLK        ; 20.000       ; 0.225      ; 2.250      ;
; 17.906 ; IF_ID_Reg:IF_ID_inst|register_N:PCPlus4_reg_inst|dffg:\gen_dffg:31:dffg_inst|altshift_taps:s_Q_rtl_0|shift_taps_bkm:auto_generated|dffe4 ; IF_ID_Reg:IF_ID_inst|register_N:PCPlus4_reg_inst|dffg:\gen_dffg:31:dffg_inst|altshift_taps:s_Q_rtl_0|shift_taps_bkm:auto_generated|altsyncram_k1b1:altsyncram2|ram_block5a5  ; iCLK         ; iCLK        ; 20.000       ; 0.225      ; 2.250      ;
; 17.906 ; IF_ID_Reg:IF_ID_inst|register_N:PCPlus4_reg_inst|dffg:\gen_dffg:31:dffg_inst|altshift_taps:s_Q_rtl_0|shift_taps_bkm:auto_generated|dffe4 ; IF_ID_Reg:IF_ID_inst|register_N:PCPlus4_reg_inst|dffg:\gen_dffg:31:dffg_inst|altshift_taps:s_Q_rtl_0|shift_taps_bkm:auto_generated|altsyncram_k1b1:altsyncram2|ram_block5a6  ; iCLK         ; iCLK        ; 20.000       ; 0.225      ; 2.250      ;
; 17.906 ; IF_ID_Reg:IF_ID_inst|register_N:PCPlus4_reg_inst|dffg:\gen_dffg:31:dffg_inst|altshift_taps:s_Q_rtl_0|shift_taps_bkm:auto_generated|dffe4 ; IF_ID_Reg:IF_ID_inst|register_N:PCPlus4_reg_inst|dffg:\gen_dffg:31:dffg_inst|altshift_taps:s_Q_rtl_0|shift_taps_bkm:auto_generated|altsyncram_k1b1:altsyncram2|ram_block5a7  ; iCLK         ; iCLK        ; 20.000       ; 0.225      ; 2.250      ;
; 17.906 ; IF_ID_Reg:IF_ID_inst|register_N:PCPlus4_reg_inst|dffg:\gen_dffg:31:dffg_inst|altshift_taps:s_Q_rtl_0|shift_taps_bkm:auto_generated|dffe4 ; IF_ID_Reg:IF_ID_inst|register_N:PCPlus4_reg_inst|dffg:\gen_dffg:31:dffg_inst|altshift_taps:s_Q_rtl_0|shift_taps_bkm:auto_generated|altsyncram_k1b1:altsyncram2|ram_block5a8  ; iCLK         ; iCLK        ; 20.000       ; 0.225      ; 2.250      ;
; 17.906 ; IF_ID_Reg:IF_ID_inst|register_N:PCPlus4_reg_inst|dffg:\gen_dffg:31:dffg_inst|altshift_taps:s_Q_rtl_0|shift_taps_bkm:auto_generated|dffe4 ; IF_ID_Reg:IF_ID_inst|register_N:PCPlus4_reg_inst|dffg:\gen_dffg:31:dffg_inst|altshift_taps:s_Q_rtl_0|shift_taps_bkm:auto_generated|altsyncram_k1b1:altsyncram2|ram_block5a9  ; iCLK         ; iCLK        ; 20.000       ; 0.225      ; 2.250      ;
; 17.906 ; IF_ID_Reg:IF_ID_inst|register_N:PCPlus4_reg_inst|dffg:\gen_dffg:31:dffg_inst|altshift_taps:s_Q_rtl_0|shift_taps_bkm:auto_generated|dffe4 ; IF_ID_Reg:IF_ID_inst|register_N:PCPlus4_reg_inst|dffg:\gen_dffg:31:dffg_inst|altshift_taps:s_Q_rtl_0|shift_taps_bkm:auto_generated|altsyncram_k1b1:altsyncram2|ram_block5a10 ; iCLK         ; iCLK        ; 20.000       ; 0.225      ; 2.250      ;
; 17.906 ; IF_ID_Reg:IF_ID_inst|register_N:PCPlus4_reg_inst|dffg:\gen_dffg:31:dffg_inst|altshift_taps:s_Q_rtl_0|shift_taps_bkm:auto_generated|dffe4 ; IF_ID_Reg:IF_ID_inst|register_N:PCPlus4_reg_inst|dffg:\gen_dffg:31:dffg_inst|altshift_taps:s_Q_rtl_0|shift_taps_bkm:auto_generated|altsyncram_k1b1:altsyncram2|ram_block5a11 ; iCLK         ; iCLK        ; 20.000       ; 0.225      ; 2.250      ;
; 17.906 ; IF_ID_Reg:IF_ID_inst|register_N:PCPlus4_reg_inst|dffg:\gen_dffg:31:dffg_inst|altshift_taps:s_Q_rtl_0|shift_taps_bkm:auto_generated|dffe4 ; IF_ID_Reg:IF_ID_inst|register_N:PCPlus4_reg_inst|dffg:\gen_dffg:31:dffg_inst|altshift_taps:s_Q_rtl_0|shift_taps_bkm:auto_generated|altsyncram_k1b1:altsyncram2|ram_block5a12 ; iCLK         ; iCLK        ; 20.000       ; 0.225      ; 2.250      ;
; 17.906 ; IF_ID_Reg:IF_ID_inst|register_N:PCPlus4_reg_inst|dffg:\gen_dffg:31:dffg_inst|altshift_taps:s_Q_rtl_0|shift_taps_bkm:auto_generated|dffe4 ; IF_ID_Reg:IF_ID_inst|register_N:PCPlus4_reg_inst|dffg:\gen_dffg:31:dffg_inst|altshift_taps:s_Q_rtl_0|shift_taps_bkm:auto_generated|altsyncram_k1b1:altsyncram2|ram_block5a13 ; iCLK         ; iCLK        ; 20.000       ; 0.225      ; 2.250      ;
; 17.906 ; IF_ID_Reg:IF_ID_inst|register_N:PCPlus4_reg_inst|dffg:\gen_dffg:31:dffg_inst|altshift_taps:s_Q_rtl_0|shift_taps_bkm:auto_generated|dffe4 ; IF_ID_Reg:IF_ID_inst|register_N:PCPlus4_reg_inst|dffg:\gen_dffg:31:dffg_inst|altshift_taps:s_Q_rtl_0|shift_taps_bkm:auto_generated|altsyncram_k1b1:altsyncram2|ram_block5a14 ; iCLK         ; iCLK        ; 20.000       ; 0.225      ; 2.250      ;
; 17.906 ; IF_ID_Reg:IF_ID_inst|register_N:PCPlus4_reg_inst|dffg:\gen_dffg:31:dffg_inst|altshift_taps:s_Q_rtl_0|shift_taps_bkm:auto_generated|dffe4 ; IF_ID_Reg:IF_ID_inst|register_N:PCPlus4_reg_inst|dffg:\gen_dffg:31:dffg_inst|altshift_taps:s_Q_rtl_0|shift_taps_bkm:auto_generated|altsyncram_k1b1:altsyncram2|ram_block5a15 ; iCLK         ; iCLK        ; 20.000       ; 0.225      ; 2.250      ;
; 17.906 ; IF_ID_Reg:IF_ID_inst|register_N:PCPlus4_reg_inst|dffg:\gen_dffg:31:dffg_inst|altshift_taps:s_Q_rtl_0|shift_taps_bkm:auto_generated|dffe4 ; IF_ID_Reg:IF_ID_inst|register_N:PCPlus4_reg_inst|dffg:\gen_dffg:31:dffg_inst|altshift_taps:s_Q_rtl_0|shift_taps_bkm:auto_generated|altsyncram_k1b1:altsyncram2|ram_block5a16 ; iCLK         ; iCLK        ; 20.000       ; 0.225      ; 2.250      ;
; 17.906 ; IF_ID_Reg:IF_ID_inst|register_N:PCPlus4_reg_inst|dffg:\gen_dffg:31:dffg_inst|altshift_taps:s_Q_rtl_0|shift_taps_bkm:auto_generated|dffe4 ; IF_ID_Reg:IF_ID_inst|register_N:PCPlus4_reg_inst|dffg:\gen_dffg:31:dffg_inst|altshift_taps:s_Q_rtl_0|shift_taps_bkm:auto_generated|altsyncram_k1b1:altsyncram2|ram_block5a17 ; iCLK         ; iCLK        ; 20.000       ; 0.225      ; 2.250      ;
; 17.906 ; IF_ID_Reg:IF_ID_inst|register_N:PCPlus4_reg_inst|dffg:\gen_dffg:31:dffg_inst|altshift_taps:s_Q_rtl_0|shift_taps_bkm:auto_generated|dffe4 ; IF_ID_Reg:IF_ID_inst|register_N:PCPlus4_reg_inst|dffg:\gen_dffg:31:dffg_inst|altshift_taps:s_Q_rtl_0|shift_taps_bkm:auto_generated|altsyncram_k1b1:altsyncram2|ram_block5a18 ; iCLK         ; iCLK        ; 20.000       ; 0.225      ; 2.250      ;
; 17.906 ; IF_ID_Reg:IF_ID_inst|register_N:PCPlus4_reg_inst|dffg:\gen_dffg:31:dffg_inst|altshift_taps:s_Q_rtl_0|shift_taps_bkm:auto_generated|dffe4 ; IF_ID_Reg:IF_ID_inst|register_N:PCPlus4_reg_inst|dffg:\gen_dffg:31:dffg_inst|altshift_taps:s_Q_rtl_0|shift_taps_bkm:auto_generated|altsyncram_k1b1:altsyncram2|ram_block5a19 ; iCLK         ; iCLK        ; 20.000       ; 0.225      ; 2.250      ;
; 17.906 ; IF_ID_Reg:IF_ID_inst|register_N:PCPlus4_reg_inst|dffg:\gen_dffg:31:dffg_inst|altshift_taps:s_Q_rtl_0|shift_taps_bkm:auto_generated|dffe4 ; IF_ID_Reg:IF_ID_inst|register_N:PCPlus4_reg_inst|dffg:\gen_dffg:31:dffg_inst|altshift_taps:s_Q_rtl_0|shift_taps_bkm:auto_generated|altsyncram_k1b1:altsyncram2|ram_block5a20 ; iCLK         ; iCLK        ; 20.000       ; 0.225      ; 2.250      ;
; 17.906 ; IF_ID_Reg:IF_ID_inst|register_N:PCPlus4_reg_inst|dffg:\gen_dffg:31:dffg_inst|altshift_taps:s_Q_rtl_0|shift_taps_bkm:auto_generated|dffe4 ; IF_ID_Reg:IF_ID_inst|register_N:PCPlus4_reg_inst|dffg:\gen_dffg:31:dffg_inst|altshift_taps:s_Q_rtl_0|shift_taps_bkm:auto_generated|altsyncram_k1b1:altsyncram2|ram_block5a21 ; iCLK         ; iCLK        ; 20.000       ; 0.225      ; 2.250      ;
; 17.906 ; IF_ID_Reg:IF_ID_inst|register_N:PCPlus4_reg_inst|dffg:\gen_dffg:31:dffg_inst|altshift_taps:s_Q_rtl_0|shift_taps_bkm:auto_generated|dffe4 ; IF_ID_Reg:IF_ID_inst|register_N:PCPlus4_reg_inst|dffg:\gen_dffg:31:dffg_inst|altshift_taps:s_Q_rtl_0|shift_taps_bkm:auto_generated|altsyncram_k1b1:altsyncram2|ram_block5a22 ; iCLK         ; iCLK        ; 20.000       ; 0.225      ; 2.250      ;
; 17.906 ; IF_ID_Reg:IF_ID_inst|register_N:PCPlus4_reg_inst|dffg:\gen_dffg:31:dffg_inst|altshift_taps:s_Q_rtl_0|shift_taps_bkm:auto_generated|dffe4 ; IF_ID_Reg:IF_ID_inst|register_N:PCPlus4_reg_inst|dffg:\gen_dffg:31:dffg_inst|altshift_taps:s_Q_rtl_0|shift_taps_bkm:auto_generated|altsyncram_k1b1:altsyncram2|ram_block5a23 ; iCLK         ; iCLK        ; 20.000       ; 0.225      ; 2.250      ;
; 17.906 ; IF_ID_Reg:IF_ID_inst|register_N:PCPlus4_reg_inst|dffg:\gen_dffg:31:dffg_inst|altshift_taps:s_Q_rtl_0|shift_taps_bkm:auto_generated|dffe4 ; IF_ID_Reg:IF_ID_inst|register_N:PCPlus4_reg_inst|dffg:\gen_dffg:31:dffg_inst|altshift_taps:s_Q_rtl_0|shift_taps_bkm:auto_generated|altsyncram_k1b1:altsyncram2|ram_block5a24 ; iCLK         ; iCLK        ; 20.000       ; 0.225      ; 2.250      ;
; 17.906 ; IF_ID_Reg:IF_ID_inst|register_N:PCPlus4_reg_inst|dffg:\gen_dffg:31:dffg_inst|altshift_taps:s_Q_rtl_0|shift_taps_bkm:auto_generated|dffe4 ; IF_ID_Reg:IF_ID_inst|register_N:PCPlus4_reg_inst|dffg:\gen_dffg:31:dffg_inst|altshift_taps:s_Q_rtl_0|shift_taps_bkm:auto_generated|altsyncram_k1b1:altsyncram2|ram_block5a25 ; iCLK         ; iCLK        ; 20.000       ; 0.225      ; 2.250      ;
; 17.906 ; IF_ID_Reg:IF_ID_inst|register_N:PCPlus4_reg_inst|dffg:\gen_dffg:31:dffg_inst|altshift_taps:s_Q_rtl_0|shift_taps_bkm:auto_generated|dffe4 ; IF_ID_Reg:IF_ID_inst|register_N:PCPlus4_reg_inst|dffg:\gen_dffg:31:dffg_inst|altshift_taps:s_Q_rtl_0|shift_taps_bkm:auto_generated|altsyncram_k1b1:altsyncram2|ram_block5a26 ; iCLK         ; iCLK        ; 20.000       ; 0.225      ; 2.250      ;
; 17.906 ; IF_ID_Reg:IF_ID_inst|register_N:PCPlus4_reg_inst|dffg:\gen_dffg:31:dffg_inst|altshift_taps:s_Q_rtl_0|shift_taps_bkm:auto_generated|dffe4 ; IF_ID_Reg:IF_ID_inst|register_N:PCPlus4_reg_inst|dffg:\gen_dffg:31:dffg_inst|altshift_taps:s_Q_rtl_0|shift_taps_bkm:auto_generated|altsyncram_k1b1:altsyncram2|ram_block5a27 ; iCLK         ; iCLK        ; 20.000       ; 0.225      ; 2.250      ;
; 17.906 ; IF_ID_Reg:IF_ID_inst|register_N:PCPlus4_reg_inst|dffg:\gen_dffg:31:dffg_inst|altshift_taps:s_Q_rtl_0|shift_taps_bkm:auto_generated|dffe4 ; IF_ID_Reg:IF_ID_inst|register_N:PCPlus4_reg_inst|dffg:\gen_dffg:31:dffg_inst|altshift_taps:s_Q_rtl_0|shift_taps_bkm:auto_generated|altsyncram_k1b1:altsyncram2|ram_block5a28 ; iCLK         ; iCLK        ; 20.000       ; 0.225      ; 2.250      ;
; 17.906 ; IF_ID_Reg:IF_ID_inst|register_N:PCPlus4_reg_inst|dffg:\gen_dffg:31:dffg_inst|altshift_taps:s_Q_rtl_0|shift_taps_bkm:auto_generated|dffe4 ; IF_ID_Reg:IF_ID_inst|register_N:PCPlus4_reg_inst|dffg:\gen_dffg:31:dffg_inst|altshift_taps:s_Q_rtl_0|shift_taps_bkm:auto_generated|altsyncram_k1b1:altsyncram2|ram_block5a29 ; iCLK         ; iCLK        ; 20.000       ; 0.225      ; 2.250      ;
+--------+------------------------------------------------------------------------------------------------------------------------------------------+------------------------------------------------------------------------------------------------------------------------------------------------------------------------------+--------------+-------------+--------------+------------+------------+


+-------------------------------------------------------------------------------------------------------------------------------------------------------------------------------------------------------------------------------------------------------------------------------------------------------------------------------------------------------------------------------------------------------+
; Slow 1200mV 0C Model Removal: 'iCLK'                                                                                                                                                                                                                                                                                                                                                                  ;
+-------+------------------------------------------------------------------------------------------------------------------------------------------+------------------------------------------------------------------------------------------------------------------------------------------------------------------------------+--------------+-------------+--------------+------------+------------+
; Slack ; From Node                                                                                                                                ; To Node                                                                                                                                                                      ; Launch Clock ; Latch Clock ; Relationship ; Clock Skew ; Data Delay ;
+-------+------------------------------------------------------------------------------------------------------------------------------------------+------------------------------------------------------------------------------------------------------------------------------------------------------------------------------+--------------+-------------+--------------+------------+------------+
; 1.538 ; IF_ID_Reg:IF_ID_inst|register_N:PCPlus4_reg_inst|dffg:\gen_dffg:31:dffg_inst|altshift_taps:s_Q_rtl_0|shift_taps_bkm:auto_generated|dffe4 ; IF_ID_Reg:IF_ID_inst|register_N:PCPlus4_reg_inst|dffg:\gen_dffg:31:dffg_inst|altshift_taps:s_Q_rtl_0|shift_taps_bkm:auto_generated|altsyncram_k1b1:altsyncram2|ram_block5a0  ; iCLK         ; iCLK        ; 0.000        ; 0.369      ; 2.075      ;
; 1.538 ; IF_ID_Reg:IF_ID_inst|register_N:PCPlus4_reg_inst|dffg:\gen_dffg:31:dffg_inst|altshift_taps:s_Q_rtl_0|shift_taps_bkm:auto_generated|dffe4 ; IF_ID_Reg:IF_ID_inst|register_N:PCPlus4_reg_inst|dffg:\gen_dffg:31:dffg_inst|altshift_taps:s_Q_rtl_0|shift_taps_bkm:auto_generated|altsyncram_k1b1:altsyncram2|ram_block5a1  ; iCLK         ; iCLK        ; 0.000        ; 0.369      ; 2.075      ;
; 1.538 ; IF_ID_Reg:IF_ID_inst|register_N:PCPlus4_reg_inst|dffg:\gen_dffg:31:dffg_inst|altshift_taps:s_Q_rtl_0|shift_taps_bkm:auto_generated|dffe4 ; IF_ID_Reg:IF_ID_inst|register_N:PCPlus4_reg_inst|dffg:\gen_dffg:31:dffg_inst|altshift_taps:s_Q_rtl_0|shift_taps_bkm:auto_generated|altsyncram_k1b1:altsyncram2|ram_block5a2  ; iCLK         ; iCLK        ; 0.000        ; 0.369      ; 2.075      ;
; 1.538 ; IF_ID_Reg:IF_ID_inst|register_N:PCPlus4_reg_inst|dffg:\gen_dffg:31:dffg_inst|altshift_taps:s_Q_rtl_0|shift_taps_bkm:auto_generated|dffe4 ; IF_ID_Reg:IF_ID_inst|register_N:PCPlus4_reg_inst|dffg:\gen_dffg:31:dffg_inst|altshift_taps:s_Q_rtl_0|shift_taps_bkm:auto_generated|altsyncram_k1b1:altsyncram2|ram_block5a3  ; iCLK         ; iCLK        ; 0.000        ; 0.369      ; 2.075      ;
; 1.538 ; IF_ID_Reg:IF_ID_inst|register_N:PCPlus4_reg_inst|dffg:\gen_dffg:31:dffg_inst|altshift_taps:s_Q_rtl_0|shift_taps_bkm:auto_generated|dffe4 ; IF_ID_Reg:IF_ID_inst|register_N:PCPlus4_reg_inst|dffg:\gen_dffg:31:dffg_inst|altshift_taps:s_Q_rtl_0|shift_taps_bkm:auto_generated|altsyncram_k1b1:altsyncram2|ram_block5a4  ; iCLK         ; iCLK        ; 0.000        ; 0.369      ; 2.075      ;
; 1.538 ; IF_ID_Reg:IF_ID_inst|register_N:PCPlus4_reg_inst|dffg:\gen_dffg:31:dffg_inst|altshift_taps:s_Q_rtl_0|shift_taps_bkm:auto_generated|dffe4 ; IF_ID_Reg:IF_ID_inst|register_N:PCPlus4_reg_inst|dffg:\gen_dffg:31:dffg_inst|altshift_taps:s_Q_rtl_0|shift_taps_bkm:auto_generated|altsyncram_k1b1:altsyncram2|ram_block5a5  ; iCLK         ; iCLK        ; 0.000        ; 0.369      ; 2.075      ;
; 1.538 ; IF_ID_Reg:IF_ID_inst|register_N:PCPlus4_reg_inst|dffg:\gen_dffg:31:dffg_inst|altshift_taps:s_Q_rtl_0|shift_taps_bkm:auto_generated|dffe4 ; IF_ID_Reg:IF_ID_inst|register_N:PCPlus4_reg_inst|dffg:\gen_dffg:31:dffg_inst|altshift_taps:s_Q_rtl_0|shift_taps_bkm:auto_generated|altsyncram_k1b1:altsyncram2|ram_block5a6  ; iCLK         ; iCLK        ; 0.000        ; 0.369      ; 2.075      ;
; 1.538 ; IF_ID_Reg:IF_ID_inst|register_N:PCPlus4_reg_inst|dffg:\gen_dffg:31:dffg_inst|altshift_taps:s_Q_rtl_0|shift_taps_bkm:auto_generated|dffe4 ; IF_ID_Reg:IF_ID_inst|register_N:PCPlus4_reg_inst|dffg:\gen_dffg:31:dffg_inst|altshift_taps:s_Q_rtl_0|shift_taps_bkm:auto_generated|altsyncram_k1b1:altsyncram2|ram_block5a7  ; iCLK         ; iCLK        ; 0.000        ; 0.369      ; 2.075      ;
; 1.538 ; IF_ID_Reg:IF_ID_inst|register_N:PCPlus4_reg_inst|dffg:\gen_dffg:31:dffg_inst|altshift_taps:s_Q_rtl_0|shift_taps_bkm:auto_generated|dffe4 ; IF_ID_Reg:IF_ID_inst|register_N:PCPlus4_reg_inst|dffg:\gen_dffg:31:dffg_inst|altshift_taps:s_Q_rtl_0|shift_taps_bkm:auto_generated|altsyncram_k1b1:altsyncram2|ram_block5a8  ; iCLK         ; iCLK        ; 0.000        ; 0.369      ; 2.075      ;
; 1.538 ; IF_ID_Reg:IF_ID_inst|register_N:PCPlus4_reg_inst|dffg:\gen_dffg:31:dffg_inst|altshift_taps:s_Q_rtl_0|shift_taps_bkm:auto_generated|dffe4 ; IF_ID_Reg:IF_ID_inst|register_N:PCPlus4_reg_inst|dffg:\gen_dffg:31:dffg_inst|altshift_taps:s_Q_rtl_0|shift_taps_bkm:auto_generated|altsyncram_k1b1:altsyncram2|ram_block5a9  ; iCLK         ; iCLK        ; 0.000        ; 0.369      ; 2.075      ;
; 1.538 ; IF_ID_Reg:IF_ID_inst|register_N:PCPlus4_reg_inst|dffg:\gen_dffg:31:dffg_inst|altshift_taps:s_Q_rtl_0|shift_taps_bkm:auto_generated|dffe4 ; IF_ID_Reg:IF_ID_inst|register_N:PCPlus4_reg_inst|dffg:\gen_dffg:31:dffg_inst|altshift_taps:s_Q_rtl_0|shift_taps_bkm:auto_generated|altsyncram_k1b1:altsyncram2|ram_block5a10 ; iCLK         ; iCLK        ; 0.000        ; 0.369      ; 2.075      ;
; 1.538 ; IF_ID_Reg:IF_ID_inst|register_N:PCPlus4_reg_inst|dffg:\gen_dffg:31:dffg_inst|altshift_taps:s_Q_rtl_0|shift_taps_bkm:auto_generated|dffe4 ; IF_ID_Reg:IF_ID_inst|register_N:PCPlus4_reg_inst|dffg:\gen_dffg:31:dffg_inst|altshift_taps:s_Q_rtl_0|shift_taps_bkm:auto_generated|altsyncram_k1b1:altsyncram2|ram_block5a11 ; iCLK         ; iCLK        ; 0.000        ; 0.369      ; 2.075      ;
; 1.538 ; IF_ID_Reg:IF_ID_inst|register_N:PCPlus4_reg_inst|dffg:\gen_dffg:31:dffg_inst|altshift_taps:s_Q_rtl_0|shift_taps_bkm:auto_generated|dffe4 ; IF_ID_Reg:IF_ID_inst|register_N:PCPlus4_reg_inst|dffg:\gen_dffg:31:dffg_inst|altshift_taps:s_Q_rtl_0|shift_taps_bkm:auto_generated|altsyncram_k1b1:altsyncram2|ram_block5a12 ; iCLK         ; iCLK        ; 0.000        ; 0.369      ; 2.075      ;
; 1.538 ; IF_ID_Reg:IF_ID_inst|register_N:PCPlus4_reg_inst|dffg:\gen_dffg:31:dffg_inst|altshift_taps:s_Q_rtl_0|shift_taps_bkm:auto_generated|dffe4 ; IF_ID_Reg:IF_ID_inst|register_N:PCPlus4_reg_inst|dffg:\gen_dffg:31:dffg_inst|altshift_taps:s_Q_rtl_0|shift_taps_bkm:auto_generated|altsyncram_k1b1:altsyncram2|ram_block5a13 ; iCLK         ; iCLK        ; 0.000        ; 0.369      ; 2.075      ;
; 1.538 ; IF_ID_Reg:IF_ID_inst|register_N:PCPlus4_reg_inst|dffg:\gen_dffg:31:dffg_inst|altshift_taps:s_Q_rtl_0|shift_taps_bkm:auto_generated|dffe4 ; IF_ID_Reg:IF_ID_inst|register_N:PCPlus4_reg_inst|dffg:\gen_dffg:31:dffg_inst|altshift_taps:s_Q_rtl_0|shift_taps_bkm:auto_generated|altsyncram_k1b1:altsyncram2|ram_block5a14 ; iCLK         ; iCLK        ; 0.000        ; 0.369      ; 2.075      ;
; 1.538 ; IF_ID_Reg:IF_ID_inst|register_N:PCPlus4_reg_inst|dffg:\gen_dffg:31:dffg_inst|altshift_taps:s_Q_rtl_0|shift_taps_bkm:auto_generated|dffe4 ; IF_ID_Reg:IF_ID_inst|register_N:PCPlus4_reg_inst|dffg:\gen_dffg:31:dffg_inst|altshift_taps:s_Q_rtl_0|shift_taps_bkm:auto_generated|altsyncram_k1b1:altsyncram2|ram_block5a15 ; iCLK         ; iCLK        ; 0.000        ; 0.369      ; 2.075      ;
; 1.538 ; IF_ID_Reg:IF_ID_inst|register_N:PCPlus4_reg_inst|dffg:\gen_dffg:31:dffg_inst|altshift_taps:s_Q_rtl_0|shift_taps_bkm:auto_generated|dffe4 ; IF_ID_Reg:IF_ID_inst|register_N:PCPlus4_reg_inst|dffg:\gen_dffg:31:dffg_inst|altshift_taps:s_Q_rtl_0|shift_taps_bkm:auto_generated|altsyncram_k1b1:altsyncram2|ram_block5a16 ; iCLK         ; iCLK        ; 0.000        ; 0.369      ; 2.075      ;
; 1.538 ; IF_ID_Reg:IF_ID_inst|register_N:PCPlus4_reg_inst|dffg:\gen_dffg:31:dffg_inst|altshift_taps:s_Q_rtl_0|shift_taps_bkm:auto_generated|dffe4 ; IF_ID_Reg:IF_ID_inst|register_N:PCPlus4_reg_inst|dffg:\gen_dffg:31:dffg_inst|altshift_taps:s_Q_rtl_0|shift_taps_bkm:auto_generated|altsyncram_k1b1:altsyncram2|ram_block5a17 ; iCLK         ; iCLK        ; 0.000        ; 0.369      ; 2.075      ;
; 1.538 ; IF_ID_Reg:IF_ID_inst|register_N:PCPlus4_reg_inst|dffg:\gen_dffg:31:dffg_inst|altshift_taps:s_Q_rtl_0|shift_taps_bkm:auto_generated|dffe4 ; IF_ID_Reg:IF_ID_inst|register_N:PCPlus4_reg_inst|dffg:\gen_dffg:31:dffg_inst|altshift_taps:s_Q_rtl_0|shift_taps_bkm:auto_generated|altsyncram_k1b1:altsyncram2|ram_block5a18 ; iCLK         ; iCLK        ; 0.000        ; 0.369      ; 2.075      ;
; 1.538 ; IF_ID_Reg:IF_ID_inst|register_N:PCPlus4_reg_inst|dffg:\gen_dffg:31:dffg_inst|altshift_taps:s_Q_rtl_0|shift_taps_bkm:auto_generated|dffe4 ; IF_ID_Reg:IF_ID_inst|register_N:PCPlus4_reg_inst|dffg:\gen_dffg:31:dffg_inst|altshift_taps:s_Q_rtl_0|shift_taps_bkm:auto_generated|altsyncram_k1b1:altsyncram2|ram_block5a19 ; iCLK         ; iCLK        ; 0.000        ; 0.369      ; 2.075      ;
; 1.538 ; IF_ID_Reg:IF_ID_inst|register_N:PCPlus4_reg_inst|dffg:\gen_dffg:31:dffg_inst|altshift_taps:s_Q_rtl_0|shift_taps_bkm:auto_generated|dffe4 ; IF_ID_Reg:IF_ID_inst|register_N:PCPlus4_reg_inst|dffg:\gen_dffg:31:dffg_inst|altshift_taps:s_Q_rtl_0|shift_taps_bkm:auto_generated|altsyncram_k1b1:altsyncram2|ram_block5a20 ; iCLK         ; iCLK        ; 0.000        ; 0.369      ; 2.075      ;
; 1.538 ; IF_ID_Reg:IF_ID_inst|register_N:PCPlus4_reg_inst|dffg:\gen_dffg:31:dffg_inst|altshift_taps:s_Q_rtl_0|shift_taps_bkm:auto_generated|dffe4 ; IF_ID_Reg:IF_ID_inst|register_N:PCPlus4_reg_inst|dffg:\gen_dffg:31:dffg_inst|altshift_taps:s_Q_rtl_0|shift_taps_bkm:auto_generated|altsyncram_k1b1:altsyncram2|ram_block5a21 ; iCLK         ; iCLK        ; 0.000        ; 0.369      ; 2.075      ;
; 1.538 ; IF_ID_Reg:IF_ID_inst|register_N:PCPlus4_reg_inst|dffg:\gen_dffg:31:dffg_inst|altshift_taps:s_Q_rtl_0|shift_taps_bkm:auto_generated|dffe4 ; IF_ID_Reg:IF_ID_inst|register_N:PCPlus4_reg_inst|dffg:\gen_dffg:31:dffg_inst|altshift_taps:s_Q_rtl_0|shift_taps_bkm:auto_generated|altsyncram_k1b1:altsyncram2|ram_block5a22 ; iCLK         ; iCLK        ; 0.000        ; 0.369      ; 2.075      ;
; 1.538 ; IF_ID_Reg:IF_ID_inst|register_N:PCPlus4_reg_inst|dffg:\gen_dffg:31:dffg_inst|altshift_taps:s_Q_rtl_0|shift_taps_bkm:auto_generated|dffe4 ; IF_ID_Reg:IF_ID_inst|register_N:PCPlus4_reg_inst|dffg:\gen_dffg:31:dffg_inst|altshift_taps:s_Q_rtl_0|shift_taps_bkm:auto_generated|altsyncram_k1b1:altsyncram2|ram_block5a23 ; iCLK         ; iCLK        ; 0.000        ; 0.369      ; 2.075      ;
; 1.538 ; IF_ID_Reg:IF_ID_inst|register_N:PCPlus4_reg_inst|dffg:\gen_dffg:31:dffg_inst|altshift_taps:s_Q_rtl_0|shift_taps_bkm:auto_generated|dffe4 ; IF_ID_Reg:IF_ID_inst|register_N:PCPlus4_reg_inst|dffg:\gen_dffg:31:dffg_inst|altshift_taps:s_Q_rtl_0|shift_taps_bkm:auto_generated|altsyncram_k1b1:altsyncram2|ram_block5a24 ; iCLK         ; iCLK        ; 0.000        ; 0.369      ; 2.075      ;
; 1.538 ; IF_ID_Reg:IF_ID_inst|register_N:PCPlus4_reg_inst|dffg:\gen_dffg:31:dffg_inst|altshift_taps:s_Q_rtl_0|shift_taps_bkm:auto_generated|dffe4 ; IF_ID_Reg:IF_ID_inst|register_N:PCPlus4_reg_inst|dffg:\gen_dffg:31:dffg_inst|altshift_taps:s_Q_rtl_0|shift_taps_bkm:auto_generated|altsyncram_k1b1:altsyncram2|ram_block5a25 ; iCLK         ; iCLK        ; 0.000        ; 0.369      ; 2.075      ;
; 1.538 ; IF_ID_Reg:IF_ID_inst|register_N:PCPlus4_reg_inst|dffg:\gen_dffg:31:dffg_inst|altshift_taps:s_Q_rtl_0|shift_taps_bkm:auto_generated|dffe4 ; IF_ID_Reg:IF_ID_inst|register_N:PCPlus4_reg_inst|dffg:\gen_dffg:31:dffg_inst|altshift_taps:s_Q_rtl_0|shift_taps_bkm:auto_generated|altsyncram_k1b1:altsyncram2|ram_block5a26 ; iCLK         ; iCLK        ; 0.000        ; 0.369      ; 2.075      ;
; 1.538 ; IF_ID_Reg:IF_ID_inst|register_N:PCPlus4_reg_inst|dffg:\gen_dffg:31:dffg_inst|altshift_taps:s_Q_rtl_0|shift_taps_bkm:auto_generated|dffe4 ; IF_ID_Reg:IF_ID_inst|register_N:PCPlus4_reg_inst|dffg:\gen_dffg:31:dffg_inst|altshift_taps:s_Q_rtl_0|shift_taps_bkm:auto_generated|altsyncram_k1b1:altsyncram2|ram_block5a27 ; iCLK         ; iCLK        ; 0.000        ; 0.369      ; 2.075      ;
; 1.538 ; IF_ID_Reg:IF_ID_inst|register_N:PCPlus4_reg_inst|dffg:\gen_dffg:31:dffg_inst|altshift_taps:s_Q_rtl_0|shift_taps_bkm:auto_generated|dffe4 ; IF_ID_Reg:IF_ID_inst|register_N:PCPlus4_reg_inst|dffg:\gen_dffg:31:dffg_inst|altshift_taps:s_Q_rtl_0|shift_taps_bkm:auto_generated|altsyncram_k1b1:altsyncram2|ram_block5a28 ; iCLK         ; iCLK        ; 0.000        ; 0.369      ; 2.075      ;
; 1.538 ; IF_ID_Reg:IF_ID_inst|register_N:PCPlus4_reg_inst|dffg:\gen_dffg:31:dffg_inst|altshift_taps:s_Q_rtl_0|shift_taps_bkm:auto_generated|dffe4 ; IF_ID_Reg:IF_ID_inst|register_N:PCPlus4_reg_inst|dffg:\gen_dffg:31:dffg_inst|altshift_taps:s_Q_rtl_0|shift_taps_bkm:auto_generated|altsyncram_k1b1:altsyncram2|ram_block5a29 ; iCLK         ; iCLK        ; 0.000        ; 0.369      ; 2.075      ;
+-------+------------------------------------------------------------------------------------------------------------------------------------------+------------------------------------------------------------------------------------------------------------------------------------------------------------------------------+--------------+-------------+--------------+------------+------------+


----------------------------------------------
; Slow 1200mV 0C Model Metastability Summary ;
----------------------------------------------
No synchronizer chains to report.


+------------------------------------+
; Fast 1200mV 0C Model Setup Summary ;
+-------+-------+--------------------+
; Clock ; Slack ; End Point TNS      ;
+-------+-------+--------------------+
; iCLK  ; 5.532 ; 0.000              ;
+-------+-------+--------------------+


+-----------------------------------+
; Fast 1200mV 0C Model Hold Summary ;
+-------+-------+-------------------+
; Clock ; Slack ; End Point TNS     ;
+-------+-------+-------------------+
; iCLK  ; 0.138 ; 0.000             ;
+-------+-------+-------------------+


+---------------------------------------+
; Fast 1200mV 0C Model Recovery Summary ;
+-------+--------+----------------------+
; Clock ; Slack  ; End Point TNS        ;
+-------+--------+----------------------+
; iCLK  ; 18.858 ; 0.000                ;
+-------+--------+----------------------+


+--------------------------------------+
; Fast 1200mV 0C Model Removal Summary ;
+-------+-------+----------------------+
; Clock ; Slack ; End Point TNS        ;
+-------+-------+----------------------+
; iCLK  ; 0.816 ; 0.000                ;
+-------+-------+----------------------+


+--------------------------------------------------+
; Fast 1200mV 0C Model Minimum Pulse Width Summary ;
+-------+-------+----------------------------------+
; Clock ; Slack ; End Point TNS                    ;
+-------+-------+----------------------------------+
; iCLK  ; 9.374 ; 0.000                            ;
+-------+-------+----------------------------------+


+------------------------------------------------------------------------------------------------------------------------------------------------------------------------------------------------------------------------------------------------------------------------------+
; Fast 1200mV 0C Model Setup: 'iCLK'                                                                                                                                                                                                                                           ;
+-------+----------------------------------------------------------------------------------------------------------------+-------------------------------------------------------------------------------+--------------+-------------+--------------+------------+------------+
; Slack ; From Node                                                                                                      ; To Node                                                                       ; Launch Clock ; Latch Clock ; Relationship ; Clock Skew ; Data Delay ;
+-------+----------------------------------------------------------------------------------------------------------------+-------------------------------------------------------------------------------+--------------+-------------+--------------+------------+------------+
; 5.532 ; register_file:regFile_inst|register_N_neg:\gen_registers:18:gen_other:reg_i|dffgNeg:\gen_dffg:29:dffg_inst|s_Q ; ID_EX_Reg:ID_EX_inst|register_N:Out1_reg_inst|dffg:\gen_dffg:29:dffg_inst|s_Q ; iCLK         ; iCLK        ; 10.000       ; -0.450     ; 4.005      ;
; 5.568 ; register_file:regFile_inst|register_N_neg:\gen_registers:30:gen_other:reg_i|dffgNeg:\gen_dffg:2:dffg_inst|s_Q  ; ID_EX_Reg:ID_EX_inst|register_N:Out2_reg_inst|dffg:\gen_dffg:2:dffg_inst|s_Q  ; iCLK         ; iCLK        ; 10.000       ; -0.458     ; 3.961      ;
; 5.578 ; register_file:regFile_inst|register_N_neg:\gen_registers:30:gen_other:reg_i|dffgNeg:\gen_dffg:31:dffg_inst|s_Q ; ID_EX_Reg:ID_EX_inst|register_N:Out1_reg_inst|dffg:\gen_dffg:31:dffg_inst|s_Q ; iCLK         ; iCLK        ; 10.000       ; -0.461     ; 3.948      ;
; 5.590 ; register_file:regFile_inst|register_N_neg:\gen_registers:20:gen_other:reg_i|dffgNeg:\gen_dffg:8:dffg_inst|s_Q  ; ID_EX_Reg:ID_EX_inst|register_N:Out2_reg_inst|dffg:\gen_dffg:8:dffg_inst|s_Q  ; iCLK         ; iCLK        ; 10.000       ; -0.450     ; 3.947      ;
; 5.604 ; register_file:regFile_inst|register_N_neg:\gen_registers:15:gen_other:reg_i|dffgNeg:\gen_dffg:3:dffg_inst|s_Q  ; ID_EX_Reg:ID_EX_inst|register_N:Out1_reg_inst|dffg:\gen_dffg:3:dffg_inst|s_Q  ; iCLK         ; iCLK        ; 10.000       ; -0.473     ; 3.910      ;
; 5.614 ; register_file:regFile_inst|register_N_neg:\gen_registers:16:gen_other:reg_i|dffgNeg:\gen_dffg:8:dffg_inst|s_Q  ; ID_EX_Reg:ID_EX_inst|register_N:Out2_reg_inst|dffg:\gen_dffg:8:dffg_inst|s_Q  ; iCLK         ; iCLK        ; 10.000       ; -0.450     ; 3.923      ;
; 5.659 ; register_file:regFile_inst|register_N_neg:\gen_registers:16:gen_other:reg_i|dffgNeg:\gen_dffg:4:dffg_inst|s_Q  ; ID_EX_Reg:ID_EX_inst|register_N:Out2_reg_inst|dffg:\gen_dffg:4:dffg_inst|s_Q  ; iCLK         ; iCLK        ; 10.000       ; -0.449     ; 3.879      ;
; 5.665 ; register_file:regFile_inst|register_N_neg:\gen_registers:21:gen_other:reg_i|dffgNeg:\gen_dffg:21:dffg_inst|s_Q ; ID_EX_Reg:ID_EX_inst|register_N:Out1_reg_inst|dffg:\gen_dffg:21:dffg_inst|s_Q ; iCLK         ; iCLK        ; 10.000       ; -0.486     ; 3.836      ;
; 5.669 ; register_file:regFile_inst|register_N_neg:\gen_registers:7:gen_other:reg_i|dffgNeg:\gen_dffg:6:dffg_inst|s_Q   ; ID_EX_Reg:ID_EX_inst|register_N:Out1_reg_inst|dffg:\gen_dffg:6:dffg_inst|s_Q  ; iCLK         ; iCLK        ; 10.000       ; -0.452     ; 3.866      ;
; 5.714 ; register_file:regFile_inst|register_N_neg:\gen_registers:17:gen_other:reg_i|dffgNeg:\gen_dffg:12:dffg_inst|s_Q ; ID_EX_Reg:ID_EX_inst|register_N:Out1_reg_inst|dffg:\gen_dffg:12:dffg_inst|s_Q ; iCLK         ; iCLK        ; 10.000       ; -0.473     ; 3.800      ;
; 5.719 ; register_file:regFile_inst|register_N_neg:\gen_registers:30:gen_other:reg_i|dffgNeg:\gen_dffg:31:dffg_inst|s_Q ; ID_EX_Reg:ID_EX_inst|register_N:Out2_reg_inst|dffg:\gen_dffg:31:dffg_inst|s_Q ; iCLK         ; iCLK        ; 10.000       ; -0.466     ; 3.802      ;
; 5.739 ; register_file:regFile_inst|register_N_neg:\gen_registers:20:gen_other:reg_i|dffgNeg:\gen_dffg:21:dffg_inst|s_Q ; ID_EX_Reg:ID_EX_inst|register_N:Out2_reg_inst|dffg:\gen_dffg:21:dffg_inst|s_Q ; iCLK         ; iCLK        ; 10.000       ; -0.448     ; 3.800      ;
; 5.741 ; register_file:regFile_inst|register_N_neg:\gen_registers:10:gen_other:reg_i|dffgNeg:\gen_dffg:10:dffg_inst|s_Q ; ID_EX_Reg:ID_EX_inst|register_N:Out2_reg_inst|dffg:\gen_dffg:10:dffg_inst|s_Q ; iCLK         ; iCLK        ; 10.000       ; -0.452     ; 3.794      ;
; 5.750 ; register_file:regFile_inst|register_N_neg:\gen_registers:18:gen_other:reg_i|dffgNeg:\gen_dffg:27:dffg_inst|s_Q ; ID_EX_Reg:ID_EX_inst|register_N:Out1_reg_inst|dffg:\gen_dffg:27:dffg_inst|s_Q ; iCLK         ; iCLK        ; 10.000       ; -0.455     ; 3.782      ;
; 5.752 ; register_file:regFile_inst|register_N_neg:\gen_registers:4:gen_other:reg_i|dffgNeg:\gen_dffg:13:dffg_inst|s_Q  ; ID_EX_Reg:ID_EX_inst|register_N:Out1_reg_inst|dffg:\gen_dffg:13:dffg_inst|s_Q ; iCLK         ; iCLK        ; 10.000       ; -0.476     ; 3.759      ;
; 5.760 ; register_file:regFile_inst|register_N_neg:\gen_registers:22:gen_other:reg_i|dffgNeg:\gen_dffg:17:dffg_inst|s_Q ; ID_EX_Reg:ID_EX_inst|register_N:Out2_reg_inst|dffg:\gen_dffg:17:dffg_inst|s_Q ; iCLK         ; iCLK        ; 10.000       ; -0.456     ; 3.771      ;
; 5.764 ; register_file:regFile_inst|register_N_neg:\gen_registers:5:gen_other:reg_i|dffgNeg:\gen_dffg:8:dffg_inst|s_Q   ; ID_EX_Reg:ID_EX_inst|register_N:Out2_reg_inst|dffg:\gen_dffg:8:dffg_inst|s_Q  ; iCLK         ; iCLK        ; 10.000       ; -0.463     ; 3.760      ;
; 5.773 ; register_file:regFile_inst|register_N_neg:\gen_registers:21:gen_other:reg_i|dffgNeg:\gen_dffg:12:dffg_inst|s_Q ; ID_EX_Reg:ID_EX_inst|register_N:Out1_reg_inst|dffg:\gen_dffg:12:dffg_inst|s_Q ; iCLK         ; iCLK        ; 10.000       ; -0.473     ; 3.741      ;
; 5.773 ; register_file:regFile_inst|register_N_neg:\gen_registers:5:gen_other:reg_i|dffgNeg:\gen_dffg:13:dffg_inst|s_Q  ; ID_EX_Reg:ID_EX_inst|register_N:Out1_reg_inst|dffg:\gen_dffg:13:dffg_inst|s_Q ; iCLK         ; iCLK        ; 10.000       ; -0.476     ; 3.738      ;
; 5.775 ; register_file:regFile_inst|register_N_neg:\gen_registers:15:gen_other:reg_i|dffgNeg:\gen_dffg:11:dffg_inst|s_Q ; ID_EX_Reg:ID_EX_inst|register_N:Out1_reg_inst|dffg:\gen_dffg:11:dffg_inst|s_Q ; iCLK         ; iCLK        ; 10.000       ; -0.465     ; 3.747      ;
; 5.785 ; register_file:regFile_inst|register_N_neg:\gen_registers:5:gen_other:reg_i|dffgNeg:\gen_dffg:1:dffg_inst|s_Q   ; ID_EX_Reg:ID_EX_inst|register_N:Out2_reg_inst|dffg:\gen_dffg:1:dffg_inst|s_Q  ; iCLK         ; iCLK        ; 10.000       ; -0.477     ; 3.725      ;
; 5.794 ; register_file:regFile_inst|register_N_neg:\gen_registers:11:gen_other:reg_i|dffgNeg:\gen_dffg:21:dffg_inst|s_Q ; ID_EX_Reg:ID_EX_inst|register_N:Out1_reg_inst|dffg:\gen_dffg:21:dffg_inst|s_Q ; iCLK         ; iCLK        ; 10.000       ; -0.477     ; 3.716      ;
; 5.797 ; register_file:regFile_inst|register_N_neg:\gen_registers:30:gen_other:reg_i|dffgNeg:\gen_dffg:21:dffg_inst|s_Q ; ID_EX_Reg:ID_EX_inst|register_N:Out2_reg_inst|dffg:\gen_dffg:21:dffg_inst|s_Q ; iCLK         ; iCLK        ; 10.000       ; -0.444     ; 3.746      ;
; 5.804 ; register_file:regFile_inst|register_N_neg:\gen_registers:16:gen_other:reg_i|dffgNeg:\gen_dffg:9:dffg_inst|s_Q  ; ID_EX_Reg:ID_EX_inst|register_N:Out1_reg_inst|dffg:\gen_dffg:9:dffg_inst|s_Q  ; iCLK         ; iCLK        ; 10.000       ; -0.485     ; 3.698      ;
; 5.814 ; register_file:regFile_inst|register_N_neg:\gen_registers:17:gen_other:reg_i|dffgNeg:\gen_dffg:5:dffg_inst|s_Q  ; ID_EX_Reg:ID_EX_inst|register_N:Out2_reg_inst|dffg:\gen_dffg:5:dffg_inst|s_Q  ; iCLK         ; iCLK        ; 10.000       ; -0.452     ; 3.721      ;
; 5.826 ; register_file:regFile_inst|register_N_neg:\gen_registers:13:gen_other:reg_i|dffgNeg:\gen_dffg:3:dffg_inst|s_Q  ; ID_EX_Reg:ID_EX_inst|register_N:Out1_reg_inst|dffg:\gen_dffg:3:dffg_inst|s_Q  ; iCLK         ; iCLK        ; 10.000       ; -0.475     ; 3.686      ;
; 5.828 ; register_file:regFile_inst|register_N_neg:\gen_registers:21:gen_other:reg_i|dffgNeg:\gen_dffg:26:dffg_inst|s_Q ; ID_EX_Reg:ID_EX_inst|register_N:Out1_reg_inst|dffg:\gen_dffg:26:dffg_inst|s_Q ; iCLK         ; iCLK        ; 10.000       ; -0.485     ; 3.674      ;
; 5.830 ; register_file:regFile_inst|register_N_neg:\gen_registers:6:gen_other:reg_i|dffgNeg:\gen_dffg:9:dffg_inst|s_Q   ; ID_EX_Reg:ID_EX_inst|register_N:Out2_reg_inst|dffg:\gen_dffg:9:dffg_inst|s_Q  ; iCLK         ; iCLK        ; 10.000       ; -0.448     ; 3.709      ;
; 5.832 ; register_file:regFile_inst|register_N_neg:\gen_registers:4:gen_other:reg_i|dffgNeg:\gen_dffg:23:dffg_inst|s_Q  ; ID_EX_Reg:ID_EX_inst|register_N:Out1_reg_inst|dffg:\gen_dffg:23:dffg_inst|s_Q ; iCLK         ; iCLK        ; 10.000       ; -0.481     ; 3.674      ;
; 5.835 ; register_file:regFile_inst|register_N_neg:\gen_registers:5:gen_other:reg_i|dffgNeg:\gen_dffg:11:dffg_inst|s_Q  ; ID_EX_Reg:ID_EX_inst|register_N:Out2_reg_inst|dffg:\gen_dffg:11:dffg_inst|s_Q ; iCLK         ; iCLK        ; 10.000       ; -0.458     ; 3.694      ;
; 5.837 ; register_file:regFile_inst|register_N_neg:\gen_registers:20:gen_other:reg_i|dffgNeg:\gen_dffg:4:dffg_inst|s_Q  ; ID_EX_Reg:ID_EX_inst|register_N:Out2_reg_inst|dffg:\gen_dffg:4:dffg_inst|s_Q  ; iCLK         ; iCLK        ; 10.000       ; -0.449     ; 3.701      ;
; 5.838 ; register_file:regFile_inst|register_N_neg:\gen_registers:6:gen_other:reg_i|dffgNeg:\gen_dffg:11:dffg_inst|s_Q  ; ID_EX_Reg:ID_EX_inst|register_N:Out2_reg_inst|dffg:\gen_dffg:11:dffg_inst|s_Q ; iCLK         ; iCLK        ; 10.000       ; -0.458     ; 3.691      ;
; 5.841 ; register_file:regFile_inst|register_N_neg:\gen_registers:17:gen_other:reg_i|dffgNeg:\gen_dffg:4:dffg_inst|s_Q  ; ID_EX_Reg:ID_EX_inst|register_N:Out2_reg_inst|dffg:\gen_dffg:4:dffg_inst|s_Q  ; iCLK         ; iCLK        ; 10.000       ; -0.467     ; 3.679      ;
; 5.841 ; register_file:regFile_inst|register_N_neg:\gen_registers:7:gen_other:reg_i|dffgNeg:\gen_dffg:10:dffg_inst|s_Q  ; ID_EX_Reg:ID_EX_inst|register_N:Out1_reg_inst|dffg:\gen_dffg:10:dffg_inst|s_Q ; iCLK         ; iCLK        ; 10.000       ; -0.476     ; 3.670      ;
; 5.846 ; register_file:regFile_inst|register_N_neg:\gen_registers:16:gen_other:reg_i|dffgNeg:\gen_dffg:18:dffg_inst|s_Q ; ID_EX_Reg:ID_EX_inst|register_N:Out1_reg_inst|dffg:\gen_dffg:18:dffg_inst|s_Q ; iCLK         ; iCLK        ; 10.000       ; -0.495     ; 3.646      ;
; 5.855 ; register_file:regFile_inst|register_N_neg:\gen_registers:16:gen_other:reg_i|dffgNeg:\gen_dffg:24:dffg_inst|s_Q ; ID_EX_Reg:ID_EX_inst|register_N:Out1_reg_inst|dffg:\gen_dffg:24:dffg_inst|s_Q ; iCLK         ; iCLK        ; 10.000       ; -0.453     ; 3.679      ;
; 5.867 ; register_file:regFile_inst|register_N_neg:\gen_registers:26:gen_other:reg_i|dffgNeg:\gen_dffg:12:dffg_inst|s_Q ; ID_EX_Reg:ID_EX_inst|register_N:Out1_reg_inst|dffg:\gen_dffg:12:dffg_inst|s_Q ; iCLK         ; iCLK        ; 10.000       ; -0.449     ; 3.671      ;
; 5.871 ; register_file:regFile_inst|register_N_neg:\gen_registers:25:gen_other:reg_i|dffgNeg:\gen_dffg:12:dffg_inst|s_Q ; ID_EX_Reg:ID_EX_inst|register_N:Out1_reg_inst|dffg:\gen_dffg:12:dffg_inst|s_Q ; iCLK         ; iCLK        ; 10.000       ; -0.476     ; 3.640      ;
; 5.875 ; register_file:regFile_inst|register_N_neg:\gen_registers:16:gen_other:reg_i|dffgNeg:\gen_dffg:3:dffg_inst|s_Q  ; ID_EX_Reg:ID_EX_inst|register_N:Out1_reg_inst|dffg:\gen_dffg:3:dffg_inst|s_Q  ; iCLK         ; iCLK        ; 10.000       ; -0.485     ; 3.627      ;
; 5.883 ; register_file:regFile_inst|register_N_neg:\gen_registers:4:gen_other:reg_i|dffgNeg:\gen_dffg:28:dffg_inst|s_Q  ; ID_EX_Reg:ID_EX_inst|register_N:Out1_reg_inst|dffg:\gen_dffg:28:dffg_inst|s_Q ; iCLK         ; iCLK        ; 10.000       ; -0.472     ; 3.632      ;
; 5.890 ; register_file:regFile_inst|register_N_neg:\gen_registers:11:gen_other:reg_i|dffgNeg:\gen_dffg:11:dffg_inst|s_Q ; ID_EX_Reg:ID_EX_inst|register_N:Out1_reg_inst|dffg:\gen_dffg:11:dffg_inst|s_Q ; iCLK         ; iCLK        ; 10.000       ; -0.468     ; 3.629      ;
; 5.891 ; register_file:regFile_inst|register_N_neg:\gen_registers:15:gen_other:reg_i|dffgNeg:\gen_dffg:24:dffg_inst|s_Q ; ID_EX_Reg:ID_EX_inst|register_N:Out1_reg_inst|dffg:\gen_dffg:24:dffg_inst|s_Q ; iCLK         ; iCLK        ; 10.000       ; -0.443     ; 3.653      ;
; 5.896 ; register_file:regFile_inst|register_N_neg:\gen_registers:19:gen_other:reg_i|dffgNeg:\gen_dffg:19:dffg_inst|s_Q ; ID_EX_Reg:ID_EX_inst|register_N:Out1_reg_inst|dffg:\gen_dffg:19:dffg_inst|s_Q ; iCLK         ; iCLK        ; 10.000       ; -0.458     ; 3.633      ;
; 5.897 ; register_file:regFile_inst|register_N_neg:\gen_registers:11:gen_other:reg_i|dffgNeg:\gen_dffg:25:dffg_inst|s_Q ; ID_EX_Reg:ID_EX_inst|register_N:Out1_reg_inst|dffg:\gen_dffg:25:dffg_inst|s_Q ; iCLK         ; iCLK        ; 10.000       ; -0.454     ; 3.636      ;
; 5.898 ; register_file:regFile_inst|register_N_neg:\gen_registers:10:gen_other:reg_i|dffgNeg:\gen_dffg:8:dffg_inst|s_Q  ; ID_EX_Reg:ID_EX_inst|register_N:Out2_reg_inst|dffg:\gen_dffg:8:dffg_inst|s_Q  ; iCLK         ; iCLK        ; 10.000       ; -0.446     ; 3.643      ;
; 5.901 ; register_file:regFile_inst|register_N_neg:\gen_registers:20:gen_other:reg_i|dffgNeg:\gen_dffg:22:dffg_inst|s_Q ; ID_EX_Reg:ID_EX_inst|register_N:Out2_reg_inst|dffg:\gen_dffg:22:dffg_inst|s_Q ; iCLK         ; iCLK        ; 10.000       ; -0.442     ; 3.644      ;
; 5.909 ; register_file:regFile_inst|register_N_neg:\gen_registers:5:gen_other:reg_i|dffgNeg:\gen_dffg:19:dffg_inst|s_Q  ; ID_EX_Reg:ID_EX_inst|register_N:Out2_reg_inst|dffg:\gen_dffg:19:dffg_inst|s_Q ; iCLK         ; iCLK        ; 10.000       ; -0.449     ; 3.629      ;
; 5.910 ; register_file:regFile_inst|register_N_neg:\gen_registers:16:gen_other:reg_i|dffgNeg:\gen_dffg:12:dffg_inst|s_Q ; ID_EX_Reg:ID_EX_inst|register_N:Out1_reg_inst|dffg:\gen_dffg:12:dffg_inst|s_Q ; iCLK         ; iCLK        ; 10.000       ; -0.456     ; 3.621      ;
; 5.914 ; register_file:regFile_inst|register_N_neg:\gen_registers:20:gen_other:reg_i|dffgNeg:\gen_dffg:10:dffg_inst|s_Q ; ID_EX_Reg:ID_EX_inst|register_N:Out2_reg_inst|dffg:\gen_dffg:10:dffg_inst|s_Q ; iCLK         ; iCLK        ; 10.000       ; -0.475     ; 3.598      ;
; 5.921 ; register_file:regFile_inst|register_N_neg:\gen_registers:18:gen_other:reg_i|dffgNeg:\gen_dffg:3:dffg_inst|s_Q  ; ID_EX_Reg:ID_EX_inst|register_N:Out1_reg_inst|dffg:\gen_dffg:3:dffg_inst|s_Q  ; iCLK         ; iCLK        ; 10.000       ; -0.459     ; 3.607      ;
; 5.921 ; register_file:regFile_inst|register_N_neg:\gen_registers:22:gen_other:reg_i|dffgNeg:\gen_dffg:15:dffg_inst|s_Q ; ID_EX_Reg:ID_EX_inst|register_N:Out2_reg_inst|dffg:\gen_dffg:15:dffg_inst|s_Q ; iCLK         ; iCLK        ; 10.000       ; -0.470     ; 3.596      ;
; 5.925 ; register_file:regFile_inst|register_N_neg:\gen_registers:26:gen_other:reg_i|dffgNeg:\gen_dffg:6:dffg_inst|s_Q  ; ID_EX_Reg:ID_EX_inst|register_N:Out1_reg_inst|dffg:\gen_dffg:6:dffg_inst|s_Q  ; iCLK         ; iCLK        ; 10.000       ; -0.442     ; 3.620      ;
; 5.928 ; register_file:regFile_inst|register_N_neg:\gen_registers:30:gen_other:reg_i|dffgNeg:\gen_dffg:21:dffg_inst|s_Q ; ID_EX_Reg:ID_EX_inst|register_N:Out1_reg_inst|dffg:\gen_dffg:21:dffg_inst|s_Q ; iCLK         ; iCLK        ; 10.000       ; -0.461     ; 3.598      ;
; 5.930 ; register_file:regFile_inst|register_N_neg:\gen_registers:12:gen_other:reg_i|dffgNeg:\gen_dffg:11:dffg_inst|s_Q ; ID_EX_Reg:ID_EX_inst|register_N:Out1_reg_inst|dffg:\gen_dffg:11:dffg_inst|s_Q ; iCLK         ; iCLK        ; 10.000       ; -0.465     ; 3.592      ;
; 5.931 ; register_file:regFile_inst|register_N_neg:\gen_registers:21:gen_other:reg_i|dffgNeg:\gen_dffg:8:dffg_inst|s_Q  ; ID_EX_Reg:ID_EX_inst|register_N:Out1_reg_inst|dffg:\gen_dffg:8:dffg_inst|s_Q  ; iCLK         ; iCLK        ; 10.000       ; -0.470     ; 3.586      ;
; 5.932 ; register_file:regFile_inst|register_N_neg:\gen_registers:20:gen_other:reg_i|dffgNeg:\gen_dffg:12:dffg_inst|s_Q ; ID_EX_Reg:ID_EX_inst|register_N:Out1_reg_inst|dffg:\gen_dffg:12:dffg_inst|s_Q ; iCLK         ; iCLK        ; 10.000       ; -0.456     ; 3.599      ;
; 5.934 ; register_file:regFile_inst|register_N_neg:\gen_registers:21:gen_other:reg_i|dffgNeg:\gen_dffg:28:dffg_inst|s_Q ; ID_EX_Reg:ID_EX_inst|register_N:Out1_reg_inst|dffg:\gen_dffg:28:dffg_inst|s_Q ; iCLK         ; iCLK        ; 10.000       ; -0.486     ; 3.567      ;
; 5.936 ; register_file:regFile_inst|register_N_neg:\gen_registers:4:gen_other:reg_i|dffgNeg:\gen_dffg:11:dffg_inst|s_Q  ; ID_EX_Reg:ID_EX_inst|register_N:Out2_reg_inst|dffg:\gen_dffg:11:dffg_inst|s_Q ; iCLK         ; iCLK        ; 10.000       ; -0.458     ; 3.593      ;
; 5.938 ; register_file:regFile_inst|register_N_neg:\gen_registers:11:gen_other:reg_i|dffgNeg:\gen_dffg:13:dffg_inst|s_Q ; ID_EX_Reg:ID_EX_inst|register_N:Out1_reg_inst|dffg:\gen_dffg:13:dffg_inst|s_Q ; iCLK         ; iCLK        ; 10.000       ; -0.478     ; 3.571      ;
; 5.939 ; register_file:regFile_inst|register_N_neg:\gen_registers:18:gen_other:reg_i|dffgNeg:\gen_dffg:22:dffg_inst|s_Q ; ID_EX_Reg:ID_EX_inst|register_N:Out2_reg_inst|dffg:\gen_dffg:22:dffg_inst|s_Q ; iCLK         ; iCLK        ; 10.000       ; -0.442     ; 3.606      ;
; 5.939 ; register_file:regFile_inst|register_N_neg:\gen_registers:7:gen_other:reg_i|dffgNeg:\gen_dffg:13:dffg_inst|s_Q  ; ID_EX_Reg:ID_EX_inst|register_N:Out1_reg_inst|dffg:\gen_dffg:13:dffg_inst|s_Q ; iCLK         ; iCLK        ; 10.000       ; -0.477     ; 3.571      ;
; 5.947 ; register_file:regFile_inst|register_N_neg:\gen_registers:20:gen_other:reg_i|dffgNeg:\gen_dffg:17:dffg_inst|s_Q ; ID_EX_Reg:ID_EX_inst|register_N:Out2_reg_inst|dffg:\gen_dffg:17:dffg_inst|s_Q ; iCLK         ; iCLK        ; 10.000       ; -0.446     ; 3.594      ;
; 5.958 ; register_file:regFile_inst|register_N_neg:\gen_registers:5:gen_other:reg_i|dffgNeg:\gen_dffg:10:dffg_inst|s_Q  ; ID_EX_Reg:ID_EX_inst|register_N:Out1_reg_inst|dffg:\gen_dffg:10:dffg_inst|s_Q ; iCLK         ; iCLK        ; 10.000       ; -0.475     ; 3.554      ;
; 5.964 ; register_file:regFile_inst|register_N_neg:\gen_registers:16:gen_other:reg_i|dffgNeg:\gen_dffg:25:dffg_inst|s_Q ; ID_EX_Reg:ID_EX_inst|register_N:Out2_reg_inst|dffg:\gen_dffg:25:dffg_inst|s_Q ; iCLK         ; iCLK        ; 10.000       ; -0.449     ; 3.574      ;
; 5.964 ; register_file:regFile_inst|register_N_neg:\gen_registers:20:gen_other:reg_i|dffgNeg:\gen_dffg:11:dffg_inst|s_Q ; ID_EX_Reg:ID_EX_inst|register_N:Out2_reg_inst|dffg:\gen_dffg:11:dffg_inst|s_Q ; iCLK         ; iCLK        ; 10.000       ; -0.448     ; 3.575      ;
; 5.966 ; register_file:regFile_inst|register_N_neg:\gen_registers:15:gen_other:reg_i|dffgNeg:\gen_dffg:10:dffg_inst|s_Q ; ID_EX_Reg:ID_EX_inst|register_N:Out1_reg_inst|dffg:\gen_dffg:10:dffg_inst|s_Q ; iCLK         ; iCLK        ; 10.000       ; -0.481     ; 3.540      ;
; 5.972 ; register_file:regFile_inst|register_N_neg:\gen_registers:7:gen_other:reg_i|dffgNeg:\gen_dffg:2:dffg_inst|s_Q   ; ID_EX_Reg:ID_EX_inst|register_N:Out1_reg_inst|dffg:\gen_dffg:2:dffg_inst|s_Q  ; iCLK         ; iCLK        ; 10.000       ; -0.464     ; 3.551      ;
; 5.986 ; register_file:regFile_inst|register_N_neg:\gen_registers:16:gen_other:reg_i|dffgNeg:\gen_dffg:11:dffg_inst|s_Q ; ID_EX_Reg:ID_EX_inst|register_N:Out2_reg_inst|dffg:\gen_dffg:11:dffg_inst|s_Q ; iCLK         ; iCLK        ; 10.000       ; -0.448     ; 3.553      ;
; 5.986 ; register_file:regFile_inst|register_N_neg:\gen_registers:4:gen_other:reg_i|dffgNeg:\gen_dffg:16:dffg_inst|s_Q  ; ID_EX_Reg:ID_EX_inst|register_N:Out1_reg_inst|dffg:\gen_dffg:16:dffg_inst|s_Q ; iCLK         ; iCLK        ; 10.000       ; -0.467     ; 3.534      ;
; 5.988 ; register_file:regFile_inst|register_N_neg:\gen_registers:8:gen_other:reg_i|dffgNeg:\gen_dffg:24:dffg_inst|s_Q  ; ID_EX_Reg:ID_EX_inst|register_N:Out1_reg_inst|dffg:\gen_dffg:24:dffg_inst|s_Q ; iCLK         ; iCLK        ; 10.000       ; -0.446     ; 3.553      ;
; 5.988 ; register_file:regFile_inst|register_N_neg:\gen_registers:10:gen_other:reg_i|dffgNeg:\gen_dffg:22:dffg_inst|s_Q ; ID_EX_Reg:ID_EX_inst|register_N:Out2_reg_inst|dffg:\gen_dffg:22:dffg_inst|s_Q ; iCLK         ; iCLK        ; 10.000       ; -0.467     ; 3.532      ;
; 5.998 ; register_file:regFile_inst|register_N_neg:\gen_registers:16:gen_other:reg_i|dffgNeg:\gen_dffg:17:dffg_inst|s_Q ; ID_EX_Reg:ID_EX_inst|register_N:Out1_reg_inst|dffg:\gen_dffg:17:dffg_inst|s_Q ; iCLK         ; iCLK        ; 10.000       ; -0.465     ; 3.524      ;
; 5.998 ; register_file:regFile_inst|register_N_neg:\gen_registers:16:gen_other:reg_i|dffgNeg:\gen_dffg:31:dffg_inst|s_Q ; ID_EX_Reg:ID_EX_inst|register_N:Out1_reg_inst|dffg:\gen_dffg:31:dffg_inst|s_Q ; iCLK         ; iCLK        ; 10.000       ; -0.462     ; 3.527      ;
; 6.000 ; register_file:regFile_inst|register_N_neg:\gen_registers:4:gen_other:reg_i|dffgNeg:\gen_dffg:29:dffg_inst|s_Q  ; ID_EX_Reg:ID_EX_inst|register_N:Out1_reg_inst|dffg:\gen_dffg:29:dffg_inst|s_Q ; iCLK         ; iCLK        ; 10.000       ; -0.455     ; 3.532      ;
; 6.000 ; register_file:regFile_inst|register_N_neg:\gen_registers:13:gen_other:reg_i|dffgNeg:\gen_dffg:31:dffg_inst|s_Q ; ID_EX_Reg:ID_EX_inst|register_N:Out1_reg_inst|dffg:\gen_dffg:31:dffg_inst|s_Q ; iCLK         ; iCLK        ; 10.000       ; -0.463     ; 3.524      ;
; 6.001 ; register_file:regFile_inst|register_N_neg:\gen_registers:20:gen_other:reg_i|dffgNeg:\gen_dffg:15:dffg_inst|s_Q ; ID_EX_Reg:ID_EX_inst|register_N:Out2_reg_inst|dffg:\gen_dffg:15:dffg_inst|s_Q ; iCLK         ; iCLK        ; 10.000       ; -0.448     ; 3.538      ;
; 6.002 ; register_file:regFile_inst|register_N_neg:\gen_registers:5:gen_other:reg_i|dffgNeg:\gen_dffg:28:dffg_inst|s_Q  ; ID_EX_Reg:ID_EX_inst|register_N:Out1_reg_inst|dffg:\gen_dffg:28:dffg_inst|s_Q ; iCLK         ; iCLK        ; 10.000       ; -0.472     ; 3.513      ;
; 6.013 ; register_file:regFile_inst|register_N_neg:\gen_registers:8:gen_other:reg_i|dffgNeg:\gen_dffg:16:dffg_inst|s_Q  ; ID_EX_Reg:ID_EX_inst|register_N:Out1_reg_inst|dffg:\gen_dffg:16:dffg_inst|s_Q ; iCLK         ; iCLK        ; 10.000       ; -0.455     ; 3.519      ;
; 6.015 ; register_file:regFile_inst|register_N_neg:\gen_registers:23:gen_other:reg_i|dffgNeg:\gen_dffg:23:dffg_inst|s_Q ; ID_EX_Reg:ID_EX_inst|register_N:Out1_reg_inst|dffg:\gen_dffg:23:dffg_inst|s_Q ; iCLK         ; iCLK        ; 10.000       ; -0.472     ; 3.500      ;
; 6.016 ; register_file:regFile_inst|register_N_neg:\gen_registers:18:gen_other:reg_i|dffgNeg:\gen_dffg:8:dffg_inst|s_Q  ; ID_EX_Reg:ID_EX_inst|register_N:Out2_reg_inst|dffg:\gen_dffg:8:dffg_inst|s_Q  ; iCLK         ; iCLK        ; 10.000       ; -0.446     ; 3.525      ;
; 6.020 ; register_file:regFile_inst|register_N_neg:\gen_registers:19:gen_other:reg_i|dffgNeg:\gen_dffg:24:dffg_inst|s_Q ; ID_EX_Reg:ID_EX_inst|register_N:Out1_reg_inst|dffg:\gen_dffg:24:dffg_inst|s_Q ; iCLK         ; iCLK        ; 10.000       ; -0.456     ; 3.511      ;
; 6.023 ; register_file:regFile_inst|register_N_neg:\gen_registers:16:gen_other:reg_i|dffgNeg:\gen_dffg:7:dffg_inst|s_Q  ; ID_EX_Reg:ID_EX_inst|register_N:Out1_reg_inst|dffg:\gen_dffg:7:dffg_inst|s_Q  ; iCLK         ; iCLK        ; 10.000       ; -0.462     ; 3.502      ;
; 6.023 ; register_file:regFile_inst|register_N_neg:\gen_registers:19:gen_other:reg_i|dffgNeg:\gen_dffg:15:dffg_inst|s_Q ; ID_EX_Reg:ID_EX_inst|register_N:Out1_reg_inst|dffg:\gen_dffg:15:dffg_inst|s_Q ; iCLK         ; iCLK        ; 10.000       ; -0.458     ; 3.506      ;
; 6.023 ; register_file:regFile_inst|register_N_neg:\gen_registers:6:gen_other:reg_i|dffgNeg:\gen_dffg:13:dffg_inst|s_Q  ; ID_EX_Reg:ID_EX_inst|register_N:Out1_reg_inst|dffg:\gen_dffg:13:dffg_inst|s_Q ; iCLK         ; iCLK        ; 10.000       ; -0.477     ; 3.487      ;
; 6.029 ; register_file:regFile_inst|register_N_neg:\gen_registers:20:gen_other:reg_i|dffgNeg:\gen_dffg:18:dffg_inst|s_Q ; ID_EX_Reg:ID_EX_inst|register_N:Out1_reg_inst|dffg:\gen_dffg:18:dffg_inst|s_Q ; iCLK         ; iCLK        ; 10.000       ; -0.495     ; 3.463      ;
; 6.034 ; register_file:regFile_inst|register_N_neg:\gen_registers:20:gen_other:reg_i|dffgNeg:\gen_dffg:24:dffg_inst|s_Q ; ID_EX_Reg:ID_EX_inst|register_N:Out1_reg_inst|dffg:\gen_dffg:24:dffg_inst|s_Q ; iCLK         ; iCLK        ; 10.000       ; -0.453     ; 3.500      ;
; 6.037 ; register_file:regFile_inst|register_N_neg:\gen_registers:9:gen_other:reg_i|dffgNeg:\gen_dffg:16:dffg_inst|s_Q  ; ID_EX_Reg:ID_EX_inst|register_N:Out1_reg_inst|dffg:\gen_dffg:16:dffg_inst|s_Q ; iCLK         ; iCLK        ; 10.000       ; -0.455     ; 3.495      ;
; 6.037 ; register_file:regFile_inst|register_N_neg:\gen_registers:4:gen_other:reg_i|dffgNeg:\gen_dffg:1:dffg_inst|s_Q   ; ID_EX_Reg:ID_EX_inst|register_N:Out1_reg_inst|dffg:\gen_dffg:1:dffg_inst|s_Q  ; iCLK         ; iCLK        ; 10.000       ; -0.455     ; 3.495      ;
; 6.039 ; register_file:regFile_inst|register_N_neg:\gen_registers:16:gen_other:reg_i|dffgNeg:\gen_dffg:27:dffg_inst|s_Q ; ID_EX_Reg:ID_EX_inst|register_N:Out1_reg_inst|dffg:\gen_dffg:27:dffg_inst|s_Q ; iCLK         ; iCLK        ; 10.000       ; -0.456     ; 3.492      ;
; 6.041 ; register_file:regFile_inst|register_N_neg:\gen_registers:20:gen_other:reg_i|dffgNeg:\gen_dffg:9:dffg_inst|s_Q  ; ID_EX_Reg:ID_EX_inst|register_N:Out2_reg_inst|dffg:\gen_dffg:9:dffg_inst|s_Q  ; iCLK         ; iCLK        ; 10.000       ; -0.442     ; 3.504      ;
; 6.042 ; register_file:regFile_inst|register_N_neg:\gen_registers:4:gen_other:reg_i|dffgNeg:\gen_dffg:4:dffg_inst|s_Q   ; ID_EX_Reg:ID_EX_inst|register_N:Out1_reg_inst|dffg:\gen_dffg:4:dffg_inst|s_Q  ; iCLK         ; iCLK        ; 10.000       ; -0.460     ; 3.485      ;
; 6.043 ; register_file:regFile_inst|register_N_neg:\gen_registers:17:gen_other:reg_i|dffgNeg:\gen_dffg:8:dffg_inst|s_Q  ; ID_EX_Reg:ID_EX_inst|register_N:Out2_reg_inst|dffg:\gen_dffg:8:dffg_inst|s_Q  ; iCLK         ; iCLK        ; 10.000       ; -0.468     ; 3.476      ;
; 6.044 ; register_file:regFile_inst|register_N_neg:\gen_registers:26:gen_other:reg_i|dffgNeg:\gen_dffg:28:dffg_inst|s_Q ; ID_EX_Reg:ID_EX_inst|register_N:Out1_reg_inst|dffg:\gen_dffg:28:dffg_inst|s_Q ; iCLK         ; iCLK        ; 10.000       ; -0.455     ; 3.488      ;
; 6.049 ; register_file:regFile_inst|register_N_neg:\gen_registers:14:gen_other:reg_i|dffgNeg:\gen_dffg:19:dffg_inst|s_Q ; ID_EX_Reg:ID_EX_inst|register_N:Out2_reg_inst|dffg:\gen_dffg:19:dffg_inst|s_Q ; iCLK         ; iCLK        ; 10.000       ; -0.454     ; 3.484      ;
; 6.051 ; register_file:regFile_inst|register_N_neg:\gen_registers:22:gen_other:reg_i|dffgNeg:\gen_dffg:25:dffg_inst|s_Q ; ID_EX_Reg:ID_EX_inst|register_N:Out2_reg_inst|dffg:\gen_dffg:25:dffg_inst|s_Q ; iCLK         ; iCLK        ; 10.000       ; -0.447     ; 3.489      ;
; 6.051 ; register_file:regFile_inst|register_N_neg:\gen_registers:5:gen_other:reg_i|dffgNeg:\gen_dffg:12:dffg_inst|s_Q  ; ID_EX_Reg:ID_EX_inst|register_N:Out2_reg_inst|dffg:\gen_dffg:12:dffg_inst|s_Q ; iCLK         ; iCLK        ; 10.000       ; -0.455     ; 3.481      ;
; 6.052 ; register_file:regFile_inst|register_N_neg:\gen_registers:30:gen_other:reg_i|dffgNeg:\gen_dffg:11:dffg_inst|s_Q ; ID_EX_Reg:ID_EX_inst|register_N:Out1_reg_inst|dffg:\gen_dffg:11:dffg_inst|s_Q ; iCLK         ; iCLK        ; 10.000       ; -0.449     ; 3.486      ;
; 6.053 ; register_file:regFile_inst|register_N_neg:\gen_registers:10:gen_other:reg_i|dffgNeg:\gen_dffg:21:dffg_inst|s_Q ; ID_EX_Reg:ID_EX_inst|register_N:Out2_reg_inst|dffg:\gen_dffg:21:dffg_inst|s_Q ; iCLK         ; iCLK        ; 10.000       ; -0.448     ; 3.486      ;
; 6.058 ; register_file:regFile_inst|register_N_neg:\gen_registers:16:gen_other:reg_i|dffgNeg:\gen_dffg:20:dffg_inst|s_Q ; ID_EX_Reg:ID_EX_inst|register_N:Out1_reg_inst|dffg:\gen_dffg:20:dffg_inst|s_Q ; iCLK         ; iCLK        ; 10.000       ; -0.456     ; 3.473      ;
; 6.058 ; register_file:regFile_inst|register_N_neg:\gen_registers:5:gen_other:reg_i|dffgNeg:\gen_dffg:6:dffg_inst|s_Q   ; ID_EX_Reg:ID_EX_inst|register_N:Out1_reg_inst|dffg:\gen_dffg:6:dffg_inst|s_Q  ; iCLK         ; iCLK        ; 10.000       ; -0.460     ; 3.469      ;
+-------+----------------------------------------------------------------------------------------------------------------+-------------------------------------------------------------------------------+--------------+-------------+--------------+------------+------------+


+-----------------------------------------------------------------------------------------------------------------------------------------------------------------------------------------------------------------------------------------------------------------------------------------------------------------------------------------------------------------------------------------------------------------------------------------------------+
; Fast 1200mV 0C Model Hold: 'iCLK'                                                                                                                                                                                                                                                                                                                                                                                                                   ;
+-------+----------------------------------------------------------------------------------------------------------------------------------------------------------------------+------------------------------------------------------------------------------------------------------------------------------------------------------------------------------------------------+--------------+-------------+--------------+------------+------------+
; Slack ; From Node                                                                                                                                                            ; To Node                                                                                                                                                                                        ; Launch Clock ; Latch Clock ; Relationship ; Clock Skew ; Data Delay ;
+-------+----------------------------------------------------------------------------------------------------------------------------------------------------------------------+------------------------------------------------------------------------------------------------------------------------------------------------------------------------------------------------+--------------+-------------+--------------+------------+------------+
; 0.138 ; EX_MEM_Reg:EX_MEM_inst|register_N:Out2_reg_inst|dffg:\gen_dffg:17:dffg_inst|s_Q                                                                                      ; mem:DMem|altsyncram:ram_rtl_0|altsyncram_eg81:auto_generated|ram_block1a6~porta_datain_reg0                                                                                                    ; iCLK         ; iCLK        ; 0.000        ; 0.226      ; 0.468      ;
; 0.141 ; EX_MEM_Reg:EX_MEM_inst|register_N:Out2_reg_inst|dffg:\gen_dffg:18:dffg_inst|s_Q                                                                                      ; mem:DMem|altsyncram:ram_rtl_0|altsyncram_eg81:auto_generated|ram_block1a6~porta_datain_reg0                                                                                                    ; iCLK         ; iCLK        ; 0.000        ; 0.226      ; 0.471      ;
; 0.143 ; EX_MEM_Reg:EX_MEM_inst|register_N:Out2_reg_inst|dffg:\gen_dffg:10:dffg_inst|s_Q                                                                                      ; mem:DMem|altsyncram:ram_rtl_0|altsyncram_eg81:auto_generated|ram_block1a5~porta_datain_reg0                                                                                                    ; iCLK         ; iCLK        ; 0.000        ; 0.226      ; 0.473      ;
; 0.143 ; EX_MEM_Reg:EX_MEM_inst|register_N:Out2_reg_inst|dffg:\gen_dffg:13:dffg_inst|s_Q                                                                                      ; mem:DMem|altsyncram:ram_rtl_0|altsyncram_eg81:auto_generated|ram_block1a6~porta_datain_reg0                                                                                                    ; iCLK         ; iCLK        ; 0.000        ; 0.225      ; 0.472      ;
; 0.147 ; EX_MEM_Reg:EX_MEM_inst|register_N:Out2_reg_inst|dffg:\gen_dffg:19:dffg_inst|s_Q                                                                                      ; mem:DMem|altsyncram:ram_rtl_0|altsyncram_eg81:auto_generated|ram_block1a8~porta_datain_reg0                                                                                                    ; iCLK         ; iCLK        ; 0.000        ; 0.229      ; 0.480      ;
; 0.153 ; EX_MEM_Reg:EX_MEM_inst|register_N:Out2_reg_inst|dffg:\gen_dffg:25:dffg_inst|s_Q                                                                                      ; mem:DMem|altsyncram:ram_rtl_0|altsyncram_eg81:auto_generated|ram_block1a6~porta_datain_reg0                                                                                                    ; iCLK         ; iCLK        ; 0.000        ; 0.225      ; 0.482      ;
; 0.157 ; EX_MEM_Reg:EX_MEM_inst|register_N:ALUout_reg_inst|dffg:\gen_dffg:6:dffg_inst|s_Q                                                                                     ; mem:DMem|altsyncram:ram_rtl_0|altsyncram_eg81:auto_generated|ram_block1a0~porta_address_reg0                                                                                                   ; iCLK         ; iCLK        ; 0.000        ; 0.227      ; 0.488      ;
; 0.157 ; EX_MEM_Reg:EX_MEM_inst|register_N:Out2_reg_inst|dffg:\gen_dffg:22:dffg_inst|s_Q                                                                                      ; mem:DMem|altsyncram:ram_rtl_0|altsyncram_eg81:auto_generated|ram_block1a6~porta_datain_reg0                                                                                                    ; iCLK         ; iCLK        ; 0.000        ; 0.228      ; 0.489      ;
; 0.181 ; fetch:fetch_inst|register_N:PC|dffg:\gen_dffg:6:dffg_inst|s_Q                                                                                                        ; fetch:fetch_inst|register_N:PC|dffg:\gen_dffg:6:dffg_inst|s_Q                                                                                                                                  ; iCLK         ; iCLK        ; 0.000        ; 0.042      ; 0.307      ;
; 0.182 ; fetch:fetch_inst|register_N:PC|dffg:\gen_dffg:12:dffg_inst|s_Q                                                                                                       ; fetch:fetch_inst|register_N:PC|dffg:\gen_dffg:12:dffg_inst|s_Q                                                                                                                                 ; iCLK         ; iCLK        ; 0.000        ; 0.041      ; 0.307      ;
; 0.182 ; fetch:fetch_inst|register_N:PC|dffg:\gen_dffg:24:dffg_inst|s_Q                                                                                                       ; fetch:fetch_inst|register_N:PC|dffg:\gen_dffg:24:dffg_inst|s_Q                                                                                                                                 ; iCLK         ; iCLK        ; 0.000        ; 0.041      ; 0.307      ;
; 0.182 ; fetch:fetch_inst|register_N:PC|dffg:\gen_dffg:30:dffg_inst|s_Q                                                                                                       ; fetch:fetch_inst|register_N:PC|dffg:\gen_dffg:30:dffg_inst|s_Q                                                                                                                                 ; iCLK         ; iCLK        ; 0.000        ; 0.041      ; 0.307      ;
; 0.182 ; fetch:fetch_inst|register_N:PC|dffg:\gen_dffg:27:dffg_inst|s_Q                                                                                                       ; fetch:fetch_inst|register_N:PC|dffg:\gen_dffg:27:dffg_inst|s_Q                                                                                                                                 ; iCLK         ; iCLK        ; 0.000        ; 0.041      ; 0.307      ;
; 0.182 ; fetch:fetch_inst|register_N:PC|dffg:\gen_dffg:15:dffg_inst|s_Q                                                                                                       ; fetch:fetch_inst|register_N:PC|dffg:\gen_dffg:15:dffg_inst|s_Q                                                                                                                                 ; iCLK         ; iCLK        ; 0.000        ; 0.041      ; 0.307      ;
; 0.182 ; fetch:fetch_inst|register_N:PC|dffg:\gen_dffg:3:dffg_inst|s_Q                                                                                                        ; fetch:fetch_inst|register_N:PC|dffg:\gen_dffg:3:dffg_inst|s_Q                                                                                                                                  ; iCLK         ; iCLK        ; 0.000        ; 0.041      ; 0.307      ;
; 0.182 ; fetch:fetch_inst|register_N:PC|dffg:\gen_dffg:9:dffg_inst|s_Q                                                                                                        ; fetch:fetch_inst|register_N:PC|dffg:\gen_dffg:9:dffg_inst|s_Q                                                                                                                                  ; iCLK         ; iCLK        ; 0.000        ; 0.041      ; 0.307      ;
; 0.183 ; fetch:fetch_inst|register_N:PC|dffg:\gen_dffg:21:dffg_inst|s_Q                                                                                                       ; fetch:fetch_inst|register_N:PC|dffg:\gen_dffg:21:dffg_inst|s_Q                                                                                                                                 ; iCLK         ; iCLK        ; 0.000        ; 0.040      ; 0.307      ;
; 0.183 ; fetch:fetch_inst|register_N:PC|dffg:\gen_dffg:18:dffg_inst|s_Q                                                                                                       ; fetch:fetch_inst|register_N:PC|dffg:\gen_dffg:18:dffg_inst|s_Q                                                                                                                                 ; iCLK         ; iCLK        ; 0.000        ; 0.040      ; 0.307      ;
; 0.184 ; EX_MEM_Reg:EX_MEM_inst|register_N:ALUout_reg_inst|dffg:\gen_dffg:6:dffg_inst|s_Q                                                                                     ; mem:DMem|altsyncram:ram_rtl_0|altsyncram_eg81:auto_generated|ram_block1a6~porta_address_reg0                                                                                                   ; iCLK         ; iCLK        ; 0.000        ; 0.220      ; 0.508      ;
; 0.185 ; EX_MEM_Reg:EX_MEM_inst|register_N:ALUout_reg_inst|dffg:\gen_dffg:6:dffg_inst|s_Q                                                                                     ; mem:DMem|altsyncram:ram_rtl_0|altsyncram_eg81:auto_generated|ram_block1a5~porta_address_reg0                                                                                                   ; iCLK         ; iCLK        ; 0.000        ; 0.217      ; 0.506      ;
; 0.188 ; EX_MEM_Reg:EX_MEM_inst|register_N:PCPlusImm_reg_inst|dffg:\gen_dffg:5:dffg_inst|s_Q                                                                                  ; fetch:fetch_inst|register_N:PC|dffg:\gen_dffg:5:dffg_inst|s_Q                                                                                                                                  ; iCLK         ; iCLK        ; 0.000        ; 0.041      ; 0.313      ;
; 0.188 ; EX_MEM_Reg:EX_MEM_inst|register_N:PCPlus4_reg_inst|dffg:\gen_dffg:0:dffg_inst|s_Q                                                                                    ; MEM_WB_Reg:MEM_WB_inst|register_N:PCPlus4_reg_inst|dffg:\gen_dffg:0:dffg_inst|s_Q                                                                                                              ; iCLK         ; iCLK        ; 0.000        ; 0.042      ; 0.314      ;
; 0.188 ; EX_MEM_Reg:EX_MEM_inst|register_N:PCPlusImm_reg_inst|dffg:\gen_dffg:6:dffg_inst|s_Q                                                                                  ; fetch:fetch_inst|register_N:PC|dffg:\gen_dffg:6:dffg_inst|s_Q                                                                                                                                  ; iCLK         ; iCLK        ; 0.000        ; 0.042      ; 0.314      ;
; 0.189 ; ID_EX_Reg:ID_EX_inst|register_N:RegWrAddr_reg_inst|dffg:\gen_dffg:0:dffg_inst|s_Q                                                                                    ; EX_MEM_Reg:EX_MEM_inst|register_N:RegWrAddr_reg_inst|dffg:\gen_dffg:0:dffg_inst|s_Q                                                                                                            ; iCLK         ; iCLK        ; 0.000        ; 0.041      ; 0.314      ;
; 0.189 ; EX_MEM_Reg:EX_MEM_inst|register_N:PCPlusImm_reg_inst|dffg:\gen_dffg:31:dffg_inst|s_Q                                                                                 ; fetch:fetch_inst|register_N:PC|dffg:\gen_dffg:31:dffg_inst|s_Q                                                                                                                                 ; iCLK         ; iCLK        ; 0.000        ; 0.041      ; 0.314      ;
; 0.189 ; EX_MEM_Reg:EX_MEM_inst|register_N:PCPlusImm_reg_inst|dffg:\gen_dffg:4:dffg_inst|s_Q                                                                                  ; fetch:fetch_inst|register_N:PC|dffg:\gen_dffg:4:dffg_inst|s_Q                                                                                                                                  ; iCLK         ; iCLK        ; 0.000        ; 0.041      ; 0.314      ;
; 0.189 ; fetch:fetch_inst|register_N:PC|dffg:\gen_dffg:2:dffg_inst|s_Q                                                                                                        ; fetch:fetch_inst|register_N:PC|dffg:\gen_dffg:2:dffg_inst|s_Q                                                                                                                                  ; iCLK         ; iCLK        ; 0.000        ; 0.041      ; 0.314      ;
; 0.189 ; ID_EX_Reg:ID_EX_inst|register_N:PCPlusImm_reg_inst|dffg:\gen_dffg:27:dffg_inst|s_Q                                                                                   ; EX_MEM_Reg:EX_MEM_inst|register_N:PCPlusImm_reg_inst|dffg:\gen_dffg:27:dffg_inst|s_Q                                                                                                           ; iCLK         ; iCLK        ; 0.000        ; 0.041      ; 0.314      ;
; 0.189 ; ID_EX_Reg:ID_EX_inst|register_N:PCPlusImm_reg_inst|dffg:\gen_dffg:25:dffg_inst|s_Q                                                                                   ; EX_MEM_Reg:EX_MEM_inst|register_N:PCPlusImm_reg_inst|dffg:\gen_dffg:25:dffg_inst|s_Q                                                                                                           ; iCLK         ; iCLK        ; 0.000        ; 0.041      ; 0.314      ;
; 0.189 ; ID_EX_Reg:ID_EX_inst|register_N:PCPlusImm_reg_inst|dffg:\gen_dffg:26:dffg_inst|s_Q                                                                                   ; EX_MEM_Reg:EX_MEM_inst|register_N:PCPlusImm_reg_inst|dffg:\gen_dffg:26:dffg_inst|s_Q                                                                                                           ; iCLK         ; iCLK        ; 0.000        ; 0.041      ; 0.314      ;
; 0.190 ; ID_EX_Reg:ID_EX_inst|register_N:RegWrAddr_reg_inst|dffg:\gen_dffg:4:dffg_inst|s_Q                                                                                    ; EX_MEM_Reg:EX_MEM_inst|register_N:RegWrAddr_reg_inst|dffg:\gen_dffg:4:dffg_inst|s_Q                                                                                                            ; iCLK         ; iCLK        ; 0.000        ; 0.041      ; 0.315      ;
; 0.190 ; EX_MEM_Reg:EX_MEM_inst|register_N:PCPlusImm_reg_inst|dffg:\gen_dffg:16:dffg_inst|s_Q                                                                                 ; fetch:fetch_inst|register_N:PC|dffg:\gen_dffg:16:dffg_inst|s_Q                                                                                                                                 ; iCLK         ; iCLK        ; 0.000        ; 0.041      ; 0.315      ;
; 0.190 ; ID_EX_Reg:ID_EX_inst|register_N:PCPlusImm_reg_inst|dffg:\gen_dffg:30:dffg_inst|s_Q                                                                                   ; EX_MEM_Reg:EX_MEM_inst|register_N:PCPlusImm_reg_inst|dffg:\gen_dffg:30:dffg_inst|s_Q                                                                                                           ; iCLK         ; iCLK        ; 0.000        ; 0.040      ; 0.314      ;
; 0.190 ; ID_EX_Reg:ID_EX_inst|register_N:MemWrite_reg_inst|dffg:\gen_dffg:0:dffg_inst|s_Q                                                                                     ; EX_MEM_Reg:EX_MEM_inst|register_N:MemWrite_reg_inst|dffg:\gen_dffg:0:dffg_inst|s_Q                                                                                                             ; iCLK         ; iCLK        ; 0.000        ; 0.040      ; 0.314      ;
; 0.190 ; ID_EX_Reg:ID_EX_inst|register_N:PCPlusImm_reg_inst|dffg:\gen_dffg:12:dffg_inst|s_Q                                                                                   ; EX_MEM_Reg:EX_MEM_inst|register_N:PCPlusImm_reg_inst|dffg:\gen_dffg:12:dffg_inst|s_Q                                                                                                           ; iCLK         ; iCLK        ; 0.000        ; 0.041      ; 0.315      ;
; 0.190 ; ID_EX_Reg:ID_EX_inst|register_N:PCPlusImm_reg_inst|dffg:\gen_dffg:0:dffg_inst|s_Q                                                                                    ; EX_MEM_Reg:EX_MEM_inst|register_N:PCPlusImm_reg_inst|dffg:\gen_dffg:0:dffg_inst|s_Q                                                                                                            ; iCLK         ; iCLK        ; 0.000        ; 0.040      ; 0.314      ;
; 0.190 ; EX_MEM_Reg:EX_MEM_inst|register_N:PCorMemtoReg_reg_inst|dffg:\gen_dffg:1:dffg_inst|s_Q                                                                               ; MEM_WB_Reg:MEM_WB_inst|register_N:PCorMemtoReg_reg_inst|dffg:\gen_dffg:1:dffg_inst|s_Q                                                                                                         ; iCLK         ; iCLK        ; 0.000        ; 0.041      ; 0.315      ;
; 0.191 ; EX_MEM_Reg:EX_MEM_inst|register_N:RegWrite_reg_inst|dffg:\gen_dffg:0:dffg_inst|s_Q                                                                                   ; MEM_WB_Reg:MEM_WB_inst|register_N:RegWrite_reg_inst|dffg:\gen_dffg:0:dffg_inst|s_Q                                                                                                             ; iCLK         ; iCLK        ; 0.000        ; 0.041      ; 0.316      ;
; 0.191 ; EX_MEM_Reg:EX_MEM_inst|register_N:PCPlusImm_reg_inst|dffg:\gen_dffg:19:dffg_inst|s_Q                                                                                 ; fetch:fetch_inst|register_N:PC|dffg:\gen_dffg:19:dffg_inst|s_Q                                                                                                                                 ; iCLK         ; iCLK        ; 0.000        ; 0.040      ; 0.315      ;
; 0.191 ; ID_EX_Reg:ID_EX_inst|register_N:PCPlusImm_reg_inst|dffg:\gen_dffg:10:dffg_inst|s_Q                                                                                   ; EX_MEM_Reg:EX_MEM_inst|register_N:PCPlusImm_reg_inst|dffg:\gen_dffg:10:dffg_inst|s_Q                                                                                                           ; iCLK         ; iCLK        ; 0.000        ; 0.041      ; 0.316      ;
; 0.191 ; ID_EX_Reg:ID_EX_inst|register_N:PCPlusImm_reg_inst|dffg:\gen_dffg:29:dffg_inst|s_Q                                                                                   ; EX_MEM_Reg:EX_MEM_inst|register_N:PCPlusImm_reg_inst|dffg:\gen_dffg:29:dffg_inst|s_Q                                                                                                           ; iCLK         ; iCLK        ; 0.000        ; 0.040      ; 0.315      ;
; 0.191 ; ID_EX_Reg:ID_EX_inst|register_N:PCPlusImm_reg_inst|dffg:\gen_dffg:17:dffg_inst|s_Q                                                                                   ; EX_MEM_Reg:EX_MEM_inst|register_N:PCPlusImm_reg_inst|dffg:\gen_dffg:17:dffg_inst|s_Q                                                                                                           ; iCLK         ; iCLK        ; 0.000        ; 0.041      ; 0.316      ;
; 0.191 ; ID_EX_Reg:ID_EX_inst|register_N:RegWrAddr_reg_inst|dffg:\gen_dffg:3:dffg_inst|s_Q                                                                                    ; EX_MEM_Reg:EX_MEM_inst|register_N:RegWrAddr_reg_inst|dffg:\gen_dffg:3:dffg_inst|s_Q                                                                                                            ; iCLK         ; iCLK        ; 0.000        ; 0.040      ; 0.315      ;
; 0.191 ; EX_MEM_Reg:EX_MEM_inst|register_N:PCPlusImm_reg_inst|dffg:\gen_dffg:15:dffg_inst|s_Q                                                                                 ; fetch:fetch_inst|register_N:PC|dffg:\gen_dffg:15:dffg_inst|s_Q                                                                                                                                 ; iCLK         ; iCLK        ; 0.000        ; 0.041      ; 0.316      ;
; 0.195 ; fetch:fetch_inst|register_N:PC|dffg:\gen_dffg:31:dffg_inst|s_Q                                                                                                       ; IF_ID_Reg:IF_ID_inst|register_N:PC_reg_inst|dffg:\gen_dffg:31:dffg_inst|s_Q                                                                                                                    ; iCLK         ; iCLK        ; 0.000        ; 0.041      ; 0.320      ;
; 0.195 ; ID_EX_Reg:ID_EX_inst|register_N:Out2_reg_inst|dffg:\gen_dffg:10:dffg_inst|s_Q                                                                                        ; EX_MEM_Reg:EX_MEM_inst|register_N:Out2_reg_inst|dffg:\gen_dffg:10:dffg_inst|s_Q                                                                                                                ; iCLK         ; iCLK        ; 0.000        ; 0.042      ; 0.321      ;
; 0.196 ; ID_EX_Reg:ID_EX_inst|register_N:Out2_reg_inst|dffg:\gen_dffg:7:dffg_inst|s_Q                                                                                         ; EX_MEM_Reg:EX_MEM_inst|register_N:Out2_reg_inst|dffg:\gen_dffg:7:dffg_inst|s_Q                                                                                                                 ; iCLK         ; iCLK        ; 0.000        ; 0.042      ; 0.322      ;
; 0.197 ; ID_EX_Reg:ID_EX_inst|register_N:Out2_reg_inst|dffg:\gen_dffg:14:dffg_inst|s_Q                                                                                        ; EX_MEM_Reg:EX_MEM_inst|register_N:Out2_reg_inst|dffg:\gen_dffg:14:dffg_inst|s_Q                                                                                                                ; iCLK         ; iCLK        ; 0.000        ; 0.041      ; 0.322      ;
; 0.198 ; ID_EX_Reg:ID_EX_inst|register_N:Out2_reg_inst|dffg:\gen_dffg:2:dffg_inst|s_Q                                                                                         ; EX_MEM_Reg:EX_MEM_inst|register_N:Out2_reg_inst|dffg:\gen_dffg:2:dffg_inst|s_Q                                                                                                                 ; iCLK         ; iCLK        ; 0.000        ; 0.041      ; 0.323      ;
; 0.198 ; ID_EX_Reg:ID_EX_inst|register_N:Out2_reg_inst|dffg:\gen_dffg:18:dffg_inst|s_Q                                                                                        ; EX_MEM_Reg:EX_MEM_inst|register_N:Out2_reg_inst|dffg:\gen_dffg:18:dffg_inst|s_Q                                                                                                                ; iCLK         ; iCLK        ; 0.000        ; 0.042      ; 0.324      ;
; 0.199 ; ID_EX_Reg:ID_EX_inst|register_N:Out2_reg_inst|dffg:\gen_dffg:13:dffg_inst|s_Q                                                                                        ; EX_MEM_Reg:EX_MEM_inst|register_N:Out2_reg_inst|dffg:\gen_dffg:13:dffg_inst|s_Q                                                                                                                ; iCLK         ; iCLK        ; 0.000        ; 0.041      ; 0.324      ;
; 0.200 ; ID_EX_Reg:ID_EX_inst|register_N:Out2_reg_inst|dffg:\gen_dffg:31:dffg_inst|s_Q                                                                                        ; EX_MEM_Reg:EX_MEM_inst|register_N:Out2_reg_inst|dffg:\gen_dffg:31:dffg_inst|s_Q                                                                                                                ; iCLK         ; iCLK        ; 0.000        ; 0.041      ; 0.325      ;
; 0.200 ; ID_EX_Reg:ID_EX_inst|register_N:Out2_reg_inst|dffg:\gen_dffg:0:dffg_inst|s_Q                                                                                         ; EX_MEM_Reg:EX_MEM_inst|register_N:Out2_reg_inst|dffg:\gen_dffg:0:dffg_inst|s_Q                                                                                                                 ; iCLK         ; iCLK        ; 0.000        ; 0.041      ; 0.325      ;
; 0.200 ; ID_EX_Reg:ID_EX_inst|register_N:Out2_reg_inst|dffg:\gen_dffg:16:dffg_inst|s_Q                                                                                        ; EX_MEM_Reg:EX_MEM_inst|register_N:Out2_reg_inst|dffg:\gen_dffg:16:dffg_inst|s_Q                                                                                                                ; iCLK         ; iCLK        ; 0.000        ; 0.041      ; 0.325      ;
; 0.201 ; ID_EX_Reg:ID_EX_inst|register_N:Out2_reg_inst|dffg:\gen_dffg:3:dffg_inst|s_Q                                                                                         ; EX_MEM_Reg:EX_MEM_inst|register_N:Out2_reg_inst|dffg:\gen_dffg:3:dffg_inst|s_Q                                                                                                                 ; iCLK         ; iCLK        ; 0.000        ; 0.042      ; 0.327      ;
; 0.203 ; ID_EX_Reg:ID_EX_inst|register_N:Out2_reg_inst|dffg:\gen_dffg:20:dffg_inst|s_Q                                                                                        ; EX_MEM_Reg:EX_MEM_inst|register_N:Out2_reg_inst|dffg:\gen_dffg:20:dffg_inst|s_Q                                                                                                                ; iCLK         ; iCLK        ; 0.000        ; 0.042      ; 0.329      ;
; 0.238 ; EX_MEM_Reg:EX_MEM_inst|register_N:Out2_reg_inst|dffg:\gen_dffg:11:dffg_inst|s_Q                                                                                      ; mem:DMem|altsyncram:ram_rtl_0|altsyncram_eg81:auto_generated|ram_block1a8~porta_datain_reg0                                                                                                    ; iCLK         ; iCLK        ; 0.000        ; 0.229      ; 0.571      ;
; 0.248 ; mem:IMem|ram~43                                                                                                                                                      ; ID_EX_Reg:ID_EX_inst|register_N:RegWrAddr_reg_inst|dffg:\gen_dffg:2:dffg_inst|s_Q                                                                                                              ; iCLK         ; iCLK        ; 0.000        ; 0.041      ; 0.373      ;
; 0.249 ; ID_EX_Reg:ID_EX_inst|register_N:PCPlusImm_reg_inst|dffg:\gen_dffg:9:dffg_inst|s_Q                                                                                    ; EX_MEM_Reg:EX_MEM_inst|register_N:PCPlusImm_reg_inst|dffg:\gen_dffg:9:dffg_inst|s_Q                                                                                                            ; iCLK         ; iCLK        ; 0.000        ; 0.041      ; 0.374      ;
; 0.249 ; ID_EX_Reg:ID_EX_inst|register_N:PCPlusImm_reg_inst|dffg:\gen_dffg:13:dffg_inst|s_Q                                                                                   ; EX_MEM_Reg:EX_MEM_inst|register_N:PCPlusImm_reg_inst|dffg:\gen_dffg:13:dffg_inst|s_Q                                                                                                           ; iCLK         ; iCLK        ; 0.000        ; 0.041      ; 0.374      ;
; 0.253 ; EX_MEM_Reg:EX_MEM_inst|register_N:PCPlusImm_reg_inst|dffg:\gen_dffg:14:dffg_inst|s_Q                                                                                 ; fetch:fetch_inst|register_N:PC|dffg:\gen_dffg:14:dffg_inst|s_Q                                                                                                                                 ; iCLK         ; iCLK        ; 0.000        ; 0.042      ; 0.379      ;
; 0.255 ; EX_MEM_Reg:EX_MEM_inst|register_N:PCPlusImm_reg_inst|dffg:\gen_dffg:28:dffg_inst|s_Q                                                                                 ; fetch:fetch_inst|register_N:PC|dffg:\gen_dffg:28:dffg_inst|s_Q                                                                                                                                 ; iCLK         ; iCLK        ; 0.000        ; 0.042      ; 0.381      ;
; 0.257 ; EX_MEM_Reg:EX_MEM_inst|register_N:PCPlusImm_reg_inst|dffg:\gen_dffg:2:dffg_inst|s_Q                                                                                  ; fetch:fetch_inst|register_N:PC|dffg:\gen_dffg:2:dffg_inst|s_Q                                                                                                                                  ; iCLK         ; iCLK        ; 0.000        ; 0.046      ; 0.387      ;
; 0.258 ; EX_MEM_Reg:EX_MEM_inst|register_N:PCPlusImm_reg_inst|dffg:\gen_dffg:11:dffg_inst|s_Q                                                                                 ; fetch:fetch_inst|register_N:PC|dffg:\gen_dffg:11:dffg_inst|s_Q                                                                                                                                 ; iCLK         ; iCLK        ; 0.000        ; 0.041      ; 0.383      ;
; 0.260 ; EX_MEM_Reg:EX_MEM_inst|register_N:ALUout_reg_inst|dffg:\gen_dffg:10:dffg_inst|s_Q                                                                                    ; mem:DMem|altsyncram:ram_rtl_0|altsyncram_eg81:auto_generated|ram_block1a8~porta_address_reg0                                                                                                   ; iCLK         ; iCLK        ; 0.000        ; 0.231      ; 0.595      ;
; 0.260 ; ID_EX_Reg:ID_EX_inst|register_N:Out2_reg_inst|dffg:\gen_dffg:30:dffg_inst|s_Q                                                                                        ; EX_MEM_Reg:EX_MEM_inst|register_N:Out2_reg_inst|dffg:\gen_dffg:30:dffg_inst|s_Q                                                                                                                ; iCLK         ; iCLK        ; 0.000        ; 0.042      ; 0.386      ;
; 0.260 ; EX_MEM_Reg:EX_MEM_inst|register_N:Fuct3_reg_inst|dffg:\gen_dffg:1:dffg_inst|s_Q                                                                                      ; MEM_WB_Reg:MEM_WB_inst|register_N:Fuct3_reg_inst|dffg:\gen_dffg:1:dffg_inst|s_Q                                                                                                                ; iCLK         ; iCLK        ; 0.000        ; 0.042      ; 0.386      ;
; 0.262 ; EX_MEM_Reg:EX_MEM_inst|register_N:PCPlusImm_reg_inst|dffg:\gen_dffg:29:dffg_inst|s_Q                                                                                 ; fetch:fetch_inst|register_N:PC|dffg:\gen_dffg:29:dffg_inst|s_Q                                                                                                                                 ; iCLK         ; iCLK        ; 0.000        ; 0.042      ; 0.388      ;
; 0.263 ; EX_MEM_Reg:EX_MEM_inst|register_N:RegWrAddr_reg_inst|dffg:\gen_dffg:0:dffg_inst|s_Q                                                                                  ; MEM_WB_Reg:MEM_WB_inst|register_N:RegWrAddr_reg_inst|dffg:\gen_dffg:0:dffg_inst|s_Q                                                                                                            ; iCLK         ; iCLK        ; 0.000        ; 0.041      ; 0.388      ;
; 0.263 ; ID_EX_Reg:ID_EX_inst|register_N:PCPlusImm_reg_inst|dffg:\gen_dffg:23:dffg_inst|s_Q                                                                                   ; EX_MEM_Reg:EX_MEM_inst|register_N:PCPlusImm_reg_inst|dffg:\gen_dffg:23:dffg_inst|s_Q                                                                                                           ; iCLK         ; iCLK        ; 0.000        ; 0.040      ; 0.387      ;
; 0.264 ; ID_EX_Reg:ID_EX_inst|register_N:PCPlusImm_reg_inst|dffg:\gen_dffg:28:dffg_inst|s_Q                                                                                   ; EX_MEM_Reg:EX_MEM_inst|register_N:PCPlusImm_reg_inst|dffg:\gen_dffg:28:dffg_inst|s_Q                                                                                                           ; iCLK         ; iCLK        ; 0.000        ; 0.040      ; 0.388      ;
; 0.264 ; ID_EX_Reg:ID_EX_inst|register_N:PCPlusImm_reg_inst|dffg:\gen_dffg:14:dffg_inst|s_Q                                                                                   ; EX_MEM_Reg:EX_MEM_inst|register_N:PCPlusImm_reg_inst|dffg:\gen_dffg:14:dffg_inst|s_Q                                                                                                           ; iCLK         ; iCLK        ; 0.000        ; 0.041      ; 0.389      ;
; 0.265 ; ID_EX_Reg:ID_EX_inst|register_N:Jalr_reg_inst|dffg:\gen_dffg:0:dffg_inst|s_Q                                                                                         ; EX_MEM_Reg:EX_MEM_inst|register_N:Jalr_reg_inst|dffg:\gen_dffg:0:dffg_inst|s_Q                                                                                                                 ; iCLK         ; iCLK        ; 0.000        ; 0.040      ; 0.389      ;
; 0.265 ; ID_EX_Reg:ID_EX_inst|register_N:PCPlusImm_reg_inst|dffg:\gen_dffg:1:dffg_inst|s_Q                                                                                    ; EX_MEM_Reg:EX_MEM_inst|register_N:PCPlusImm_reg_inst|dffg:\gen_dffg:1:dffg_inst|s_Q                                                                                                            ; iCLK         ; iCLK        ; 0.000        ; 0.040      ; 0.389      ;
; 0.265 ; EX_MEM_Reg:EX_MEM_inst|register_N:Out2_reg_inst|dffg:\gen_dffg:9:dffg_inst|s_Q                                                                                       ; mem:DMem|altsyncram:ram_rtl_0|altsyncram_eg81:auto_generated|ram_block1a6~porta_datain_reg0                                                                                                    ; iCLK         ; iCLK        ; 0.000        ; 0.228      ; 0.597      ;
; 0.266 ; ID_EX_Reg:ID_EX_inst|register_N:PCPlus4_reg_inst|dffg:\gen_dffg:1:dffg_inst|s_Q                                                                                      ; EX_MEM_Reg:EX_MEM_inst|register_N:PCPlus4_reg_inst|dffg:\gen_dffg:1:dffg_inst|s_Q                                                                                                              ; iCLK         ; iCLK        ; 0.000        ; 0.041      ; 0.391      ;
; 0.267 ; ID_EX_Reg:ID_EX_inst|register_N:PCPlusImm_reg_inst|dffg:\gen_dffg:2:dffg_inst|s_Q                                                                                    ; EX_MEM_Reg:EX_MEM_inst|register_N:PCPlusImm_reg_inst|dffg:\gen_dffg:2:dffg_inst|s_Q                                                                                                            ; iCLK         ; iCLK        ; 0.000        ; 0.040      ; 0.391      ;
; 0.269 ; IF_ID_Reg:IF_ID_inst|register_N:PCPlus4_reg_inst|dffg:\gen_dffg:31:dffg_inst|altshift_taps:s_Q_rtl_0|shift_taps_bkm:auto_generated|cntr_4pf:cntr1|counter_reg_bit[0] ; IF_ID_Reg:IF_ID_inst|register_N:PCPlus4_reg_inst|dffg:\gen_dffg:31:dffg_inst|altshift_taps:s_Q_rtl_0|shift_taps_bkm:auto_generated|altsyncram_k1b1:altsyncram2|ram_block5a0~portb_address_reg0 ; iCLK         ; iCLK        ; 0.000        ; 0.245      ; 0.618      ;
; 0.270 ; IF_ID_Reg:IF_ID_inst|register_N:PCPlus4_reg_inst|dffg:\gen_dffg:31:dffg_inst|altshift_taps:s_Q_rtl_0|shift_taps_bkm:auto_generated|cntr_4pf:cntr1|counter_reg_bit[0] ; IF_ID_Reg:IF_ID_inst|register_N:PCPlus4_reg_inst|dffg:\gen_dffg:31:dffg_inst|altshift_taps:s_Q_rtl_0|shift_taps_bkm:auto_generated|altsyncram_k1b1:altsyncram2|ram_block5a0~porta_address_reg0 ; iCLK         ; iCLK        ; 0.000        ; 0.243      ; 0.617      ;
; 0.272 ; ID_EX_Reg:ID_EX_inst|register_N:Out2_reg_inst|dffg:\gen_dffg:8:dffg_inst|s_Q                                                                                         ; EX_MEM_Reg:EX_MEM_inst|register_N:Out2_reg_inst|dffg:\gen_dffg:8:dffg_inst|s_Q                                                                                                                 ; iCLK         ; iCLK        ; 0.000        ; 0.042      ; 0.398      ;
; 0.273 ; ID_EX_Reg:ID_EX_inst|register_N:Out2_reg_inst|dffg:\gen_dffg:24:dffg_inst|s_Q                                                                                        ; EX_MEM_Reg:EX_MEM_inst|register_N:Out2_reg_inst|dffg:\gen_dffg:24:dffg_inst|s_Q                                                                                                                ; iCLK         ; iCLK        ; 0.000        ; 0.042      ; 0.399      ;
; 0.273 ; ID_EX_Reg:ID_EX_inst|register_N:Out2_reg_inst|dffg:\gen_dffg:28:dffg_inst|s_Q                                                                                        ; EX_MEM_Reg:EX_MEM_inst|register_N:Out2_reg_inst|dffg:\gen_dffg:28:dffg_inst|s_Q                                                                                                                ; iCLK         ; iCLK        ; 0.000        ; 0.041      ; 0.398      ;
; 0.273 ; EX_MEM_Reg:EX_MEM_inst|register_N:ALUout_reg_inst|dffg:\gen_dffg:13:dffg_inst|s_Q                                                                                    ; MEM_WB_Reg:MEM_WB_inst|register_N:ALUout_reg_inst|dffg:\gen_dffg:13:dffg_inst|s_Q                                                                                                              ; iCLK         ; iCLK        ; 0.000        ; 0.041      ; 0.398      ;
; 0.274 ; IF_ID_Reg:IF_ID_inst|register_N:PC_reg_inst|dffg:\gen_dffg:11:dffg_inst|s_Q                                                                                          ; ID_EX_Reg:ID_EX_inst|register_N:PCPlusImm_reg_inst|dffg:\gen_dffg:11:dffg_inst|s_Q                                                                                                             ; iCLK         ; iCLK        ; 0.000        ; 0.041      ; 0.399      ;
; 0.274 ; ID_EX_Reg:ID_EX_inst|register_N:Out2_reg_inst|dffg:\gen_dffg:25:dffg_inst|s_Q                                                                                        ; EX_MEM_Reg:EX_MEM_inst|register_N:Out2_reg_inst|dffg:\gen_dffg:25:dffg_inst|s_Q                                                                                                                ; iCLK         ; iCLK        ; 0.000        ; 0.041      ; 0.399      ;
; 0.274 ; EX_MEM_Reg:EX_MEM_inst|register_N:ALUout_reg_inst|dffg:\gen_dffg:6:dffg_inst|s_Q                                                                                     ; MEM_WB_Reg:MEM_WB_inst|register_N:ALUout_reg_inst|dffg:\gen_dffg:6:dffg_inst|s_Q                                                                                                               ; iCLK         ; iCLK        ; 0.000        ; 0.042      ; 0.400      ;
; 0.275 ; IF_ID_Reg:IF_ID_inst|register_N:PC_reg_inst|dffg:\gen_dffg:29:dffg_inst|s_Q                                                                                          ; ID_EX_Reg:ID_EX_inst|register_N:PCPlusImm_reg_inst|dffg:\gen_dffg:29:dffg_inst|s_Q                                                                                                             ; iCLK         ; iCLK        ; 0.000        ; 0.040      ; 0.399      ;
; 0.275 ; EX_MEM_Reg:EX_MEM_inst|register_N:Out2_reg_inst|dffg:\gen_dffg:14:dffg_inst|s_Q                                                                                      ; mem:DMem|altsyncram:ram_rtl_0|altsyncram_eg81:auto_generated|ram_block1a6~porta_datain_reg0                                                                                                    ; iCLK         ; iCLK        ; 0.000        ; 0.228      ; 0.607      ;
; 0.275 ; ID_EX_Reg:ID_EX_inst|register_N:Out2_reg_inst|dffg:\gen_dffg:23:dffg_inst|s_Q                                                                                        ; EX_MEM_Reg:EX_MEM_inst|register_N:Out2_reg_inst|dffg:\gen_dffg:23:dffg_inst|s_Q                                                                                                                ; iCLK         ; iCLK        ; 0.000        ; 0.041      ; 0.400      ;
; 0.276 ; ID_EX_Reg:ID_EX_inst|register_N:Out2_reg_inst|dffg:\gen_dffg:11:dffg_inst|s_Q                                                                                        ; EX_MEM_Reg:EX_MEM_inst|register_N:Out2_reg_inst|dffg:\gen_dffg:11:dffg_inst|s_Q                                                                                                                ; iCLK         ; iCLK        ; 0.000        ; 0.042      ; 0.402      ;
; 0.278 ; ID_EX_Reg:ID_EX_inst|register_N:Out2_reg_inst|dffg:\gen_dffg:15:dffg_inst|s_Q                                                                                        ; EX_MEM_Reg:EX_MEM_inst|register_N:Out2_reg_inst|dffg:\gen_dffg:15:dffg_inst|s_Q                                                                                                                ; iCLK         ; iCLK        ; 0.000        ; 0.042      ; 0.404      ;
; 0.280 ; EX_MEM_Reg:EX_MEM_inst|register_N:ALUout_reg_inst|dffg:\gen_dffg:3:dffg_inst|s_Q                                                                                     ; mem:DMem|altsyncram:ram_rtl_0|altsyncram_eg81:auto_generated|ram_block1a8~porta_address_reg0                                                                                                   ; iCLK         ; iCLK        ; 0.000        ; 0.231      ; 0.615      ;
; 0.281 ; EX_MEM_Reg:EX_MEM_inst|register_N:Out2_reg_inst|dffg:\gen_dffg:30:dffg_inst|s_Q                                                                                      ; mem:DMem|altsyncram:ram_rtl_0|altsyncram_eg81:auto_generated|ram_block1a6~porta_datain_reg0                                                                                                    ; iCLK         ; iCLK        ; 0.000        ; 0.238      ; 0.623      ;
; 0.282 ; EX_MEM_Reg:EX_MEM_inst|register_N:Out2_reg_inst|dffg:\gen_dffg:23:dffg_inst|s_Q                                                                                      ; mem:DMem|altsyncram:ram_rtl_0|altsyncram_eg81:auto_generated|ram_block1a8~porta_datain_reg0                                                                                                    ; iCLK         ; iCLK        ; 0.000        ; 0.230      ; 0.616      ;
; 0.282 ; IF_ID_Reg:IF_ID_inst|register_N:PC_reg_inst|dffg:\gen_dffg:8:dffg_inst|s_Q                                                                                           ; ID_EX_Reg:ID_EX_inst|register_N:PCPlusImm_reg_inst|dffg:\gen_dffg:8:dffg_inst|s_Q                                                                                                              ; iCLK         ; iCLK        ; 0.000        ; 0.041      ; 0.407      ;
; 0.283 ; EX_MEM_Reg:EX_MEM_inst|register_N:Out2_reg_inst|dffg:\gen_dffg:15:dffg_inst|s_Q                                                                                      ; mem:DMem|altsyncram:ram_rtl_0|altsyncram_eg81:auto_generated|ram_block1a0~porta_datain_reg0                                                                                                    ; iCLK         ; iCLK        ; 0.000        ; 0.234      ; 0.621      ;
; 0.284 ; fetch:fetch_inst|register_N:PC|dffg:\gen_dffg:29:dffg_inst|s_Q                                                                                                       ; IF_ID_Reg:IF_ID_inst|register_N:PC_reg_inst|dffg:\gen_dffg:29:dffg_inst|s_Q                                                                                                                    ; iCLK         ; iCLK        ; 0.000        ; 0.039      ; 0.407      ;
; 0.285 ; EX_MEM_Reg:EX_MEM_inst|register_N:Out2_reg_inst|dffg:\gen_dffg:3:dffg_inst|s_Q                                                                                       ; mem:DMem|altsyncram:ram_rtl_0|altsyncram_eg81:auto_generated|ram_block1a0~porta_datain_reg0                                                                                                    ; iCLK         ; iCLK        ; 0.000        ; 0.233      ; 0.622      ;
; 0.285 ; EX_MEM_Reg:EX_MEM_inst|register_N:Out2_reg_inst|dffg:\gen_dffg:12:dffg_inst|s_Q                                                                                      ; mem:DMem|altsyncram:ram_rtl_0|altsyncram_eg81:auto_generated|ram_block1a8~porta_datain_reg0                                                                                                    ; iCLK         ; iCLK        ; 0.000        ; 0.234      ; 0.623      ;
; 0.286 ; EX_MEM_Reg:EX_MEM_inst|register_N:Out2_reg_inst|dffg:\gen_dffg:26:dffg_inst|s_Q                                                                                      ; mem:DMem|altsyncram:ram_rtl_0|altsyncram_eg81:auto_generated|ram_block1a5~porta_datain_reg0                                                                                                    ; iCLK         ; iCLK        ; 0.000        ; 0.252      ; 0.642      ;
+-------+----------------------------------------------------------------------------------------------------------------------------------------------------------------------+------------------------------------------------------------------------------------------------------------------------------------------------------------------------------------------------+--------------+-------------+--------------+------------+------------+


+--------------------------------------------------------------------------------------------------------------------------------------------------------------------------------------------------------------------------------------------------------------------------------------------------------------------------------------------------------------------------------------------------------+
; Fast 1200mV 0C Model Recovery: 'iCLK'                                                                                                                                                                                                                                                                                                                                                                  ;
+--------+------------------------------------------------------------------------------------------------------------------------------------------+------------------------------------------------------------------------------------------------------------------------------------------------------------------------------+--------------+-------------+--------------+------------+------------+
; Slack  ; From Node                                                                                                                                ; To Node                                                                                                                                                                      ; Launch Clock ; Latch Clock ; Relationship ; Clock Skew ; Data Delay ;
+--------+------------------------------------------------------------------------------------------------------------------------------------------+------------------------------------------------------------------------------------------------------------------------------------------------------------------------------+--------------+-------------+--------------+------------+------------+
; 18.858 ; IF_ID_Reg:IF_ID_inst|register_N:PCPlus4_reg_inst|dffg:\gen_dffg:31:dffg_inst|altshift_taps:s_Q_rtl_0|shift_taps_bkm:auto_generated|dffe4 ; IF_ID_Reg:IF_ID_inst|register_N:PCPlus4_reg_inst|dffg:\gen_dffg:31:dffg_inst|altshift_taps:s_Q_rtl_0|shift_taps_bkm:auto_generated|altsyncram_k1b1:altsyncram2|ram_block5a0  ; iCLK         ; iCLK        ; 20.000       ; 0.132      ; 1.229      ;
; 18.858 ; IF_ID_Reg:IF_ID_inst|register_N:PCPlus4_reg_inst|dffg:\gen_dffg:31:dffg_inst|altshift_taps:s_Q_rtl_0|shift_taps_bkm:auto_generated|dffe4 ; IF_ID_Reg:IF_ID_inst|register_N:PCPlus4_reg_inst|dffg:\gen_dffg:31:dffg_inst|altshift_taps:s_Q_rtl_0|shift_taps_bkm:auto_generated|altsyncram_k1b1:altsyncram2|ram_block5a1  ; iCLK         ; iCLK        ; 20.000       ; 0.132      ; 1.229      ;
; 18.858 ; IF_ID_Reg:IF_ID_inst|register_N:PCPlus4_reg_inst|dffg:\gen_dffg:31:dffg_inst|altshift_taps:s_Q_rtl_0|shift_taps_bkm:auto_generated|dffe4 ; IF_ID_Reg:IF_ID_inst|register_N:PCPlus4_reg_inst|dffg:\gen_dffg:31:dffg_inst|altshift_taps:s_Q_rtl_0|shift_taps_bkm:auto_generated|altsyncram_k1b1:altsyncram2|ram_block5a2  ; iCLK         ; iCLK        ; 20.000       ; 0.132      ; 1.229      ;
; 18.858 ; IF_ID_Reg:IF_ID_inst|register_N:PCPlus4_reg_inst|dffg:\gen_dffg:31:dffg_inst|altshift_taps:s_Q_rtl_0|shift_taps_bkm:auto_generated|dffe4 ; IF_ID_Reg:IF_ID_inst|register_N:PCPlus4_reg_inst|dffg:\gen_dffg:31:dffg_inst|altshift_taps:s_Q_rtl_0|shift_taps_bkm:auto_generated|altsyncram_k1b1:altsyncram2|ram_block5a3  ; iCLK         ; iCLK        ; 20.000       ; 0.132      ; 1.229      ;
; 18.858 ; IF_ID_Reg:IF_ID_inst|register_N:PCPlus4_reg_inst|dffg:\gen_dffg:31:dffg_inst|altshift_taps:s_Q_rtl_0|shift_taps_bkm:auto_generated|dffe4 ; IF_ID_Reg:IF_ID_inst|register_N:PCPlus4_reg_inst|dffg:\gen_dffg:31:dffg_inst|altshift_taps:s_Q_rtl_0|shift_taps_bkm:auto_generated|altsyncram_k1b1:altsyncram2|ram_block5a4  ; iCLK         ; iCLK        ; 20.000       ; 0.132      ; 1.229      ;
; 18.858 ; IF_ID_Reg:IF_ID_inst|register_N:PCPlus4_reg_inst|dffg:\gen_dffg:31:dffg_inst|altshift_taps:s_Q_rtl_0|shift_taps_bkm:auto_generated|dffe4 ; IF_ID_Reg:IF_ID_inst|register_N:PCPlus4_reg_inst|dffg:\gen_dffg:31:dffg_inst|altshift_taps:s_Q_rtl_0|shift_taps_bkm:auto_generated|altsyncram_k1b1:altsyncram2|ram_block5a5  ; iCLK         ; iCLK        ; 20.000       ; 0.132      ; 1.229      ;
; 18.858 ; IF_ID_Reg:IF_ID_inst|register_N:PCPlus4_reg_inst|dffg:\gen_dffg:31:dffg_inst|altshift_taps:s_Q_rtl_0|shift_taps_bkm:auto_generated|dffe4 ; IF_ID_Reg:IF_ID_inst|register_N:PCPlus4_reg_inst|dffg:\gen_dffg:31:dffg_inst|altshift_taps:s_Q_rtl_0|shift_taps_bkm:auto_generated|altsyncram_k1b1:altsyncram2|ram_block5a6  ; iCLK         ; iCLK        ; 20.000       ; 0.132      ; 1.229      ;
; 18.858 ; IF_ID_Reg:IF_ID_inst|register_N:PCPlus4_reg_inst|dffg:\gen_dffg:31:dffg_inst|altshift_taps:s_Q_rtl_0|shift_taps_bkm:auto_generated|dffe4 ; IF_ID_Reg:IF_ID_inst|register_N:PCPlus4_reg_inst|dffg:\gen_dffg:31:dffg_inst|altshift_taps:s_Q_rtl_0|shift_taps_bkm:auto_generated|altsyncram_k1b1:altsyncram2|ram_block5a7  ; iCLK         ; iCLK        ; 20.000       ; 0.132      ; 1.229      ;
; 18.858 ; IF_ID_Reg:IF_ID_inst|register_N:PCPlus4_reg_inst|dffg:\gen_dffg:31:dffg_inst|altshift_taps:s_Q_rtl_0|shift_taps_bkm:auto_generated|dffe4 ; IF_ID_Reg:IF_ID_inst|register_N:PCPlus4_reg_inst|dffg:\gen_dffg:31:dffg_inst|altshift_taps:s_Q_rtl_0|shift_taps_bkm:auto_generated|altsyncram_k1b1:altsyncram2|ram_block5a8  ; iCLK         ; iCLK        ; 20.000       ; 0.132      ; 1.229      ;
; 18.858 ; IF_ID_Reg:IF_ID_inst|register_N:PCPlus4_reg_inst|dffg:\gen_dffg:31:dffg_inst|altshift_taps:s_Q_rtl_0|shift_taps_bkm:auto_generated|dffe4 ; IF_ID_Reg:IF_ID_inst|register_N:PCPlus4_reg_inst|dffg:\gen_dffg:31:dffg_inst|altshift_taps:s_Q_rtl_0|shift_taps_bkm:auto_generated|altsyncram_k1b1:altsyncram2|ram_block5a9  ; iCLK         ; iCLK        ; 20.000       ; 0.132      ; 1.229      ;
; 18.858 ; IF_ID_Reg:IF_ID_inst|register_N:PCPlus4_reg_inst|dffg:\gen_dffg:31:dffg_inst|altshift_taps:s_Q_rtl_0|shift_taps_bkm:auto_generated|dffe4 ; IF_ID_Reg:IF_ID_inst|register_N:PCPlus4_reg_inst|dffg:\gen_dffg:31:dffg_inst|altshift_taps:s_Q_rtl_0|shift_taps_bkm:auto_generated|altsyncram_k1b1:altsyncram2|ram_block5a10 ; iCLK         ; iCLK        ; 20.000       ; 0.132      ; 1.229      ;
; 18.858 ; IF_ID_Reg:IF_ID_inst|register_N:PCPlus4_reg_inst|dffg:\gen_dffg:31:dffg_inst|altshift_taps:s_Q_rtl_0|shift_taps_bkm:auto_generated|dffe4 ; IF_ID_Reg:IF_ID_inst|register_N:PCPlus4_reg_inst|dffg:\gen_dffg:31:dffg_inst|altshift_taps:s_Q_rtl_0|shift_taps_bkm:auto_generated|altsyncram_k1b1:altsyncram2|ram_block5a11 ; iCLK         ; iCLK        ; 20.000       ; 0.132      ; 1.229      ;
; 18.858 ; IF_ID_Reg:IF_ID_inst|register_N:PCPlus4_reg_inst|dffg:\gen_dffg:31:dffg_inst|altshift_taps:s_Q_rtl_0|shift_taps_bkm:auto_generated|dffe4 ; IF_ID_Reg:IF_ID_inst|register_N:PCPlus4_reg_inst|dffg:\gen_dffg:31:dffg_inst|altshift_taps:s_Q_rtl_0|shift_taps_bkm:auto_generated|altsyncram_k1b1:altsyncram2|ram_block5a12 ; iCLK         ; iCLK        ; 20.000       ; 0.132      ; 1.229      ;
; 18.858 ; IF_ID_Reg:IF_ID_inst|register_N:PCPlus4_reg_inst|dffg:\gen_dffg:31:dffg_inst|altshift_taps:s_Q_rtl_0|shift_taps_bkm:auto_generated|dffe4 ; IF_ID_Reg:IF_ID_inst|register_N:PCPlus4_reg_inst|dffg:\gen_dffg:31:dffg_inst|altshift_taps:s_Q_rtl_0|shift_taps_bkm:auto_generated|altsyncram_k1b1:altsyncram2|ram_block5a13 ; iCLK         ; iCLK        ; 20.000       ; 0.132      ; 1.229      ;
; 18.858 ; IF_ID_Reg:IF_ID_inst|register_N:PCPlus4_reg_inst|dffg:\gen_dffg:31:dffg_inst|altshift_taps:s_Q_rtl_0|shift_taps_bkm:auto_generated|dffe4 ; IF_ID_Reg:IF_ID_inst|register_N:PCPlus4_reg_inst|dffg:\gen_dffg:31:dffg_inst|altshift_taps:s_Q_rtl_0|shift_taps_bkm:auto_generated|altsyncram_k1b1:altsyncram2|ram_block5a14 ; iCLK         ; iCLK        ; 20.000       ; 0.132      ; 1.229      ;
; 18.858 ; IF_ID_Reg:IF_ID_inst|register_N:PCPlus4_reg_inst|dffg:\gen_dffg:31:dffg_inst|altshift_taps:s_Q_rtl_0|shift_taps_bkm:auto_generated|dffe4 ; IF_ID_Reg:IF_ID_inst|register_N:PCPlus4_reg_inst|dffg:\gen_dffg:31:dffg_inst|altshift_taps:s_Q_rtl_0|shift_taps_bkm:auto_generated|altsyncram_k1b1:altsyncram2|ram_block5a15 ; iCLK         ; iCLK        ; 20.000       ; 0.132      ; 1.229      ;
; 18.858 ; IF_ID_Reg:IF_ID_inst|register_N:PCPlus4_reg_inst|dffg:\gen_dffg:31:dffg_inst|altshift_taps:s_Q_rtl_0|shift_taps_bkm:auto_generated|dffe4 ; IF_ID_Reg:IF_ID_inst|register_N:PCPlus4_reg_inst|dffg:\gen_dffg:31:dffg_inst|altshift_taps:s_Q_rtl_0|shift_taps_bkm:auto_generated|altsyncram_k1b1:altsyncram2|ram_block5a16 ; iCLK         ; iCLK        ; 20.000       ; 0.132      ; 1.229      ;
; 18.858 ; IF_ID_Reg:IF_ID_inst|register_N:PCPlus4_reg_inst|dffg:\gen_dffg:31:dffg_inst|altshift_taps:s_Q_rtl_0|shift_taps_bkm:auto_generated|dffe4 ; IF_ID_Reg:IF_ID_inst|register_N:PCPlus4_reg_inst|dffg:\gen_dffg:31:dffg_inst|altshift_taps:s_Q_rtl_0|shift_taps_bkm:auto_generated|altsyncram_k1b1:altsyncram2|ram_block5a17 ; iCLK         ; iCLK        ; 20.000       ; 0.132      ; 1.229      ;
; 18.858 ; IF_ID_Reg:IF_ID_inst|register_N:PCPlus4_reg_inst|dffg:\gen_dffg:31:dffg_inst|altshift_taps:s_Q_rtl_0|shift_taps_bkm:auto_generated|dffe4 ; IF_ID_Reg:IF_ID_inst|register_N:PCPlus4_reg_inst|dffg:\gen_dffg:31:dffg_inst|altshift_taps:s_Q_rtl_0|shift_taps_bkm:auto_generated|altsyncram_k1b1:altsyncram2|ram_block5a18 ; iCLK         ; iCLK        ; 20.000       ; 0.132      ; 1.229      ;
; 18.858 ; IF_ID_Reg:IF_ID_inst|register_N:PCPlus4_reg_inst|dffg:\gen_dffg:31:dffg_inst|altshift_taps:s_Q_rtl_0|shift_taps_bkm:auto_generated|dffe4 ; IF_ID_Reg:IF_ID_inst|register_N:PCPlus4_reg_inst|dffg:\gen_dffg:31:dffg_inst|altshift_taps:s_Q_rtl_0|shift_taps_bkm:auto_generated|altsyncram_k1b1:altsyncram2|ram_block5a19 ; iCLK         ; iCLK        ; 20.000       ; 0.132      ; 1.229      ;
; 18.858 ; IF_ID_Reg:IF_ID_inst|register_N:PCPlus4_reg_inst|dffg:\gen_dffg:31:dffg_inst|altshift_taps:s_Q_rtl_0|shift_taps_bkm:auto_generated|dffe4 ; IF_ID_Reg:IF_ID_inst|register_N:PCPlus4_reg_inst|dffg:\gen_dffg:31:dffg_inst|altshift_taps:s_Q_rtl_0|shift_taps_bkm:auto_generated|altsyncram_k1b1:altsyncram2|ram_block5a20 ; iCLK         ; iCLK        ; 20.000       ; 0.132      ; 1.229      ;
; 18.858 ; IF_ID_Reg:IF_ID_inst|register_N:PCPlus4_reg_inst|dffg:\gen_dffg:31:dffg_inst|altshift_taps:s_Q_rtl_0|shift_taps_bkm:auto_generated|dffe4 ; IF_ID_Reg:IF_ID_inst|register_N:PCPlus4_reg_inst|dffg:\gen_dffg:31:dffg_inst|altshift_taps:s_Q_rtl_0|shift_taps_bkm:auto_generated|altsyncram_k1b1:altsyncram2|ram_block5a21 ; iCLK         ; iCLK        ; 20.000       ; 0.132      ; 1.229      ;
; 18.858 ; IF_ID_Reg:IF_ID_inst|register_N:PCPlus4_reg_inst|dffg:\gen_dffg:31:dffg_inst|altshift_taps:s_Q_rtl_0|shift_taps_bkm:auto_generated|dffe4 ; IF_ID_Reg:IF_ID_inst|register_N:PCPlus4_reg_inst|dffg:\gen_dffg:31:dffg_inst|altshift_taps:s_Q_rtl_0|shift_taps_bkm:auto_generated|altsyncram_k1b1:altsyncram2|ram_block5a22 ; iCLK         ; iCLK        ; 20.000       ; 0.132      ; 1.229      ;
; 18.858 ; IF_ID_Reg:IF_ID_inst|register_N:PCPlus4_reg_inst|dffg:\gen_dffg:31:dffg_inst|altshift_taps:s_Q_rtl_0|shift_taps_bkm:auto_generated|dffe4 ; IF_ID_Reg:IF_ID_inst|register_N:PCPlus4_reg_inst|dffg:\gen_dffg:31:dffg_inst|altshift_taps:s_Q_rtl_0|shift_taps_bkm:auto_generated|altsyncram_k1b1:altsyncram2|ram_block5a23 ; iCLK         ; iCLK        ; 20.000       ; 0.132      ; 1.229      ;
; 18.858 ; IF_ID_Reg:IF_ID_inst|register_N:PCPlus4_reg_inst|dffg:\gen_dffg:31:dffg_inst|altshift_taps:s_Q_rtl_0|shift_taps_bkm:auto_generated|dffe4 ; IF_ID_Reg:IF_ID_inst|register_N:PCPlus4_reg_inst|dffg:\gen_dffg:31:dffg_inst|altshift_taps:s_Q_rtl_0|shift_taps_bkm:auto_generated|altsyncram_k1b1:altsyncram2|ram_block5a24 ; iCLK         ; iCLK        ; 20.000       ; 0.132      ; 1.229      ;
; 18.858 ; IF_ID_Reg:IF_ID_inst|register_N:PCPlus4_reg_inst|dffg:\gen_dffg:31:dffg_inst|altshift_taps:s_Q_rtl_0|shift_taps_bkm:auto_generated|dffe4 ; IF_ID_Reg:IF_ID_inst|register_N:PCPlus4_reg_inst|dffg:\gen_dffg:31:dffg_inst|altshift_taps:s_Q_rtl_0|shift_taps_bkm:auto_generated|altsyncram_k1b1:altsyncram2|ram_block5a25 ; iCLK         ; iCLK        ; 20.000       ; 0.132      ; 1.229      ;
; 18.858 ; IF_ID_Reg:IF_ID_inst|register_N:PCPlus4_reg_inst|dffg:\gen_dffg:31:dffg_inst|altshift_taps:s_Q_rtl_0|shift_taps_bkm:auto_generated|dffe4 ; IF_ID_Reg:IF_ID_inst|register_N:PCPlus4_reg_inst|dffg:\gen_dffg:31:dffg_inst|altshift_taps:s_Q_rtl_0|shift_taps_bkm:auto_generated|altsyncram_k1b1:altsyncram2|ram_block5a26 ; iCLK         ; iCLK        ; 20.000       ; 0.132      ; 1.229      ;
; 18.858 ; IF_ID_Reg:IF_ID_inst|register_N:PCPlus4_reg_inst|dffg:\gen_dffg:31:dffg_inst|altshift_taps:s_Q_rtl_0|shift_taps_bkm:auto_generated|dffe4 ; IF_ID_Reg:IF_ID_inst|register_N:PCPlus4_reg_inst|dffg:\gen_dffg:31:dffg_inst|altshift_taps:s_Q_rtl_0|shift_taps_bkm:auto_generated|altsyncram_k1b1:altsyncram2|ram_block5a27 ; iCLK         ; iCLK        ; 20.000       ; 0.132      ; 1.229      ;
; 18.858 ; IF_ID_Reg:IF_ID_inst|register_N:PCPlus4_reg_inst|dffg:\gen_dffg:31:dffg_inst|altshift_taps:s_Q_rtl_0|shift_taps_bkm:auto_generated|dffe4 ; IF_ID_Reg:IF_ID_inst|register_N:PCPlus4_reg_inst|dffg:\gen_dffg:31:dffg_inst|altshift_taps:s_Q_rtl_0|shift_taps_bkm:auto_generated|altsyncram_k1b1:altsyncram2|ram_block5a28 ; iCLK         ; iCLK        ; 20.000       ; 0.132      ; 1.229      ;
; 18.858 ; IF_ID_Reg:IF_ID_inst|register_N:PCPlus4_reg_inst|dffg:\gen_dffg:31:dffg_inst|altshift_taps:s_Q_rtl_0|shift_taps_bkm:auto_generated|dffe4 ; IF_ID_Reg:IF_ID_inst|register_N:PCPlus4_reg_inst|dffg:\gen_dffg:31:dffg_inst|altshift_taps:s_Q_rtl_0|shift_taps_bkm:auto_generated|altsyncram_k1b1:altsyncram2|ram_block5a29 ; iCLK         ; iCLK        ; 20.000       ; 0.132      ; 1.229      ;
+--------+------------------------------------------------------------------------------------------------------------------------------------------+------------------------------------------------------------------------------------------------------------------------------------------------------------------------------+--------------+-------------+--------------+------------+------------+


+-------------------------------------------------------------------------------------------------------------------------------------------------------------------------------------------------------------------------------------------------------------------------------------------------------------------------------------------------------------------------------------------------------+
; Fast 1200mV 0C Model Removal: 'iCLK'                                                                                                                                                                                                                                                                                                                                                                  ;
+-------+------------------------------------------------------------------------------------------------------------------------------------------+------------------------------------------------------------------------------------------------------------------------------------------------------------------------------+--------------+-------------+--------------+------------+------------+
; Slack ; From Node                                                                                                                                ; To Node                                                                                                                                                                      ; Launch Clock ; Latch Clock ; Relationship ; Clock Skew ; Data Delay ;
+-------+------------------------------------------------------------------------------------------------------------------------------------------+------------------------------------------------------------------------------------------------------------------------------------------------------------------------------+--------------+-------------+--------------+------------+------------+
; 0.816 ; IF_ID_Reg:IF_ID_inst|register_N:PCPlus4_reg_inst|dffg:\gen_dffg:31:dffg_inst|altshift_taps:s_Q_rtl_0|shift_taps_bkm:auto_generated|dffe4 ; IF_ID_Reg:IF_ID_inst|register_N:PCPlus4_reg_inst|dffg:\gen_dffg:31:dffg_inst|altshift_taps:s_Q_rtl_0|shift_taps_bkm:auto_generated|altsyncram_k1b1:altsyncram2|ram_block5a0  ; iCLK         ; iCLK        ; 0.000        ; 0.221      ; 1.127      ;
; 0.816 ; IF_ID_Reg:IF_ID_inst|register_N:PCPlus4_reg_inst|dffg:\gen_dffg:31:dffg_inst|altshift_taps:s_Q_rtl_0|shift_taps_bkm:auto_generated|dffe4 ; IF_ID_Reg:IF_ID_inst|register_N:PCPlus4_reg_inst|dffg:\gen_dffg:31:dffg_inst|altshift_taps:s_Q_rtl_0|shift_taps_bkm:auto_generated|altsyncram_k1b1:altsyncram2|ram_block5a1  ; iCLK         ; iCLK        ; 0.000        ; 0.221      ; 1.127      ;
; 0.816 ; IF_ID_Reg:IF_ID_inst|register_N:PCPlus4_reg_inst|dffg:\gen_dffg:31:dffg_inst|altshift_taps:s_Q_rtl_0|shift_taps_bkm:auto_generated|dffe4 ; IF_ID_Reg:IF_ID_inst|register_N:PCPlus4_reg_inst|dffg:\gen_dffg:31:dffg_inst|altshift_taps:s_Q_rtl_0|shift_taps_bkm:auto_generated|altsyncram_k1b1:altsyncram2|ram_block5a2  ; iCLK         ; iCLK        ; 0.000        ; 0.221      ; 1.127      ;
; 0.816 ; IF_ID_Reg:IF_ID_inst|register_N:PCPlus4_reg_inst|dffg:\gen_dffg:31:dffg_inst|altshift_taps:s_Q_rtl_0|shift_taps_bkm:auto_generated|dffe4 ; IF_ID_Reg:IF_ID_inst|register_N:PCPlus4_reg_inst|dffg:\gen_dffg:31:dffg_inst|altshift_taps:s_Q_rtl_0|shift_taps_bkm:auto_generated|altsyncram_k1b1:altsyncram2|ram_block5a3  ; iCLK         ; iCLK        ; 0.000        ; 0.221      ; 1.127      ;
; 0.816 ; IF_ID_Reg:IF_ID_inst|register_N:PCPlus4_reg_inst|dffg:\gen_dffg:31:dffg_inst|altshift_taps:s_Q_rtl_0|shift_taps_bkm:auto_generated|dffe4 ; IF_ID_Reg:IF_ID_inst|register_N:PCPlus4_reg_inst|dffg:\gen_dffg:31:dffg_inst|altshift_taps:s_Q_rtl_0|shift_taps_bkm:auto_generated|altsyncram_k1b1:altsyncram2|ram_block5a4  ; iCLK         ; iCLK        ; 0.000        ; 0.221      ; 1.127      ;
; 0.816 ; IF_ID_Reg:IF_ID_inst|register_N:PCPlus4_reg_inst|dffg:\gen_dffg:31:dffg_inst|altshift_taps:s_Q_rtl_0|shift_taps_bkm:auto_generated|dffe4 ; IF_ID_Reg:IF_ID_inst|register_N:PCPlus4_reg_inst|dffg:\gen_dffg:31:dffg_inst|altshift_taps:s_Q_rtl_0|shift_taps_bkm:auto_generated|altsyncram_k1b1:altsyncram2|ram_block5a5  ; iCLK         ; iCLK        ; 0.000        ; 0.221      ; 1.127      ;
; 0.816 ; IF_ID_Reg:IF_ID_inst|register_N:PCPlus4_reg_inst|dffg:\gen_dffg:31:dffg_inst|altshift_taps:s_Q_rtl_0|shift_taps_bkm:auto_generated|dffe4 ; IF_ID_Reg:IF_ID_inst|register_N:PCPlus4_reg_inst|dffg:\gen_dffg:31:dffg_inst|altshift_taps:s_Q_rtl_0|shift_taps_bkm:auto_generated|altsyncram_k1b1:altsyncram2|ram_block5a6  ; iCLK         ; iCLK        ; 0.000        ; 0.221      ; 1.127      ;
; 0.816 ; IF_ID_Reg:IF_ID_inst|register_N:PCPlus4_reg_inst|dffg:\gen_dffg:31:dffg_inst|altshift_taps:s_Q_rtl_0|shift_taps_bkm:auto_generated|dffe4 ; IF_ID_Reg:IF_ID_inst|register_N:PCPlus4_reg_inst|dffg:\gen_dffg:31:dffg_inst|altshift_taps:s_Q_rtl_0|shift_taps_bkm:auto_generated|altsyncram_k1b1:altsyncram2|ram_block5a7  ; iCLK         ; iCLK        ; 0.000        ; 0.221      ; 1.127      ;
; 0.816 ; IF_ID_Reg:IF_ID_inst|register_N:PCPlus4_reg_inst|dffg:\gen_dffg:31:dffg_inst|altshift_taps:s_Q_rtl_0|shift_taps_bkm:auto_generated|dffe4 ; IF_ID_Reg:IF_ID_inst|register_N:PCPlus4_reg_inst|dffg:\gen_dffg:31:dffg_inst|altshift_taps:s_Q_rtl_0|shift_taps_bkm:auto_generated|altsyncram_k1b1:altsyncram2|ram_block5a8  ; iCLK         ; iCLK        ; 0.000        ; 0.221      ; 1.127      ;
; 0.816 ; IF_ID_Reg:IF_ID_inst|register_N:PCPlus4_reg_inst|dffg:\gen_dffg:31:dffg_inst|altshift_taps:s_Q_rtl_0|shift_taps_bkm:auto_generated|dffe4 ; IF_ID_Reg:IF_ID_inst|register_N:PCPlus4_reg_inst|dffg:\gen_dffg:31:dffg_inst|altshift_taps:s_Q_rtl_0|shift_taps_bkm:auto_generated|altsyncram_k1b1:altsyncram2|ram_block5a9  ; iCLK         ; iCLK        ; 0.000        ; 0.221      ; 1.127      ;
; 0.816 ; IF_ID_Reg:IF_ID_inst|register_N:PCPlus4_reg_inst|dffg:\gen_dffg:31:dffg_inst|altshift_taps:s_Q_rtl_0|shift_taps_bkm:auto_generated|dffe4 ; IF_ID_Reg:IF_ID_inst|register_N:PCPlus4_reg_inst|dffg:\gen_dffg:31:dffg_inst|altshift_taps:s_Q_rtl_0|shift_taps_bkm:auto_generated|altsyncram_k1b1:altsyncram2|ram_block5a10 ; iCLK         ; iCLK        ; 0.000        ; 0.221      ; 1.127      ;
; 0.816 ; IF_ID_Reg:IF_ID_inst|register_N:PCPlus4_reg_inst|dffg:\gen_dffg:31:dffg_inst|altshift_taps:s_Q_rtl_0|shift_taps_bkm:auto_generated|dffe4 ; IF_ID_Reg:IF_ID_inst|register_N:PCPlus4_reg_inst|dffg:\gen_dffg:31:dffg_inst|altshift_taps:s_Q_rtl_0|shift_taps_bkm:auto_generated|altsyncram_k1b1:altsyncram2|ram_block5a11 ; iCLK         ; iCLK        ; 0.000        ; 0.221      ; 1.127      ;
; 0.816 ; IF_ID_Reg:IF_ID_inst|register_N:PCPlus4_reg_inst|dffg:\gen_dffg:31:dffg_inst|altshift_taps:s_Q_rtl_0|shift_taps_bkm:auto_generated|dffe4 ; IF_ID_Reg:IF_ID_inst|register_N:PCPlus4_reg_inst|dffg:\gen_dffg:31:dffg_inst|altshift_taps:s_Q_rtl_0|shift_taps_bkm:auto_generated|altsyncram_k1b1:altsyncram2|ram_block5a12 ; iCLK         ; iCLK        ; 0.000        ; 0.221      ; 1.127      ;
; 0.816 ; IF_ID_Reg:IF_ID_inst|register_N:PCPlus4_reg_inst|dffg:\gen_dffg:31:dffg_inst|altshift_taps:s_Q_rtl_0|shift_taps_bkm:auto_generated|dffe4 ; IF_ID_Reg:IF_ID_inst|register_N:PCPlus4_reg_inst|dffg:\gen_dffg:31:dffg_inst|altshift_taps:s_Q_rtl_0|shift_taps_bkm:auto_generated|altsyncram_k1b1:altsyncram2|ram_block5a13 ; iCLK         ; iCLK        ; 0.000        ; 0.221      ; 1.127      ;
; 0.816 ; IF_ID_Reg:IF_ID_inst|register_N:PCPlus4_reg_inst|dffg:\gen_dffg:31:dffg_inst|altshift_taps:s_Q_rtl_0|shift_taps_bkm:auto_generated|dffe4 ; IF_ID_Reg:IF_ID_inst|register_N:PCPlus4_reg_inst|dffg:\gen_dffg:31:dffg_inst|altshift_taps:s_Q_rtl_0|shift_taps_bkm:auto_generated|altsyncram_k1b1:altsyncram2|ram_block5a14 ; iCLK         ; iCLK        ; 0.000        ; 0.221      ; 1.127      ;
; 0.816 ; IF_ID_Reg:IF_ID_inst|register_N:PCPlus4_reg_inst|dffg:\gen_dffg:31:dffg_inst|altshift_taps:s_Q_rtl_0|shift_taps_bkm:auto_generated|dffe4 ; IF_ID_Reg:IF_ID_inst|register_N:PCPlus4_reg_inst|dffg:\gen_dffg:31:dffg_inst|altshift_taps:s_Q_rtl_0|shift_taps_bkm:auto_generated|altsyncram_k1b1:altsyncram2|ram_block5a15 ; iCLK         ; iCLK        ; 0.000        ; 0.221      ; 1.127      ;
; 0.816 ; IF_ID_Reg:IF_ID_inst|register_N:PCPlus4_reg_inst|dffg:\gen_dffg:31:dffg_inst|altshift_taps:s_Q_rtl_0|shift_taps_bkm:auto_generated|dffe4 ; IF_ID_Reg:IF_ID_inst|register_N:PCPlus4_reg_inst|dffg:\gen_dffg:31:dffg_inst|altshift_taps:s_Q_rtl_0|shift_taps_bkm:auto_generated|altsyncram_k1b1:altsyncram2|ram_block5a16 ; iCLK         ; iCLK        ; 0.000        ; 0.221      ; 1.127      ;
; 0.816 ; IF_ID_Reg:IF_ID_inst|register_N:PCPlus4_reg_inst|dffg:\gen_dffg:31:dffg_inst|altshift_taps:s_Q_rtl_0|shift_taps_bkm:auto_generated|dffe4 ; IF_ID_Reg:IF_ID_inst|register_N:PCPlus4_reg_inst|dffg:\gen_dffg:31:dffg_inst|altshift_taps:s_Q_rtl_0|shift_taps_bkm:auto_generated|altsyncram_k1b1:altsyncram2|ram_block5a17 ; iCLK         ; iCLK        ; 0.000        ; 0.221      ; 1.127      ;
; 0.816 ; IF_ID_Reg:IF_ID_inst|register_N:PCPlus4_reg_inst|dffg:\gen_dffg:31:dffg_inst|altshift_taps:s_Q_rtl_0|shift_taps_bkm:auto_generated|dffe4 ; IF_ID_Reg:IF_ID_inst|register_N:PCPlus4_reg_inst|dffg:\gen_dffg:31:dffg_inst|altshift_taps:s_Q_rtl_0|shift_taps_bkm:auto_generated|altsyncram_k1b1:altsyncram2|ram_block5a18 ; iCLK         ; iCLK        ; 0.000        ; 0.221      ; 1.127      ;
; 0.816 ; IF_ID_Reg:IF_ID_inst|register_N:PCPlus4_reg_inst|dffg:\gen_dffg:31:dffg_inst|altshift_taps:s_Q_rtl_0|shift_taps_bkm:auto_generated|dffe4 ; IF_ID_Reg:IF_ID_inst|register_N:PCPlus4_reg_inst|dffg:\gen_dffg:31:dffg_inst|altshift_taps:s_Q_rtl_0|shift_taps_bkm:auto_generated|altsyncram_k1b1:altsyncram2|ram_block5a19 ; iCLK         ; iCLK        ; 0.000        ; 0.221      ; 1.127      ;
; 0.816 ; IF_ID_Reg:IF_ID_inst|register_N:PCPlus4_reg_inst|dffg:\gen_dffg:31:dffg_inst|altshift_taps:s_Q_rtl_0|shift_taps_bkm:auto_generated|dffe4 ; IF_ID_Reg:IF_ID_inst|register_N:PCPlus4_reg_inst|dffg:\gen_dffg:31:dffg_inst|altshift_taps:s_Q_rtl_0|shift_taps_bkm:auto_generated|altsyncram_k1b1:altsyncram2|ram_block5a20 ; iCLK         ; iCLK        ; 0.000        ; 0.221      ; 1.127      ;
; 0.816 ; IF_ID_Reg:IF_ID_inst|register_N:PCPlus4_reg_inst|dffg:\gen_dffg:31:dffg_inst|altshift_taps:s_Q_rtl_0|shift_taps_bkm:auto_generated|dffe4 ; IF_ID_Reg:IF_ID_inst|register_N:PCPlus4_reg_inst|dffg:\gen_dffg:31:dffg_inst|altshift_taps:s_Q_rtl_0|shift_taps_bkm:auto_generated|altsyncram_k1b1:altsyncram2|ram_block5a21 ; iCLK         ; iCLK        ; 0.000        ; 0.221      ; 1.127      ;
; 0.816 ; IF_ID_Reg:IF_ID_inst|register_N:PCPlus4_reg_inst|dffg:\gen_dffg:31:dffg_inst|altshift_taps:s_Q_rtl_0|shift_taps_bkm:auto_generated|dffe4 ; IF_ID_Reg:IF_ID_inst|register_N:PCPlus4_reg_inst|dffg:\gen_dffg:31:dffg_inst|altshift_taps:s_Q_rtl_0|shift_taps_bkm:auto_generated|altsyncram_k1b1:altsyncram2|ram_block5a22 ; iCLK         ; iCLK        ; 0.000        ; 0.221      ; 1.127      ;
; 0.816 ; IF_ID_Reg:IF_ID_inst|register_N:PCPlus4_reg_inst|dffg:\gen_dffg:31:dffg_inst|altshift_taps:s_Q_rtl_0|shift_taps_bkm:auto_generated|dffe4 ; IF_ID_Reg:IF_ID_inst|register_N:PCPlus4_reg_inst|dffg:\gen_dffg:31:dffg_inst|altshift_taps:s_Q_rtl_0|shift_taps_bkm:auto_generated|altsyncram_k1b1:altsyncram2|ram_block5a23 ; iCLK         ; iCLK        ; 0.000        ; 0.221      ; 1.127      ;
; 0.816 ; IF_ID_Reg:IF_ID_inst|register_N:PCPlus4_reg_inst|dffg:\gen_dffg:31:dffg_inst|altshift_taps:s_Q_rtl_0|shift_taps_bkm:auto_generated|dffe4 ; IF_ID_Reg:IF_ID_inst|register_N:PCPlus4_reg_inst|dffg:\gen_dffg:31:dffg_inst|altshift_taps:s_Q_rtl_0|shift_taps_bkm:auto_generated|altsyncram_k1b1:altsyncram2|ram_block5a24 ; iCLK         ; iCLK        ; 0.000        ; 0.221      ; 1.127      ;
; 0.816 ; IF_ID_Reg:IF_ID_inst|register_N:PCPlus4_reg_inst|dffg:\gen_dffg:31:dffg_inst|altshift_taps:s_Q_rtl_0|shift_taps_bkm:auto_generated|dffe4 ; IF_ID_Reg:IF_ID_inst|register_N:PCPlus4_reg_inst|dffg:\gen_dffg:31:dffg_inst|altshift_taps:s_Q_rtl_0|shift_taps_bkm:auto_generated|altsyncram_k1b1:altsyncram2|ram_block5a25 ; iCLK         ; iCLK        ; 0.000        ; 0.221      ; 1.127      ;
; 0.816 ; IF_ID_Reg:IF_ID_inst|register_N:PCPlus4_reg_inst|dffg:\gen_dffg:31:dffg_inst|altshift_taps:s_Q_rtl_0|shift_taps_bkm:auto_generated|dffe4 ; IF_ID_Reg:IF_ID_inst|register_N:PCPlus4_reg_inst|dffg:\gen_dffg:31:dffg_inst|altshift_taps:s_Q_rtl_0|shift_taps_bkm:auto_generated|altsyncram_k1b1:altsyncram2|ram_block5a26 ; iCLK         ; iCLK        ; 0.000        ; 0.221      ; 1.127      ;
; 0.816 ; IF_ID_Reg:IF_ID_inst|register_N:PCPlus4_reg_inst|dffg:\gen_dffg:31:dffg_inst|altshift_taps:s_Q_rtl_0|shift_taps_bkm:auto_generated|dffe4 ; IF_ID_Reg:IF_ID_inst|register_N:PCPlus4_reg_inst|dffg:\gen_dffg:31:dffg_inst|altshift_taps:s_Q_rtl_0|shift_taps_bkm:auto_generated|altsyncram_k1b1:altsyncram2|ram_block5a27 ; iCLK         ; iCLK        ; 0.000        ; 0.221      ; 1.127      ;
; 0.816 ; IF_ID_Reg:IF_ID_inst|register_N:PCPlus4_reg_inst|dffg:\gen_dffg:31:dffg_inst|altshift_taps:s_Q_rtl_0|shift_taps_bkm:auto_generated|dffe4 ; IF_ID_Reg:IF_ID_inst|register_N:PCPlus4_reg_inst|dffg:\gen_dffg:31:dffg_inst|altshift_taps:s_Q_rtl_0|shift_taps_bkm:auto_generated|altsyncram_k1b1:altsyncram2|ram_block5a28 ; iCLK         ; iCLK        ; 0.000        ; 0.221      ; 1.127      ;
; 0.816 ; IF_ID_Reg:IF_ID_inst|register_N:PCPlus4_reg_inst|dffg:\gen_dffg:31:dffg_inst|altshift_taps:s_Q_rtl_0|shift_taps_bkm:auto_generated|dffe4 ; IF_ID_Reg:IF_ID_inst|register_N:PCPlus4_reg_inst|dffg:\gen_dffg:31:dffg_inst|altshift_taps:s_Q_rtl_0|shift_taps_bkm:auto_generated|altsyncram_k1b1:altsyncram2|ram_block5a29 ; iCLK         ; iCLK        ; 0.000        ; 0.221      ; 1.127      ;
+-------+------------------------------------------------------------------------------------------------------------------------------------------+------------------------------------------------------------------------------------------------------------------------------------------------------------------------------+--------------+-------------+--------------+------------+------------+


----------------------------------------------
; Fast 1200mV 0C Model Metastability Summary ;
----------------------------------------------
No synchronizer chains to report.


+-----------------------------------------------------------------------------+
; Multicorner Timing Analysis Summary                                         ;
+------------------+-------+-------+----------+---------+---------------------+
; Clock            ; Setup ; Hold  ; Recovery ; Removal ; Minimum Pulse Width ;
+------------------+-------+-------+----------+---------+---------------------+
; Worst-case Slack ; 1.220 ; 0.138 ; 17.717   ; 0.816   ; 9.374               ;
;  iCLK            ; 1.220 ; 0.138 ; 17.717   ; 0.816   ; 9.374               ;
; Design-wide TNS  ; 0.0   ; 0.0   ; 0.0      ; 0.0     ; 0.0                 ;
;  iCLK            ; 0.000 ; 0.000 ; 0.000    ; 0.000   ; 0.000               ;
+------------------+-------+-------+----------+---------+---------------------+


+------------------------------------------------------------------------------------------------------------------------------------------------------------------------------------------------------------------------------------------------------------------------------------------------------------------------------------------------------------------------------------------------------------------+
; Board Trace Model Assignments                                                                                                                                                                                                                                                                                                                                                                                    ;
+---------------+--------------+-------------------+-------------------------+-------------------------+---------------+---------------------+----------------+------------------+--------+------------------+------------------------+------------------------+--------------+---------------+-----------------+-------+---------------------+--------------------+---------------+-----------------+-------------+
; Pin           ; I/O Standard ; Near Tline Length ; Near Tline L per Length ; Near Tline C per Length ; Near Series R ; Near Differential R ; Near Pull-up R ; Near Pull-down R ; Near C ; Far Tline Length ; Far Tline L per Length ; Far Tline C per Length ; Far Series R ; Far Pull-up R ; Far Pull-down R ; Far C ; Termination Voltage ; Far Differential R ; EBD File Name ; EBD Signal Name ; EBD Far-end ;
+---------------+--------------+-------------------+-------------------------+-------------------------+---------------+---------------------+----------------+------------------+--------+------------------+------------------------+------------------------+--------------+---------------+-----------------+-------+---------------------+--------------------+---------------+-----------------+-------------+
; oALUOut[0]    ; 2.5 V        ; 0 in              ; 0 H/in                  ; 0 F/in                  ; short         ; -                   ; open           ; open             ; open   ; 0 in             ; 0 H/in                 ; 0 F/in                 ; short        ; open          ; open            ; open  ; 0 V                 ; -                  ; n/a           ; n/a             ; n/a         ;
; oALUOut[1]    ; 2.5 V        ; 0 in              ; 0 H/in                  ; 0 F/in                  ; short         ; -                   ; open           ; open             ; open   ; 0 in             ; 0 H/in                 ; 0 F/in                 ; short        ; open          ; open            ; open  ; 0 V                 ; -                  ; n/a           ; n/a             ; n/a         ;
; oALUOut[2]    ; 2.5 V        ; 0 in              ; 0 H/in                  ; 0 F/in                  ; short         ; -                   ; open           ; open             ; open   ; 0 in             ; 0 H/in                 ; 0 F/in                 ; short        ; open          ; open            ; open  ; 0 V                 ; -                  ; n/a           ; n/a             ; n/a         ;
; oALUOut[3]    ; 2.5 V        ; 0 in              ; 0 H/in                  ; 0 F/in                  ; short         ; -                   ; open           ; open             ; open   ; 0 in             ; 0 H/in                 ; 0 F/in                 ; short        ; open          ; open            ; open  ; 0 V                 ; -                  ; n/a           ; n/a             ; n/a         ;
; oALUOut[4]    ; 2.5 V        ; 0 in              ; 0 H/in                  ; 0 F/in                  ; short         ; -                   ; open           ; open             ; open   ; 0 in             ; 0 H/in                 ; 0 F/in                 ; short        ; open          ; open            ; open  ; 0 V                 ; -                  ; n/a           ; n/a             ; n/a         ;
; oALUOut[5]    ; 2.5 V        ; 0 in              ; 0 H/in                  ; 0 F/in                  ; short         ; -                   ; open           ; open             ; open   ; 0 in             ; 0 H/in                 ; 0 F/in                 ; short        ; open          ; open            ; open  ; 0 V                 ; -                  ; n/a           ; n/a             ; n/a         ;
; oALUOut[6]    ; 2.5 V        ; 0 in              ; 0 H/in                  ; 0 F/in                  ; short         ; -                   ; open           ; open             ; open   ; 0 in             ; 0 H/in                 ; 0 F/in                 ; short        ; open          ; open            ; open  ; 0 V                 ; -                  ; n/a           ; n/a             ; n/a         ;
; oALUOut[7]    ; 2.5 V        ; 0 in              ; 0 H/in                  ; 0 F/in                  ; short         ; -                   ; open           ; open             ; open   ; 0 in             ; 0 H/in                 ; 0 F/in                 ; short        ; open          ; open            ; open  ; 0 V                 ; -                  ; n/a           ; n/a             ; n/a         ;
; oALUOut[8]    ; 2.5 V        ; 0 in              ; 0 H/in                  ; 0 F/in                  ; short         ; -                   ; open           ; open             ; open   ; 0 in             ; 0 H/in                 ; 0 F/in                 ; short        ; open          ; open            ; open  ; 0 V                 ; -                  ; n/a           ; n/a             ; n/a         ;
; oALUOut[9]    ; 2.5 V        ; 0 in              ; 0 H/in                  ; 0 F/in                  ; short         ; -                   ; open           ; open             ; open   ; 0 in             ; 0 H/in                 ; 0 F/in                 ; short        ; open          ; open            ; open  ; 0 V                 ; -                  ; n/a           ; n/a             ; n/a         ;
; oALUOut[10]   ; 2.5 V        ; 0 in              ; 0 H/in                  ; 0 F/in                  ; short         ; -                   ; open           ; open             ; open   ; 0 in             ; 0 H/in                 ; 0 F/in                 ; short        ; open          ; open            ; open  ; 0 V                 ; -                  ; n/a           ; n/a             ; n/a         ;
; oALUOut[11]   ; 2.5 V        ; 0 in              ; 0 H/in                  ; 0 F/in                  ; short         ; -                   ; open           ; open             ; open   ; 0 in             ; 0 H/in                 ; 0 F/in                 ; short        ; open          ; open            ; open  ; 0 V                 ; -                  ; n/a           ; n/a             ; n/a         ;
; oALUOut[12]   ; 2.5 V        ; 0 in              ; 0 H/in                  ; 0 F/in                  ; short         ; -                   ; open           ; open             ; open   ; 0 in             ; 0 H/in                 ; 0 F/in                 ; short        ; open          ; open            ; open  ; 0 V                 ; -                  ; n/a           ; n/a             ; n/a         ;
; oALUOut[13]   ; 2.5 V        ; 0 in              ; 0 H/in                  ; 0 F/in                  ; short         ; -                   ; open           ; open             ; open   ; 0 in             ; 0 H/in                 ; 0 F/in                 ; short        ; open          ; open            ; open  ; 0 V                 ; -                  ; n/a           ; n/a             ; n/a         ;
; oALUOut[14]   ; 2.5 V        ; 0 in              ; 0 H/in                  ; 0 F/in                  ; short         ; -                   ; open           ; open             ; open   ; 0 in             ; 0 H/in                 ; 0 F/in                 ; short        ; open          ; open            ; open  ; 0 V                 ; -                  ; n/a           ; n/a             ; n/a         ;
; oALUOut[15]   ; 2.5 V        ; 0 in              ; 0 H/in                  ; 0 F/in                  ; short         ; -                   ; open           ; open             ; open   ; 0 in             ; 0 H/in                 ; 0 F/in                 ; short        ; open          ; open            ; open  ; 0 V                 ; -                  ; n/a           ; n/a             ; n/a         ;
; oALUOut[16]   ; 2.5 V        ; 0 in              ; 0 H/in                  ; 0 F/in                  ; short         ; -                   ; open           ; open             ; open   ; 0 in             ; 0 H/in                 ; 0 F/in                 ; short        ; open          ; open            ; open  ; 0 V                 ; -                  ; n/a           ; n/a             ; n/a         ;
; oALUOut[17]   ; 2.5 V        ; 0 in              ; 0 H/in                  ; 0 F/in                  ; short         ; -                   ; open           ; open             ; open   ; 0 in             ; 0 H/in                 ; 0 F/in                 ; short        ; open          ; open            ; open  ; 0 V                 ; -                  ; n/a           ; n/a             ; n/a         ;
; oALUOut[18]   ; 2.5 V        ; 0 in              ; 0 H/in                  ; 0 F/in                  ; short         ; -                   ; open           ; open             ; open   ; 0 in             ; 0 H/in                 ; 0 F/in                 ; short        ; open          ; open            ; open  ; 0 V                 ; -                  ; n/a           ; n/a             ; n/a         ;
; oALUOut[19]   ; 2.5 V        ; 0 in              ; 0 H/in                  ; 0 F/in                  ; short         ; -                   ; open           ; open             ; open   ; 0 in             ; 0 H/in                 ; 0 F/in                 ; short        ; open          ; open            ; open  ; 0 V                 ; -                  ; n/a           ; n/a             ; n/a         ;
; oALUOut[20]   ; 2.5 V        ; 0 in              ; 0 H/in                  ; 0 F/in                  ; short         ; -                   ; open           ; open             ; open   ; 0 in             ; 0 H/in                 ; 0 F/in                 ; short        ; open          ; open            ; open  ; 0 V                 ; -                  ; n/a           ; n/a             ; n/a         ;
; oALUOut[21]   ; 2.5 V        ; 0 in              ; 0 H/in                  ; 0 F/in                  ; short         ; -                   ; open           ; open             ; open   ; 0 in             ; 0 H/in                 ; 0 F/in                 ; short        ; open          ; open            ; open  ; 0 V                 ; -                  ; n/a           ; n/a             ; n/a         ;
; oALUOut[22]   ; 2.5 V        ; 0 in              ; 0 H/in                  ; 0 F/in                  ; short         ; -                   ; open           ; open             ; open   ; 0 in             ; 0 H/in                 ; 0 F/in                 ; short        ; open          ; open            ; open  ; 0 V                 ; -                  ; n/a           ; n/a             ; n/a         ;
; oALUOut[23]   ; 2.5 V        ; 0 in              ; 0 H/in                  ; 0 F/in                  ; short         ; -                   ; open           ; open             ; open   ; 0 in             ; 0 H/in                 ; 0 F/in                 ; short        ; open          ; open            ; open  ; 0 V                 ; -                  ; n/a           ; n/a             ; n/a         ;
; oALUOut[24]   ; 2.5 V        ; 0 in              ; 0 H/in                  ; 0 F/in                  ; short         ; -                   ; open           ; open             ; open   ; 0 in             ; 0 H/in                 ; 0 F/in                 ; short        ; open          ; open            ; open  ; 0 V                 ; -                  ; n/a           ; n/a             ; n/a         ;
; oALUOut[25]   ; 2.5 V        ; 0 in              ; 0 H/in                  ; 0 F/in                  ; short         ; -                   ; open           ; open             ; open   ; 0 in             ; 0 H/in                 ; 0 F/in                 ; short        ; open          ; open            ; open  ; 0 V                 ; -                  ; n/a           ; n/a             ; n/a         ;
; oALUOut[26]   ; 2.5 V        ; 0 in              ; 0 H/in                  ; 0 F/in                  ; short         ; -                   ; open           ; open             ; open   ; 0 in             ; 0 H/in                 ; 0 F/in                 ; short        ; open          ; open            ; open  ; 0 V                 ; -                  ; n/a           ; n/a             ; n/a         ;
; oALUOut[27]   ; 2.5 V        ; 0 in              ; 0 H/in                  ; 0 F/in                  ; short         ; -                   ; open           ; open             ; open   ; 0 in             ; 0 H/in                 ; 0 F/in                 ; short        ; open          ; open            ; open  ; 0 V                 ; -                  ; n/a           ; n/a             ; n/a         ;
; oALUOut[28]   ; 2.5 V        ; 0 in              ; 0 H/in                  ; 0 F/in                  ; short         ; -                   ; open           ; open             ; open   ; 0 in             ; 0 H/in                 ; 0 F/in                 ; short        ; open          ; open            ; open  ; 0 V                 ; -                  ; n/a           ; n/a             ; n/a         ;
; oALUOut[29]   ; 2.5 V        ; 0 in              ; 0 H/in                  ; 0 F/in                  ; short         ; -                   ; open           ; open             ; open   ; 0 in             ; 0 H/in                 ; 0 F/in                 ; short        ; open          ; open            ; open  ; 0 V                 ; -                  ; n/a           ; n/a             ; n/a         ;
; oALUOut[30]   ; 2.5 V        ; 0 in              ; 0 H/in                  ; 0 F/in                  ; short         ; -                   ; open           ; open             ; open   ; 0 in             ; 0 H/in                 ; 0 F/in                 ; short        ; open          ; open            ; open  ; 0 V                 ; -                  ; n/a           ; n/a             ; n/a         ;
; oALUOut[31]   ; 2.5 V        ; 0 in              ; 0 H/in                  ; 0 F/in                  ; short         ; -                   ; open           ; open             ; open   ; 0 in             ; 0 H/in                 ; 0 F/in                 ; short        ; open          ; open            ; open  ; 0 V                 ; -                  ; n/a           ; n/a             ; n/a         ;
; ~ALTERA_DCLK~ ; 2.5 V        ; 0 in              ; 0 H/in                  ; 0 F/in                  ; short         ; -                   ; open           ; open             ; open   ; 0 in             ; 0 H/in                 ; 0 F/in                 ; short        ; open          ; open            ; open  ; 0 V                 ; -                  ; n/a           ; n/a             ; n/a         ;
; ~ALTERA_nCEO~ ; 2.5 V        ; 0 in              ; 0 H/in                  ; 0 F/in                  ; short         ; -                   ; open           ; open             ; open   ; 0 in             ; 0 H/in                 ; 0 F/in                 ; short        ; open          ; open            ; open  ; 0 V                 ; -                  ; n/a           ; n/a             ; n/a         ;
+---------------+--------------+-------------------+-------------------------+-------------------------+---------------+---------------------+----------------+------------------+--------+------------------+------------------------+------------------------+--------------+---------------+-----------------+-------+---------------------+--------------------+---------------+-----------------+-------------+


+----------------------------------------------------------------------------+
; Input Transition Times                                                     ;
+-------------------------+--------------+-----------------+-----------------+
; Pin                     ; I/O Standard ; 10-90 Rise Time ; 90-10 Fall Time ;
+-------------------------+--------------+-----------------+-----------------+
; iInstAddr[0]            ; 2.5 V        ; 2000 ps         ; 2000 ps         ;
; iInstAddr[1]            ; 2.5 V        ; 2000 ps         ; 2000 ps         ;
; iInstAddr[12]           ; 2.5 V        ; 2000 ps         ; 2000 ps         ;
; iInstAddr[13]           ; 2.5 V        ; 2000 ps         ; 2000 ps         ;
; iInstAddr[14]           ; 2.5 V        ; 2000 ps         ; 2000 ps         ;
; iInstAddr[15]           ; 2.5 V        ; 2000 ps         ; 2000 ps         ;
; iInstAddr[16]           ; 2.5 V        ; 2000 ps         ; 2000 ps         ;
; iInstAddr[17]           ; 2.5 V        ; 2000 ps         ; 2000 ps         ;
; iInstAddr[18]           ; 2.5 V        ; 2000 ps         ; 2000 ps         ;
; iInstAddr[19]           ; 2.5 V        ; 2000 ps         ; 2000 ps         ;
; iInstAddr[20]           ; 2.5 V        ; 2000 ps         ; 2000 ps         ;
; iInstAddr[21]           ; 2.5 V        ; 2000 ps         ; 2000 ps         ;
; iInstAddr[22]           ; 2.5 V        ; 2000 ps         ; 2000 ps         ;
; iInstAddr[23]           ; 2.5 V        ; 2000 ps         ; 2000 ps         ;
; iInstAddr[24]           ; 2.5 V        ; 2000 ps         ; 2000 ps         ;
; iInstAddr[25]           ; 2.5 V        ; 2000 ps         ; 2000 ps         ;
; iInstAddr[26]           ; 2.5 V        ; 2000 ps         ; 2000 ps         ;
; iInstAddr[27]           ; 2.5 V        ; 2000 ps         ; 2000 ps         ;
; iInstAddr[28]           ; 2.5 V        ; 2000 ps         ; 2000 ps         ;
; iInstAddr[29]           ; 2.5 V        ; 2000 ps         ; 2000 ps         ;
; iInstAddr[30]           ; 2.5 V        ; 2000 ps         ; 2000 ps         ;
; iInstAddr[31]           ; 2.5 V        ; 2000 ps         ; 2000 ps         ;
; iCLK                    ; 2.5 V        ; 2000 ps         ; 2000 ps         ;
; iRST                    ; 2.5 V        ; 2000 ps         ; 2000 ps         ;
; iInstLd                 ; 2.5 V        ; 2000 ps         ; 2000 ps         ;
; iInstExt[12]            ; 2.5 V        ; 2000 ps         ; 2000 ps         ;
; iInstAddr[2]            ; 2.5 V        ; 2000 ps         ; 2000 ps         ;
; iInstAddr[3]            ; 2.5 V        ; 2000 ps         ; 2000 ps         ;
; iInstAddr[4]            ; 2.5 V        ; 2000 ps         ; 2000 ps         ;
; iInstAddr[5]            ; 2.5 V        ; 2000 ps         ; 2000 ps         ;
; iInstAddr[6]            ; 2.5 V        ; 2000 ps         ; 2000 ps         ;
; iInstAddr[7]            ; 2.5 V        ; 2000 ps         ; 2000 ps         ;
; iInstAddr[8]            ; 2.5 V        ; 2000 ps         ; 2000 ps         ;
; iInstAddr[9]            ; 2.5 V        ; 2000 ps         ; 2000 ps         ;
; iInstAddr[10]           ; 2.5 V        ; 2000 ps         ; 2000 ps         ;
; iInstAddr[11]           ; 2.5 V        ; 2000 ps         ; 2000 ps         ;
; iInstExt[14]            ; 2.5 V        ; 2000 ps         ; 2000 ps         ;
; iInstExt[13]            ; 2.5 V        ; 2000 ps         ; 2000 ps         ;
; iInstExt[4]             ; 2.5 V        ; 2000 ps         ; 2000 ps         ;
; iInstExt[25]            ; 2.5 V        ; 2000 ps         ; 2000 ps         ;
; iInstExt[26]            ; 2.5 V        ; 2000 ps         ; 2000 ps         ;
; iInstExt[27]            ; 2.5 V        ; 2000 ps         ; 2000 ps         ;
; iInstExt[28]            ; 2.5 V        ; 2000 ps         ; 2000 ps         ;
; iInstExt[29]            ; 2.5 V        ; 2000 ps         ; 2000 ps         ;
; iInstExt[31]            ; 2.5 V        ; 2000 ps         ; 2000 ps         ;
; iInstExt[30]            ; 2.5 V        ; 2000 ps         ; 2000 ps         ;
; iInstExt[5]             ; 2.5 V        ; 2000 ps         ; 2000 ps         ;
; iInstExt[6]             ; 2.5 V        ; 2000 ps         ; 2000 ps         ;
; iInstExt[0]             ; 2.5 V        ; 2000 ps         ; 2000 ps         ;
; iInstExt[1]             ; 2.5 V        ; 2000 ps         ; 2000 ps         ;
; iInstExt[3]             ; 2.5 V        ; 2000 ps         ; 2000 ps         ;
; iInstExt[2]             ; 2.5 V        ; 2000 ps         ; 2000 ps         ;
; iInstExt[7]             ; 2.5 V        ; 2000 ps         ; 2000 ps         ;
; iInstExt[20]            ; 2.5 V        ; 2000 ps         ; 2000 ps         ;
; iInstExt[21]            ; 2.5 V        ; 2000 ps         ; 2000 ps         ;
; iInstExt[24]            ; 2.5 V        ; 2000 ps         ; 2000 ps         ;
; iInstExt[23]            ; 2.5 V        ; 2000 ps         ; 2000 ps         ;
; iInstExt[22]            ; 2.5 V        ; 2000 ps         ; 2000 ps         ;
; iInstExt[16]            ; 2.5 V        ; 2000 ps         ; 2000 ps         ;
; iInstExt[15]            ; 2.5 V        ; 2000 ps         ; 2000 ps         ;
; iInstExt[19]            ; 2.5 V        ; 2000 ps         ; 2000 ps         ;
; iInstExt[18]            ; 2.5 V        ; 2000 ps         ; 2000 ps         ;
; iInstExt[17]            ; 2.5 V        ; 2000 ps         ; 2000 ps         ;
; iInstExt[11]            ; 2.5 V        ; 2000 ps         ; 2000 ps         ;
; iInstExt[10]            ; 2.5 V        ; 2000 ps         ; 2000 ps         ;
; iInstExt[9]             ; 2.5 V        ; 2000 ps         ; 2000 ps         ;
; iInstExt[8]             ; 2.5 V        ; 2000 ps         ; 2000 ps         ;
; ~ALTERA_ASDO_DATA1~     ; 2.5 V        ; 2000 ps         ; 2000 ps         ;
; ~ALTERA_FLASH_nCE_nCSO~ ; 2.5 V        ; 2000 ps         ; 2000 ps         ;
; ~ALTERA_DATA0~          ; 2.5 V        ; 2000 ps         ; 2000 ps         ;
+-------------------------+--------------+-----------------+-----------------+


+--------------------------------------------------------------------------------------------------------------------------------------------------------------------------------------------------------------------------------------------------------------------------------------------------------------------------------------------------------------------------------------------------------------------------------------------------------------------------------------------------------------------------------------------------------------------------------------------------------------------------------------------------------------------------------------------+
; Signal Integrity Metrics (Slow 1200mv 0c Model)                                                                                                                                                                                                                                                                                                                                                                                                                                                                                                                                                                                                                                            ;
+---------------+--------------+---------------------+---------------------+------------------------------+------------------------------+---------------------+---------------------+--------------------------------------+--------------------------------------+-----------------------------+-----------------------------+----------------------------+----------------------------+-----------------------------+-----------------------------+--------------------+--------------------+-------------------------------------+-------------------------------------+----------------------------+----------------------------+---------------------------+---------------------------+
; Pin           ; I/O Standard ; Board Delay on Rise ; Board Delay on Fall ; Steady State Voh at FPGA Pin ; Steady State Vol at FPGA Pin ; Voh Max at FPGA Pin ; Vol Min at FPGA Pin ; Ringback Voltage on Rise at FPGA Pin ; Ringback Voltage on Fall at FPGA Pin ; 10-90 Rise Time at FPGA Pin ; 90-10 Fall Time at FPGA Pin ; Monotonic Rise at FPGA Pin ; Monotonic Fall at FPGA Pin ; Steady State Voh at Far-end ; Steady State Vol at Far-end ; Voh Max at Far-end ; Vol Min at Far-end ; Ringback Voltage on Rise at Far-end ; Ringback Voltage on Fall at Far-end ; 10-90 Rise Time at Far-end ; 90-10 Fall Time at Far-end ; Monotonic Rise at Far-end ; Monotonic Fall at Far-end ;
+---------------+--------------+---------------------+---------------------+------------------------------+------------------------------+---------------------+---------------------+--------------------------------------+--------------------------------------+-----------------------------+-----------------------------+----------------------------+----------------------------+-----------------------------+-----------------------------+--------------------+--------------------+-------------------------------------+-------------------------------------+----------------------------+----------------------------+---------------------------+---------------------------+
; oALUOut[0]    ; 2.5 V        ; 0 s                 ; 0 s                 ; 2.32 V                       ; 4.49e-09 V                   ; 2.38 V              ; -0.00552 V          ; 0.096 V                              ; 0.019 V                              ; 4.18e-10 s                  ; 3.59e-10 s                  ; No                         ; Yes                        ; 2.32 V                      ; 4.49e-09 V                  ; 2.38 V             ; -0.00552 V         ; 0.096 V                             ; 0.019 V                             ; 4.18e-10 s                 ; 3.59e-10 s                 ; No                        ; Yes                       ;
; oALUOut[1]    ; 2.5 V        ; 0 s                 ; 0 s                 ; 2.32 V                       ; 4.49e-09 V                   ; 2.38 V              ; -0.00552 V          ; 0.096 V                              ; 0.019 V                              ; 4.18e-10 s                  ; 3.59e-10 s                  ; No                         ; Yes                        ; 2.32 V                      ; 4.49e-09 V                  ; 2.38 V             ; -0.00552 V         ; 0.096 V                             ; 0.019 V                             ; 4.18e-10 s                 ; 3.59e-10 s                 ; No                        ; Yes                       ;
; oALUOut[2]    ; 2.5 V        ; 0 s                 ; 0 s                 ; 2.32 V                       ; 3.07e-09 V                   ; 2.37 V              ; -0.00994 V          ; 0.186 V                              ; 0.028 V                              ; 4.98e-10 s                  ; 4.96e-10 s                  ; Yes                        ; Yes                        ; 2.32 V                      ; 3.07e-09 V                  ; 2.37 V             ; -0.00994 V         ; 0.186 V                             ; 0.028 V                             ; 4.98e-10 s                 ; 4.96e-10 s                 ; Yes                       ; Yes                       ;
; oALUOut[3]    ; 2.5 V        ; 0 s                 ; 0 s                 ; 2.32 V                       ; 4.49e-09 V                   ; 2.38 V              ; -0.00552 V          ; 0.096 V                              ; 0.019 V                              ; 4.18e-10 s                  ; 3.59e-10 s                  ; No                         ; Yes                        ; 2.32 V                      ; 4.49e-09 V                  ; 2.38 V             ; -0.00552 V         ; 0.096 V                             ; 0.019 V                             ; 4.18e-10 s                 ; 3.59e-10 s                 ; No                        ; Yes                       ;
; oALUOut[4]    ; 2.5 V        ; 0 s                 ; 0 s                 ; 2.32 V                       ; 4.49e-09 V                   ; 2.38 V              ; -0.00552 V          ; 0.096 V                              ; 0.019 V                              ; 4.18e-10 s                  ; 3.59e-10 s                  ; No                         ; Yes                        ; 2.32 V                      ; 4.49e-09 V                  ; 2.38 V             ; -0.00552 V         ; 0.096 V                             ; 0.019 V                             ; 4.18e-10 s                 ; 3.59e-10 s                 ; No                        ; Yes                       ;
; oALUOut[5]    ; 2.5 V        ; 0 s                 ; 0 s                 ; 2.32 V                       ; 4.49e-09 V                   ; 2.38 V              ; -0.00552 V          ; 0.096 V                              ; 0.019 V                              ; 4.18e-10 s                  ; 3.59e-10 s                  ; No                         ; Yes                        ; 2.32 V                      ; 4.49e-09 V                  ; 2.38 V             ; -0.00552 V         ; 0.096 V                             ; 0.019 V                             ; 4.18e-10 s                 ; 3.59e-10 s                 ; No                        ; Yes                       ;
; oALUOut[6]    ; 2.5 V        ; 0 s                 ; 0 s                 ; 2.32 V                       ; 4.49e-09 V                   ; 2.38 V              ; -0.00552 V          ; 0.096 V                              ; 0.019 V                              ; 4.18e-10 s                  ; 3.59e-10 s                  ; No                         ; Yes                        ; 2.32 V                      ; 4.49e-09 V                  ; 2.38 V             ; -0.00552 V         ; 0.096 V                             ; 0.019 V                             ; 4.18e-10 s                 ; 3.59e-10 s                 ; No                        ; Yes                       ;
; oALUOut[7]    ; 2.5 V        ; 0 s                 ; 0 s                 ; 2.32 V                       ; 4.49e-09 V                   ; 2.38 V              ; -0.00552 V          ; 0.096 V                              ; 0.019 V                              ; 4.18e-10 s                  ; 3.59e-10 s                  ; No                         ; Yes                        ; 2.32 V                      ; 4.49e-09 V                  ; 2.38 V             ; -0.00552 V         ; 0.096 V                             ; 0.019 V                             ; 4.18e-10 s                 ; 3.59e-10 s                 ; No                        ; Yes                       ;
; oALUOut[8]    ; 2.5 V        ; 0 s                 ; 0 s                 ; 2.32 V                       ; 3.07e-09 V                   ; 2.37 V              ; -0.00994 V          ; 0.186 V                              ; 0.028 V                              ; 4.98e-10 s                  ; 4.96e-10 s                  ; Yes                        ; Yes                        ; 2.32 V                      ; 3.07e-09 V                  ; 2.37 V             ; -0.00994 V         ; 0.186 V                             ; 0.028 V                             ; 4.98e-10 s                 ; 4.96e-10 s                 ; Yes                       ; Yes                       ;
; oALUOut[9]    ; 2.5 V        ; 0 s                 ; 0 s                 ; 2.32 V                       ; 4.49e-09 V                   ; 2.38 V              ; -0.00552 V          ; 0.096 V                              ; 0.019 V                              ; 4.18e-10 s                  ; 3.59e-10 s                  ; No                         ; Yes                        ; 2.32 V                      ; 4.49e-09 V                  ; 2.38 V             ; -0.00552 V         ; 0.096 V                             ; 0.019 V                             ; 4.18e-10 s                 ; 3.59e-10 s                 ; No                        ; Yes                       ;
; oALUOut[10]   ; 2.5 V        ; 0 s                 ; 0 s                 ; 2.32 V                       ; 4.49e-09 V                   ; 2.38 V              ; -0.00552 V          ; 0.096 V                              ; 0.019 V                              ; 4.18e-10 s                  ; 3.59e-10 s                  ; No                         ; Yes                        ; 2.32 V                      ; 4.49e-09 V                  ; 2.38 V             ; -0.00552 V         ; 0.096 V                             ; 0.019 V                             ; 4.18e-10 s                 ; 3.59e-10 s                 ; No                        ; Yes                       ;
; oALUOut[11]   ; 2.5 V        ; 0 s                 ; 0 s                 ; 2.32 V                       ; 4.49e-09 V                   ; 2.33 V              ; -0.00467 V          ; 0.226 V                              ; 0.087 V                              ; 2.91e-09 s                  ; 2.74e-09 s                  ; Yes                        ; Yes                        ; 2.32 V                      ; 4.49e-09 V                  ; 2.33 V             ; -0.00467 V         ; 0.226 V                             ; 0.087 V                             ; 2.91e-09 s                 ; 2.74e-09 s                 ; Yes                       ; Yes                       ;
; oALUOut[12]   ; 2.5 V        ; 0 s                 ; 0 s                 ; 2.32 V                       ; 4.49e-09 V                   ; 2.38 V              ; -0.00552 V          ; 0.096 V                              ; 0.019 V                              ; 4.18e-10 s                  ; 3.59e-10 s                  ; No                         ; Yes                        ; 2.32 V                      ; 4.49e-09 V                  ; 2.38 V             ; -0.00552 V         ; 0.096 V                             ; 0.019 V                             ; 4.18e-10 s                 ; 3.59e-10 s                 ; No                        ; Yes                       ;
; oALUOut[13]   ; 2.5 V        ; 0 s                 ; 0 s                 ; 2.32 V                       ; 4.49e-09 V                   ; 2.38 V              ; -0.00552 V          ; 0.096 V                              ; 0.019 V                              ; 4.18e-10 s                  ; 3.59e-10 s                  ; No                         ; Yes                        ; 2.32 V                      ; 4.49e-09 V                  ; 2.38 V             ; -0.00552 V         ; 0.096 V                             ; 0.019 V                             ; 4.18e-10 s                 ; 3.59e-10 s                 ; No                        ; Yes                       ;
; oALUOut[14]   ; 2.5 V        ; 0 s                 ; 0 s                 ; 2.32 V                       ; 3.07e-09 V                   ; 2.37 V              ; -0.00994 V          ; 0.186 V                              ; 0.028 V                              ; 4.98e-10 s                  ; 4.96e-10 s                  ; Yes                        ; Yes                        ; 2.32 V                      ; 3.07e-09 V                  ; 2.37 V             ; -0.00994 V         ; 0.186 V                             ; 0.028 V                             ; 4.98e-10 s                 ; 4.96e-10 s                 ; Yes                       ; Yes                       ;
; oALUOut[15]   ; 2.5 V        ; 0 s                 ; 0 s                 ; 2.32 V                       ; 4.49e-09 V                   ; 2.38 V              ; -0.00552 V          ; 0.096 V                              ; 0.019 V                              ; 4.18e-10 s                  ; 3.59e-10 s                  ; No                         ; Yes                        ; 2.32 V                      ; 4.49e-09 V                  ; 2.38 V             ; -0.00552 V         ; 0.096 V                             ; 0.019 V                             ; 4.18e-10 s                 ; 3.59e-10 s                 ; No                        ; Yes                       ;
; oALUOut[16]   ; 2.5 V        ; 0 s                 ; 0 s                 ; 2.32 V                       ; 4.49e-09 V                   ; 2.38 V              ; -0.00552 V          ; 0.096 V                              ; 0.019 V                              ; 4.18e-10 s                  ; 3.59e-10 s                  ; No                         ; Yes                        ; 2.32 V                      ; 4.49e-09 V                  ; 2.38 V             ; -0.00552 V         ; 0.096 V                             ; 0.019 V                             ; 4.18e-10 s                 ; 3.59e-10 s                 ; No                        ; Yes                       ;
; oALUOut[17]   ; 2.5 V        ; 0 s                 ; 0 s                 ; 2.32 V                       ; 4.49e-09 V                   ; 2.38 V              ; -0.00552 V          ; 0.096 V                              ; 0.019 V                              ; 4.18e-10 s                  ; 3.59e-10 s                  ; No                         ; Yes                        ; 2.32 V                      ; 4.49e-09 V                  ; 2.38 V             ; -0.00552 V         ; 0.096 V                             ; 0.019 V                             ; 4.18e-10 s                 ; 3.59e-10 s                 ; No                        ; Yes                       ;
; oALUOut[18]   ; 2.5 V        ; 0 s                 ; 0 s                 ; 2.32 V                       ; 4.49e-09 V                   ; 2.38 V              ; -0.00552 V          ; 0.096 V                              ; 0.019 V                              ; 4.18e-10 s                  ; 3.59e-10 s                  ; No                         ; Yes                        ; 2.32 V                      ; 4.49e-09 V                  ; 2.38 V             ; -0.00552 V         ; 0.096 V                             ; 0.019 V                             ; 4.18e-10 s                 ; 3.59e-10 s                 ; No                        ; Yes                       ;
; oALUOut[19]   ; 2.5 V        ; 0 s                 ; 0 s                 ; 2.32 V                       ; 4.49e-09 V                   ; 2.38 V              ; -0.00552 V          ; 0.096 V                              ; 0.019 V                              ; 4.18e-10 s                  ; 3.59e-10 s                  ; No                         ; Yes                        ; 2.32 V                      ; 4.49e-09 V                  ; 2.38 V             ; -0.00552 V         ; 0.096 V                             ; 0.019 V                             ; 4.18e-10 s                 ; 3.59e-10 s                 ; No                        ; Yes                       ;
; oALUOut[20]   ; 2.5 V        ; 0 s                 ; 0 s                 ; 2.32 V                       ; 4.49e-09 V                   ; 2.38 V              ; -0.00552 V          ; 0.096 V                              ; 0.019 V                              ; 4.18e-10 s                  ; 3.59e-10 s                  ; No                         ; Yes                        ; 2.32 V                      ; 4.49e-09 V                  ; 2.38 V             ; -0.00552 V         ; 0.096 V                             ; 0.019 V                             ; 4.18e-10 s                 ; 3.59e-10 s                 ; No                        ; Yes                       ;
; oALUOut[21]   ; 2.5 V        ; 0 s                 ; 0 s                 ; 2.32 V                       ; 4.49e-09 V                   ; 2.38 V              ; -0.00552 V          ; 0.096 V                              ; 0.019 V                              ; 4.18e-10 s                  ; 3.59e-10 s                  ; No                         ; Yes                        ; 2.32 V                      ; 4.49e-09 V                  ; 2.38 V             ; -0.00552 V         ; 0.096 V                             ; 0.019 V                             ; 4.18e-10 s                 ; 3.59e-10 s                 ; No                        ; Yes                       ;
; oALUOut[22]   ; 2.5 V        ; 0 s                 ; 0 s                 ; 2.32 V                       ; 4.49e-09 V                   ; 2.38 V              ; -0.00552 V          ; 0.096 V                              ; 0.019 V                              ; 4.18e-10 s                  ; 3.59e-10 s                  ; No                         ; Yes                        ; 2.32 V                      ; 4.49e-09 V                  ; 2.38 V             ; -0.00552 V         ; 0.096 V                             ; 0.019 V                             ; 4.18e-10 s                 ; 3.59e-10 s                 ; No                        ; Yes                       ;
; oALUOut[23]   ; 2.5 V        ; 0 s                 ; 0 s                 ; 2.32 V                       ; 4.49e-09 V                   ; 2.38 V              ; -0.00552 V          ; 0.096 V                              ; 0.019 V                              ; 4.18e-10 s                  ; 3.59e-10 s                  ; No                         ; Yes                        ; 2.32 V                      ; 4.49e-09 V                  ; 2.38 V             ; -0.00552 V         ; 0.096 V                             ; 0.019 V                             ; 4.18e-10 s                 ; 3.59e-10 s                 ; No                        ; Yes                       ;
; oALUOut[24]   ; 2.5 V        ; 0 s                 ; 0 s                 ; 2.32 V                       ; 4.49e-09 V                   ; 2.38 V              ; -0.00552 V          ; 0.096 V                              ; 0.019 V                              ; 4.18e-10 s                  ; 3.59e-10 s                  ; No                         ; Yes                        ; 2.32 V                      ; 4.49e-09 V                  ; 2.38 V             ; -0.00552 V         ; 0.096 V                             ; 0.019 V                             ; 4.18e-10 s                 ; 3.59e-10 s                 ; No                        ; Yes                       ;
; oALUOut[25]   ; 2.5 V        ; 0 s                 ; 0 s                 ; 2.32 V                       ; 3.07e-09 V                   ; 2.37 V              ; -0.00994 V          ; 0.186 V                              ; 0.028 V                              ; 4.98e-10 s                  ; 4.96e-10 s                  ; Yes                        ; Yes                        ; 2.32 V                      ; 3.07e-09 V                  ; 2.37 V             ; -0.00994 V         ; 0.186 V                             ; 0.028 V                             ; 4.98e-10 s                 ; 4.96e-10 s                 ; Yes                       ; Yes                       ;
; oALUOut[26]   ; 2.5 V        ; 0 s                 ; 0 s                 ; 2.32 V                       ; 4.49e-09 V                   ; 2.38 V              ; -0.00552 V          ; 0.096 V                              ; 0.019 V                              ; 4.18e-10 s                  ; 3.59e-10 s                  ; No                         ; Yes                        ; 2.32 V                      ; 4.49e-09 V                  ; 2.38 V             ; -0.00552 V         ; 0.096 V                             ; 0.019 V                             ; 4.18e-10 s                 ; 3.59e-10 s                 ; No                        ; Yes                       ;
; oALUOut[27]   ; 2.5 V        ; 0 s                 ; 0 s                 ; 2.32 V                       ; 4.49e-09 V                   ; 2.38 V              ; -0.00552 V          ; 0.096 V                              ; 0.019 V                              ; 4.18e-10 s                  ; 3.59e-10 s                  ; No                         ; Yes                        ; 2.32 V                      ; 4.49e-09 V                  ; 2.38 V             ; -0.00552 V         ; 0.096 V                             ; 0.019 V                             ; 4.18e-10 s                 ; 3.59e-10 s                 ; No                        ; Yes                       ;
; oALUOut[28]   ; 2.5 V        ; 0 s                 ; 0 s                 ; 2.32 V                       ; 4.49e-09 V                   ; 2.38 V              ; -0.00552 V          ; 0.096 V                              ; 0.019 V                              ; 4.18e-10 s                  ; 3.59e-10 s                  ; No                         ; Yes                        ; 2.32 V                      ; 4.49e-09 V                  ; 2.38 V             ; -0.00552 V         ; 0.096 V                             ; 0.019 V                             ; 4.18e-10 s                 ; 3.59e-10 s                 ; No                        ; Yes                       ;
; oALUOut[29]   ; 2.5 V        ; 0 s                 ; 0 s                 ; 2.32 V                       ; 4.49e-09 V                   ; 2.38 V              ; -0.00552 V          ; 0.096 V                              ; 0.019 V                              ; 4.18e-10 s                  ; 3.59e-10 s                  ; No                         ; Yes                        ; 2.32 V                      ; 4.49e-09 V                  ; 2.38 V             ; -0.00552 V         ; 0.096 V                             ; 0.019 V                             ; 4.18e-10 s                 ; 3.59e-10 s                 ; No                        ; Yes                       ;
; oALUOut[30]   ; 2.5 V        ; 0 s                 ; 0 s                 ; 2.32 V                       ; 4.49e-09 V                   ; 2.38 V              ; -0.00552 V          ; 0.096 V                              ; 0.019 V                              ; 4.18e-10 s                  ; 3.59e-10 s                  ; No                         ; Yes                        ; 2.32 V                      ; 4.49e-09 V                  ; 2.38 V             ; -0.00552 V         ; 0.096 V                             ; 0.019 V                             ; 4.18e-10 s                 ; 3.59e-10 s                 ; No                        ; Yes                       ;
; oALUOut[31]   ; 2.5 V        ; 0 s                 ; 0 s                 ; 2.32 V                       ; 4.49e-09 V                   ; 2.38 V              ; -0.00552 V          ; 0.096 V                              ; 0.019 V                              ; 4.18e-10 s                  ; 3.59e-10 s                  ; No                         ; Yes                        ; 2.32 V                      ; 4.49e-09 V                  ; 2.38 V             ; -0.00552 V         ; 0.096 V                             ; 0.019 V                             ; 4.18e-10 s                 ; 3.59e-10 s                 ; No                        ; Yes                       ;
; ~ALTERA_DCLK~ ; 2.5 V        ; 0 s                 ; 0 s                 ; 2.32 V                       ; 2.67e-09 V                   ; 2.38 V              ; -0.0485 V           ; 0.167 V                              ; 0.096 V                              ; 2.95e-10 s                  ; 2.73e-10 s                  ; Yes                        ; Yes                        ; 2.32 V                      ; 2.67e-09 V                  ; 2.38 V             ; -0.0485 V          ; 0.167 V                             ; 0.096 V                             ; 2.95e-10 s                 ; 2.73e-10 s                 ; Yes                       ; Yes                       ;
; ~ALTERA_nCEO~ ; 2.5 V        ; 0 s                 ; 0 s                 ; 2.32 V                       ; 4.18e-09 V                   ; 2.38 V              ; -0.00483 V          ; 0.152 V                              ; 0.012 V                              ; 4.81e-10 s                  ; 6.29e-10 s                  ; Yes                        ; Yes                        ; 2.32 V                      ; 4.18e-09 V                  ; 2.38 V             ; -0.00483 V         ; 0.152 V                             ; 0.012 V                             ; 4.81e-10 s                 ; 6.29e-10 s                 ; Yes                       ; Yes                       ;
+---------------+--------------+---------------------+---------------------+------------------------------+------------------------------+---------------------+---------------------+--------------------------------------+--------------------------------------+-----------------------------+-----------------------------+----------------------------+----------------------------+-----------------------------+-----------------------------+--------------------+--------------------+-------------------------------------+-------------------------------------+----------------------------+----------------------------+---------------------------+---------------------------+


+--------------------------------------------------------------------------------------------------------------------------------------------------------------------------------------------------------------------------------------------------------------------------------------------------------------------------------------------------------------------------------------------------------------------------------------------------------------------------------------------------------------------------------------------------------------------------------------------------------------------------------------------------------------------------------------------+
; Signal Integrity Metrics (Slow 1200mv 85c Model)                                                                                                                                                                                                                                                                                                                                                                                                                                                                                                                                                                                                                                           ;
+---------------+--------------+---------------------+---------------------+------------------------------+------------------------------+---------------------+---------------------+--------------------------------------+--------------------------------------+-----------------------------+-----------------------------+----------------------------+----------------------------+-----------------------------+-----------------------------+--------------------+--------------------+-------------------------------------+-------------------------------------+----------------------------+----------------------------+---------------------------+---------------------------+
; Pin           ; I/O Standard ; Board Delay on Rise ; Board Delay on Fall ; Steady State Voh at FPGA Pin ; Steady State Vol at FPGA Pin ; Voh Max at FPGA Pin ; Vol Min at FPGA Pin ; Ringback Voltage on Rise at FPGA Pin ; Ringback Voltage on Fall at FPGA Pin ; 10-90 Rise Time at FPGA Pin ; 90-10 Fall Time at FPGA Pin ; Monotonic Rise at FPGA Pin ; Monotonic Fall at FPGA Pin ; Steady State Voh at Far-end ; Steady State Vol at Far-end ; Voh Max at Far-end ; Vol Min at Far-end ; Ringback Voltage on Rise at Far-end ; Ringback Voltage on Fall at Far-end ; 10-90 Rise Time at Far-end ; 90-10 Fall Time at Far-end ; Monotonic Rise at Far-end ; Monotonic Fall at Far-end ;
+---------------+--------------+---------------------+---------------------+------------------------------+------------------------------+---------------------+---------------------+--------------------------------------+--------------------------------------+-----------------------------+-----------------------------+----------------------------+----------------------------+-----------------------------+-----------------------------+--------------------+--------------------+-------------------------------------+-------------------------------------+----------------------------+----------------------------+---------------------------+---------------------------+
; oALUOut[0]    ; 2.5 V        ; 0 s                 ; 0 s                 ; 2.32 V                       ; 6.92e-07 V                   ; 2.35 V              ; -0.00996 V          ; 0.121 V                              ; 0.03 V                               ; 4.64e-10 s                  ; 4.47e-10 s                  ; Yes                        ; Yes                        ; 2.32 V                      ; 6.92e-07 V                  ; 2.35 V             ; -0.00996 V         ; 0.121 V                             ; 0.03 V                              ; 4.64e-10 s                 ; 4.47e-10 s                 ; Yes                       ; Yes                       ;
; oALUOut[1]    ; 2.5 V        ; 0 s                 ; 0 s                 ; 2.32 V                       ; 6.92e-07 V                   ; 2.35 V              ; -0.00996 V          ; 0.121 V                              ; 0.03 V                               ; 4.64e-10 s                  ; 4.47e-10 s                  ; Yes                        ; Yes                        ; 2.32 V                      ; 6.92e-07 V                  ; 2.35 V             ; -0.00996 V         ; 0.121 V                             ; 0.03 V                              ; 4.64e-10 s                 ; 4.47e-10 s                 ; Yes                       ; Yes                       ;
; oALUOut[2]    ; 2.5 V        ; 0 s                 ; 0 s                 ; 2.32 V                       ; 4.67e-07 V                   ; 2.35 V              ; -0.00942 V          ; 0.116 V                              ; 0.033 V                              ; 6.66e-10 s                  ; 6.27e-10 s                  ; Yes                        ; Yes                        ; 2.32 V                      ; 4.67e-07 V                  ; 2.35 V             ; -0.00942 V         ; 0.116 V                             ; 0.033 V                             ; 6.66e-10 s                 ; 6.27e-10 s                 ; Yes                       ; Yes                       ;
; oALUOut[3]    ; 2.5 V        ; 0 s                 ; 0 s                 ; 2.32 V                       ; 6.92e-07 V                   ; 2.35 V              ; -0.00996 V          ; 0.121 V                              ; 0.03 V                               ; 4.64e-10 s                  ; 4.47e-10 s                  ; Yes                        ; Yes                        ; 2.32 V                      ; 6.92e-07 V                  ; 2.35 V             ; -0.00996 V         ; 0.121 V                             ; 0.03 V                              ; 4.64e-10 s                 ; 4.47e-10 s                 ; Yes                       ; Yes                       ;
; oALUOut[4]    ; 2.5 V        ; 0 s                 ; 0 s                 ; 2.32 V                       ; 6.92e-07 V                   ; 2.35 V              ; -0.00996 V          ; 0.121 V                              ; 0.03 V                               ; 4.64e-10 s                  ; 4.47e-10 s                  ; Yes                        ; Yes                        ; 2.32 V                      ; 6.92e-07 V                  ; 2.35 V             ; -0.00996 V         ; 0.121 V                             ; 0.03 V                              ; 4.64e-10 s                 ; 4.47e-10 s                 ; Yes                       ; Yes                       ;
; oALUOut[5]    ; 2.5 V        ; 0 s                 ; 0 s                 ; 2.32 V                       ; 6.92e-07 V                   ; 2.35 V              ; -0.00996 V          ; 0.121 V                              ; 0.03 V                               ; 4.64e-10 s                  ; 4.47e-10 s                  ; Yes                        ; Yes                        ; 2.32 V                      ; 6.92e-07 V                  ; 2.35 V             ; -0.00996 V         ; 0.121 V                             ; 0.03 V                              ; 4.64e-10 s                 ; 4.47e-10 s                 ; Yes                       ; Yes                       ;
; oALUOut[6]    ; 2.5 V        ; 0 s                 ; 0 s                 ; 2.32 V                       ; 6.92e-07 V                   ; 2.35 V              ; -0.00996 V          ; 0.121 V                              ; 0.03 V                               ; 4.64e-10 s                  ; 4.47e-10 s                  ; Yes                        ; Yes                        ; 2.32 V                      ; 6.92e-07 V                  ; 2.35 V             ; -0.00996 V         ; 0.121 V                             ; 0.03 V                              ; 4.64e-10 s                 ; 4.47e-10 s                 ; Yes                       ; Yes                       ;
; oALUOut[7]    ; 2.5 V        ; 0 s                 ; 0 s                 ; 2.32 V                       ; 6.92e-07 V                   ; 2.35 V              ; -0.00996 V          ; 0.121 V                              ; 0.03 V                               ; 4.64e-10 s                  ; 4.47e-10 s                  ; Yes                        ; Yes                        ; 2.32 V                      ; 6.92e-07 V                  ; 2.35 V             ; -0.00996 V         ; 0.121 V                             ; 0.03 V                              ; 4.64e-10 s                 ; 4.47e-10 s                 ; Yes                       ; Yes                       ;
; oALUOut[8]    ; 2.5 V        ; 0 s                 ; 0 s                 ; 2.32 V                       ; 4.67e-07 V                   ; 2.35 V              ; -0.00942 V          ; 0.116 V                              ; 0.033 V                              ; 6.66e-10 s                  ; 6.27e-10 s                  ; Yes                        ; Yes                        ; 2.32 V                      ; 4.67e-07 V                  ; 2.35 V             ; -0.00942 V         ; 0.116 V                             ; 0.033 V                             ; 6.66e-10 s                 ; 6.27e-10 s                 ; Yes                       ; Yes                       ;
; oALUOut[9]    ; 2.5 V        ; 0 s                 ; 0 s                 ; 2.32 V                       ; 6.92e-07 V                   ; 2.35 V              ; -0.00996 V          ; 0.121 V                              ; 0.03 V                               ; 4.64e-10 s                  ; 4.47e-10 s                  ; Yes                        ; Yes                        ; 2.32 V                      ; 6.92e-07 V                  ; 2.35 V             ; -0.00996 V         ; 0.121 V                             ; 0.03 V                              ; 4.64e-10 s                 ; 4.47e-10 s                 ; Yes                       ; Yes                       ;
; oALUOut[10]   ; 2.5 V        ; 0 s                 ; 0 s                 ; 2.32 V                       ; 6.92e-07 V                   ; 2.35 V              ; -0.00996 V          ; 0.121 V                              ; 0.03 V                               ; 4.64e-10 s                  ; 4.47e-10 s                  ; Yes                        ; Yes                        ; 2.32 V                      ; 6.92e-07 V                  ; 2.35 V             ; -0.00996 V         ; 0.121 V                             ; 0.03 V                              ; 4.64e-10 s                 ; 4.47e-10 s                 ; Yes                       ; Yes                       ;
; oALUOut[11]   ; 2.5 V        ; 0 s                 ; 0 s                 ; 2.32 V                       ; 6.92e-07 V                   ; 2.33 V              ; -0.00265 V          ; 0.133 V                              ; 0.056 V                              ; 3.55e-09 s                  ; 3.31e-09 s                  ; Yes                        ; Yes                        ; 2.32 V                      ; 6.92e-07 V                  ; 2.33 V             ; -0.00265 V         ; 0.133 V                             ; 0.056 V                             ; 3.55e-09 s                 ; 3.31e-09 s                 ; Yes                       ; Yes                       ;
; oALUOut[12]   ; 2.5 V        ; 0 s                 ; 0 s                 ; 2.32 V                       ; 6.92e-07 V                   ; 2.35 V              ; -0.00996 V          ; 0.121 V                              ; 0.03 V                               ; 4.64e-10 s                  ; 4.47e-10 s                  ; Yes                        ; Yes                        ; 2.32 V                      ; 6.92e-07 V                  ; 2.35 V             ; -0.00996 V         ; 0.121 V                             ; 0.03 V                              ; 4.64e-10 s                 ; 4.47e-10 s                 ; Yes                       ; Yes                       ;
; oALUOut[13]   ; 2.5 V        ; 0 s                 ; 0 s                 ; 2.32 V                       ; 6.92e-07 V                   ; 2.35 V              ; -0.00996 V          ; 0.121 V                              ; 0.03 V                               ; 4.64e-10 s                  ; 4.47e-10 s                  ; Yes                        ; Yes                        ; 2.32 V                      ; 6.92e-07 V                  ; 2.35 V             ; -0.00996 V         ; 0.121 V                             ; 0.03 V                              ; 4.64e-10 s                 ; 4.47e-10 s                 ; Yes                       ; Yes                       ;
; oALUOut[14]   ; 2.5 V        ; 0 s                 ; 0 s                 ; 2.32 V                       ; 4.67e-07 V                   ; 2.35 V              ; -0.00942 V          ; 0.116 V                              ; 0.033 V                              ; 6.66e-10 s                  ; 6.27e-10 s                  ; Yes                        ; Yes                        ; 2.32 V                      ; 4.67e-07 V                  ; 2.35 V             ; -0.00942 V         ; 0.116 V                             ; 0.033 V                             ; 6.66e-10 s                 ; 6.27e-10 s                 ; Yes                       ; Yes                       ;
; oALUOut[15]   ; 2.5 V        ; 0 s                 ; 0 s                 ; 2.32 V                       ; 6.92e-07 V                   ; 2.35 V              ; -0.00996 V          ; 0.121 V                              ; 0.03 V                               ; 4.64e-10 s                  ; 4.47e-10 s                  ; Yes                        ; Yes                        ; 2.32 V                      ; 6.92e-07 V                  ; 2.35 V             ; -0.00996 V         ; 0.121 V                             ; 0.03 V                              ; 4.64e-10 s                 ; 4.47e-10 s                 ; Yes                       ; Yes                       ;
; oALUOut[16]   ; 2.5 V        ; 0 s                 ; 0 s                 ; 2.32 V                       ; 6.92e-07 V                   ; 2.35 V              ; -0.00996 V          ; 0.121 V                              ; 0.03 V                               ; 4.64e-10 s                  ; 4.47e-10 s                  ; Yes                        ; Yes                        ; 2.32 V                      ; 6.92e-07 V                  ; 2.35 V             ; -0.00996 V         ; 0.121 V                             ; 0.03 V                              ; 4.64e-10 s                 ; 4.47e-10 s                 ; Yes                       ; Yes                       ;
; oALUOut[17]   ; 2.5 V        ; 0 s                 ; 0 s                 ; 2.32 V                       ; 6.92e-07 V                   ; 2.35 V              ; -0.00996 V          ; 0.121 V                              ; 0.03 V                               ; 4.64e-10 s                  ; 4.47e-10 s                  ; Yes                        ; Yes                        ; 2.32 V                      ; 6.92e-07 V                  ; 2.35 V             ; -0.00996 V         ; 0.121 V                             ; 0.03 V                              ; 4.64e-10 s                 ; 4.47e-10 s                 ; Yes                       ; Yes                       ;
; oALUOut[18]   ; 2.5 V        ; 0 s                 ; 0 s                 ; 2.32 V                       ; 6.92e-07 V                   ; 2.35 V              ; -0.00996 V          ; 0.121 V                              ; 0.03 V                               ; 4.64e-10 s                  ; 4.47e-10 s                  ; Yes                        ; Yes                        ; 2.32 V                      ; 6.92e-07 V                  ; 2.35 V             ; -0.00996 V         ; 0.121 V                             ; 0.03 V                              ; 4.64e-10 s                 ; 4.47e-10 s                 ; Yes                       ; Yes                       ;
; oALUOut[19]   ; 2.5 V        ; 0 s                 ; 0 s                 ; 2.32 V                       ; 6.92e-07 V                   ; 2.35 V              ; -0.00996 V          ; 0.121 V                              ; 0.03 V                               ; 4.64e-10 s                  ; 4.47e-10 s                  ; Yes                        ; Yes                        ; 2.32 V                      ; 6.92e-07 V                  ; 2.35 V             ; -0.00996 V         ; 0.121 V                             ; 0.03 V                              ; 4.64e-10 s                 ; 4.47e-10 s                 ; Yes                       ; Yes                       ;
; oALUOut[20]   ; 2.5 V        ; 0 s                 ; 0 s                 ; 2.32 V                       ; 6.92e-07 V                   ; 2.35 V              ; -0.00996 V          ; 0.121 V                              ; 0.03 V                               ; 4.64e-10 s                  ; 4.47e-10 s                  ; Yes                        ; Yes                        ; 2.32 V                      ; 6.92e-07 V                  ; 2.35 V             ; -0.00996 V         ; 0.121 V                             ; 0.03 V                              ; 4.64e-10 s                 ; 4.47e-10 s                 ; Yes                       ; Yes                       ;
; oALUOut[21]   ; 2.5 V        ; 0 s                 ; 0 s                 ; 2.32 V                       ; 6.92e-07 V                   ; 2.35 V              ; -0.00996 V          ; 0.121 V                              ; 0.03 V                               ; 4.64e-10 s                  ; 4.47e-10 s                  ; Yes                        ; Yes                        ; 2.32 V                      ; 6.92e-07 V                  ; 2.35 V             ; -0.00996 V         ; 0.121 V                             ; 0.03 V                              ; 4.64e-10 s                 ; 4.47e-10 s                 ; Yes                       ; Yes                       ;
; oALUOut[22]   ; 2.5 V        ; 0 s                 ; 0 s                 ; 2.32 V                       ; 6.92e-07 V                   ; 2.35 V              ; -0.00996 V          ; 0.121 V                              ; 0.03 V                               ; 4.64e-10 s                  ; 4.47e-10 s                  ; Yes                        ; Yes                        ; 2.32 V                      ; 6.92e-07 V                  ; 2.35 V             ; -0.00996 V         ; 0.121 V                             ; 0.03 V                              ; 4.64e-10 s                 ; 4.47e-10 s                 ; Yes                       ; Yes                       ;
; oALUOut[23]   ; 2.5 V        ; 0 s                 ; 0 s                 ; 2.32 V                       ; 6.92e-07 V                   ; 2.35 V              ; -0.00996 V          ; 0.121 V                              ; 0.03 V                               ; 4.64e-10 s                  ; 4.47e-10 s                  ; Yes                        ; Yes                        ; 2.32 V                      ; 6.92e-07 V                  ; 2.35 V             ; -0.00996 V         ; 0.121 V                             ; 0.03 V                              ; 4.64e-10 s                 ; 4.47e-10 s                 ; Yes                       ; Yes                       ;
; oALUOut[24]   ; 2.5 V        ; 0 s                 ; 0 s                 ; 2.32 V                       ; 6.92e-07 V                   ; 2.35 V              ; -0.00996 V          ; 0.121 V                              ; 0.03 V                               ; 4.64e-10 s                  ; 4.47e-10 s                  ; Yes                        ; Yes                        ; 2.32 V                      ; 6.92e-07 V                  ; 2.35 V             ; -0.00996 V         ; 0.121 V                             ; 0.03 V                              ; 4.64e-10 s                 ; 4.47e-10 s                 ; Yes                       ; Yes                       ;
; oALUOut[25]   ; 2.5 V        ; 0 s                 ; 0 s                 ; 2.32 V                       ; 4.67e-07 V                   ; 2.35 V              ; -0.00942 V          ; 0.116 V                              ; 0.033 V                              ; 6.66e-10 s                  ; 6.27e-10 s                  ; Yes                        ; Yes                        ; 2.32 V                      ; 4.67e-07 V                  ; 2.35 V             ; -0.00942 V         ; 0.116 V                             ; 0.033 V                             ; 6.66e-10 s                 ; 6.27e-10 s                 ; Yes                       ; Yes                       ;
; oALUOut[26]   ; 2.5 V        ; 0 s                 ; 0 s                 ; 2.32 V                       ; 6.92e-07 V                   ; 2.35 V              ; -0.00996 V          ; 0.121 V                              ; 0.03 V                               ; 4.64e-10 s                  ; 4.47e-10 s                  ; Yes                        ; Yes                        ; 2.32 V                      ; 6.92e-07 V                  ; 2.35 V             ; -0.00996 V         ; 0.121 V                             ; 0.03 V                              ; 4.64e-10 s                 ; 4.47e-10 s                 ; Yes                       ; Yes                       ;
; oALUOut[27]   ; 2.5 V        ; 0 s                 ; 0 s                 ; 2.32 V                       ; 6.92e-07 V                   ; 2.35 V              ; -0.00996 V          ; 0.121 V                              ; 0.03 V                               ; 4.64e-10 s                  ; 4.47e-10 s                  ; Yes                        ; Yes                        ; 2.32 V                      ; 6.92e-07 V                  ; 2.35 V             ; -0.00996 V         ; 0.121 V                             ; 0.03 V                              ; 4.64e-10 s                 ; 4.47e-10 s                 ; Yes                       ; Yes                       ;
; oALUOut[28]   ; 2.5 V        ; 0 s                 ; 0 s                 ; 2.32 V                       ; 6.92e-07 V                   ; 2.35 V              ; -0.00996 V          ; 0.121 V                              ; 0.03 V                               ; 4.64e-10 s                  ; 4.47e-10 s                  ; Yes                        ; Yes                        ; 2.32 V                      ; 6.92e-07 V                  ; 2.35 V             ; -0.00996 V         ; 0.121 V                             ; 0.03 V                              ; 4.64e-10 s                 ; 4.47e-10 s                 ; Yes                       ; Yes                       ;
; oALUOut[29]   ; 2.5 V        ; 0 s                 ; 0 s                 ; 2.32 V                       ; 6.92e-07 V                   ; 2.35 V              ; -0.00996 V          ; 0.121 V                              ; 0.03 V                               ; 4.64e-10 s                  ; 4.47e-10 s                  ; Yes                        ; Yes                        ; 2.32 V                      ; 6.92e-07 V                  ; 2.35 V             ; -0.00996 V         ; 0.121 V                             ; 0.03 V                              ; 4.64e-10 s                 ; 4.47e-10 s                 ; Yes                       ; Yes                       ;
; oALUOut[30]   ; 2.5 V        ; 0 s                 ; 0 s                 ; 2.32 V                       ; 6.92e-07 V                   ; 2.35 V              ; -0.00996 V          ; 0.121 V                              ; 0.03 V                               ; 4.64e-10 s                  ; 4.47e-10 s                  ; Yes                        ; Yes                        ; 2.32 V                      ; 6.92e-07 V                  ; 2.35 V             ; -0.00996 V         ; 0.121 V                             ; 0.03 V                              ; 4.64e-10 s                 ; 4.47e-10 s                 ; Yes                       ; Yes                       ;
; oALUOut[31]   ; 2.5 V        ; 0 s                 ; 0 s                 ; 2.32 V                       ; 6.92e-07 V                   ; 2.35 V              ; -0.00996 V          ; 0.121 V                              ; 0.03 V                               ; 4.64e-10 s                  ; 4.47e-10 s                  ; Yes                        ; Yes                        ; 2.32 V                      ; 6.92e-07 V                  ; 2.35 V             ; -0.00996 V         ; 0.121 V                             ; 0.03 V                              ; 4.64e-10 s                 ; 4.47e-10 s                 ; Yes                       ; Yes                       ;
; ~ALTERA_DCLK~ ; 2.5 V        ; 0 s                 ; 0 s                 ; 2.32 V                       ; 3.75e-07 V                   ; 2.35 V              ; -0.0109 V           ; 0.084 V                              ; 0.027 V                              ; 4.31e-10 s                  ; 3.61e-10 s                  ; Yes                        ; Yes                        ; 2.32 V                      ; 3.75e-07 V                  ; 2.35 V             ; -0.0109 V          ; 0.084 V                             ; 0.027 V                             ; 4.31e-10 s                 ; 3.61e-10 s                 ; Yes                       ; Yes                       ;
; ~ALTERA_nCEO~ ; 2.5 V        ; 0 s                 ; 0 s                 ; 2.32 V                       ; 6.15e-07 V                   ; 2.35 V              ; -0.00712 V          ; 0.093 V                              ; 0.02 V                               ; 6.21e-10 s                  ; 7.9e-10 s                   ; Yes                        ; Yes                        ; 2.32 V                      ; 6.15e-07 V                  ; 2.35 V             ; -0.00712 V         ; 0.093 V                             ; 0.02 V                              ; 6.21e-10 s                 ; 7.9e-10 s                  ; Yes                       ; Yes                       ;
+---------------+--------------+---------------------+---------------------+------------------------------+------------------------------+---------------------+---------------------+--------------------------------------+--------------------------------------+-----------------------------+-----------------------------+----------------------------+----------------------------+-----------------------------+-----------------------------+--------------------+--------------------+-------------------------------------+-------------------------------------+----------------------------+----------------------------+---------------------------+---------------------------+


+--------------------------------------------------------------------------------------------------------------------------------------------------------------------------------------------------------------------------------------------------------------------------------------------------------------------------------------------------------------------------------------------------------------------------------------------------------------------------------------------------------------------------------------------------------------------------------------------------------------------------------------------------------------------------------------------+
; Signal Integrity Metrics (Fast 1200mv 0c Model)                                                                                                                                                                                                                                                                                                                                                                                                                                                                                                                                                                                                                                            ;
+---------------+--------------+---------------------+---------------------+------------------------------+------------------------------+---------------------+---------------------+--------------------------------------+--------------------------------------+-----------------------------+-----------------------------+----------------------------+----------------------------+-----------------------------+-----------------------------+--------------------+--------------------+-------------------------------------+-------------------------------------+----------------------------+----------------------------+---------------------------+---------------------------+
; Pin           ; I/O Standard ; Board Delay on Rise ; Board Delay on Fall ; Steady State Voh at FPGA Pin ; Steady State Vol at FPGA Pin ; Voh Max at FPGA Pin ; Vol Min at FPGA Pin ; Ringback Voltage on Rise at FPGA Pin ; Ringback Voltage on Fall at FPGA Pin ; 10-90 Rise Time at FPGA Pin ; 90-10 Fall Time at FPGA Pin ; Monotonic Rise at FPGA Pin ; Monotonic Fall at FPGA Pin ; Steady State Voh at Far-end ; Steady State Vol at Far-end ; Voh Max at Far-end ; Vol Min at Far-end ; Ringback Voltage on Rise at Far-end ; Ringback Voltage on Fall at Far-end ; 10-90 Rise Time at Far-end ; 90-10 Fall Time at Far-end ; Monotonic Rise at Far-end ; Monotonic Fall at Far-end ;
+---------------+--------------+---------------------+---------------------+------------------------------+------------------------------+---------------------+---------------------+--------------------------------------+--------------------------------------+-----------------------------+-----------------------------+----------------------------+----------------------------+-----------------------------+-----------------------------+--------------------+--------------------+-------------------------------------+-------------------------------------+----------------------------+----------------------------+---------------------------+---------------------------+
; oALUOut[0]    ; 2.5 V        ; 0 s                 ; 0 s                 ; 2.62 V                       ; 4.05e-08 V                   ; 2.72 V              ; -0.0349 V           ; 0.173 V                              ; 0.1 V                                ; 2.72e-10 s                  ; 2.69e-10 s                  ; Yes                        ; Yes                        ; 2.62 V                      ; 4.05e-08 V                  ; 2.72 V             ; -0.0349 V          ; 0.173 V                             ; 0.1 V                               ; 2.72e-10 s                 ; 2.69e-10 s                 ; Yes                       ; Yes                       ;
; oALUOut[1]    ; 2.5 V        ; 0 s                 ; 0 s                 ; 2.62 V                       ; 4.05e-08 V                   ; 2.72 V              ; -0.0349 V           ; 0.173 V                              ; 0.1 V                                ; 2.72e-10 s                  ; 2.69e-10 s                  ; Yes                        ; Yes                        ; 2.62 V                      ; 4.05e-08 V                  ; 2.72 V             ; -0.0349 V          ; 0.173 V                             ; 0.1 V                               ; 2.72e-10 s                 ; 2.69e-10 s                 ; Yes                       ; Yes                       ;
; oALUOut[2]    ; 2.5 V        ; 0 s                 ; 0 s                 ; 2.62 V                       ; 2.74e-08 V                   ; 2.71 V              ; -0.0317 V           ; 0.148 V                              ; 0.064 V                              ; 4.51e-10 s                  ; 4.15e-10 s                  ; No                         ; Yes                        ; 2.62 V                      ; 2.74e-08 V                  ; 2.71 V             ; -0.0317 V          ; 0.148 V                             ; 0.064 V                             ; 4.51e-10 s                 ; 4.15e-10 s                 ; No                        ; Yes                       ;
; oALUOut[3]    ; 2.5 V        ; 0 s                 ; 0 s                 ; 2.62 V                       ; 4.05e-08 V                   ; 2.72 V              ; -0.0349 V           ; 0.173 V                              ; 0.1 V                                ; 2.72e-10 s                  ; 2.69e-10 s                  ; Yes                        ; Yes                        ; 2.62 V                      ; 4.05e-08 V                  ; 2.72 V             ; -0.0349 V          ; 0.173 V                             ; 0.1 V                               ; 2.72e-10 s                 ; 2.69e-10 s                 ; Yes                       ; Yes                       ;
; oALUOut[4]    ; 2.5 V        ; 0 s                 ; 0 s                 ; 2.62 V                       ; 4.05e-08 V                   ; 2.72 V              ; -0.0349 V           ; 0.173 V                              ; 0.1 V                                ; 2.72e-10 s                  ; 2.69e-10 s                  ; Yes                        ; Yes                        ; 2.62 V                      ; 4.05e-08 V                  ; 2.72 V             ; -0.0349 V          ; 0.173 V                             ; 0.1 V                               ; 2.72e-10 s                 ; 2.69e-10 s                 ; Yes                       ; Yes                       ;
; oALUOut[5]    ; 2.5 V        ; 0 s                 ; 0 s                 ; 2.62 V                       ; 4.05e-08 V                   ; 2.72 V              ; -0.0349 V           ; 0.173 V                              ; 0.1 V                                ; 2.72e-10 s                  ; 2.69e-10 s                  ; Yes                        ; Yes                        ; 2.62 V                      ; 4.05e-08 V                  ; 2.72 V             ; -0.0349 V          ; 0.173 V                             ; 0.1 V                               ; 2.72e-10 s                 ; 2.69e-10 s                 ; Yes                       ; Yes                       ;
; oALUOut[6]    ; 2.5 V        ; 0 s                 ; 0 s                 ; 2.62 V                       ; 4.05e-08 V                   ; 2.72 V              ; -0.0349 V           ; 0.173 V                              ; 0.1 V                                ; 2.72e-10 s                  ; 2.69e-10 s                  ; Yes                        ; Yes                        ; 2.62 V                      ; 4.05e-08 V                  ; 2.72 V             ; -0.0349 V          ; 0.173 V                             ; 0.1 V                               ; 2.72e-10 s                 ; 2.69e-10 s                 ; Yes                       ; Yes                       ;
; oALUOut[7]    ; 2.5 V        ; 0 s                 ; 0 s                 ; 2.62 V                       ; 4.05e-08 V                   ; 2.72 V              ; -0.0349 V           ; 0.173 V                              ; 0.1 V                                ; 2.72e-10 s                  ; 2.69e-10 s                  ; Yes                        ; Yes                        ; 2.62 V                      ; 4.05e-08 V                  ; 2.72 V             ; -0.0349 V          ; 0.173 V                             ; 0.1 V                               ; 2.72e-10 s                 ; 2.69e-10 s                 ; Yes                       ; Yes                       ;
; oALUOut[8]    ; 2.5 V        ; 0 s                 ; 0 s                 ; 2.62 V                       ; 2.74e-08 V                   ; 2.71 V              ; -0.0317 V           ; 0.148 V                              ; 0.064 V                              ; 4.51e-10 s                  ; 4.15e-10 s                  ; No                         ; Yes                        ; 2.62 V                      ; 2.74e-08 V                  ; 2.71 V             ; -0.0317 V          ; 0.148 V                             ; 0.064 V                             ; 4.51e-10 s                 ; 4.15e-10 s                 ; No                        ; Yes                       ;
; oALUOut[9]    ; 2.5 V        ; 0 s                 ; 0 s                 ; 2.62 V                       ; 4.05e-08 V                   ; 2.72 V              ; -0.0349 V           ; 0.173 V                              ; 0.1 V                                ; 2.72e-10 s                  ; 2.69e-10 s                  ; Yes                        ; Yes                        ; 2.62 V                      ; 4.05e-08 V                  ; 2.72 V             ; -0.0349 V          ; 0.173 V                             ; 0.1 V                               ; 2.72e-10 s                 ; 2.69e-10 s                 ; Yes                       ; Yes                       ;
; oALUOut[10]   ; 2.5 V        ; 0 s                 ; 0 s                 ; 2.62 V                       ; 4.05e-08 V                   ; 2.72 V              ; -0.0349 V           ; 0.173 V                              ; 0.1 V                                ; 2.72e-10 s                  ; 2.69e-10 s                  ; Yes                        ; Yes                        ; 2.62 V                      ; 4.05e-08 V                  ; 2.72 V             ; -0.0349 V          ; 0.173 V                             ; 0.1 V                               ; 2.72e-10 s                 ; 2.69e-10 s                 ; Yes                       ; Yes                       ;
; oALUOut[11]   ; 2.5 V        ; 0 s                 ; 0 s                 ; 2.62 V                       ; 4.05e-08 V                   ; 2.64 V              ; -0.0113 V           ; 0.208 V                              ; 0.179 V                              ; 2.38e-09 s                  ; 2.23e-09 s                  ; No                         ; Yes                        ; 2.62 V                      ; 4.05e-08 V                  ; 2.64 V             ; -0.0113 V          ; 0.208 V                             ; 0.179 V                             ; 2.38e-09 s                 ; 2.23e-09 s                 ; No                        ; Yes                       ;
; oALUOut[12]   ; 2.5 V        ; 0 s                 ; 0 s                 ; 2.62 V                       ; 4.05e-08 V                   ; 2.72 V              ; -0.0349 V           ; 0.173 V                              ; 0.1 V                                ; 2.72e-10 s                  ; 2.69e-10 s                  ; Yes                        ; Yes                        ; 2.62 V                      ; 4.05e-08 V                  ; 2.72 V             ; -0.0349 V          ; 0.173 V                             ; 0.1 V                               ; 2.72e-10 s                 ; 2.69e-10 s                 ; Yes                       ; Yes                       ;
; oALUOut[13]   ; 2.5 V        ; 0 s                 ; 0 s                 ; 2.62 V                       ; 4.05e-08 V                   ; 2.72 V              ; -0.0349 V           ; 0.173 V                              ; 0.1 V                                ; 2.72e-10 s                  ; 2.69e-10 s                  ; Yes                        ; Yes                        ; 2.62 V                      ; 4.05e-08 V                  ; 2.72 V             ; -0.0349 V          ; 0.173 V                             ; 0.1 V                               ; 2.72e-10 s                 ; 2.69e-10 s                 ; Yes                       ; Yes                       ;
; oALUOut[14]   ; 2.5 V        ; 0 s                 ; 0 s                 ; 2.62 V                       ; 2.74e-08 V                   ; 2.71 V              ; -0.0317 V           ; 0.148 V                              ; 0.064 V                              ; 4.51e-10 s                  ; 4.15e-10 s                  ; No                         ; Yes                        ; 2.62 V                      ; 2.74e-08 V                  ; 2.71 V             ; -0.0317 V          ; 0.148 V                             ; 0.064 V                             ; 4.51e-10 s                 ; 4.15e-10 s                 ; No                        ; Yes                       ;
; oALUOut[15]   ; 2.5 V        ; 0 s                 ; 0 s                 ; 2.62 V                       ; 4.05e-08 V                   ; 2.72 V              ; -0.0349 V           ; 0.173 V                              ; 0.1 V                                ; 2.72e-10 s                  ; 2.69e-10 s                  ; Yes                        ; Yes                        ; 2.62 V                      ; 4.05e-08 V                  ; 2.72 V             ; -0.0349 V          ; 0.173 V                             ; 0.1 V                               ; 2.72e-10 s                 ; 2.69e-10 s                 ; Yes                       ; Yes                       ;
; oALUOut[16]   ; 2.5 V        ; 0 s                 ; 0 s                 ; 2.62 V                       ; 4.05e-08 V                   ; 2.72 V              ; -0.0349 V           ; 0.173 V                              ; 0.1 V                                ; 2.72e-10 s                  ; 2.69e-10 s                  ; Yes                        ; Yes                        ; 2.62 V                      ; 4.05e-08 V                  ; 2.72 V             ; -0.0349 V          ; 0.173 V                             ; 0.1 V                               ; 2.72e-10 s                 ; 2.69e-10 s                 ; Yes                       ; Yes                       ;
; oALUOut[17]   ; 2.5 V        ; 0 s                 ; 0 s                 ; 2.62 V                       ; 4.05e-08 V                   ; 2.72 V              ; -0.0349 V           ; 0.173 V                              ; 0.1 V                                ; 2.72e-10 s                  ; 2.69e-10 s                  ; Yes                        ; Yes                        ; 2.62 V                      ; 4.05e-08 V                  ; 2.72 V             ; -0.0349 V          ; 0.173 V                             ; 0.1 V                               ; 2.72e-10 s                 ; 2.69e-10 s                 ; Yes                       ; Yes                       ;
; oALUOut[18]   ; 2.5 V        ; 0 s                 ; 0 s                 ; 2.62 V                       ; 4.05e-08 V                   ; 2.72 V              ; -0.0349 V           ; 0.173 V                              ; 0.1 V                                ; 2.72e-10 s                  ; 2.69e-10 s                  ; Yes                        ; Yes                        ; 2.62 V                      ; 4.05e-08 V                  ; 2.72 V             ; -0.0349 V          ; 0.173 V                             ; 0.1 V                               ; 2.72e-10 s                 ; 2.69e-10 s                 ; Yes                       ; Yes                       ;
; oALUOut[19]   ; 2.5 V        ; 0 s                 ; 0 s                 ; 2.62 V                       ; 4.05e-08 V                   ; 2.72 V              ; -0.0349 V           ; 0.173 V                              ; 0.1 V                                ; 2.72e-10 s                  ; 2.69e-10 s                  ; Yes                        ; Yes                        ; 2.62 V                      ; 4.05e-08 V                  ; 2.72 V             ; -0.0349 V          ; 0.173 V                             ; 0.1 V                               ; 2.72e-10 s                 ; 2.69e-10 s                 ; Yes                       ; Yes                       ;
; oALUOut[20]   ; 2.5 V        ; 0 s                 ; 0 s                 ; 2.62 V                       ; 4.05e-08 V                   ; 2.72 V              ; -0.0349 V           ; 0.173 V                              ; 0.1 V                                ; 2.72e-10 s                  ; 2.69e-10 s                  ; Yes                        ; Yes                        ; 2.62 V                      ; 4.05e-08 V                  ; 2.72 V             ; -0.0349 V          ; 0.173 V                             ; 0.1 V                               ; 2.72e-10 s                 ; 2.69e-10 s                 ; Yes                       ; Yes                       ;
; oALUOut[21]   ; 2.5 V        ; 0 s                 ; 0 s                 ; 2.62 V                       ; 4.05e-08 V                   ; 2.72 V              ; -0.0349 V           ; 0.173 V                              ; 0.1 V                                ; 2.72e-10 s                  ; 2.69e-10 s                  ; Yes                        ; Yes                        ; 2.62 V                      ; 4.05e-08 V                  ; 2.72 V             ; -0.0349 V          ; 0.173 V                             ; 0.1 V                               ; 2.72e-10 s                 ; 2.69e-10 s                 ; Yes                       ; Yes                       ;
; oALUOut[22]   ; 2.5 V        ; 0 s                 ; 0 s                 ; 2.62 V                       ; 4.05e-08 V                   ; 2.72 V              ; -0.0349 V           ; 0.173 V                              ; 0.1 V                                ; 2.72e-10 s                  ; 2.69e-10 s                  ; Yes                        ; Yes                        ; 2.62 V                      ; 4.05e-08 V                  ; 2.72 V             ; -0.0349 V          ; 0.173 V                             ; 0.1 V                               ; 2.72e-10 s                 ; 2.69e-10 s                 ; Yes                       ; Yes                       ;
; oALUOut[23]   ; 2.5 V        ; 0 s                 ; 0 s                 ; 2.62 V                       ; 4.05e-08 V                   ; 2.72 V              ; -0.0349 V           ; 0.173 V                              ; 0.1 V                                ; 2.72e-10 s                  ; 2.69e-10 s                  ; Yes                        ; Yes                        ; 2.62 V                      ; 4.05e-08 V                  ; 2.72 V             ; -0.0349 V          ; 0.173 V                             ; 0.1 V                               ; 2.72e-10 s                 ; 2.69e-10 s                 ; Yes                       ; Yes                       ;
; oALUOut[24]   ; 2.5 V        ; 0 s                 ; 0 s                 ; 2.62 V                       ; 4.05e-08 V                   ; 2.72 V              ; -0.0349 V           ; 0.173 V                              ; 0.1 V                                ; 2.72e-10 s                  ; 2.69e-10 s                  ; Yes                        ; Yes                        ; 2.62 V                      ; 4.05e-08 V                  ; 2.72 V             ; -0.0349 V          ; 0.173 V                             ; 0.1 V                               ; 2.72e-10 s                 ; 2.69e-10 s                 ; Yes                       ; Yes                       ;
; oALUOut[25]   ; 2.5 V        ; 0 s                 ; 0 s                 ; 2.62 V                       ; 2.74e-08 V                   ; 2.71 V              ; -0.0317 V           ; 0.148 V                              ; 0.064 V                              ; 4.51e-10 s                  ; 4.15e-10 s                  ; No                         ; Yes                        ; 2.62 V                      ; 2.74e-08 V                  ; 2.71 V             ; -0.0317 V          ; 0.148 V                             ; 0.064 V                             ; 4.51e-10 s                 ; 4.15e-10 s                 ; No                        ; Yes                       ;
; oALUOut[26]   ; 2.5 V        ; 0 s                 ; 0 s                 ; 2.62 V                       ; 4.05e-08 V                   ; 2.72 V              ; -0.0349 V           ; 0.173 V                              ; 0.1 V                                ; 2.72e-10 s                  ; 2.69e-10 s                  ; Yes                        ; Yes                        ; 2.62 V                      ; 4.05e-08 V                  ; 2.72 V             ; -0.0349 V          ; 0.173 V                             ; 0.1 V                               ; 2.72e-10 s                 ; 2.69e-10 s                 ; Yes                       ; Yes                       ;
; oALUOut[27]   ; 2.5 V        ; 0 s                 ; 0 s                 ; 2.62 V                       ; 4.05e-08 V                   ; 2.72 V              ; -0.0349 V           ; 0.173 V                              ; 0.1 V                                ; 2.72e-10 s                  ; 2.69e-10 s                  ; Yes                        ; Yes                        ; 2.62 V                      ; 4.05e-08 V                  ; 2.72 V             ; -0.0349 V          ; 0.173 V                             ; 0.1 V                               ; 2.72e-10 s                 ; 2.69e-10 s                 ; Yes                       ; Yes                       ;
; oALUOut[28]   ; 2.5 V        ; 0 s                 ; 0 s                 ; 2.62 V                       ; 4.05e-08 V                   ; 2.72 V              ; -0.0349 V           ; 0.173 V                              ; 0.1 V                                ; 2.72e-10 s                  ; 2.69e-10 s                  ; Yes                        ; Yes                        ; 2.62 V                      ; 4.05e-08 V                  ; 2.72 V             ; -0.0349 V          ; 0.173 V                             ; 0.1 V                               ; 2.72e-10 s                 ; 2.69e-10 s                 ; Yes                       ; Yes                       ;
; oALUOut[29]   ; 2.5 V        ; 0 s                 ; 0 s                 ; 2.62 V                       ; 4.05e-08 V                   ; 2.72 V              ; -0.0349 V           ; 0.173 V                              ; 0.1 V                                ; 2.72e-10 s                  ; 2.69e-10 s                  ; Yes                        ; Yes                        ; 2.62 V                      ; 4.05e-08 V                  ; 2.72 V             ; -0.0349 V          ; 0.173 V                             ; 0.1 V                               ; 2.72e-10 s                 ; 2.69e-10 s                 ; Yes                       ; Yes                       ;
; oALUOut[30]   ; 2.5 V        ; 0 s                 ; 0 s                 ; 2.62 V                       ; 4.05e-08 V                   ; 2.72 V              ; -0.0349 V           ; 0.173 V                              ; 0.1 V                                ; 2.72e-10 s                  ; 2.69e-10 s                  ; Yes                        ; Yes                        ; 2.62 V                      ; 4.05e-08 V                  ; 2.72 V             ; -0.0349 V          ; 0.173 V                             ; 0.1 V                               ; 2.72e-10 s                 ; 2.69e-10 s                 ; Yes                       ; Yes                       ;
; oALUOut[31]   ; 2.5 V        ; 0 s                 ; 0 s                 ; 2.62 V                       ; 4.05e-08 V                   ; 2.72 V              ; -0.0349 V           ; 0.173 V                              ; 0.1 V                                ; 2.72e-10 s                  ; 2.69e-10 s                  ; Yes                        ; Yes                        ; 2.62 V                      ; 4.05e-08 V                  ; 2.72 V             ; -0.0349 V          ; 0.173 V                             ; 0.1 V                               ; 2.72e-10 s                 ; 2.69e-10 s                 ; Yes                       ; Yes                       ;
; ~ALTERA_DCLK~ ; 2.5 V        ; 0 s                 ; 0 s                 ; 2.62 V                       ; 2.22e-08 V                   ; 2.74 V              ; -0.06 V             ; 0.158 V                              ; 0.08 V                               ; 2.68e-10 s                  ; 2.19e-10 s                  ; Yes                        ; Yes                        ; 2.62 V                      ; 2.22e-08 V                  ; 2.74 V             ; -0.06 V            ; 0.158 V                             ; 0.08 V                              ; 2.68e-10 s                 ; 2.19e-10 s                 ; Yes                       ; Yes                       ;
; ~ALTERA_nCEO~ ; 2.5 V        ; 0 s                 ; 0 s                 ; 2.62 V                       ; 3.54e-08 V                   ; 2.7 V               ; -0.00943 V          ; 0.276 V                              ; 0.035 V                              ; 3.19e-10 s                  ; 4.99e-10 s                  ; No                         ; Yes                        ; 2.62 V                      ; 3.54e-08 V                  ; 2.7 V              ; -0.00943 V         ; 0.276 V                             ; 0.035 V                             ; 3.19e-10 s                 ; 4.99e-10 s                 ; No                        ; Yes                       ;
+---------------+--------------+---------------------+---------------------+------------------------------+------------------------------+---------------------+---------------------+--------------------------------------+--------------------------------------+-----------------------------+-----------------------------+----------------------------+----------------------------+-----------------------------+-----------------------------+--------------------+--------------------+-------------------------------------+-------------------------------------+----------------------------+----------------------------+---------------------------+---------------------------+


+-------------------------------------------------------------------+
; Setup Transfers                                                   ;
+------------+----------+----------+----------+----------+----------+
; From Clock ; To Clock ; RR Paths ; FR Paths ; RF Paths ; FF Paths ;
+------------+----------+----------+----------+----------+----------+
; iCLK       ; iCLK     ; 118629   ; 1984     ; 24118    ; 0        ;
+------------+----------+----------+----------+----------+----------+
Entries labeled "false path" only account for clock-to-clock false paths and not path-based false paths. As a result, actual path counts may be lower than reported.


+-------------------------------------------------------------------+
; Hold Transfers                                                    ;
+------------+----------+----------+----------+----------+----------+
; From Clock ; To Clock ; RR Paths ; FR Paths ; RF Paths ; FF Paths ;
+------------+----------+----------+----------+----------+----------+
; iCLK       ; iCLK     ; 118629   ; 1984     ; 24118    ; 0        ;
+------------+----------+----------+----------+----------+----------+
Entries labeled "false path" only account for clock-to-clock false paths and not path-based false paths. As a result, actual path counts may be lower than reported.


+-------------------------------------------------------------------+
; Recovery Transfers                                                ;
+------------+----------+----------+----------+----------+----------+
; From Clock ; To Clock ; RR Paths ; FR Paths ; RF Paths ; FF Paths ;
+------------+----------+----------+----------+----------+----------+
; iCLK       ; iCLK     ; 30       ; 0        ; 0        ; 0        ;
+------------+----------+----------+----------+----------+----------+
Entries labeled "false path" only account for clock-to-clock false paths and not path-based false paths. As a result, actual path counts may be lower than reported.


+-------------------------------------------------------------------+
; Removal Transfers                                                 ;
+------------+----------+----------+----------+----------+----------+
; From Clock ; To Clock ; RR Paths ; FR Paths ; RF Paths ; FF Paths ;
+------------+----------+----------+----------+----------+----------+
; iCLK       ; iCLK     ; 30       ; 0        ; 0        ; 0        ;
+------------+----------+----------+----------+----------+----------+
Entries labeled "false path" only account for clock-to-clock false paths and not path-based false paths. As a result, actual path counts may be lower than reported.


---------------
; Report TCCS ;
---------------
No dedicated SERDES Transmitter circuitry present in device or used in design


---------------
; Report RSKM ;
---------------
No non-DPA dedicated SERDES Receiver circuitry present in device or used in design


+------------------------------------------------+
; Unconstrained Paths Summary                    ;
+---------------------------------+-------+------+
; Property                        ; Setup ; Hold ;
+---------------------------------+-------+------+
; Illegal Clocks                  ; 0     ; 0    ;
; Unconstrained Clocks            ; 0     ; 0    ;
; Unconstrained Input Ports       ; 44    ; 44   ;
; Unconstrained Input Port Paths  ; 1482  ; 1482 ;
; Unconstrained Output Ports      ; 32    ; 32   ;
; Unconstrained Output Port Paths ; 3402  ; 3402 ;
+---------------------------------+-------+------+


+-------------------------------------+
; Clock Status Summary                ;
+--------+-------+------+-------------+
; Target ; Clock ; Type ; Status      ;
+--------+-------+------+-------------+
; iCLK   ; iCLK  ; Base ; Constrained ;
+--------+-------+------+-------------+


+------------------------------------------------------------------------------------------------------+
; Unconstrained Input Ports                                                                            ;
+---------------+--------------------------------------------------------------------------------------+
; Input Port    ; Comment                                                                              ;
+---------------+--------------------------------------------------------------------------------------+
; iInstAddr[2]  ; No input delay, min/max delays, false-path exceptions, or max skew assignments found ;
; iInstAddr[3]  ; No input delay, min/max delays, false-path exceptions, or max skew assignments found ;
; iInstAddr[4]  ; No input delay, min/max delays, false-path exceptions, or max skew assignments found ;
; iInstAddr[5]  ; No input delay, min/max delays, false-path exceptions, or max skew assignments found ;
; iInstAddr[6]  ; No input delay, min/max delays, false-path exceptions, or max skew assignments found ;
; iInstAddr[7]  ; No input delay, min/max delays, false-path exceptions, or max skew assignments found ;
; iInstAddr[8]  ; No input delay, min/max delays, false-path exceptions, or max skew assignments found ;
; iInstAddr[9]  ; No input delay, min/max delays, false-path exceptions, or max skew assignments found ;
; iInstAddr[10] ; No input delay, min/max delays, false-path exceptions, or max skew assignments found ;
; iInstAddr[11] ; No input delay, min/max delays, false-path exceptions, or max skew assignments found ;
; iInstExt[0]   ; No input delay, min/max delays, false-path exceptions, or max skew assignments found ;
; iInstExt[1]   ; No input delay, min/max delays, false-path exceptions, or max skew assignments found ;
; iInstExt[2]   ; No input delay, min/max delays, false-path exceptions, or max skew assignments found ;
; iInstExt[3]   ; No input delay, min/max delays, false-path exceptions, or max skew assignments found ;
; iInstExt[4]   ; No input delay, min/max delays, false-path exceptions, or max skew assignments found ;
; iInstExt[5]   ; No input delay, min/max delays, false-path exceptions, or max skew assignments found ;
; iInstExt[6]   ; No input delay, min/max delays, false-path exceptions, or max skew assignments found ;
; iInstExt[7]   ; No input delay, min/max delays, false-path exceptions, or max skew assignments found ;
; iInstExt[8]   ; No input delay, min/max delays, false-path exceptions, or max skew assignments found ;
; iInstExt[9]   ; No input delay, min/max delays, false-path exceptions, or max skew assignments found ;
; iInstExt[10]  ; No input delay, min/max delays, false-path exceptions, or max skew assignments found ;
; iInstExt[11]  ; No input delay, min/max delays, false-path exceptions, or max skew assignments found ;
; iInstExt[12]  ; No input delay, min/max delays, false-path exceptions, or max skew assignments found ;
; iInstExt[13]  ; No input delay, min/max delays, false-path exceptions, or max skew assignments found ;
; iInstExt[14]  ; No input delay, min/max delays, false-path exceptions, or max skew assignments found ;
; iInstExt[15]  ; No input delay, min/max delays, false-path exceptions, or max skew assignments found ;
; iInstExt[16]  ; No input delay, min/max delays, false-path exceptions, or max skew assignments found ;
; iInstExt[17]  ; No input delay, min/max delays, false-path exceptions, or max skew assignments found ;
; iInstExt[18]  ; No input delay, min/max delays, false-path exceptions, or max skew assignments found ;
; iInstExt[19]  ; No input delay, min/max delays, false-path exceptions, or max skew assignments found ;
; iInstExt[20]  ; No input delay, min/max delays, false-path exceptions, or max skew assignments found ;
; iInstExt[21]  ; No input delay, min/max delays, false-path exceptions, or max skew assignments found ;
; iInstExt[22]  ; No input delay, min/max delays, false-path exceptions, or max skew assignments found ;
; iInstExt[23]  ; No input delay, min/max delays, false-path exceptions, or max skew assignments found ;
; iInstExt[24]  ; No input delay, min/max delays, false-path exceptions, or max skew assignments found ;
; iInstExt[25]  ; No input delay, min/max delays, false-path exceptions, or max skew assignments found ;
; iInstExt[26]  ; No input delay, min/max delays, false-path exceptions, or max skew assignments found ;
; iInstExt[27]  ; No input delay, min/max delays, false-path exceptions, or max skew assignments found ;
; iInstExt[28]  ; No input delay, min/max delays, false-path exceptions, or max skew assignments found ;
; iInstExt[29]  ; No input delay, min/max delays, false-path exceptions, or max skew assignments found ;
; iInstExt[30]  ; No input delay, min/max delays, false-path exceptions, or max skew assignments found ;
; iInstExt[31]  ; No input delay, min/max delays, false-path exceptions, or max skew assignments found ;
; iInstLd       ; No input delay, min/max delays, false-path exceptions, or max skew assignments found ;
; iRST          ; No input delay, min/max delays, false-path exceptions, or max skew assignments found ;
+---------------+--------------------------------------------------------------------------------------+


+-----------------------------------------------------------------------------------------------------+
; Unconstrained Output Ports                                                                          ;
+-------------+---------------------------------------------------------------------------------------+
; Output Port ; Comment                                                                               ;
+-------------+---------------------------------------------------------------------------------------+
; oALUOut[0]  ; No output delay, min/max delays, false-path exceptions, or max skew assignments found ;
; oALUOut[1]  ; No output delay, min/max delays, false-path exceptions, or max skew assignments found ;
; oALUOut[2]  ; No output delay, min/max delays, false-path exceptions, or max skew assignments found ;
; oALUOut[3]  ; No output delay, min/max delays, false-path exceptions, or max skew assignments found ;
; oALUOut[4]  ; No output delay, min/max delays, false-path exceptions, or max skew assignments found ;
; oALUOut[5]  ; No output delay, min/max delays, false-path exceptions, or max skew assignments found ;
; oALUOut[6]  ; No output delay, min/max delays, false-path exceptions, or max skew assignments found ;
; oALUOut[7]  ; No output delay, min/max delays, false-path exceptions, or max skew assignments found ;
; oALUOut[8]  ; No output delay, min/max delays, false-path exceptions, or max skew assignments found ;
; oALUOut[9]  ; No output delay, min/max delays, false-path exceptions, or max skew assignments found ;
; oALUOut[10] ; No output delay, min/max delays, false-path exceptions, or max skew assignments found ;
; oALUOut[11] ; No output delay, min/max delays, false-path exceptions, or max skew assignments found ;
; oALUOut[12] ; No output delay, min/max delays, false-path exceptions, or max skew assignments found ;
; oALUOut[13] ; No output delay, min/max delays, false-path exceptions, or max skew assignments found ;
; oALUOut[14] ; No output delay, min/max delays, false-path exceptions, or max skew assignments found ;
; oALUOut[15] ; No output delay, min/max delays, false-path exceptions, or max skew assignments found ;
; oALUOut[16] ; No output delay, min/max delays, false-path exceptions, or max skew assignments found ;
; oALUOut[17] ; No output delay, min/max delays, false-path exceptions, or max skew assignments found ;
; oALUOut[18] ; No output delay, min/max delays, false-path exceptions, or max skew assignments found ;
; oALUOut[19] ; No output delay, min/max delays, false-path exceptions, or max skew assignments found ;
; oALUOut[20] ; No output delay, min/max delays, false-path exceptions, or max skew assignments found ;
; oALUOut[21] ; No output delay, min/max delays, false-path exceptions, or max skew assignments found ;
; oALUOut[22] ; No output delay, min/max delays, false-path exceptions, or max skew assignments found ;
; oALUOut[23] ; No output delay, min/max delays, false-path exceptions, or max skew assignments found ;
; oALUOut[24] ; No output delay, min/max delays, false-path exceptions, or max skew assignments found ;
; oALUOut[25] ; No output delay, min/max delays, false-path exceptions, or max skew assignments found ;
; oALUOut[26] ; No output delay, min/max delays, false-path exceptions, or max skew assignments found ;
; oALUOut[27] ; No output delay, min/max delays, false-path exceptions, or max skew assignments found ;
; oALUOut[28] ; No output delay, min/max delays, false-path exceptions, or max skew assignments found ;
; oALUOut[29] ; No output delay, min/max delays, false-path exceptions, or max skew assignments found ;
; oALUOut[30] ; No output delay, min/max delays, false-path exceptions, or max skew assignments found ;
; oALUOut[31] ; No output delay, min/max delays, false-path exceptions, or max skew assignments found ;
+-------------+---------------------------------------------------------------------------------------+


+------------------------------------------------------------------------------------------------------+
; Unconstrained Input Ports                                                                            ;
+---------------+--------------------------------------------------------------------------------------+
; Input Port    ; Comment                                                                              ;
+---------------+--------------------------------------------------------------------------------------+
; iInstAddr[2]  ; No input delay, min/max delays, false-path exceptions, or max skew assignments found ;
; iInstAddr[3]  ; No input delay, min/max delays, false-path exceptions, or max skew assignments found ;
; iInstAddr[4]  ; No input delay, min/max delays, false-path exceptions, or max skew assignments found ;
; iInstAddr[5]  ; No input delay, min/max delays, false-path exceptions, or max skew assignments found ;
; iInstAddr[6]  ; No input delay, min/max delays, false-path exceptions, or max skew assignments found ;
; iInstAddr[7]  ; No input delay, min/max delays, false-path exceptions, or max skew assignments found ;
; iInstAddr[8]  ; No input delay, min/max delays, false-path exceptions, or max skew assignments found ;
; iInstAddr[9]  ; No input delay, min/max delays, false-path exceptions, or max skew assignments found ;
; iInstAddr[10] ; No input delay, min/max delays, false-path exceptions, or max skew assignments found ;
; iInstAddr[11] ; No input delay, min/max delays, false-path exceptions, or max skew assignments found ;
; iInstExt[0]   ; No input delay, min/max delays, false-path exceptions, or max skew assignments found ;
; iInstExt[1]   ; No input delay, min/max delays, false-path exceptions, or max skew assignments found ;
; iInstExt[2]   ; No input delay, min/max delays, false-path exceptions, or max skew assignments found ;
; iInstExt[3]   ; No input delay, min/max delays, false-path exceptions, or max skew assignments found ;
; iInstExt[4]   ; No input delay, min/max delays, false-path exceptions, or max skew assignments found ;
; iInstExt[5]   ; No input delay, min/max delays, false-path exceptions, or max skew assignments found ;
; iInstExt[6]   ; No input delay, min/max delays, false-path exceptions, or max skew assignments found ;
; iInstExt[7]   ; No input delay, min/max delays, false-path exceptions, or max skew assignments found ;
; iInstExt[8]   ; No input delay, min/max delays, false-path exceptions, or max skew assignments found ;
; iInstExt[9]   ; No input delay, min/max delays, false-path exceptions, or max skew assignments found ;
; iInstExt[10]  ; No input delay, min/max delays, false-path exceptions, or max skew assignments found ;
; iInstExt[11]  ; No input delay, min/max delays, false-path exceptions, or max skew assignments found ;
; iInstExt[12]  ; No input delay, min/max delays, false-path exceptions, or max skew assignments found ;
; iInstExt[13]  ; No input delay, min/max delays, false-path exceptions, or max skew assignments found ;
; iInstExt[14]  ; No input delay, min/max delays, false-path exceptions, or max skew assignments found ;
; iInstExt[15]  ; No input delay, min/max delays, false-path exceptions, or max skew assignments found ;
; iInstExt[16]  ; No input delay, min/max delays, false-path exceptions, or max skew assignments found ;
; iInstExt[17]  ; No input delay, min/max delays, false-path exceptions, or max skew assignments found ;
; iInstExt[18]  ; No input delay, min/max delays, false-path exceptions, or max skew assignments found ;
; iInstExt[19]  ; No input delay, min/max delays, false-path exceptions, or max skew assignments found ;
; iInstExt[20]  ; No input delay, min/max delays, false-path exceptions, or max skew assignments found ;
; iInstExt[21]  ; No input delay, min/max delays, false-path exceptions, or max skew assignments found ;
; iInstExt[22]  ; No input delay, min/max delays, false-path exceptions, or max skew assignments found ;
; iInstExt[23]  ; No input delay, min/max delays, false-path exceptions, or max skew assignments found ;
; iInstExt[24]  ; No input delay, min/max delays, false-path exceptions, or max skew assignments found ;
; iInstExt[25]  ; No input delay, min/max delays, false-path exceptions, or max skew assignments found ;
; iInstExt[26]  ; No input delay, min/max delays, false-path exceptions, or max skew assignments found ;
; iInstExt[27]  ; No input delay, min/max delays, false-path exceptions, or max skew assignments found ;
; iInstExt[28]  ; No input delay, min/max delays, false-path exceptions, or max skew assignments found ;
; iInstExt[29]  ; No input delay, min/max delays, false-path exceptions, or max skew assignments found ;
; iInstExt[30]  ; No input delay, min/max delays, false-path exceptions, or max skew assignments found ;
; iInstExt[31]  ; No input delay, min/max delays, false-path exceptions, or max skew assignments found ;
; iInstLd       ; No input delay, min/max delays, false-path exceptions, or max skew assignments found ;
; iRST          ; No input delay, min/max delays, false-path exceptions, or max skew assignments found ;
+---------------+--------------------------------------------------------------------------------------+


+-----------------------------------------------------------------------------------------------------+
; Unconstrained Output Ports                                                                          ;
+-------------+---------------------------------------------------------------------------------------+
; Output Port ; Comment                                                                               ;
+-------------+---------------------------------------------------------------------------------------+
; oALUOut[0]  ; No output delay, min/max delays, false-path exceptions, or max skew assignments found ;
; oALUOut[1]  ; No output delay, min/max delays, false-path exceptions, or max skew assignments found ;
; oALUOut[2]  ; No output delay, min/max delays, false-path exceptions, or max skew assignments found ;
; oALUOut[3]  ; No output delay, min/max delays, false-path exceptions, or max skew assignments found ;
; oALUOut[4]  ; No output delay, min/max delays, false-path exceptions, or max skew assignments found ;
; oALUOut[5]  ; No output delay, min/max delays, false-path exceptions, or max skew assignments found ;
; oALUOut[6]  ; No output delay, min/max delays, false-path exceptions, or max skew assignments found ;
; oALUOut[7]  ; No output delay, min/max delays, false-path exceptions, or max skew assignments found ;
; oALUOut[8]  ; No output delay, min/max delays, false-path exceptions, or max skew assignments found ;
; oALUOut[9]  ; No output delay, min/max delays, false-path exceptions, or max skew assignments found ;
; oALUOut[10] ; No output delay, min/max delays, false-path exceptions, or max skew assignments found ;
; oALUOut[11] ; No output delay, min/max delays, false-path exceptions, or max skew assignments found ;
; oALUOut[12] ; No output delay, min/max delays, false-path exceptions, or max skew assignments found ;
; oALUOut[13] ; No output delay, min/max delays, false-path exceptions, or max skew assignments found ;
; oALUOut[14] ; No output delay, min/max delays, false-path exceptions, or max skew assignments found ;
; oALUOut[15] ; No output delay, min/max delays, false-path exceptions, or max skew assignments found ;
; oALUOut[16] ; No output delay, min/max delays, false-path exceptions, or max skew assignments found ;
; oALUOut[17] ; No output delay, min/max delays, false-path exceptions, or max skew assignments found ;
; oALUOut[18] ; No output delay, min/max delays, false-path exceptions, or max skew assignments found ;
; oALUOut[19] ; No output delay, min/max delays, false-path exceptions, or max skew assignments found ;
; oALUOut[20] ; No output delay, min/max delays, false-path exceptions, or max skew assignments found ;
; oALUOut[21] ; No output delay, min/max delays, false-path exceptions, or max skew assignments found ;
; oALUOut[22] ; No output delay, min/max delays, false-path exceptions, or max skew assignments found ;
; oALUOut[23] ; No output delay, min/max delays, false-path exceptions, or max skew assignments found ;
; oALUOut[24] ; No output delay, min/max delays, false-path exceptions, or max skew assignments found ;
; oALUOut[25] ; No output delay, min/max delays, false-path exceptions, or max skew assignments found ;
; oALUOut[26] ; No output delay, min/max delays, false-path exceptions, or max skew assignments found ;
; oALUOut[27] ; No output delay, min/max delays, false-path exceptions, or max skew assignments found ;
; oALUOut[28] ; No output delay, min/max delays, false-path exceptions, or max skew assignments found ;
; oALUOut[29] ; No output delay, min/max delays, false-path exceptions, or max skew assignments found ;
; oALUOut[30] ; No output delay, min/max delays, false-path exceptions, or max skew assignments found ;
; oALUOut[31] ; No output delay, min/max delays, false-path exceptions, or max skew assignments found ;
+-------------+---------------------------------------------------------------------------------------+


+--------------------------+
; Timing Analyzer Messages ;
+--------------------------+
Info: *******************************************************************
Info: Running Quartus Prime Timing Analyzer
    Info: Version 20.1.1 Build 720 11/11/2020 SJ Standard Edition
    Info: Copyright (C) 2020  Intel Corporation. All rights reserved.
    Info: Your use of Intel Corporation's design tools, logic functions 
    Info: and other software and tools, and any partner logic 
    Info: functions, and any output files from any of the foregoing 
    Info: (including device programming or simulation files), and any 
    Info: associated documentation or information are expressly subject 
    Info: to the terms and conditions of the Intel Program License 
    Info: Subscription Agreement, the Intel Quartus Prime License Agreement,
    Info: the Intel FPGA IP License Agreement, or other applicable license
    Info: agreement, including, without limitation, that your use is for
    Info: the sole purpose of programming logic devices manufactured by
    Info: Intel and sold by Intel or its authorized distributors.  Please
    Info: refer to the applicable agreement for further details, at
    Info: https://fpgasoftware.intel.com/eula.
    Info: Processing started: Wed Dec  3 12:25:48 2025
Info: Command: quartus_sta --sdc=toolflow.sdc toolflow --do_report_timing
Info: qsta_default_script.tcl version: #1
Warning (18236): Number of processors has not been specified which may cause overloading on shared machines.  Set the global assignment NUM_PARALLEL_PROCESSORS in your QSF to an appropriate value for best performance.
Info (20030): Parallel compilation is enabled and will use 12 of the 12 processors detected
Info (21076): High junction temperature operating condition is not set. Assuming a default value of '85'.
Info (21076): Low junction temperature operating condition is not set. Assuming a default value of '0'.
Info (332104): Reading SDC File: 'toolflow.sdc'
Info: Found TIMING_ANALYZER_REPORT_SCRIPT_INCLUDE_DEFAULT_ANALYSIS = ON
Info: Analyzing Slow 1200mV 85C Model
Info (332146): Worst-case setup slack is 1.220
    Info (332119):     Slack       End Point TNS Clock 
    Info (332119): ========= =================== =====================
    Info (332119):     1.220               0.000 iCLK 
Info (332146): Worst-case hold slack is 0.344
    Info (332119):     Slack       End Point TNS Clock 
    Info (332119): ========= =================== =====================
    Info (332119):     0.344               0.000 iCLK 
Info (332146): Worst-case recovery slack is 17.717
    Info (332119):     Slack       End Point TNS Clock 
    Info (332119): ========= =================== =====================
    Info (332119):    17.717               0.000 iCLK 
Info (332146): Worst-case removal slack is 1.706
    Info (332119):     Slack       End Point TNS Clock 
    Info (332119): ========= =================== =====================
    Info (332119):     1.706               0.000 iCLK 
Info (332146): Worst-case minimum pulse width slack is 9.628
    Info (332119):     Slack       End Point TNS Clock 
    Info (332119): ========= =================== =====================
    Info (332119):     9.628               0.000 iCLK 
Info (332115): Report Timing: Found 1 setup paths (0 violated).  Worst case slack is 1.220
    Info (332115): -to_clock [get_clocks {iCLK}]
    Info (332115): -setup
    Info (332115): -stdout
Info (332115): Path #1: Setup slack is 1.220 
    Info (332115): ===================================================================
    Info (332115): From Node    : mem:DMem|altsyncram:ram_rtl_0|altsyncram_eg81:auto_generated|ram_block1a5~porta_we_reg
    Info (332115): To Node      : register_file:regFile_inst|register_N_neg:\gen_registers:29:gen_other:reg_i|dffgNeg:\gen_dffg:29:dffg_inst|s_Q
    Info (332115): Launch Clock : iCLK
    Info (332115): Latch Clock  : iCLK (INVERTED)
    Info (332115): 
    Info (332115): Data Arrival Path:
    Info (332115): 
    Info (332115): Total (ns)  Incr (ns)     Type  Element
    Info (332115): ==========  ========= ==  ====  ===================================
    Info (332115):      0.000      0.000           launch edge time
    Info (332115):      3.435      3.435  R        clock network delay
    Info (332115):      3.698      0.263     uTco  mem:DMem|altsyncram:ram_rtl_0|altsyncram_eg81:auto_generated|ram_block1a5~porta_we_reg
    Info (332115):      6.547      2.849 FR  CELL  DMem|ram_rtl_0|auto_generated|ram_block1a5|portadataout[4]
    Info (332115):      7.889      1.342 RR    IC  DMem|ram~64|datad
    Info (332115):      8.044      0.155 RR  CELL  DMem|ram~64|combout
    Info (332115):      8.765      0.721 RR    IC  WB_Mux_inst|Mux2~1|dataa
    Info (332115):      9.182      0.417 RR  CELL  WB_Mux_inst|Mux2~1|combout
    Info (332115):      9.385      0.203 RR    IC  WB_Mux_inst|Mux2~2|datac
    Info (332115):      9.672      0.287 RR  CELL  WB_Mux_inst|Mux2~2|combout
    Info (332115):     11.457      1.785 RR    IC  regFile_inst|\gen_registers:29:gen_other:reg_i|\gen_dffg:29:dffg_inst|s_Q|asdata
    Info (332115):     11.863      0.406 RR  CELL  register_file:regFile_inst|register_N_neg:\gen_registers:29:gen_other:reg_i|dffgNeg:\gen_dffg:29:dffg_inst|s_Q
    Info (332115): 
    Info (332115): Data Required Path:
    Info (332115): 
    Info (332115): Total (ns)  Incr (ns)     Type  Element
    Info (332115): ==========  ========= ==  ====  ===================================
    Info (332115):     10.000     10.000           latch edge time
    Info (332115):     13.077      3.077  F        clock network delay
    Info (332115):     13.085      0.008           clock pessimism removed
    Info (332115):     13.065     -0.020           clock uncertainty
    Info (332115):     13.083      0.018     uTsu  register_file:regFile_inst|register_N_neg:\gen_registers:29:gen_other:reg_i|dffgNeg:\gen_dffg:29:dffg_inst|s_Q
    Info (332115): 
    Info (332115): Data Arrival Time  :    11.863
    Info (332115): Data Required Time :    13.083
    Info (332115): Slack              :     1.220 
    Info (332115): ===================================================================
    Info (332115): 
Info (332115): Report Timing: Found 1 hold paths (0 violated).  Worst case slack is 0.344
    Info (332115): -to_clock [get_clocks {iCLK}]
    Info (332115): -hold
    Info (332115): -stdout
Info (332115): Path #1: Hold slack is 0.344 
    Info (332115): ===================================================================
    Info (332115): From Node    : EX_MEM_Reg:EX_MEM_inst|register_N:Out2_reg_inst|dffg:\gen_dffg:17:dffg_inst|s_Q
    Info (332115): To Node      : mem:DMem|altsyncram:ram_rtl_0|altsyncram_eg81:auto_generated|ram_block1a6~porta_datain_reg0
    Info (332115): Launch Clock : iCLK
    Info (332115): Latch Clock  : iCLK
    Info (332115): 
    Info (332115): Data Arrival Path:
    Info (332115): 
    Info (332115): Total (ns)  Incr (ns)     Type  Element
    Info (332115): ==========  ========= ==  ====  ===================================
    Info (332115):      0.000      0.000           launch edge time
    Info (332115):      2.972      2.972  R        clock network delay
    Info (332115):      3.204      0.232     uTco  EX_MEM_Reg:EX_MEM_inst|register_N:Out2_reg_inst|dffg:\gen_dffg:17:dffg_inst|s_Q
    Info (332115):      3.204      0.000 RR  CELL  EX_MEM_inst|Out2_reg_inst|\gen_dffg:17:dffg_inst|s_Q|q
    Info (332115):      3.908      0.704 RR    IC  DMem|ram_rtl_0|auto_generated|ram_block1a6|portadatain[4]
    Info (332115):      3.980      0.072 RR  CELL  mem:DMem|altsyncram:ram_rtl_0|altsyncram_eg81:auto_generated|ram_block1a6~porta_datain_reg0
    Info (332115): 
    Info (332115): Data Required Path:
    Info (332115): 
    Info (332115): Total (ns)  Incr (ns)     Type  Element
    Info (332115): ==========  ========= ==  ====  ===================================
    Info (332115):      0.000      0.000           latch edge time
    Info (332115):      3.446      3.446  R        clock network delay
    Info (332115):      3.414     -0.032           clock pessimism removed
    Info (332115):      3.414      0.000           clock uncertainty
    Info (332115):      3.636      0.222      uTh  mem:DMem|altsyncram:ram_rtl_0|altsyncram_eg81:auto_generated|ram_block1a6~porta_datain_reg0
    Info (332115): 
    Info (332115): Data Arrival Time  :     3.980
    Info (332115): Data Required Time :     3.636
    Info (332115): Slack              :     0.344 
    Info (332115): ===================================================================
    Info (332115): 
Info (332115): Report Timing: Found 1 recovery paths (0 violated).  Worst case slack is 17.717
    Info (332115): -to_clock [get_clocks {iCLK}]
    Info (332115): -recovery
    Info (332115): -stdout
Info (332115): Path #1: Recovery slack is 17.717 
    Info (332115): ===================================================================
    Info (332115): From Node    : IF_ID_Reg:IF_ID_inst|register_N:PCPlus4_reg_inst|dffg:\gen_dffg:31:dffg_inst|altshift_taps:s_Q_rtl_0|shift_taps_bkm:auto_generated|dffe4
    Info (332115): To Node      : IF_ID_Reg:IF_ID_inst|register_N:PCPlus4_reg_inst|dffg:\gen_dffg:31:dffg_inst|altshift_taps:s_Q_rtl_0|shift_taps_bkm:auto_generated|altsyncram_k1b1:altsyncram2|ram_block5a0
    Info (332115): Launch Clock : iCLK
    Info (332115): Latch Clock  : iCLK
    Info (332115): 
    Info (332115): Data Arrival Path:
    Info (332115): 
    Info (332115): Total (ns)  Incr (ns)     Type  Element
    Info (332115): ==========  ========= ==  ====  ===================================
    Info (332115):      0.000      0.000           launch edge time
    Info (332115):      3.062      3.062  R        clock network delay
    Info (332115):      3.294      0.232     uTco  IF_ID_Reg:IF_ID_inst|register_N:PCPlus4_reg_inst|dffg:\gen_dffg:31:dffg_inst|altshift_taps:s_Q_rtl_0|shift_taps_bkm:auto_generated|dffe4
    Info (332115):      3.294      0.000 RR  CELL  IF_ID_inst|PCPlus4_reg_inst|\gen_dffg:31:dffg_inst|s_Q_rtl_0|auto_generated|dffe4|q
    Info (332115):      4.243      0.949 RR    IC  IF_ID_inst|PCPlus4_reg_inst|\gen_dffg:31:dffg_inst|s_Q_rtl_0|auto_generated|altsyncram2|ram_block5a0|clr0
    Info (332115):      5.523      1.280 RF  CELL  IF_ID_Reg:IF_ID_inst|register_N:PCPlus4_reg_inst|dffg:\gen_dffg:31:dffg_inst|altshift_taps:s_Q_rtl_0|shift_taps_bkm:auto_generated|altsyncram_k1b1:altsyncram2|ram_block5a0
    Info (332115): 
    Info (332115): Data Required Path:
    Info (332115): 
    Info (332115): Total (ns)  Incr (ns)     Type  Element
    Info (332115): ==========  ========= ==  ====  ===================================
    Info (332115):     20.000     20.000           latch edge time
    Info (332115):     23.286      3.286  R        clock network delay
    Info (332115):     23.318      0.032           clock pessimism removed
    Info (332115):     23.298     -0.020           clock uncertainty
    Info (332115):     23.240     -0.058     uTsu  IF_ID_Reg:IF_ID_inst|register_N:PCPlus4_reg_inst|dffg:\gen_dffg:31:dffg_inst|altshift_taps:s_Q_rtl_0|shift_taps_bkm:auto_generated|altsyncram_k1b1:altsyncram2|ram_block5a0
    Info (332115): 
    Info (332115): Data Arrival Time  :     5.523
    Info (332115): Data Required Time :    23.240
    Info (332115): Slack              :    17.717 
    Info (332115): ===================================================================
    Info (332115): 
Info (332115): Report Timing: Found 1 removal paths (0 violated).  Worst case slack is 1.706
    Info (332115): -to_clock [get_clocks {iCLK}]
    Info (332115): -removal
    Info (332115): -stdout
Info (332115): Path #1: Removal slack is 1.706 
    Info (332115): ===================================================================
    Info (332115): From Node    : IF_ID_Reg:IF_ID_inst|register_N:PCPlus4_reg_inst|dffg:\gen_dffg:31:dffg_inst|altshift_taps:s_Q_rtl_0|shift_taps_bkm:auto_generated|dffe4
    Info (332115): To Node      : IF_ID_Reg:IF_ID_inst|register_N:PCPlus4_reg_inst|dffg:\gen_dffg:31:dffg_inst|altshift_taps:s_Q_rtl_0|shift_taps_bkm:auto_generated|altsyncram_k1b1:altsyncram2|ram_block5a0
    Info (332115): Launch Clock : iCLK
    Info (332115): Latch Clock  : iCLK
    Info (332115): 
    Info (332115): Data Arrival Path:
    Info (332115): 
    Info (332115): Total (ns)  Incr (ns)     Type  Element
    Info (332115): ==========  ========= ==  ====  ===================================
    Info (332115):      0.000      0.000           launch edge time
    Info (332115):      2.950      2.950  R        clock network delay
    Info (332115):      3.182      0.232     uTco  IF_ID_Reg:IF_ID_inst|register_N:PCPlus4_reg_inst|dffg:\gen_dffg:31:dffg_inst|altshift_taps:s_Q_rtl_0|shift_taps_bkm:auto_generated|dffe4
    Info (332115):      3.182      0.000 FF  CELL  IF_ID_inst|PCPlus4_reg_inst|\gen_dffg:31:dffg_inst|s_Q_rtl_0|auto_generated|dffe4|q
    Info (332115):      4.086      0.904 FF    IC  IF_ID_inst|PCPlus4_reg_inst|\gen_dffg:31:dffg_inst|s_Q_rtl_0|auto_generated|altsyncram2|ram_block5a0|clr0
    Info (332115):      5.252      1.166 FR  CELL  IF_ID_Reg:IF_ID_inst|register_N:PCPlus4_reg_inst|dffg:\gen_dffg:31:dffg_inst|altshift_taps:s_Q_rtl_0|shift_taps_bkm:auto_generated|altsyncram_k1b1:altsyncram2|ram_block5a0
    Info (332115): 
    Info (332115): Data Required Path:
    Info (332115): 
    Info (332115): Total (ns)  Incr (ns)     Type  Element
    Info (332115): ==========  ========= ==  ====  ===================================
    Info (332115):      0.000      0.000           latch edge time
    Info (332115):      3.392      3.392  R        clock network delay
    Info (332115):      3.360     -0.032           clock pessimism removed
    Info (332115):      3.360      0.000           clock uncertainty
    Info (332115):      3.546      0.186      uTh  IF_ID_Reg:IF_ID_inst|register_N:PCPlus4_reg_inst|dffg:\gen_dffg:31:dffg_inst|altshift_taps:s_Q_rtl_0|shift_taps_bkm:auto_generated|altsyncram_k1b1:altsyncram2|ram_block5a0
    Info (332115): 
    Info (332115): Data Arrival Time  :     5.252
    Info (332115): Data Required Time :     3.546
    Info (332115): Slack              :     1.706 
    Info (332115): ===================================================================
    Info (332115): 
Info: Analyzing Slow 1200mV 0C Model
Info (334003): Started post-fitting delay annotation
Info (334004): Delay annotation completed successfully
Info (332146): Worst-case setup slack is 1.924
    Info (332119):     Slack       End Point TNS Clock 
    Info (332119): ========= =================== =====================
    Info (332119):     1.924               0.000 iCLK 
Info (332146): Worst-case hold slack is 0.342
    Info (332119):     Slack       End Point TNS Clock 
    Info (332119): ========= =================== =====================
    Info (332119):     0.342               0.000 iCLK 
Info (332146): Worst-case recovery slack is 17.906
    Info (332119):     Slack       End Point TNS Clock 
    Info (332119): ========= =================== =====================
    Info (332119):    17.906               0.000 iCLK 
Info (332146): Worst-case removal slack is 1.538
    Info (332119):     Slack       End Point TNS Clock 
    Info (332119): ========= =================== =====================
    Info (332119):     1.538               0.000 iCLK 
Info (332146): Worst-case minimum pulse width slack is 9.648
    Info (332119):     Slack       End Point TNS Clock 
    Info (332119): ========= =================== =====================
    Info (332119):     9.648               0.000 iCLK 
Info (332115): Report Timing: Found 1 setup paths (0 violated).  Worst case slack is 1.924
    Info (332115): -to_clock [get_clocks {iCLK}]
    Info (332115): -setup
    Info (332115): -stdout
Info (332115): Path #1: Setup slack is 1.924 
    Info (332115): ===================================================================
    Info (332115): From Node    : mem:DMem|altsyncram:ram_rtl_0|altsyncram_eg81:auto_generated|ram_block1a5~porta_we_reg
    Info (332115): To Node      : register_file:regFile_inst|register_N_neg:\gen_registers:29:gen_other:reg_i|dffgNeg:\gen_dffg:29:dffg_inst|s_Q
    Info (332115): Launch Clock : iCLK
    Info (332115): Latch Clock  : iCLK (INVERTED)
    Info (332115): 
    Info (332115): Data Arrival Path:
    Info (332115): 
    Info (332115): Total (ns)  Incr (ns)     Type  Element
    Info (332115): ==========  ========= ==  ====  ===================================
    Info (332115):      0.000      0.000           launch edge time
    Info (332115):      3.114      3.114  R        clock network delay
    Info (332115):      3.350      0.236     uTco  mem:DMem|altsyncram:ram_rtl_0|altsyncram_eg81:auto_generated|ram_block1a5~porta_we_reg
    Info (332115):      5.935      2.585 FR  CELL  DMem|ram_rtl_0|auto_generated|ram_block1a5|portadataout[4]
    Info (332115):      7.180      1.245 RR    IC  DMem|ram~64|datad
    Info (332115):      7.324      0.144 RR  CELL  DMem|ram~64|combout
    Info (332115):      7.999      0.675 RR    IC  WB_Mux_inst|Mux2~1|dataa
    Info (332115):      8.379      0.380 RR  CELL  WB_Mux_inst|Mux2~1|combout
    Info (332115):      8.566      0.187 RR    IC  WB_Mux_inst|Mux2~2|datac
    Info (332115):      8.831      0.265 RR  CELL  WB_Mux_inst|Mux2~2|combout
    Info (332115):     10.492      1.661 RR    IC  regFile_inst|\gen_registers:29:gen_other:reg_i|\gen_dffg:29:dffg_inst|s_Q|asdata
    Info (332115):     10.862      0.370 RR  CELL  register_file:regFile_inst|register_N_neg:\gen_registers:29:gen_other:reg_i|dffgNeg:\gen_dffg:29:dffg_inst|s_Q
    Info (332115): 
    Info (332115): Data Required Path:
    Info (332115): 
    Info (332115): Total (ns)  Incr (ns)     Type  Element
    Info (332115): ==========  ========= ==  ====  ===================================
    Info (332115):     10.000     10.000           latch edge time
    Info (332115):     12.780      2.780  F        clock network delay
    Info (332115):     12.787      0.007           clock pessimism removed
    Info (332115):     12.767     -0.020           clock uncertainty
    Info (332115):     12.786      0.019     uTsu  register_file:regFile_inst|register_N_neg:\gen_registers:29:gen_other:reg_i|dffgNeg:\gen_dffg:29:dffg_inst|s_Q
    Info (332115): 
    Info (332115): Data Arrival Time  :    10.862
    Info (332115): Data Required Time :    12.786
    Info (332115): Slack              :     1.924 
    Info (332115): ===================================================================
    Info (332115): 
Info (332115): Report Timing: Found 1 hold paths (0 violated).  Worst case slack is 0.342
    Info (332115): -to_clock [get_clocks {iCLK}]
    Info (332115): -hold
    Info (332115): -stdout
Info (332115): Path #1: Hold slack is 0.342 
    Info (332115): ===================================================================
    Info (332115): From Node    : EX_MEM_Reg:EX_MEM_inst|register_N:Out2_reg_inst|dffg:\gen_dffg:17:dffg_inst|s_Q
    Info (332115): To Node      : mem:DMem|altsyncram:ram_rtl_0|altsyncram_eg81:auto_generated|ram_block1a6~porta_datain_reg0
    Info (332115): Launch Clock : iCLK
    Info (332115): Latch Clock  : iCLK
    Info (332115): 
    Info (332115): Data Arrival Path:
    Info (332115): 
    Info (332115): Total (ns)  Incr (ns)     Type  Element
    Info (332115): ==========  ========= ==  ====  ===================================
    Info (332115):      0.000      0.000           launch edge time
    Info (332115):      2.700      2.700  R        clock network delay
    Info (332115):      2.913      0.213     uTco  EX_MEM_Reg:EX_MEM_inst|register_N:Out2_reg_inst|dffg:\gen_dffg:17:dffg_inst|s_Q
    Info (332115):      2.913      0.000 FF  CELL  EX_MEM_inst|Out2_reg_inst|\gen_dffg:17:dffg_inst|s_Q|q
    Info (332115):      3.559      0.646 FF    IC  DMem|ram_rtl_0|auto_generated|ram_block1a6|portadatain[4]
    Info (332115):      3.638      0.079 FF  CELL  mem:DMem|altsyncram:ram_rtl_0|altsyncram_eg81:auto_generated|ram_block1a6~porta_datain_reg0
    Info (332115): 
    Info (332115): Data Required Path:
    Info (332115): 
    Info (332115): Total (ns)  Incr (ns)     Type  Element
    Info (332115): ==========  ========= ==  ====  ===================================
    Info (332115):      0.000      0.000           latch edge time
    Info (332115):      3.123      3.123  R        clock network delay
    Info (332115):      3.095     -0.028           clock pessimism removed
    Info (332115):      3.095      0.000           clock uncertainty
    Info (332115):      3.296      0.201      uTh  mem:DMem|altsyncram:ram_rtl_0|altsyncram_eg81:auto_generated|ram_block1a6~porta_datain_reg0
    Info (332115): 
    Info (332115): Data Arrival Time  :     3.638
    Info (332115): Data Required Time :     3.296
    Info (332115): Slack              :     0.342 
    Info (332115): ===================================================================
    Info (332115): 
Info (332115): Report Timing: Found 1 recovery paths (0 violated).  Worst case slack is 17.906
    Info (332115): -to_clock [get_clocks {iCLK}]
    Info (332115): -recovery
    Info (332115): -stdout
Info (332115): Path #1: Recovery slack is 17.906 
    Info (332115): ===================================================================
    Info (332115): From Node    : IF_ID_Reg:IF_ID_inst|register_N:PCPlus4_reg_inst|dffg:\gen_dffg:31:dffg_inst|altshift_taps:s_Q_rtl_0|shift_taps_bkm:auto_generated|dffe4
    Info (332115): To Node      : IF_ID_Reg:IF_ID_inst|register_N:PCPlus4_reg_inst|dffg:\gen_dffg:31:dffg_inst|altshift_taps:s_Q_rtl_0|shift_taps_bkm:auto_generated|altsyncram_k1b1:altsyncram2|ram_block5a0
    Info (332115): Launch Clock : iCLK
    Info (332115): Latch Clock  : iCLK
    Info (332115): 
    Info (332115): Data Arrival Path:
    Info (332115): 
    Info (332115): Total (ns)  Incr (ns)     Type  Element
    Info (332115): ==========  ========= ==  ====  ===================================
    Info (332115):      0.000      0.000           launch edge time
    Info (332115):      2.778      2.778  R        clock network delay
    Info (332115):      2.991      0.213     uTco  IF_ID_Reg:IF_ID_inst|register_N:PCPlus4_reg_inst|dffg:\gen_dffg:31:dffg_inst|altshift_taps:s_Q_rtl_0|shift_taps_bkm:auto_generated|dffe4
    Info (332115):      2.991      0.000 RR  CELL  IF_ID_inst|PCPlus4_reg_inst|\gen_dffg:31:dffg_inst|s_Q_rtl_0|auto_generated|dffe4|q
    Info (332115):      3.880      0.889 RR    IC  IF_ID_inst|PCPlus4_reg_inst|\gen_dffg:31:dffg_inst|s_Q_rtl_0|auto_generated|altsyncram2|ram_block5a0|clr0
    Info (332115):      5.028      1.148 RF  CELL  IF_ID_Reg:IF_ID_inst|register_N:PCPlus4_reg_inst|dffg:\gen_dffg:31:dffg_inst|altshift_taps:s_Q_rtl_0|shift_taps_bkm:auto_generated|altsyncram_k1b1:altsyncram2|ram_block5a0
    Info (332115): 
    Info (332115): Data Required Path:
    Info (332115): 
    Info (332115): Total (ns)  Incr (ns)     Type  Element
    Info (332115): ==========  ========= ==  ====  ===================================
    Info (332115):     20.000     20.000           latch edge time
    Info (332115):     22.975      2.975  R        clock network delay
    Info (332115):     23.003      0.028           clock pessimism removed
    Info (332115):     22.983     -0.020           clock uncertainty
    Info (332115):     22.934     -0.049     uTsu  IF_ID_Reg:IF_ID_inst|register_N:PCPlus4_reg_inst|dffg:\gen_dffg:31:dffg_inst|altshift_taps:s_Q_rtl_0|shift_taps_bkm:auto_generated|altsyncram_k1b1:altsyncram2|ram_block5a0
    Info (332115): 
    Info (332115): Data Arrival Time  :     5.028
    Info (332115): Data Required Time :    22.934
    Info (332115): Slack              :    17.906 
    Info (332115): ===================================================================
    Info (332115): 
Info (332115): Report Timing: Found 1 removal paths (0 violated).  Worst case slack is 1.538
    Info (332115): -to_clock [get_clocks {iCLK}]
    Info (332115): -removal
    Info (332115): -stdout
Info (332115): Path #1: Removal slack is 1.538 
    Info (332115): ===================================================================
    Info (332115): From Node    : IF_ID_Reg:IF_ID_inst|register_N:PCPlus4_reg_inst|dffg:\gen_dffg:31:dffg_inst|altshift_taps:s_Q_rtl_0|shift_taps_bkm:auto_generated|dffe4
    Info (332115): To Node      : IF_ID_Reg:IF_ID_inst|register_N:PCPlus4_reg_inst|dffg:\gen_dffg:31:dffg_inst|altshift_taps:s_Q_rtl_0|shift_taps_bkm:auto_generated|altsyncram_k1b1:altsyncram2|ram_block5a0
    Info (332115): Launch Clock : iCLK
    Info (332115): Latch Clock  : iCLK
    Info (332115): 
    Info (332115): Data Arrival Path:
    Info (332115): 
    Info (332115): Total (ns)  Incr (ns)     Type  Element
    Info (332115): ==========  ========= ==  ====  ===================================
    Info (332115):      0.000      0.000           launch edge time
    Info (332115):      2.679      2.679  R        clock network delay
    Info (332115):      2.892      0.213     uTco  IF_ID_Reg:IF_ID_inst|register_N:PCPlus4_reg_inst|dffg:\gen_dffg:31:dffg_inst|altshift_taps:s_Q_rtl_0|shift_taps_bkm:auto_generated|dffe4
    Info (332115):      2.892      0.000 FF  CELL  IF_ID_inst|PCPlus4_reg_inst|\gen_dffg:31:dffg_inst|s_Q_rtl_0|auto_generated|dffe4|q
    Info (332115):      3.705      0.813 FF    IC  IF_ID_inst|PCPlus4_reg_inst|\gen_dffg:31:dffg_inst|s_Q_rtl_0|auto_generated|altsyncram2|ram_block5a0|clr0
    Info (332115):      4.754      1.049 FR  CELL  IF_ID_Reg:IF_ID_inst|register_N:PCPlus4_reg_inst|dffg:\gen_dffg:31:dffg_inst|altshift_taps:s_Q_rtl_0|shift_taps_bkm:auto_generated|altsyncram_k1b1:altsyncram2|ram_block5a0
    Info (332115): 
    Info (332115): Data Required Path:
    Info (332115): 
    Info (332115): Total (ns)  Incr (ns)     Type  Element
    Info (332115): ==========  ========= ==  ====  ===================================
    Info (332115):      0.000      0.000           latch edge time
    Info (332115):      3.076      3.076  R        clock network delay
    Info (332115):      3.048     -0.028           clock pessimism removed
    Info (332115):      3.048      0.000           clock uncertainty
    Info (332115):      3.216      0.168      uTh  IF_ID_Reg:IF_ID_inst|register_N:PCPlus4_reg_inst|dffg:\gen_dffg:31:dffg_inst|altshift_taps:s_Q_rtl_0|shift_taps_bkm:auto_generated|altsyncram_k1b1:altsyncram2|ram_block5a0
    Info (332115): 
    Info (332115): Data Arrival Time  :     4.754
    Info (332115): Data Required Time :     3.216
    Info (332115): Slack              :     1.538 
    Info (332115): ===================================================================
    Info (332115): 
Info: Analyzing Fast 1200mV 0C Model
Info (332146): Worst-case setup slack is 5.532
    Info (332119):     Slack       End Point TNS Clock 
    Info (332119): ========= =================== =====================
    Info (332119):     5.532               0.000 iCLK 
Info (332146): Worst-case hold slack is 0.138
    Info (332119):     Slack       End Point TNS Clock 
    Info (332119): ========= =================== =====================
    Info (332119):     0.138               0.000 iCLK 
Info (332146): Worst-case recovery slack is 18.858
    Info (332119):     Slack       End Point TNS Clock 
    Info (332119): ========= =================== =====================
    Info (332119):    18.858               0.000 iCLK 
Info (332146): Worst-case removal slack is 0.816
    Info (332119):     Slack       End Point TNS Clock 
    Info (332119): ========= =================== =====================
    Info (332119):     0.816               0.000 iCLK 
Info (332146): Worst-case minimum pulse width slack is 9.374
    Info (332119):     Slack       End Point TNS Clock 
    Info (332119): ========= =================== =====================
    Info (332119):     9.374               0.000 iCLK 
Info (332115): Report Timing: Found 1 setup paths (0 violated).  Worst case slack is 5.532
    Info (332115): -to_clock [get_clocks {iCLK}]
    Info (332115): -setup
    Info (332115): -stdout
Info (332115): Path #1: Setup slack is 5.532 
    Info (332115): ===================================================================
    Info (332115): From Node    : register_file:regFile_inst|register_N_neg:\gen_registers:18:gen_other:reg_i|dffgNeg:\gen_dffg:29:dffg_inst|s_Q
    Info (332115): To Node      : ID_EX_Reg:ID_EX_inst|register_N:Out1_reg_inst|dffg:\gen_dffg:29:dffg_inst|s_Q
    Info (332115): Launch Clock : iCLK (INVERTED)
    Info (332115): Latch Clock  : iCLK
    Info (332115): 
    Info (332115): Data Arrival Path:
    Info (332115): 
    Info (332115): Total (ns)  Incr (ns)     Type  Element
    Info (332115): ==========  ========= ==  ====  ===================================
    Info (332115):     10.000     10.000           launch edge time
    Info (332115):     12.052      2.052  F        clock network delay
    Info (332115):     12.157      0.105     uTco  register_file:regFile_inst|register_N_neg:\gen_registers:18:gen_other:reg_i|dffgNeg:\gen_dffg:29:dffg_inst|s_Q
    Info (332115):     12.157      0.000 FF  CELL  regFile_inst|\gen_registers:18:gen_other:reg_i|\gen_dffg:29:dffg_inst|s_Q|q
    Info (332115):     12.753      0.596 FF    IC  regFile_inst|mux|Mux2~18|dataa
    Info (332115):     12.946      0.193 FF  CELL  regFile_inst|mux|Mux2~18|combout
    Info (332115):     13.502      0.556 FF    IC  regFile_inst|mux|Mux2~19|datab
    Info (332115):     13.709      0.207 FF  CELL  regFile_inst|mux|Mux2~19|combout
    Info (332115):     14.668      0.959 FF    IC  regFile_inst|mux|Mux2~20|datac
    Info (332115):     14.801      0.133 FF  CELL  regFile_inst|mux|Mux2~20|combout
    Info (332115):     14.911      0.110 FF    IC  regFile_inst|mux|Mux2~21|datac
    Info (332115):     15.044      0.133 FF  CELL  regFile_inst|mux|Mux2~21|combout
    Info (332115):     15.944      0.900 FF    IC  regFile_inst|mux|Mux2~22|datad
    Info (332115):     16.007      0.063 FF  CELL  regFile_inst|mux|Mux2~22|combout
    Info (332115):     16.007      0.000 FF    IC  ID_EX_inst|Out1_reg_inst|\gen_dffg:29:dffg_inst|s_Q|d
    Info (332115):     16.057      0.050 FF  CELL  ID_EX_Reg:ID_EX_inst|register_N:Out1_reg_inst|dffg:\gen_dffg:29:dffg_inst|s_Q
    Info (332115): 
    Info (332115): Data Required Path:
    Info (332115): 
    Info (332115): Total (ns)  Incr (ns)     Type  Element
    Info (332115): ==========  ========= ==  ====  ===================================
    Info (332115):     20.000     20.000           latch edge time
    Info (332115):     21.583      1.583  R        clock network delay
    Info (332115):     21.602      0.019           clock pessimism removed
    Info (332115):     21.582     -0.020           clock uncertainty
    Info (332115):     21.589      0.007     uTsu  ID_EX_Reg:ID_EX_inst|register_N:Out1_reg_inst|dffg:\gen_dffg:29:dffg_inst|s_Q
    Info (332115): 
    Info (332115): Data Arrival Time  :    16.057
    Info (332115): Data Required Time :    21.589
    Info (332115): Slack              :     5.532 
    Info (332115): ===================================================================
    Info (332115): 
Info (332115): Report Timing: Found 1 hold paths (0 violated).  Worst case slack is 0.138
    Info (332115): -to_clock [get_clocks {iCLK}]
    Info (332115): -hold
    Info (332115): -stdout
Info (332115): Path #1: Hold slack is 0.138 
    Info (332115): ===================================================================
    Info (332115): From Node    : EX_MEM_Reg:EX_MEM_inst|register_N:Out2_reg_inst|dffg:\gen_dffg:17:dffg_inst|s_Q
    Info (332115): To Node      : mem:DMem|altsyncram:ram_rtl_0|altsyncram_eg81:auto_generated|ram_block1a6~porta_datain_reg0
    Info (332115): Launch Clock : iCLK
    Info (332115): Latch Clock  : iCLK
    Info (332115): 
    Info (332115): Data Arrival Path:
    Info (332115): 
    Info (332115): Total (ns)  Incr (ns)     Type  Element
    Info (332115): ==========  ========= ==  ====  ===================================
    Info (332115):      0.000      0.000           launch edge time
    Info (332115):      1.589      1.589  R        clock network delay
    Info (332115):      1.694      0.105     uTco  EX_MEM_Reg:EX_MEM_inst|register_N:Out2_reg_inst|dffg:\gen_dffg:17:dffg_inst|s_Q
    Info (332115):      1.694      0.000 RR  CELL  EX_MEM_inst|Out2_reg_inst|\gen_dffg:17:dffg_inst|s_Q|q
    Info (332115):      2.021      0.327 RR    IC  DMem|ram_rtl_0|auto_generated|ram_block1a6|portadatain[4]
    Info (332115):      2.057      0.036 RR  CELL  mem:DMem|altsyncram:ram_rtl_0|altsyncram_eg81:auto_generated|ram_block1a6~porta_datain_reg0
    Info (332115): 
    Info (332115): Data Required Path:
    Info (332115): 
    Info (332115): Total (ns)  Incr (ns)     Type  Element
    Info (332115): ==========  ========= ==  ====  ===================================
    Info (332115):      0.000      0.000           latch edge time
    Info (332115):      1.835      1.835  R        clock network delay
    Info (332115):      1.815     -0.020           clock pessimism removed
    Info (332115):      1.815      0.000           clock uncertainty
    Info (332115):      1.919      0.104      uTh  mem:DMem|altsyncram:ram_rtl_0|altsyncram_eg81:auto_generated|ram_block1a6~porta_datain_reg0
    Info (332115): 
    Info (332115): Data Arrival Time  :     2.057
    Info (332115): Data Required Time :     1.919
    Info (332115): Slack              :     0.138 
    Info (332115): ===================================================================
    Info (332115): 
Info (332115): Report Timing: Found 1 recovery paths (0 violated).  Worst case slack is 18.858
    Info (332115): -to_clock [get_clocks {iCLK}]
    Info (332115): -recovery
    Info (332115): -stdout
Info (332115): Path #1: Recovery slack is 18.858 
    Info (332115): ===================================================================
    Info (332115): From Node    : IF_ID_Reg:IF_ID_inst|register_N:PCPlus4_reg_inst|dffg:\gen_dffg:31:dffg_inst|altshift_taps:s_Q_rtl_0|shift_taps_bkm:auto_generated|dffe4
    Info (332115): To Node      : IF_ID_Reg:IF_ID_inst|register_N:PCPlus4_reg_inst|dffg:\gen_dffg:31:dffg_inst|altshift_taps:s_Q_rtl_0|shift_taps_bkm:auto_generated|altsyncram_k1b1:altsyncram2|ram_block5a0
    Info (332115): Launch Clock : iCLK
    Info (332115): Latch Clock  : iCLK
    Info (332115): 
    Info (332115): Data Arrival Path:
    Info (332115): 
    Info (332115): Total (ns)  Incr (ns)     Type  Element
    Info (332115): ==========  ========= ==  ====  ===================================
    Info (332115):      0.000      0.000           launch edge time
    Info (332115):      1.629      1.629  R        clock network delay
    Info (332115):      1.734      0.105     uTco  IF_ID_Reg:IF_ID_inst|register_N:PCPlus4_reg_inst|dffg:\gen_dffg:31:dffg_inst|altshift_taps:s_Q_rtl_0|shift_taps_bkm:auto_generated|dffe4
    Info (332115):      1.734      0.000 FF  CELL  IF_ID_inst|PCPlus4_reg_inst|\gen_dffg:31:dffg_inst|s_Q_rtl_0|auto_generated|dffe4|q
    Info (332115):      2.247      0.513 FF    IC  IF_ID_inst|PCPlus4_reg_inst|\gen_dffg:31:dffg_inst|s_Q_rtl_0|auto_generated|altsyncram2|ram_block5a0|clr0
    Info (332115):      2.858      0.611 FR  CELL  IF_ID_Reg:IF_ID_inst|register_N:PCPlus4_reg_inst|dffg:\gen_dffg:31:dffg_inst|altshift_taps:s_Q_rtl_0|shift_taps_bkm:auto_generated|altsyncram_k1b1:altsyncram2|ram_block5a0
    Info (332115): 
    Info (332115): Data Required Path:
    Info (332115): 
    Info (332115): Total (ns)  Incr (ns)     Type  Element
    Info (332115): ==========  ========= ==  ====  ===================================
    Info (332115):     20.000     20.000           latch edge time
    Info (332115):     21.741      1.741  R        clock network delay
    Info (332115):     21.761      0.020           clock pessimism removed
    Info (332115):     21.741     -0.020           clock uncertainty
    Info (332115):     21.716     -0.025     uTsu  IF_ID_Reg:IF_ID_inst|register_N:PCPlus4_reg_inst|dffg:\gen_dffg:31:dffg_inst|altshift_taps:s_Q_rtl_0|shift_taps_bkm:auto_generated|altsyncram_k1b1:altsyncram2|ram_block5a0
    Info (332115): 
    Info (332115): Data Arrival Time  :     2.858
    Info (332115): Data Required Time :    21.716
    Info (332115): Slack              :    18.858 
    Info (332115): ===================================================================
    Info (332115): 
Info (332115): Report Timing: Found 1 removal paths (0 violated).  Worst case slack is 0.816
    Info (332115): -to_clock [get_clocks {iCLK}]
    Info (332115): -removal
    Info (332115): -stdout
Info (332115): Path #1: Removal slack is 0.816 
    Info (332115): ===================================================================
    Info (332115): From Node    : IF_ID_Reg:IF_ID_inst|register_N:PCPlus4_reg_inst|dffg:\gen_dffg:31:dffg_inst|altshift_taps:s_Q_rtl_0|shift_taps_bkm:auto_generated|dffe4
    Info (332115): To Node      : IF_ID_Reg:IF_ID_inst|register_N:PCPlus4_reg_inst|dffg:\gen_dffg:31:dffg_inst|altshift_taps:s_Q_rtl_0|shift_taps_bkm:auto_generated|altsyncram_k1b1:altsyncram2|ram_block5a0
    Info (332115): Launch Clock : iCLK
    Info (332115): Latch Clock  : iCLK
    Info (332115): 
    Info (332115): Data Arrival Path:
    Info (332115): 
    Info (332115): Total (ns)  Incr (ns)     Type  Element
    Info (332115): ==========  ========= ==  ====  ===================================
    Info (332115):      0.000      0.000           launch edge time
    Info (332115):      1.568      1.568  R        clock network delay
    Info (332115):      1.673      0.105     uTco  IF_ID_Reg:IF_ID_inst|register_N:PCPlus4_reg_inst|dffg:\gen_dffg:31:dffg_inst|altshift_taps:s_Q_rtl_0|shift_taps_bkm:auto_generated|dffe4
    Info (332115):      1.673      0.000 RR  CELL  IF_ID_inst|PCPlus4_reg_inst|\gen_dffg:31:dffg_inst|s_Q_rtl_0|auto_generated|dffe4|q
    Info (332115):      2.115      0.442 RR    IC  IF_ID_inst|PCPlus4_reg_inst|\gen_dffg:31:dffg_inst|s_Q_rtl_0|auto_generated|altsyncram2|ram_block5a0|clr0
    Info (332115):      2.695      0.580 RF  CELL  IF_ID_Reg:IF_ID_inst|register_N:PCPlus4_reg_inst|dffg:\gen_dffg:31:dffg_inst|altshift_taps:s_Q_rtl_0|shift_taps_bkm:auto_generated|altsyncram_k1b1:altsyncram2|ram_block5a0
    Info (332115): 
    Info (332115): Data Required Path:
    Info (332115): 
    Info (332115): Total (ns)  Incr (ns)     Type  Element
    Info (332115): ==========  ========= ==  ====  ===================================
    Info (332115):      0.000      0.000           latch edge time
    Info (332115):      1.809      1.809  R        clock network delay
    Info (332115):      1.789     -0.020           clock pessimism removed
    Info (332115):      1.789      0.000           clock uncertainty
    Info (332115):      1.879      0.090      uTh  IF_ID_Reg:IF_ID_inst|register_N:PCPlus4_reg_inst|dffg:\gen_dffg:31:dffg_inst|altshift_taps:s_Q_rtl_0|shift_taps_bkm:auto_generated|altsyncram_k1b1:altsyncram2|ram_block5a0
    Info (332115): 
    Info (332115): Data Arrival Time  :     2.695
    Info (332115): Data Required Time :     1.879
    Info (332115): Slack              :     0.816 
    Info (332115): ===================================================================
    Info (332115): 
Info (332102): Design is not fully constrained for setup requirements
Info (332102): Design is not fully constrained for hold requirements
Info: Quartus Prime Timing Analyzer was successful. 0 errors, 1 warning
    Info: Peak virtual memory: 901 megabytes
    Info: Processing ended: Wed Dec  3 12:25:51 2025
    Info: Elapsed time: 00:00:03
    Info: Total CPU time (on all processors): 00:00:03


