[inst #1] lui x2,65553
Register Write to Reg: 0x02 Val: 0x10011000
[inst #2] addi x0,x0,0
Register Write to Reg: 0x00 Val: 0x00000000
[inst #3] addi x0,x0,0
Register Write to Reg: 0x00 Val: 0x00000000
[inst #4] addi x0,x0,0
Register Write to Reg: 0x00 Val: 0x00000000
[inst #5] addi x2,x2,0
Register Write to Reg: 0x02 Val: 0x10011000
[inst #6] addi x0,x0,0
Register Write to Reg: 0x00 Val: 0x00000000
[inst #7] addi x0,x0,0
Register Write to Reg: 0x00 Val: 0x00000000
[inst #8] addi x0,x0,0
Register Write to Reg: 0x00 Val: 0x00000000
[inst #9] addi x8,x0,0
Register Write to Reg: 0x08 Val: 0x00000000
[inst #10] addi x0,x0,0
Register Write to Reg: 0x00 Val: 0x00000000
[inst #11] addi x0,x0,0
Register Write to Reg: 0x00 Val: 0x00000000
[inst #12] addi x0,x0,0
Register Write to Reg: 0x00 Val: 0x00000000
[inst #13] auipc x1,0
Register Write to Reg: 0x01 Val: 0x00400030
[inst #14] sll x0,x0,x0
Register Write to Reg: 0x00 Val: 0x00000000
[inst #15] sll x0,x0,x0
Register Write to Reg: 0x00 Val: 0x00000000
[inst #16] sll x0,x0,x0
Register Write to Reg: 0x00 Val: 0x00000000
[inst #17] addi x1,x1,48
Register Write to Reg: 0x01 Val: 0x00400060
[inst #18] addi x0,x0,0
Register Write to Reg: 0x00 Val: 0x00000000
[inst #19] addi x0,x0,0
Register Write to Reg: 0x00 Val: 0x00000000
[inst #20] addi x0,x0,0
Register Write to Reg: 0x00 Val: 0x00000000
[inst #21] jal x0,36
Register Write to Reg: 0x00 Val: 0x00400054
[inst #22] addi x2,x2,-40
Register Write to Reg: 0x02 Val: 0x10010FD8
[inst #23] addi x0,x0,0
Register Write to Reg: 0x00 Val: 0x00000000
[inst #24] addi x0,x0,0
Register Write to Reg: 0x00 Val: 0x00000000
[inst #25] addi x0,x0,0
Register Write to Reg: 0x00 Val: 0x00000000
[inst #26] sw x1,36(x2)
Memory Write to Addr: 0x10010FFC Val: 0x00400060
[inst #27] sw x8,32(x2)
Memory Write to Addr: 0x10010FF8 Val: 0x00000000
[inst #28] add x8,x2,x0
Register Write to Reg: 0x08 Val: 0x10010FD8
[inst #29] addi x0,x0,0
Register Write to Reg: 0x00 Val: 0x00000000
[inst #30] addi x0,x0,0
Register Write to Reg: 0x00 Val: 0x00000000
[inst #31] addi x0,x0,0
Register Write to Reg: 0x00 Val: 0x00000000
[inst #32] sw x0,24(x2)
Memory Write to Addr: 0x10010FF0 Val: 0x00000000
[inst #33] jal x0,204
Register Write to Reg: 0x00 Val: 0x004000A4
[inst #34] lw x7,24(x8)
Register Write to Reg: 0x07 Val: 0x00000000
[inst #35] addi x0,x0,0
Register Write to Reg: 0x00 Val: 0x00000000
[inst #36] addi x0,x0,0
Register Write to Reg: 0x00 Val: 0x00000000
[inst #37] addi x0,x0,0
Register Write to Reg: 0x00 Val: 0x00000000
[inst #38] slti x7,x7,4
Register Write to Reg: 0x07 Val: 0x00000001
[inst #39] addi x0,x0,0
Register Write to Reg: 0x00 Val: 0x00000000
[inst #40] addi x0,x0,0
Register Write to Reg: 0x00 Val: 0x00000000
[inst #41] addi x0,x0,0
Register Write to Reg: 0x00 Val: 0x00000000
[inst #42] beq x7,x0,32
[inst #43] addi x0,x0,0
Register Write to Reg: 0x00 Val: 0x00000000
[inst #44] addi x0,x0,0
Register Write to Reg: 0x00 Val: 0x00000000
[inst #45] addi x0,x0,0
Register Write to Reg: 0x00 Val: 0x00000000
[inst #46] jal x0,-236
Register Write to Reg: 0x00 Val: 0x004001A0
[inst #47] lw x29,24(x8)
Register Write to Reg: 0x1D Val: 0x00000000
[inst #48] auipc x1,0
Register Write to Reg: 0x01 Val: 0x004000B4
[inst #49] sll x0,x0,x0
Register Write to Reg: 0x00 Val: 0x00000000
[inst #50] sll x0,x0,x0
Register Write to Reg: 0x00 Val: 0x00000000
[inst #51] sll x0,x0,x0
Register Write to Reg: 0x00 Val: 0x00000000
[inst #52] addi x1,x1,48
Register Write to Reg: 0x01 Val: 0x004000E4
[inst #53] addi x0,x0,0
Register Write to Reg: 0x00 Val: 0x00000000
[inst #54] addi x0,x0,0
Register Write to Reg: 0x00 Val: 0x00000000
[inst #55] addi x0,x0,0
Register Write to Reg: 0x00 Val: 0x00000000
[inst #56] jal x0,2736
Register Write to Reg: 0x00 Val: 0x004000D8
[inst #57] addi x2,x2,-32
Register Write to Reg: 0x02 Val: 0x10010FB8
[inst #58] addi x0,x0,0
Register Write to Reg: 0x00 Val: 0x00000000
[inst #59] addi x0,x0,0
Register Write to Reg: 0x00 Val: 0x00000000
[inst #60] addi x0,x0,0
Register Write to Reg: 0x00 Val: 0x00000000
[inst #61] sw x8,28(x2)
Memory Write to Addr: 0x10010FD4 Val: 0x10010FD8
[inst #62] add x8,x0,x2
Register Write to Reg: 0x08 Val: 0x10010FB8
[inst #63] addi x0,x0,0
Register Write to Reg: 0x00 Val: 0x00000000
[inst #64] addi x0,x0,0
Register Write to Reg: 0x00 Val: 0x00000000
[inst #65] addi x0,x0,0
Register Write to Reg: 0x00 Val: 0x00000000
[inst #66] sw x29,32(x8)
Memory Write to Addr: 0x10010FD8 Val: 0x00000000
[inst #67] ori x7,x0,1
Register Write to Reg: 0x07 Val: 0x00000001
[inst #68] addi x0,x0,0
Register Write to Reg: 0x00 Val: 0x00000000
[inst #69] addi x0,x0,0
Register Write to Reg: 0x00 Val: 0x00000000
[inst #70] addi x0,x0,0
Register Write to Reg: 0x00 Val: 0x00000000
[inst #71] sw x7,8(x8)
Memory Write to Addr: 0x10010FC0 Val: 0x00000001
[inst #72] sw x0,12(x8)
Memory Write to Addr: 0x10010FC4 Val: 0x00000000
[inst #73] jal x0,88
Register Write to Reg: 0x00 Val: 0x00400BC8
[inst #74] lw x28,12(x8)
Register Write to Reg: 0x1C Val: 0x00000000
[inst #75] lw x7,32(x8)
Register Write to Reg: 0x07 Val: 0x00000000
[inst #76] addi x0,x0,0
Register Write to Reg: 0x00 Val: 0x00000000
[inst #77] addi x0,x0,0
Register Write to Reg: 0x00 Val: 0x00000000
[inst #78] addi x0,x0,0
Register Write to Reg: 0x00 Val: 0x00000000
[inst #79] slt x7,x28,x7
Register Write to Reg: 0x07 Val: 0x00000000
[inst #80] addi x0,x0,0
Register Write to Reg: 0x00 Val: 0x00000000
[inst #81] addi x0,x0,0
Register Write to Reg: 0x00 Val: 0x00000000
[inst #82] addi x0,x0,0
Register Write to Reg: 0x00 Val: 0x00000000
[inst #83] beq x7,x0,32
[inst #84] auipc x7,64527
Register Write to Reg: 0x07 Val: 0x1000FC60
[inst #85] sll x0,x0,x0
Register Write to Reg: 0x00 Val: 0x00000000
[inst #86] sll x0,x0,x0
Register Write to Reg: 0x00 Val: 0x00000000
[inst #87] sll x0,x0,x0
Register Write to Reg: 0x00 Val: 0x00000000
[inst #88] addi x7,x7,964
Register Write to Reg: 0x07 Val: 0x10010024
[inst #89] addi x0,x0,0
Register Write to Reg: 0x00 Val: 0x00000000
[inst #90] addi x0,x0,0
Register Write to Reg: 0x00 Val: 0x00000000
[inst #91] addi x0,x0,0
Register Write to Reg: 0x00 Val: 0x00000000
[inst #92] lw x7,0(x7)
Register Write to Reg: 0x07 Val: 0x00000000
[inst #93] addi x0,x0,0
Register Write to Reg: 0x00 Val: 0x00000000
[inst #94] addi x0,x0,0
Register Write to Reg: 0x00 Val: 0x00000000
[inst #95] addi x0,x0,0
Register Write to Reg: 0x00 Val: 0x00000000
[inst #96] sw x7,16(x8)
Memory Write to Addr: 0x10010FC8 Val: 0x00000000
[inst #97] lw x28,16(x8)
Register Write to Reg: 0x1C Val: 0x00000000
[inst #98] lw x7,8(x8)
Register Write to Reg: 0x07 Val: 0x00000001
[inst #99] addi x0,x0,0
Register Write to Reg: 0x00 Val: 0x00000000
[inst #100] addi x0,x0,0
Register Write to Reg: 0x00 Val: 0x00000000
[inst #101] addi x0,x0,0
Register Write to Reg: 0x00 Val: 0x00000000
[inst #102] and x7,x28,x7
Register Write to Reg: 0x07 Val: 0x00000000
[inst #103] addi x0,x0,0
Register Write to Reg: 0x00 Val: 0x00000000
[inst #104] addi x0,x0,0
Register Write to Reg: 0x00 Val: 0x00000000
[inst #105] addi x0,x0,0
Register Write to Reg: 0x00 Val: 0x00000000
[inst #106] slt x7,x0,x7
Register Write to Reg: 0x07 Val: 0x00000000
[inst #107] addi x0,x0,0
Register Write to Reg: 0x00 Val: 0x00000000
[inst #108] addi x0,x0,0
Register Write to Reg: 0x00 Val: 0x00000000
[inst #109] addi x0,x0,0
Register Write to Reg: 0x00 Val: 0x00000000
[inst #110] andi x7,x7,255
Register Write to Reg: 0x07 Val: 0x00000000
[inst #111] add x2,x0,x8
Register Write to Reg: 0x02 Val: 0x10010FB8
[inst #112] addi x0,x0,0
Register Write to Reg: 0x00 Val: 0x00000000
[inst #113] addi x0,x0,0
Register Write to Reg: 0x00 Val: 0x00000000
[inst #114] addi x0,x0,0
Register Write to Reg: 0x00 Val: 0x00000000
[inst #115] lw x8,28(x2)
Register Write to Reg: 0x08 Val: 0x10010FD8
[inst #116] addi x2,x2,32
Register Write to Reg: 0x02 Val: 0x10010FD8
[inst #117] jalr x0,x1,0
Register Write to Reg: 0x00 Val: 0x00400CE8
[inst #118] xori x7,x7,1
Register Write to Reg: 0x07 Val: 0x00000001
[inst #119] addi x0,x0,0
Register Write to Reg: 0x00 Val: 0x00000000
[inst #120] addi x0,x0,0
Register Write to Reg: 0x00 Val: 0x00000000
[inst #121] addi x0,x0,0
Register Write to Reg: 0x00 Val: 0x00000000
[inst #122] andi x7,x7,255
Register Write to Reg: 0x07 Val: 0x00000001
[inst #123] addi x0,x0,0
Register Write to Reg: 0x00 Val: 0x00000000
[inst #124] addi x0,x0,0
Register Write to Reg: 0x00 Val: 0x00000000
[inst #125] addi x0,x0,0
Register Write to Reg: 0x00 Val: 0x00000000
[inst #126] beq x7,x0,68
[inst #127] addi x0,x0,0
Register Write to Reg: 0x00 Val: 0x00000000
[inst #128] addi x0,x0,0
Register Write to Reg: 0x00 Val: 0x00000000
[inst #129] addi x0,x0,0
Register Write to Reg: 0x00 Val: 0x00000000
[inst #130] lw x29,24(x8)
Register Write to Reg: 0x1D Val: 0x00000000
[inst #131] auipc x1,0
Register Write to Reg: 0x01 Val: 0x00400118
[inst #132] sll x0,x0,x0
Register Write to Reg: 0x00 Val: 0x00000000
[inst #133] sll x0,x0,x0
Register Write to Reg: 0x00 Val: 0x00000000
[inst #134] sll x0,x0,x0
Register Write to Reg: 0x00 Val: 0x00000000
[inst #135] addi x1,x1,48
Register Write to Reg: 0x01 Val: 0x00400148
[inst #136] addi x0,x0,0
Register Write to Reg: 0x00 Val: 0x00000000
[inst #137] addi x0,x0,0
Register Write to Reg: 0x00 Val: 0x00000000
[inst #138] addi x0,x0,0
Register Write to Reg: 0x00 Val: 0x00000000
[inst #139] jal x0,956
Register Write to Reg: 0x00 Val: 0x0040013C
[inst #140] addi x2,x2,-48
Register Write to Reg: 0x02 Val: 0x10010FA8
[inst #141] addi x0,x0,0
Register Write to Reg: 0x00 Val: 0x00000000
[inst #142] addi x0,x0,0
Register Write to Reg: 0x00 Val: 0x00000000
[inst #143] addi x0,x0,0
Register Write to Reg: 0x00 Val: 0x00000000
[inst #144] sw x1,44(x2)
Memory Write to Addr: 0x10010FD4 Val: 0x00400148
[inst #145] sw x8,40(x2)
Memory Write to Addr: 0x10010FD0 Val: 0x10010FD8
[inst #146] add x8,x0,x2
Register Write to Reg: 0x08 Val: 0x10010FA8
[inst #147] addi x0,x0,0
Register Write to Reg: 0x00 Val: 0x00000000
[inst #148] addi x0,x0,0
Register Write to Reg: 0x00 Val: 0x00000000
[inst #149] addi x0,x0,0
Register Write to Reg: 0x00 Val: 0x00000000
[inst #150] sw x29,48(x8)
Memory Write to Addr: 0x10010FD8 Val: 0x00000000
[inst #151] lw x29,48(x8)
Register Write to Reg: 0x1D Val: 0x00000000
[inst #152] auipc x1,0
Register Write to Reg: 0x01 Val: 0x00400524
[inst #153] sll x0,x0,x0
Register Write to Reg: 0x00 Val: 0x00000000
[inst #154] sll x0,x0,x0
Register Write to Reg: 0x00 Val: 0x00000000
[inst #155] sll x0,x0,x0
Register Write to Reg: 0x00 Val: 0x00000000
[inst #156] addi x1,x1,48
Register Write to Reg: 0x01 Val: 0x00400554
[inst #157] addi x0,x0,0
Register Write to Reg: 0x00 Val: 0x00000000
[inst #158] addi x0,x0,0
Register Write to Reg: 0x00 Val: 0x00000000
[inst #159] addi x0,x0,0
Register Write to Reg: 0x00 Val: 0x00000000
[inst #160] jal x0,1244
Register Write to Reg: 0x00 Val: 0x00400548
[inst #161] addi x2,x2,-32
Register Write to Reg: 0x02 Val: 0x10010F88
[inst #162] addi x0,x0,0
Register Write to Reg: 0x00 Val: 0x00000000
[inst #163] addi x0,x0,0
Register Write to Reg: 0x00 Val: 0x00000000
[inst #164] addi x0,x0,0
Register Write to Reg: 0x00 Val: 0x00000000
[inst #165] sw x8,28(x2)
Memory Write to Addr: 0x10010FA4 Val: 0x10010FA8
[inst #166] add x8,x0,x2
Register Write to Reg: 0x08 Val: 0x10010F88
[inst #167] addi x0,x0,0
Register Write to Reg: 0x00 Val: 0x00000000
[inst #168] addi x0,x0,0
Register Write to Reg: 0x00 Val: 0x00000000
[inst #169] addi x0,x0,0
Register Write to Reg: 0x00 Val: 0x00000000
[inst #170] sw x29,32(x8)
Memory Write to Addr: 0x10010FA8 Val: 0x00000000
[inst #171] addi x7,x0,1
Register Write to Reg: 0x07 Val: 0x00000001
[inst #172] addi x0,x0,0
Register Write to Reg: 0x00 Val: 0x00000000
[inst #173] addi x0,x0,0
Register Write to Reg: 0x00 Val: 0x00000000
[inst #174] addi x0,x0,0
Register Write to Reg: 0x00 Val: 0x00000000
[inst #175] sw x7,8(x8)
Memory Write to Addr: 0x10010F90 Val: 0x00000001
[inst #176] sw x0,12(x8)
Memory Write to Addr: 0x10010F94 Val: 0x00000000
[inst #177] jal x0,88
Register Write to Reg: 0x00 Val: 0x00400A64
[inst #178] lw x28,12(x8)
Register Write to Reg: 0x1C Val: 0x00000000
[inst #179] lw x7,32(x8)
Register Write to Reg: 0x07 Val: 0x00000000
[inst #180] addi x0,x0,0
Register Write to Reg: 0x00 Val: 0x00000000
[inst #181] addi x0,x0,0
Register Write to Reg: 0x00 Val: 0x00000000
[inst #182] addi x0,x0,0
Register Write to Reg: 0x00 Val: 0x00000000
[inst #183] slt x7,x28,x7
Register Write to Reg: 0x07 Val: 0x00000000
[inst #184] addi x0,x0,0
Register Write to Reg: 0x00 Val: 0x00000000
[inst #185] addi x0,x0,0
Register Write to Reg: 0x00 Val: 0x00000000
[inst #186] addi x0,x0,0
Register Write to Reg: 0x00 Val: 0x00000000
[inst #187] beq x7,x0,32
[inst #188] auipc x7,64527
Register Write to Reg: 0x07 Val: 0x1000FAFC
[inst #189] sll x0,x0,x0
Register Write to Reg: 0x00 Val: 0x00000000
[inst #190] sll x0,x0,x0
Register Write to Reg: 0x00 Val: 0x00000000
[inst #191] sll x0,x0,x0
Register Write to Reg: 0x00 Val: 0x00000000
[inst #192] addi x7,x7,1320
Register Write to Reg: 0x07 Val: 0x10010024
[inst #193] addi x0,x0,0
Register Write to Reg: 0x00 Val: 0x00000000
[inst #194] addi x0,x0,0
Register Write to Reg: 0x00 Val: 0x00000000
[inst #195] addi x0,x0,0
Register Write to Reg: 0x00 Val: 0x00000000
[inst #196] sw x7,16(x8)
Memory Write to Addr: 0x10010F98 Val: 0x10010024
[inst #197] lw x7,16(x8)
Register Write to Reg: 0x07 Val: 0x10010024
[inst #198] addi x0,x0,0
Register Write to Reg: 0x00 Val: 0x00000000
[inst #199] addi x0,x0,0
Register Write to Reg: 0x00 Val: 0x00000000
[inst #200] addi x0,x0,0
Register Write to Reg: 0x00 Val: 0x00000000
[inst #201] lw x28,0(x7)
Register Write to Reg: 0x1C Val: 0x00000000
[inst #202] lw x7,8(x8)
Register Write to Reg: 0x07 Val: 0x00000001
[inst #203] addi x0,x0,0
Register Write to Reg: 0x00 Val: 0x00000000
[inst #204] addi x0,x0,0
Register Write to Reg: 0x00 Val: 0x00000000
[inst #205] addi x0,x0,0
Register Write to Reg: 0x00 Val: 0x00000000
[inst #206] or x28,x28,x7
Register Write to Reg: 0x1C Val: 0x00000001
[inst #207] lw x7,16(x8)
Register Write to Reg: 0x07 Val: 0x10010024
[inst #208] addi x0,x0,0
Register Write to Reg: 0x00 Val: 0x00000000
[inst #209] addi x0,x0,0
Register Write to Reg: 0x00 Val: 0x00000000
[inst #210] addi x0,x0,0
Register Write to Reg: 0x00 Val: 0x00000000
[inst #211] sw x28,0(x7)
Memory Write to Addr: 0x10010024 Val: 0x00000001
[inst #212] add x2,x0,x8
Register Write to Reg: 0x02 Val: 0x10010F88
[inst #213] addi x0,x0,0
Register Write to Reg: 0x00 Val: 0x00000000
[inst #214] addi x0,x0,0
Register Write to Reg: 0x00 Val: 0x00000000
[inst #215] addi x0,x0,0
Register Write to Reg: 0x00 Val: 0x00000000
[inst #216] lw x8,28(x2)
Register Write to Reg: 0x08 Val: 0x10010FA8
[inst #217] addi x2,x2,32
Register Write to Reg: 0x02 Val: 0x10010FA8
[inst #218] jalr x0,x1,0
Register Write to Reg: 0x00 Val: 0x00400B78
[inst #219] addi x7,x8,28
Register Write to Reg: 0x07 Val: 0x10010FC4
[inst #220] lw x30,48(x8)
Register Write to Reg: 0x1E Val: 0x00000000
[inst #221] addi x0,x0,0
Register Write to Reg: 0x00 Val: 0x00000000
[inst #222] addi x0,x0,0
Register Write to Reg: 0x00 Val: 0x00000000
[inst #223] addi x0,x0,0
Register Write to Reg: 0x00 Val: 0x00000000
[inst #224] add x29,x0,x7
Register Write to Reg: 0x1D Val: 0x10010FC4
[inst #225] auipc x1,0
Register Write to Reg: 0x01 Val: 0x0040056C
[inst #226] sll x0,x0,x0
Register Write to Reg: 0x00 Val: 0x00000000
[inst #227] sll x0,x0,x0
Register Write to Reg: 0x00 Val: 0x00000000
[inst #228] sll x0,x0,x0
Register Write to Reg: 0x00 Val: 0x00000000
[inst #229] addi x1,x1,48
Register Write to Reg: 0x01 Val: 0x0040059C
[inst #230] addi x0,x0,0
Register Write to Reg: 0x00 Val: 0x00000000
[inst #231] addi x0,x0,0
Register Write to Reg: 0x00 Val: 0x00000000
[inst #232] addi x0,x0,0
Register Write to Reg: 0x00 Val: 0x00000000
[inst #233] jal x0,104
Register Write to Reg: 0x00 Val: 0x00400590
[inst #234] addi x2,x2,-24
Register Write to Reg: 0x02 Val: 0x10010F90
[inst #235] addi x0,x0,0
Register Write to Reg: 0x00 Val: 0x00000000
[inst #236] addi x0,x0,0
Register Write to Reg: 0x00 Val: 0x00000000
[inst #237] addi x0,x0,0
Register Write to Reg: 0x00 Val: 0x00000000
[inst #238] sw x8,20(x2)
Memory Write to Addr: 0x10010FA4 Val: 0x10010FA8
[inst #239] add x8,x0,x2
Register Write to Reg: 0x08 Val: 0x10010F90
[inst #240] addi x0,x0,0
Register Write to Reg: 0x00 Val: 0x00000000
[inst #241] addi x0,x0,0
Register Write to Reg: 0x00 Val: 0x00000000
[inst #242] addi x0,x0,0
Register Write to Reg: 0x00 Val: 0x00000000
[inst #243] sub x31,x8,x2
Register Write to Reg: 0x1F Val: 0x00000000
[inst #244] addi x0,x0,0
Register Write to Reg: 0x00 Val: 0x00000000
[inst #245] addi x0,x0,0
Register Write to Reg: 0x00 Val: 0x00000000
[inst #246] addi x0,x0,0
Register Write to Reg: 0x00 Val: 0x00000000
[inst #247] sw x29,24(x8)
Memory Write to Addr: 0x10010FA8 Val: 0x10010FC4
[inst #248] sw x30,28(x8)
Memory Write to Addr: 0x10010FAC Val: 0x00000000
[inst #249] lw x7,28(x8)
Register Write to Reg: 0x07 Val: 0x00000000
[inst #250] addi x0,x0,0
Register Write to Reg: 0x00 Val: 0x00000000
[inst #251] addi x0,x0,0
Register Write to Reg: 0x00 Val: 0x00000000
[inst #252] addi x0,x0,0
Register Write to Reg: 0x00 Val: 0x00000000
[inst #253] sw x7,8(x8)
Memory Write to Addr: 0x10010F98 Val: 0x00000000
[inst #254] sw x0,12(x8)
Memory Write to Addr: 0x10010F9C Val: 0x00000000
[inst #255] lw x7,24(x8)
Register Write to Reg: 0x07 Val: 0x10010FC4
[inst #256] lw x29,8(x8)
Register Write to Reg: 0x1D Val: 0x00000000
[inst #257] lw x28,12(x8)
Register Write to Reg: 0x1C Val: 0x00000000
[inst #258] addi x0,x0,0
Register Write to Reg: 0x00 Val: 0x00000000
[inst #259] addi x0,x0,0
Register Write to Reg: 0x00 Val: 0x00000000
[inst #260] addi x0,x0,0
Register Write to Reg: 0x00 Val: 0x00000000
[inst #261] sw x29,0(x7)
Memory Write to Addr: 0x10010FC4 Val: 0x00000000
[inst #262] sw x28,4(x7)
Memory Write to Addr: 0x10010FC8 Val: 0x00000000
[inst #263] lw x7,24(x8)
Register Write to Reg: 0x07 Val: 0x10010FC4
[inst #264] add x2,x0,x8
Register Write to Reg: 0x02 Val: 0x10010F90
[inst #265] addi x0,x0,0
Register Write to Reg: 0x00 Val: 0x00000000
[inst #266] addi x0,x0,0
Register Write to Reg: 0x00 Val: 0x00000000
[inst #267] addi x0,x0,0
Register Write to Reg: 0x00 Val: 0x00000000
[inst #268] lw x8,20(x2)
Register Write to Reg: 0x08 Val: 0x10010FA8
[inst #269] addi x2,x2,24
Register Write to Reg: 0x02 Val: 0x10010FA8
[inst #270] jalr x0,x1,0
Register Write to Reg: 0x00 Val: 0x00400688
[inst #271] addi x7,x8,28
Register Write to Reg: 0x07 Val: 0x10010FC4
[inst #272] addi x0,x0,0
Register Write to Reg: 0x00 Val: 0x00000000
[inst #273] addi x0,x0,0
Register Write to Reg: 0x00 Val: 0x00000000
[inst #274] addi x0,x0,0
Register Write to Reg: 0x00 Val: 0x00000000
[inst #275] add x29,x0,x7
Register Write to Reg: 0x1D Val: 0x10010FC4
[inst #276] auipc x1,0
Register Write to Reg: 0x01 Val: 0x004005B0
[inst #277] sll x0,x0,x0
Register Write to Reg: 0x00 Val: 0x00000000
[inst #278] sll x0,x0,x0
Register Write to Reg: 0x00 Val: 0x00000000
[inst #279] sll x0,x0,x0
Register Write to Reg: 0x00 Val: 0x00000000
[inst #280] addi x1,x1,48
Register Write to Reg: 0x01 Val: 0x004005E0
[inst #281] addi x0,x0,0
Register Write to Reg: 0x00 Val: 0x00000000
[inst #282] addi x0,x0,0
Register Write to Reg: 0x00 Val: 0x00000000
[inst #283] addi x0,x0,0
Register Write to Reg: 0x00 Val: 0x00000000
[inst #284] jal x0,196
Register Write to Reg: 0x00 Val: 0x004005D4
[inst #285] addi x2,x2,-32
Register Write to Reg: 0x02 Val: 0x10010F88
[inst #286] addi x0,x0,0
Register Write to Reg: 0x00 Val: 0x00000000
[inst #287] addi x0,x0,0
Register Write to Reg: 0x00 Val: 0x00000000
[inst #288] addi x0,x0,0
Register Write to Reg: 0x00 Val: 0x00000000
[inst #289] sw x1,28(x2)
Memory Write to Addr: 0x10010FA4 Val: 0x004005E0
[inst #290] sw x8,24(x2)
Memory Write to Addr: 0x10010FA0 Val: 0x10010FA8
[inst #291] add x8,x0,x2
Register Write to Reg: 0x08 Val: 0x10010F88
[inst #292] addi x0,x0,0
Register Write to Reg: 0x00 Val: 0x00000000
[inst #293] addi x0,x0,0
Register Write to Reg: 0x00 Val: 0x00000000
[inst #294] addi x0,x0,0
Register Write to Reg: 0x00 Val: 0x00000000
[inst #295] sw x29,32(x8)
Memory Write to Addr: 0x10010FA8 Val: 0x10010FC4
[inst #296] jal x0,292
Register Write to Reg: 0x00 Val: 0x004006C4
[inst #297] lw x7,32(x8)
Register Write to Reg: 0x07 Val: 0x10010FC4
[inst #298] addi x0,x0,0
Register Write to Reg: 0x00 Val: 0x00000000
[inst #299] addi x0,x0,0
Register Write to Reg: 0x00 Val: 0x00000000
[inst #300] addi x0,x0,0
Register Write to Reg: 0x00 Val: 0x00000000
[inst #301] lw x7,4(x7)
Register Write to Reg: 0x07 Val: 0x00000000
[inst #302] addi x0,x0,0
Register Write to Reg: 0x00 Val: 0x00000000
[inst #303] addi x0,x0,0
Register Write to Reg: 0x00 Val: 0x00000000
[inst #304] addi x0,x0,0
Register Write to Reg: 0x00 Val: 0x00000000
[inst #305] slti x7,x7,4
Register Write to Reg: 0x07 Val: 0x00000001
[inst #306] addi x0,x0,0
Register Write to Reg: 0x00 Val: 0x00000000
[inst #307] addi x0,x0,0
Register Write to Reg: 0x00 Val: 0x00000000
[inst #308] addi x0,x0,0
Register Write to Reg: 0x00 Val: 0x00000000
[inst #309] beq x7,x0,32
[inst #310] addi x0,x0,0
Register Write to Reg: 0x00 Val: 0x00000000
[inst #311] addi x0,x0,0
Register Write to Reg: 0x00 Val: 0x00000000
[inst #312] addi x0,x0,0
Register Write to Reg: 0x00 Val: 0x00000000
[inst #313] jal x0,-340
Register Write to Reg: 0x00 Val: 0x00400828
[inst #314] lw x7,32(x8)
Register Write to Reg: 0x07 Val: 0x10010FC4
[inst #315] addi x0,x0,0
Register Write to Reg: 0x00 Val: 0x00000000
[inst #316] addi x0,x0,0
Register Write to Reg: 0x00 Val: 0x00000000
[inst #317] addi x0,x0,0
Register Write to Reg: 0x00 Val: 0x00000000
[inst #318] lw x28,0(x7)
Register Write to Reg: 0x1C Val: 0x00000000
[inst #319] lw x7,32(x8)
Register Write to Reg: 0x07 Val: 0x10010FC4
[inst #320] addi x0,x0,0
Register Write to Reg: 0x00 Val: 0x00000000
[inst #321] addi x0,x0,0
Register Write to Reg: 0x00 Val: 0x00000000
[inst #322] addi x0,x0,0
Register Write to Reg: 0x00 Val: 0x00000000
[inst #323] lw x7,4(x7)
Register Write to Reg: 0x07 Val: 0x00000000
[inst #324] addi x0,x0,0
Register Write to Reg: 0x00 Val: 0x00000000
[inst #325] addi x0,x0,0
Register Write to Reg: 0x00 Val: 0x00000000
[inst #326] addi x0,x0,0
Register Write to Reg: 0x00 Val: 0x00000000
[inst #327] add x30,x0,x7
Register Write to Reg: 0x1E Val: 0x00000000
[inst #328] addi x0,x0,0
Register Write to Reg: 0x00 Val: 0x00000000
[inst #329] addi x0,x0,0
Register Write to Reg: 0x00 Val: 0x00000000
[inst #330] addi x0,x0,0
Register Write to Reg: 0x00 Val: 0x00000000
[inst #331] add x29,x0,x28
Register Write to Reg: 0x1D Val: 0x00000000
[inst #332] auipc x1,0
Register Write to Reg: 0x01 Val: 0x00400718
[inst #333] sll x0,x0,x0
Register Write to Reg: 0x00 Val: 0x00000000
[inst #334] sll x0,x0,x0
Register Write to Reg: 0x00 Val: 0x00000000
[inst #335] sll x0,x0,x0
Register Write to Reg: 0x00 Val: 0x00000000
[inst #336] addi x1,x1,48
Register Write to Reg: 0x01 Val: 0x00400748
[inst #337] addi x0,x0,0
Register Write to Reg: 0x00 Val: 0x00000000
[inst #338] addi x0,x0,0
Register Write to Reg: 0x00 Val: 0x00000000
[inst #339] addi x0,x0,0
Register Write to Reg: 0x00 Val: 0x00000000
[inst #340] jal x0,312
Register Write to Reg: 0x00 Val: 0x0040073C
[inst #341] addi x2,x2,-32
Register Write to Reg: 0x02 Val: 0x10010F68
[inst #342] addi x0,x0,0
Register Write to Reg: 0x00 Val: 0x00000000
[inst #343] addi x0,x0,0
Register Write to Reg: 0x00 Val: 0x00000000
[inst #344] addi x0,x0,0
Register Write to Reg: 0x00 Val: 0x00000000
[inst #345] sw x8,28(x2)
Memory Write to Addr: 0x10010F84 Val: 0x10010F88
[inst #346] add x8,x0,x2
Register Write to Reg: 0x08 Val: 0x10010F68
[inst #347] addi x0,x0,0
Register Write to Reg: 0x00 Val: 0x00000000
[inst #348] addi x0,x0,0
Register Write to Reg: 0x00 Val: 0x00000000
[inst #349] addi x0,x0,0
Register Write to Reg: 0x00 Val: 0x00000000
[inst #350] sw x29,32(x8)
Memory Write to Addr: 0x10010F88 Val: 0x00000000
[inst #351] sw x30,36(x8)
Memory Write to Addr: 0x10010F8C Val: 0x00000000
[inst #352] auipc x7,64527
Register Write to Reg: 0x07 Val: 0x1000F89C
[inst #353] sll x0,x0,x0
Register Write to Reg: 0x00 Val: 0x00000000
[inst #354] sll x0,x0,x0
Register Write to Reg: 0x00 Val: 0x00000000
[inst #355] sll x0,x0,x0
Register Write to Reg: 0x00 Val: 0x00000000
[inst #356] addi x7,x7,1912
Register Write to Reg: 0x07 Val: 0x10010014
[inst #357] addi x0,x0,0
Register Write to Reg: 0x00 Val: 0x00000000
[inst #358] addi x0,x0,0
Register Write to Reg: 0x00 Val: 0x00000000
[inst #359] addi x0,x0,0
Register Write to Reg: 0x00 Val: 0x00000000
[inst #360] lw x28,32(x8)
Register Write to Reg: 0x1C Val: 0x00000000
[inst #361] addi x0,x0,0
Register Write to Reg: 0x00 Val: 0x00000000
[inst #362] addi x0,x0,0
Register Write to Reg: 0x00 Val: 0x00000000
[inst #363] addi x0,x0,0
Register Write to Reg: 0x00 Val: 0x00000000
[inst #364] slli x28,x28,2
Register Write to Reg: 0x1C Val: 0x00000000
[inst #365] addi x0,x0,0
Register Write to Reg: 0x00 Val: 0x00000000
[inst #366] addi x0,x0,0
Register Write to Reg: 0x00 Val: 0x00000000
[inst #367] addi x0,x0,0
Register Write to Reg: 0x00 Val: 0x00000000
[inst #368] add x7,x28,x7
Register Write to Reg: 0x07 Val: 0x10010014
[inst #369] addi x0,x0,0
Register Write to Reg: 0x00 Val: 0x00000000
[inst #370] addi x0,x0,0
Register Write to Reg: 0x00 Val: 0x00000000
[inst #371] addi x0,x0,0
Register Write to Reg: 0x00 Val: 0x00000000
[inst #372] lw x7,0(x7)
Register Write to Reg: 0x07 Val: 0x00000006
[inst #373] addi x0,x0,0
Register Write to Reg: 0x00 Val: 0x00000000
[inst #374] addi x0,x0,0
Register Write to Reg: 0x00 Val: 0x00000000
[inst #375] addi x0,x0,0
Register Write to Reg: 0x00 Val: 0x00000000
[inst #376] sw x7,16(x8)
Memory Write to Addr: 0x10010F78 Val: 0x00000006
[inst #377] addi x7,x0,1
Register Write to Reg: 0x07 Val: 0x00000001
[inst #378] addi x0,x0,0
Register Write to Reg: 0x00 Val: 0x00000000
[inst #379] addi x0,x0,0
Register Write to Reg: 0x00 Val: 0x00000000
[inst #380] addi x0,x0,0
Register Write to Reg: 0x00 Val: 0x00000000
[inst #381] sw x7,8(x8)
Memory Write to Addr: 0x10010F70 Val: 0x00000001
[inst #382] sw x0,12(x8)
Memory Write to Addr: 0x10010F74 Val: 0x00000000
[inst #383] addi x0,x0,0
Register Write to Reg: 0x00 Val: 0x00000000
[inst #384] addi x0,x0,0
Register Write to Reg: 0x00 Val: 0x00000000
[inst #385] addi x0,x0,0
Register Write to Reg: 0x00 Val: 0x00000000
[inst #386] jal x0,88
Register Write to Reg: 0x00 Val: 0x00400928
[inst #387] lw x28,12(x8)
Register Write to Reg: 0x1C Val: 0x00000000
[inst #388] lw x7,36(x8)
Register Write to Reg: 0x07 Val: 0x00000000
[inst #389] addi x0,x0,0
Register Write to Reg: 0x00 Val: 0x00000000
[inst #390] addi x0,x0,0
Register Write to Reg: 0x00 Val: 0x00000000
[inst #391] addi x0,x0,0
Register Write to Reg: 0x00 Val: 0x00000000
[inst #392] slt x7,x28,x7
Register Write to Reg: 0x07 Val: 0x00000000
[inst #393] addi x0,x0,0
Register Write to Reg: 0x00 Val: 0x00000000
[inst #394] addi x0,x0,0
Register Write to Reg: 0x00 Val: 0x00000000
[inst #395] addi x0,x0,0
Register Write to Reg: 0x00 Val: 0x00000000
[inst #396] beq x7,x0,32
[inst #397] lw x28,8(x8)
Register Write to Reg: 0x1C Val: 0x00000001
[inst #398] lw x7,16(x8)
Register Write to Reg: 0x07 Val: 0x00000006
[inst #399] addi x0,x0,0
Register Write to Reg: 0x00 Val: 0x00000000
[inst #400] addi x0,x0,0
Register Write to Reg: 0x00 Val: 0x00000000
[inst #401] addi x0,x0,0
Register Write to Reg: 0x00 Val: 0x00000000
[inst #402] and x7,x28,x7
Register Write to Reg: 0x07 Val: 0x00000000
[inst #403] addi x0,x0,0
Register Write to Reg: 0x00 Val: 0x00000000
[inst #404] addi x0,x0,0
Register Write to Reg: 0x00 Val: 0x00000000
[inst #405] addi x0,x0,0
Register Write to Reg: 0x00 Val: 0x00000000
[inst #406] slt x7,x0,x7
Register Write to Reg: 0x07 Val: 0x00000000
[inst #407] addi x0,x0,0
Register Write to Reg: 0x00 Val: 0x00000000
[inst #408] addi x0,x0,0
Register Write to Reg: 0x00 Val: 0x00000000
[inst #409] addi x0,x0,0
Register Write to Reg: 0x00 Val: 0x00000000
[inst #410] andi x7,x7,255
Register Write to Reg: 0x07 Val: 0x00000000
[inst #411] add x2,x0,x8
Register Write to Reg: 0x02 Val: 0x10010F68
[inst #412] addi x0,x0,0
Register Write to Reg: 0x00 Val: 0x00000000
[inst #413] addi x0,x0,0
Register Write to Reg: 0x00 Val: 0x00000000
[inst #414] addi x0,x0,0
Register Write to Reg: 0x00 Val: 0x00000000
[inst #415] lw x8,28(x2)
Register Write to Reg: 0x08 Val: 0x10010F88
[inst #416] addi x2,x2,32
Register Write to Reg: 0x02 Val: 0x10010F88
[inst #417] jalr x0,x1,0
Register Write to Reg: 0x00 Val: 0x00400A14
[inst #418] addi x0,x0,0
Register Write to Reg: 0x00 Val: 0x00000000
[inst #419] addi x0,x0,0
Register Write to Reg: 0x00 Val: 0x00000000
[inst #420] addi x0,x0,0
Register Write to Reg: 0x00 Val: 0x00000000
[inst #421] beq x7,x0,88
[inst #422] lw x7,32(x8)
Register Write to Reg: 0x07 Val: 0x10010FC4
[inst #423] addi x0,x0,0
Register Write to Reg: 0x00 Val: 0x00000000
[inst #424] addi x0,x0,0
Register Write to Reg: 0x00 Val: 0x00000000
[inst #425] addi x0,x0,0
Register Write to Reg: 0x00 Val: 0x00000000
[inst #426] lw x7,4(x7)
Register Write to Reg: 0x07 Val: 0x00000000
[inst #427] addi x0,x0,0
Register Write to Reg: 0x00 Val: 0x00000000
[inst #428] addi x0,x0,0
Register Write to Reg: 0x00 Val: 0x00000000
[inst #429] addi x0,x0,0
Register Write to Reg: 0x00 Val: 0x00000000
[inst #430] addi x28,x7,1
Register Write to Reg: 0x1C Val: 0x00000001
[inst #431] lw x7,32(x8)
Register Write to Reg: 0x07 Val: 0x10010FC4
[inst #432] addi x0,x0,0
Register Write to Reg: 0x00 Val: 0x00000000
[inst #433] addi x0,x0,0
Register Write to Reg: 0x00 Val: 0x00000000
[inst #434] addi x0,x0,0
Register Write to Reg: 0x00 Val: 0x00000000
[inst #435] sw x28,4(x7)
Memory Write to Addr: 0x10010FC8 Val: 0x00000001
[inst #436] lw x7,32(x8)
Register Write to Reg: 0x07 Val: 0x10010FC4
[inst #437] addi x0,x0,0
Register Write to Reg: 0x00 Val: 0x00000000
[inst #438] addi x0,x0,0
Register Write to Reg: 0x00 Val: 0x00000000
[inst #439] addi x0,x0,0
Register Write to Reg: 0x00 Val: 0x00000000
[inst #440] lw x7,4(x7)
Register Write to Reg: 0x07 Val: 0x00000001
[inst #441] addi x0,x0,0
Register Write to Reg: 0x00 Val: 0x00000000
[inst #442] addi x0,x0,0
Register Write to Reg: 0x00 Val: 0x00000000
[inst #443] addi x0,x0,0
Register Write to Reg: 0x00 Val: 0x00000000
[inst #444] slti x7,x7,4
Register Write to Reg: 0x07 Val: 0x00000001
[inst #445] addi x0,x0,0
Register Write to Reg: 0x00 Val: 0x00000000
[inst #446] addi x0,x0,0
Register Write to Reg: 0x00 Val: 0x00000000
[inst #447] addi x0,x0,0
Register Write to Reg: 0x00 Val: 0x00000000
[inst #448] beq x7,x0,32
[inst #449] addi x0,x0,0
Register Write to Reg: 0x00 Val: 0x00000000
[inst #450] addi x0,x0,0
Register Write to Reg: 0x00 Val: 0x00000000
[inst #451] addi x0,x0,0
Register Write to Reg: 0x00 Val: 0x00000000
[inst #452] jal x0,-340
Register Write to Reg: 0x00 Val: 0x00400828
[inst #453] lw x7,32(x8)
Register Write to Reg: 0x07 Val: 0x10010FC4
[inst #454] addi x0,x0,0
Register Write to Reg: 0x00 Val: 0x00000000
[inst #455] addi x0,x0,0
Register Write to Reg: 0x00 Val: 0x00000000
[inst #456] addi x0,x0,0
Register Write to Reg: 0x00 Val: 0x00000000
[inst #457] lw x28,0(x7)
Register Write to Reg: 0x1C Val: 0x00000000
[inst #458] lw x7,32(x8)
Register Write to Reg: 0x07 Val: 0x10010FC4
[inst #459] addi x0,x0,0
Register Write to Reg: 0x00 Val: 0x00000000
[inst #460] addi x0,x0,0
Register Write to Reg: 0x00 Val: 0x00000000
[inst #461] addi x0,x0,0
Register Write to Reg: 0x00 Val: 0x00000000
[inst #462] lw x7,4(x7)
Register Write to Reg: 0x07 Val: 0x00000001
[inst #463] addi x0,x0,0
Register Write to Reg: 0x00 Val: 0x00000000
[inst #464] addi x0,x0,0
Register Write to Reg: 0x00 Val: 0x00000000
[inst #465] addi x0,x0,0
Register Write to Reg: 0x00 Val: 0x00000000
[inst #466] add x30,x0,x7
Register Write to Reg: 0x1E Val: 0x00000001
[inst #467] addi x0,x0,0
Register Write to Reg: 0x00 Val: 0x00000000
[inst #468] addi x0,x0,0
Register Write to Reg: 0x00 Val: 0x00000000
[inst #469] addi x0,x0,0
Register Write to Reg: 0x00 Val: 0x00000000
[inst #470] add x29,x0,x28
Register Write to Reg: 0x1D Val: 0x00000000
[inst #471] auipc x1,0
Register Write to Reg: 0x01 Val: 0x00400718
[inst #472] sll x0,x0,x0
Register Write to Reg: 0x00 Val: 0x00000000
[inst #473] sll x0,x0,x0
Register Write to Reg: 0x00 Val: 0x00000000
[inst #474] sll x0,x0,x0
Register Write to Reg: 0x00 Val: 0x00000000
[inst #475] addi x1,x1,48
Register Write to Reg: 0x01 Val: 0x00400748
[inst #476] addi x0,x0,0
Register Write to Reg: 0x00 Val: 0x00000000
[inst #477] addi x0,x0,0
Register Write to Reg: 0x00 Val: 0x00000000
[inst #478] addi x0,x0,0
Register Write to Reg: 0x00 Val: 0x00000000
[inst #479] jal x0,312
Register Write to Reg: 0x00 Val: 0x0040073C
[inst #480] addi x2,x2,-32
Register Write to Reg: 0x02 Val: 0x10010F68
[inst #481] addi x0,x0,0
Register Write to Reg: 0x00 Val: 0x00000000
[inst #482] addi x0,x0,0
Register Write to Reg: 0x00 Val: 0x00000000
[inst #483] addi x0,x0,0
Register Write to Reg: 0x00 Val: 0x00000000
[inst #484] sw x8,28(x2)
Memory Write to Addr: 0x10010F84 Val: 0x10010F88
[inst #485] add x8,x0,x2
Register Write to Reg: 0x08 Val: 0x10010F68
[inst #486] addi x0,x0,0
Register Write to Reg: 0x00 Val: 0x00000000
[inst #487] addi x0,x0,0
Register Write to Reg: 0x00 Val: 0x00000000
[inst #488] addi x0,x0,0
Register Write to Reg: 0x00 Val: 0x00000000
[inst #489] sw x29,32(x8)
Memory Write to Addr: 0x10010F88 Val: 0x00000000
[inst #490] sw x30,36(x8)
Memory Write to Addr: 0x10010F8C Val: 0x00000001
[inst #491] auipc x7,64527
Register Write to Reg: 0x07 Val: 0x1000F89C
[inst #492] sll x0,x0,x0
Register Write to Reg: 0x00 Val: 0x00000000
[inst #493] sll x0,x0,x0
Register Write to Reg: 0x00 Val: 0x00000000
[inst #494] sll x0,x0,x0
Register Write to Reg: 0x00 Val: 0x00000000
[inst #495] addi x7,x7,1912
Register Write to Reg: 0x07 Val: 0x10010014
[inst #496] addi x0,x0,0
Register Write to Reg: 0x00 Val: 0x00000000
[inst #497] addi x0,x0,0
Register Write to Reg: 0x00 Val: 0x00000000
[inst #498] addi x0,x0,0
Register Write to Reg: 0x00 Val: 0x00000000
[inst #499] lw x28,32(x8)
Register Write to Reg: 0x1C Val: 0x00000000
[inst #500] addi x0,x0,0
Register Write to Reg: 0x00 Val: 0x00000000
[inst #501] addi x0,x0,0
Register Write to Reg: 0x00 Val: 0x00000000
[inst #502] addi x0,x0,0
Register Write to Reg: 0x00 Val: 0x00000000
[inst #503] slli x28,x28,2
Register Write to Reg: 0x1C Val: 0x00000000
[inst #504] addi x0,x0,0
Register Write to Reg: 0x00 Val: 0x00000000
[inst #505] addi x0,x0,0
Register Write to Reg: 0x00 Val: 0x00000000
[inst #506] addi x0,x0,0
Register Write to Reg: 0x00 Val: 0x00000000
[inst #507] add x7,x28,x7
Register Write to Reg: 0x07 Val: 0x10010014
[inst #508] addi x0,x0,0
Register Write to Reg: 0x00 Val: 0x00000000
[inst #509] addi x0,x0,0
Register Write to Reg: 0x00 Val: 0x00000000
[inst #510] addi x0,x0,0
Register Write to Reg: 0x00 Val: 0x00000000
[inst #511] lw x7,0(x7)
Register Write to Reg: 0x07 Val: 0x00000006
[inst #512] addi x0,x0,0
Register Write to Reg: 0x00 Val: 0x00000000
[inst #513] addi x0,x0,0
Register Write to Reg: 0x00 Val: 0x00000000
[inst #514] addi x0,x0,0
Register Write to Reg: 0x00 Val: 0x00000000
[inst #515] sw x7,16(x8)
Memory Write to Addr: 0x10010F78 Val: 0x00000006
[inst #516] addi x7,x0,1
Register Write to Reg: 0x07 Val: 0x00000001
[inst #517] addi x0,x0,0
Register Write to Reg: 0x00 Val: 0x00000000
[inst #518] addi x0,x0,0
Register Write to Reg: 0x00 Val: 0x00000000
[inst #519] addi x0,x0,0
Register Write to Reg: 0x00 Val: 0x00000000
[inst #520] sw x7,8(x8)
Memory Write to Addr: 0x10010F70 Val: 0x00000001
[inst #521] sw x0,12(x8)
Memory Write to Addr: 0x10010F74 Val: 0x00000000
[inst #522] addi x0,x0,0
Register Write to Reg: 0x00 Val: 0x00000000
[inst #523] addi x0,x0,0
Register Write to Reg: 0x00 Val: 0x00000000
[inst #524] addi x0,x0,0
Register Write to Reg: 0x00 Val: 0x00000000
[inst #525] jal x0,88
Register Write to Reg: 0x00 Val: 0x00400928
[inst #526] lw x28,12(x8)
Register Write to Reg: 0x1C Val: 0x00000000
[inst #527] lw x7,36(x8)
Register Write to Reg: 0x07 Val: 0x00000001
[inst #528] addi x0,x0,0
Register Write to Reg: 0x00 Val: 0x00000000
[inst #529] addi x0,x0,0
Register Write to Reg: 0x00 Val: 0x00000000
[inst #530] addi x0,x0,0
Register Write to Reg: 0x00 Val: 0x00000000
[inst #531] slt x7,x28,x7
Register Write to Reg: 0x07 Val: 0x00000001
[inst #532] addi x0,x0,0
Register Write to Reg: 0x00 Val: 0x00000000
[inst #533] addi x0,x0,0
Register Write to Reg: 0x00 Val: 0x00000000
[inst #534] addi x0,x0,0
Register Write to Reg: 0x00 Val: 0x00000000
[inst #535] beq x7,x0,32
[inst #536] addi x0,x0,0
Register Write to Reg: 0x00 Val: 0x00000000
[inst #537] addi x0,x0,0
Register Write to Reg: 0x00 Val: 0x00000000
[inst #538] addi x0,x0,0
Register Write to Reg: 0x00 Val: 0x00000000
[inst #539] jal x0,-124
Register Write to Reg: 0x00 Val: 0x004009B4
[inst #540] lw x7,8(x8)
Register Write to Reg: 0x07 Val: 0x00000001
[inst #541] addi x0,x0,0
Register Write to Reg: 0x00 Val: 0x00000000
[inst #542] addi x0,x0,0
Register Write to Reg: 0x00 Val: 0x00000000
[inst #543] addi x0,x0,0
Register Write to Reg: 0x00 Val: 0x00000000
[inst #544] slli x7,x7,1
Register Write to Reg: 0x07 Val: 0x00000002
[inst #545] addi x0,x0,0
Register Write to Reg: 0x00 Val: 0x00000000
[inst #546] addi x0,x0,0
Register Write to Reg: 0x00 Val: 0x00000000
[inst #547] addi x0,x0,0
Register Write to Reg: 0x00 Val: 0x00000000
[inst #548] sw x7,8(x8)
Memory Write to Addr: 0x10010F70 Val: 0x00000002
[inst #549] lw x7,12(x8)
Register Write to Reg: 0x07 Val: 0x00000000
[inst #550] addi x0,x0,0
Register Write to Reg: 0x00 Val: 0x00000000
[inst #551] addi x0,x0,0
Register Write to Reg: 0x00 Val: 0x00000000
[inst #552] addi x0,x0,0
Register Write to Reg: 0x00 Val: 0x00000000
[inst #553] addi x7,x7,1
Register Write to Reg: 0x07 Val: 0x00000001
[inst #554] addi x0,x0,0
Register Write to Reg: 0x00 Val: 0x00000000
[inst #555] addi x0,x0,0
Register Write to Reg: 0x00 Val: 0x00000000
[inst #556] addi x0,x0,0
Register Write to Reg: 0x00 Val: 0x00000000
[inst #557] sw x7,12(x8)
Memory Write to Addr: 0x10010F74 Val: 0x00000001
[inst #558] lw x28,12(x8)
Register Write to Reg: 0x1C Val: 0x00000001
[inst #559] lw x7,36(x8)
Register Write to Reg: 0x07 Val: 0x00000001
[inst #560] addi x0,x0,0
Register Write to Reg: 0x00 Val: 0x00000000
[inst #561] addi x0,x0,0
Register Write to Reg: 0x00 Val: 0x00000000
[inst #562] addi x0,x0,0
Register Write to Reg: 0x00 Val: 0x00000000
[inst #563] slt x7,x28,x7
Register Write to Reg: 0x07 Val: 0x00000000
[inst #564] addi x0,x0,0
Register Write to Reg: 0x00 Val: 0x00000000
[inst #565] addi x0,x0,0
Register Write to Reg: 0x00 Val: 0x00000000
[inst #566] addi x0,x0,0
Register Write to Reg: 0x00 Val: 0x00000000
[inst #567] beq x7,x0,32
[inst #568] lw x28,8(x8)
Register Write to Reg: 0x1C Val: 0x00000002
[inst #569] lw x7,16(x8)
Register Write to Reg: 0x07 Val: 0x00000006
[inst #570] addi x0,x0,0
Register Write to Reg: 0x00 Val: 0x00000000
[inst #571] addi x0,x0,0
Register Write to Reg: 0x00 Val: 0x00000000
[inst #572] addi x0,x0,0
Register Write to Reg: 0x00 Val: 0x00000000
[inst #573] and x7,x28,x7
Register Write to Reg: 0x07 Val: 0x00000002
[inst #574] addi x0,x0,0
Register Write to Reg: 0x00 Val: 0x00000000
[inst #575] addi x0,x0,0
Register Write to Reg: 0x00 Val: 0x00000000
[inst #576] addi x0,x0,0
Register Write to Reg: 0x00 Val: 0x00000000
[inst #577] slt x7,x0,x7
Register Write to Reg: 0x07 Val: 0x00000001
[inst #578] addi x0,x0,0
Register Write to Reg: 0x00 Val: 0x00000000
[inst #579] addi x0,x0,0
Register Write to Reg: 0x00 Val: 0x00000000
[inst #580] addi x0,x0,0
Register Write to Reg: 0x00 Val: 0x00000000
[inst #581] andi x7,x7,255
Register Write to Reg: 0x07 Val: 0x00000001
[inst #582] add x2,x0,x8
Register Write to Reg: 0x02 Val: 0x10010F68
[inst #583] addi x0,x0,0
Register Write to Reg: 0x00 Val: 0x00000000
[inst #584] addi x0,x0,0
Register Write to Reg: 0x00 Val: 0x00000000
[inst #585] addi x0,x0,0
Register Write to Reg: 0x00 Val: 0x00000000
[inst #586] lw x8,28(x2)
Register Write to Reg: 0x08 Val: 0x10010F88
[inst #587] addi x2,x2,32
Register Write to Reg: 0x02 Val: 0x10010F88
[inst #588] jalr x0,x1,0
Register Write to Reg: 0x00 Val: 0x00400A14
[inst #589] addi x0,x0,0
Register Write to Reg: 0x00 Val: 0x00000000
[inst #590] addi x0,x0,0
Register Write to Reg: 0x00 Val: 0x00000000
[inst #591] addi x0,x0,0
Register Write to Reg: 0x00 Val: 0x00000000
[inst #592] beq x7,x0,88
[inst #593] addi x0,x0,0
Register Write to Reg: 0x00 Val: 0x00000000
[inst #594] addi x0,x0,0
Register Write to Reg: 0x00 Val: 0x00000000
[inst #595] addi x0,x0,0
Register Write to Reg: 0x00 Val: 0x00000000
[inst #596] lw x7,32(x8)
Register Write to Reg: 0x07 Val: 0x10010FC4
[inst #597] addi x0,x0,0
Register Write to Reg: 0x00 Val: 0x00000000
[inst #598] addi x0,x0,0
Register Write to Reg: 0x00 Val: 0x00000000
[inst #599] addi x0,x0,0
Register Write to Reg: 0x00 Val: 0x00000000
[inst #600] lw x7,4(x7)
Register Write to Reg: 0x07 Val: 0x00000001
[inst #601] addi x0,x0,0
Register Write to Reg: 0x00 Val: 0x00000000
[inst #602] addi x0,x0,0
Register Write to Reg: 0x00 Val: 0x00000000
[inst #603] addi x0,x0,0
Register Write to Reg: 0x00 Val: 0x00000000
[inst #604] addi x29,x7,1
Register Write to Reg: 0x1D Val: 0x00000002
[inst #605] lw x28,32(x8)
Register Write to Reg: 0x1C Val: 0x10010FC4
[inst #606] addi x0,x0,0
Register Write to Reg: 0x00 Val: 0x00000000
[inst #607] addi x0,x0,0
Register Write to Reg: 0x00 Val: 0x00000000
[inst #608] addi x0,x0,0
Register Write to Reg: 0x00 Val: 0x00000000
[inst #609] sw x29,4(x28)
Memory Write to Addr: 0x10010FC8 Val: 0x00000002
[inst #610] jal x0,156
Register Write to Reg: 0x00 Val: 0x004007A0
[inst #611] add x2,x0,x8
Register Write to Reg: 0x02 Val: 0x10010F88
[inst #612] addi x0,x0,0
Register Write to Reg: 0x00 Val: 0x00000000
[inst #613] addi x0,x0,0
Register Write to Reg: 0x00 Val: 0x00000000
[inst #614] addi x0,x0,0
Register Write to Reg: 0x00 Val: 0x00000000
[inst #615] lw x1,28(x2)
Register Write to Reg: 0x01 Val: 0x004005E0
[inst #616] lw x8,24(x2)
Register Write to Reg: 0x08 Val: 0x10010FA8
[inst #617] addi x2,x2,32
Register Write to Reg: 0x02 Val: 0x10010FA8
[inst #618] addi x0,x0,0
Register Write to Reg: 0x00 Val: 0x00000000
[inst #619] addi x0,x0,0
Register Write to Reg: 0x00 Val: 0x00000000
[inst #620] addi x0,x0,0
Register Write to Reg: 0x00 Val: 0x00000000
[inst #621] jalr x0,x1,0
Register Write to Reg: 0x00 Val: 0x00400864
[inst #622] sw x7,24(x8)
Memory Write to Addr: 0x10010FC0 Val: 0x00000001
[inst #623] jal x0,-688
Register Write to Reg: 0x00 Val: 0x004005E8
[inst #624] lw x28,24(x8)
Register Write to Reg: 0x1C Val: 0x00000001
[inst #625] addi x7,x0,-1
Register Write to Reg: 0x07 Val: 0xFFFFFFFF
[inst #626] addi x0,x0,0
Register Write to Reg: 0x00 Val: 0x00000000
[inst #627] addi x0,x0,0
Register Write to Reg: 0x00 Val: 0x00000000
[inst #628] addi x0,x0,0
Register Write to Reg: 0x00 Val: 0x00000000
[inst #629] beq x28,x7,32
[inst #630] addi x0,x0,0
Register Write to Reg: 0x00 Val: 0x00000000
[inst #631] addi x0,x0,0
Register Write to Reg: 0x00 Val: 0x00000000
[inst #632] addi x0,x0,0
Register Write to Reg: 0x00 Val: 0x00000000
[inst #633] jal x0,-260
Register Write to Reg: 0x00 Val: 0x0040035C
[inst #634] lw x29,24(x8)
Register Write to Reg: 0x1D Val: 0x00000001
[inst #635] auipc x1,0
Register Write to Reg: 0x01 Val: 0x00400258
[inst #636] sll x0,x0,x0
Register Write to Reg: 0x00 Val: 0x00000000
[inst #637] sll x0,x0,x0
Register Write to Reg: 0x00 Val: 0x00000000
[inst #638] sll x0,x0,x0
Register Write to Reg: 0x00 Val: 0x00000000
[inst #639] addi x1,x1,48
Register Write to Reg: 0x01 Val: 0x00400288
[inst #640] addi x0,x0,0
Register Write to Reg: 0x00 Val: 0x00000000
[inst #641] addi x0,x0,0
Register Write to Reg: 0x00 Val: 0x00000000
[inst #642] addi x0,x0,0
Register Write to Reg: 0x00 Val: 0x00000000
[inst #643] jal x0,2316
Register Write to Reg: 0x00 Val: 0x0040027C
[inst #644] addi x2,x2,-32
Register Write to Reg: 0x02 Val: 0x10010F88
[inst #645] addi x0,x0,0
Register Write to Reg: 0x00 Val: 0x00000000
[inst #646] addi x0,x0,0
Register Write to Reg: 0x00 Val: 0x00000000
[inst #647] addi x0,x0,0
Register Write to Reg: 0x00 Val: 0x00000000
[inst #648] sw x8,28(x2)
Memory Write to Addr: 0x10010FA4 Val: 0x10010FA8
[inst #649] add x8,x0,x2
Register Write to Reg: 0x08 Val: 0x10010F88
[inst #650] addi x0,x0,0
Register Write to Reg: 0x00 Val: 0x00000000
[inst #651] addi x0,x0,0
Register Write to Reg: 0x00 Val: 0x00000000
[inst #652] addi x0,x0,0
Register Write to Reg: 0x00 Val: 0x00000000
[inst #653] sw x29,32(x8)
Memory Write to Addr: 0x10010FA8 Val: 0x00000001
[inst #654] ori x7,x0,1
Register Write to Reg: 0x07 Val: 0x00000001
[inst #655] addi x0,x0,0
Register Write to Reg: 0x00 Val: 0x00000000
[inst #656] addi x0,x0,0
Register Write to Reg: 0x00 Val: 0x00000000
[inst #657] addi x0,x0,0
Register Write to Reg: 0x00 Val: 0x00000000
[inst #658] sw x7,8(x8)
Memory Write to Addr: 0x10010F90 Val: 0x00000001
[inst #659] sw x0,12(x8)
Memory Write to Addr: 0x10010F94 Val: 0x00000000
[inst #660] jal x0,88
Register Write to Reg: 0x00 Val: 0x00400BC8
[inst #661] lw x28,12(x8)
Register Write to Reg: 0x1C Val: 0x00000000
[inst #662] lw x7,32(x8)
Register Write to Reg: 0x07 Val: 0x00000001
[inst #663] addi x0,x0,0
Register Write to Reg: 0x00 Val: 0x00000000
[inst #664] addi x0,x0,0
Register Write to Reg: 0x00 Val: 0x00000000
[inst #665] addi x0,x0,0
Register Write to Reg: 0x00 Val: 0x00000000
[inst #666] slt x7,x28,x7
Register Write to Reg: 0x07 Val: 0x00000001
[inst #667] addi x0,x0,0
Register Write to Reg: 0x00 Val: 0x00000000
[inst #668] addi x0,x0,0
Register Write to Reg: 0x00 Val: 0x00000000
[inst #669] addi x0,x0,0
Register Write to Reg: 0x00 Val: 0x00000000
[inst #670] beq x7,x0,32
[inst #671] addi x0,x0,0
Register Write to Reg: 0x00 Val: 0x00000000
[inst #672] addi x0,x0,0
Register Write to Reg: 0x00 Val: 0x00000000
[inst #673] addi x0,x0,0
Register Write to Reg: 0x00 Val: 0x00000000
[inst #674] jal x0,-124
Register Write to Reg: 0x00 Val: 0x00400C54
[inst #675] lw x7,8(x8)
Register Write to Reg: 0x07 Val: 0x00000001
[inst #676] addi x0,x0,0
Register Write to Reg: 0x00 Val: 0x00000000
[inst #677] addi x0,x0,0
Register Write to Reg: 0x00 Val: 0x00000000
[inst #678] addi x0,x0,0
Register Write to Reg: 0x00 Val: 0x00000000
[inst #679] slli x7,x7,8
Register Write to Reg: 0x07 Val: 0x00000100
[inst #680] addi x0,x0,0
Register Write to Reg: 0x00 Val: 0x00000000
[inst #681] addi x0,x0,0
Register Write to Reg: 0x00 Val: 0x00000000
[inst #682] addi x0,x0,0
Register Write to Reg: 0x00 Val: 0x00000000
[inst #683] sw x7,8(x8)
Memory Write to Addr: 0x10010F90 Val: 0x00000100
[inst #684] lw x7,12(x8)
Register Write to Reg: 0x07 Val: 0x00000000
[inst #685] addi x0,x0,0
Register Write to Reg: 0x00 Val: 0x00000000
[inst #686] addi x0,x0,0
Register Write to Reg: 0x00 Val: 0x00000000
[inst #687] addi x0,x0,0
Register Write to Reg: 0x00 Val: 0x00000000
[inst #688] addi x7,x7,1
Register Write to Reg: 0x07 Val: 0x00000001
[inst #689] addi x0,x0,0
Register Write to Reg: 0x00 Val: 0x00000000
[inst #690] addi x0,x0,0
Register Write to Reg: 0x00 Val: 0x00000000
[inst #691] addi x0,x0,0
Register Write to Reg: 0x00 Val: 0x00000000
[inst #692] sw x7,12(x8)
Memory Write to Addr: 0x10010F94 Val: 0x00000001
[inst #693] lw x28,12(x8)
Register Write to Reg: 0x1C Val: 0x00000001
[inst #694] lw x7,32(x8)
Register Write to Reg: 0x07 Val: 0x00000001
[inst #695] addi x0,x0,0
Register Write to Reg: 0x00 Val: 0x00000000
[inst #696] addi x0,x0,0
Register Write to Reg: 0x00 Val: 0x00000000
[inst #697] addi x0,x0,0
Register Write to Reg: 0x00 Val: 0x00000000
[inst #698] slt x7,x28,x7
Register Write to Reg: 0x07 Val: 0x00000000
[inst #699] addi x0,x0,0
Register Write to Reg: 0x00 Val: 0x00000000
[inst #700] addi x0,x0,0
Register Write to Reg: 0x00 Val: 0x00000000
[inst #701] addi x0,x0,0
Register Write to Reg: 0x00 Val: 0x00000000
[inst #702] beq x7,x0,32
[inst #703] auipc x7,64527
Register Write to Reg: 0x07 Val: 0x1000FC60
[inst #704] sll x0,x0,x0
Register Write to Reg: 0x00 Val: 0x00000000
[inst #705] sll x0,x0,x0
Register Write to Reg: 0x00 Val: 0x00000000
[inst #706] sll x0,x0,x0
Register Write to Reg: 0x00 Val: 0x00000000
[inst #707] addi x7,x7,964
Register Write to Reg: 0x07 Val: 0x10010024
[inst #708] addi x0,x0,0
Register Write to Reg: 0x00 Val: 0x00000000
[inst #709] addi x0,x0,0
Register Write to Reg: 0x00 Val: 0x00000000
[inst #710] addi x0,x0,0
Register Write to Reg: 0x00 Val: 0x00000000
[inst #711] lw x7,0(x7)
Register Write to Reg: 0x07 Val: 0x00000001
[inst #712] addi x0,x0,0
Register Write to Reg: 0x00 Val: 0x00000000
[inst #713] addi x0,x0,0
Register Write to Reg: 0x00 Val: 0x00000000
[inst #714] addi x0,x0,0
Register Write to Reg: 0x00 Val: 0x00000000
[inst #715] sw x7,16(x8)
Memory Write to Addr: 0x10010F98 Val: 0x00000001
[inst #716] lw x28,16(x8)
Register Write to Reg: 0x1C Val: 0x00000001
[inst #717] lw x7,8(x8)
Register Write to Reg: 0x07 Val: 0x00000100
[inst #718] addi x0,x0,0
Register Write to Reg: 0x00 Val: 0x00000000
[inst #719] addi x0,x0,0
Register Write to Reg: 0x00 Val: 0x00000000
[inst #720] addi x0,x0,0
Register Write to Reg: 0x00 Val: 0x00000000
[inst #721] and x7,x28,x7
Register Write to Reg: 0x07 Val: 0x00000000
[inst #722] addi x0,x0,0
Register Write to Reg: 0x00 Val: 0x00000000
[inst #723] addi x0,x0,0
Register Write to Reg: 0x00 Val: 0x00000000
[inst #724] addi x0,x0,0
Register Write to Reg: 0x00 Val: 0x00000000
[inst #725] slt x7,x0,x7
Register Write to Reg: 0x07 Val: 0x00000000
[inst #726] addi x0,x0,0
Register Write to Reg: 0x00 Val: 0x00000000
[inst #727] addi x0,x0,0
Register Write to Reg: 0x00 Val: 0x00000000
[inst #728] addi x0,x0,0
Register Write to Reg: 0x00 Val: 0x00000000
[inst #729] andi x7,x7,255
Register Write to Reg: 0x07 Val: 0x00000000
[inst #730] add x2,x0,x8
Register Write to Reg: 0x02 Val: 0x10010F88
[inst #731] addi x0,x0,0
Register Write to Reg: 0x00 Val: 0x00000000
[inst #732] addi x0,x0,0
Register Write to Reg: 0x00 Val: 0x00000000
[inst #733] addi x0,x0,0
Register Write to Reg: 0x00 Val: 0x00000000
[inst #734] lw x8,28(x2)
Register Write to Reg: 0x08 Val: 0x10010FA8
[inst #735] addi x2,x2,32
Register Write to Reg: 0x02 Val: 0x10010FA8
[inst #736] jalr x0,x1,0
Register Write to Reg: 0x00 Val: 0x00400CE8
[inst #737] xori x7,x7,1
Register Write to Reg: 0x07 Val: 0x00000001
[inst #738] addi x0,x0,0
Register Write to Reg: 0x00 Val: 0x00000000
[inst #739] addi x0,x0,0
Register Write to Reg: 0x00 Val: 0x00000000
[inst #740] addi x0,x0,0
Register Write to Reg: 0x00 Val: 0x00000000
[inst #741] andi x7,x7,255
Register Write to Reg: 0x07 Val: 0x00000001
[inst #742] addi x0,x0,0
Register Write to Reg: 0x00 Val: 0x00000000
[inst #743] addi x0,x0,0
Register Write to Reg: 0x00 Val: 0x00000000
[inst #744] addi x0,x0,0
Register Write to Reg: 0x00 Val: 0x00000000
[inst #745] beq x7,x0,68
[inst #746] addi x0,x0,0
Register Write to Reg: 0x00 Val: 0x00000000
[inst #747] addi x0,x0,0
Register Write to Reg: 0x00 Val: 0x00000000
[inst #748] addi x0,x0,0
Register Write to Reg: 0x00 Val: 0x00000000
[inst #749] lw x29,24(x8)
Register Write to Reg: 0x1D Val: 0x00000001
[inst #750] auipc x1,0
Register Write to Reg: 0x01 Val: 0x004002BC
[inst #751] sll x0,x0,x0
Register Write to Reg: 0x00 Val: 0x00000000
[inst #752] sll x0,x0,x0
Register Write to Reg: 0x00 Val: 0x00000000
[inst #753] sll x0,x0,x0
Register Write to Reg: 0x00 Val: 0x00000000
[inst #754] addi x1,x1,48
Register Write to Reg: 0x01 Val: 0x004002EC
[inst #755] addi x0,x0,0
Register Write to Reg: 0x00 Val: 0x00000000
[inst #756] addi x0,x0,0
Register Write to Reg: 0x00 Val: 0x00000000
[inst #757] addi x0,x0,0
Register Write to Reg: 0x00 Val: 0x00000000
[inst #758] jal x0,536
Register Write to Reg: 0x00 Val: 0x004002E0
[inst #759] addi x2,x2,-48
Register Write to Reg: 0x02 Val: 0x10010F78
[inst #760] addi x0,x0,0
Register Write to Reg: 0x00 Val: 0x00000000
[inst #761] addi x0,x0,0
Register Write to Reg: 0x00 Val: 0x00000000
[inst #762] addi x0,x0,0
Register Write to Reg: 0x00 Val: 0x00000000
[inst #763] sw x1,44(x2)
Memory Write to Addr: 0x10010FA4 Val: 0x004002EC
[inst #764] sw x8,40(x2)
Memory Write to Addr: 0x10010FA0 Val: 0x10010FA8
[inst #765] add x8,x0,x2
Register Write to Reg: 0x08 Val: 0x10010F78
[inst #766] addi x0,x0,0
Register Write to Reg: 0x00 Val: 0x00000000
[inst #767] addi x0,x0,0
Register Write to Reg: 0x00 Val: 0x00000000
[inst #768] addi x0,x0,0
Register Write to Reg: 0x00 Val: 0x00000000
[inst #769] sw x29,48(x8)
Memory Write to Addr: 0x10010FA8 Val: 0x00000001
[inst #770] lw x29,48(x8)
Register Write to Reg: 0x1D Val: 0x00000001
[inst #771] auipc x1,0
Register Write to Reg: 0x01 Val: 0x00400524
[inst #772] sll x0,x0,x0
Register Write to Reg: 0x00 Val: 0x00000000
[inst #773] sll x0,x0,x0
Register Write to Reg: 0x00 Val: 0x00000000
[inst #774] sll x0,x0,x0
Register Write to Reg: 0x00 Val: 0x00000000
[inst #775] addi x1,x1,48
Register Write to Reg: 0x01 Val: 0x00400554
[inst #776] addi x0,x0,0
Register Write to Reg: 0x00 Val: 0x00000000
[inst #777] addi x0,x0,0
Register Write to Reg: 0x00 Val: 0x00000000
[inst #778] addi x0,x0,0
Register Write to Reg: 0x00 Val: 0x00000000
[inst #779] jal x0,1244
Register Write to Reg: 0x00 Val: 0x00400548
[inst #780] addi x2,x2,-32
Register Write to Reg: 0x02 Val: 0x10010F58
[inst #781] addi x0,x0,0
Register Write to Reg: 0x00 Val: 0x00000000
[inst #782] addi x0,x0,0
Register Write to Reg: 0x00 Val: 0x00000000
[inst #783] addi x0,x0,0
Register Write to Reg: 0x00 Val: 0x00000000
[inst #784] sw x8,28(x2)
Memory Write to Addr: 0x10010F74 Val: 0x10010F78
[inst #785] add x8,x0,x2
Register Write to Reg: 0x08 Val: 0x10010F58
[inst #786] addi x0,x0,0
Register Write to Reg: 0x00 Val: 0x00000000
[inst #787] addi x0,x0,0
Register Write to Reg: 0x00 Val: 0x00000000
[inst #788] addi x0,x0,0
Register Write to Reg: 0x00 Val: 0x00000000
[inst #789] sw x29,32(x8)
Memory Write to Addr: 0x10010F78 Val: 0x00000001
[inst #790] addi x7,x0,1
Register Write to Reg: 0x07 Val: 0x00000001
[inst #791] addi x0,x0,0
Register Write to Reg: 0x00 Val: 0x00000000
[inst #792] addi x0,x0,0
Register Write to Reg: 0x00 Val: 0x00000000
[inst #793] addi x0,x0,0
Register Write to Reg: 0x00 Val: 0x00000000
[inst #794] sw x7,8(x8)
Memory Write to Addr: 0x10010F60 Val: 0x00000001
[inst #795] sw x0,12(x8)
Memory Write to Addr: 0x10010F64 Val: 0x00000000
[inst #796] jal x0,88
Register Write to Reg: 0x00 Val: 0x00400A64
[inst #797] lw x28,12(x8)
Register Write to Reg: 0x1C Val: 0x00000000
[inst #798] lw x7,32(x8)
Register Write to Reg: 0x07 Val: 0x00000001
[inst #799] addi x0,x0,0
Register Write to Reg: 0x00 Val: 0x00000000
[inst #800] addi x0,x0,0
Register Write to Reg: 0x00 Val: 0x00000000
[inst #801] addi x0,x0,0
Register Write to Reg: 0x00 Val: 0x00000000
[inst #802] slt x7,x28,x7
Register Write to Reg: 0x07 Val: 0x00000001
[inst #803] addi x0,x0,0
Register Write to Reg: 0x00 Val: 0x00000000
[inst #804] addi x0,x0,0
Register Write to Reg: 0x00 Val: 0x00000000
[inst #805] addi x0,x0,0
Register Write to Reg: 0x00 Val: 0x00000000
[inst #806] beq x7,x0,32
[inst #807] addi x0,x0,0
Register Write to Reg: 0x00 Val: 0x00000000
[inst #808] addi x0,x0,0
Register Write to Reg: 0x00 Val: 0x00000000
[inst #809] addi x0,x0,0
Register Write to Reg: 0x00 Val: 0x00000000
[inst #810] jal x0,-124
Register Write to Reg: 0x00 Val: 0x00400AF0
[inst #811] lw x7,8(x8)
Register Write to Reg: 0x07 Val: 0x00000001
[inst #812] addi x0,x0,0
Register Write to Reg: 0x00 Val: 0x00000000
[inst #813] addi x0,x0,0
Register Write to Reg: 0x00 Val: 0x00000000
[inst #814] addi x0,x0,0
Register Write to Reg: 0x00 Val: 0x00000000
[inst #815] slli x7,x7,8
Register Write to Reg: 0x07 Val: 0x00000100
[inst #816] addi x0,x0,0
Register Write to Reg: 0x00 Val: 0x00000000
[inst #817] addi x0,x0,0
Register Write to Reg: 0x00 Val: 0x00000000
[inst #818] addi x0,x0,0
Register Write to Reg: 0x00 Val: 0x00000000
[inst #819] sw x7,8(x8)
Memory Write to Addr: 0x10010F60 Val: 0x00000100
[inst #820] lw x7,12(x8)
Register Write to Reg: 0x07 Val: 0x00000000
[inst #821] addi x0,x0,0
Register Write to Reg: 0x00 Val: 0x00000000
[inst #822] addi x0,x0,0
Register Write to Reg: 0x00 Val: 0x00000000
[inst #823] addi x0,x0,0
Register Write to Reg: 0x00 Val: 0x00000000
[inst #824] addi x7,x7,1
Register Write to Reg: 0x07 Val: 0x00000001
[inst #825] addi x0,x0,0
Register Write to Reg: 0x00 Val: 0x00000000
[inst #826] addi x0,x0,0
Register Write to Reg: 0x00 Val: 0x00000000
[inst #827] addi x0,x0,0
Register Write to Reg: 0x00 Val: 0x00000000
[inst #828] sw x7,12(x8)
Memory Write to Addr: 0x10010F64 Val: 0x00000001
[inst #829] lw x28,12(x8)
Register Write to Reg: 0x1C Val: 0x00000001
[inst #830] lw x7,32(x8)
Register Write to Reg: 0x07 Val: 0x00000001
[inst #831] addi x0,x0,0
Register Write to Reg: 0x00 Val: 0x00000000
[inst #832] addi x0,x0,0
Register Write to Reg: 0x00 Val: 0x00000000
[inst #833] addi x0,x0,0
Register Write to Reg: 0x00 Val: 0x00000000
[inst #834] slt x7,x28,x7
Register Write to Reg: 0x07 Val: 0x00000000
[inst #835] addi x0,x0,0
Register Write to Reg: 0x00 Val: 0x00000000
[inst #836] addi x0,x0,0
Register Write to Reg: 0x00 Val: 0x00000000
[inst #837] addi x0,x0,0
Register Write to Reg: 0x00 Val: 0x00000000
[inst #838] beq x7,x0,32
[inst #839] auipc x7,64527
Register Write to Reg: 0x07 Val: 0x1000FAFC
[inst #840] sll x0,x0,x0
Register Write to Reg: 0x00 Val: 0x00000000
[inst #841] sll x0,x0,x0
Register Write to Reg: 0x00 Val: 0x00000000
[inst #842] sll x0,x0,x0
Register Write to Reg: 0x00 Val: 0x00000000
[inst #843] addi x7,x7,1320
Register Write to Reg: 0x07 Val: 0x10010024
[inst #844] addi x0,x0,0
Register Write to Reg: 0x00 Val: 0x00000000
[inst #845] addi x0,x0,0
Register Write to Reg: 0x00 Val: 0x00000000
[inst #846] addi x0,x0,0
Register Write to Reg: 0x00 Val: 0x00000000
[inst #847] sw x7,16(x8)
Memory Write to Addr: 0x10010F68 Val: 0x10010024
[inst #848] lw x7,16(x8)
Register Write to Reg: 0x07 Val: 0x10010024
[inst #849] addi x0,x0,0
Register Write to Reg: 0x00 Val: 0x00000000
[inst #850] addi x0,x0,0
Register Write to Reg: 0x00 Val: 0x00000000
[inst #851] addi x0,x0,0
Register Write to Reg: 0x00 Val: 0x00000000
[inst #852] lw x28,0(x7)
Register Write to Reg: 0x1C Val: 0x00000001
[inst #853] lw x7,8(x8)
Register Write to Reg: 0x07 Val: 0x00000100
[inst #854] addi x0,x0,0
Register Write to Reg: 0x00 Val: 0x00000000
[inst #855] addi x0,x0,0
Register Write to Reg: 0x00 Val: 0x00000000
[inst #856] addi x0,x0,0
Register Write to Reg: 0x00 Val: 0x00000000
[inst #857] or x28,x28,x7
Register Write to Reg: 0x1C Val: 0x00000101
[inst #858] lw x7,16(x8)
Register Write to Reg: 0x07 Val: 0x10010024
[inst #859] addi x0,x0,0
Register Write to Reg: 0x00 Val: 0x00000000
[inst #860] addi x0,x0,0
Register Write to Reg: 0x00 Val: 0x00000000
[inst #861] addi x0,x0,0
Register Write to Reg: 0x00 Val: 0x00000000
[inst #862] sw x28,0(x7)
Memory Write to Addr: 0x10010024 Val: 0x00000101
[inst #863] add x2,x0,x8
Register Write to Reg: 0x02 Val: 0x10010F58
[inst #864] addi x0,x0,0
Register Write to Reg: 0x00 Val: 0x00000000
[inst #865] addi x0,x0,0
Register Write to Reg: 0x00 Val: 0x00000000
[inst #866] addi x0,x0,0
Register Write to Reg: 0x00 Val: 0x00000000
[inst #867] lw x8,28(x2)
Register Write to Reg: 0x08 Val: 0x10010F78
[inst #868] addi x2,x2,32
Register Write to Reg: 0x02 Val: 0x10010F78
[inst #869] jalr x0,x1,0
Register Write to Reg: 0x00 Val: 0x00400B78
[inst #870] addi x7,x8,28
Register Write to Reg: 0x07 Val: 0x10010F94
[inst #871] lw x30,48(x8)
Register Write to Reg: 0x1E Val: 0x00000001
[inst #872] addi x0,x0,0
Register Write to Reg: 0x00 Val: 0x00000000
[inst #873] addi x0,x0,0
Register Write to Reg: 0x00 Val: 0x00000000
[inst #874] addi x0,x0,0
Register Write to Reg: 0x00 Val: 0x00000000
[inst #875] add x29,x0,x7
Register Write to Reg: 0x1D Val: 0x10010F94
[inst #876] auipc x1,0
Register Write to Reg: 0x01 Val: 0x0040056C
[inst #877] sll x0,x0,x0
Register Write to Reg: 0x00 Val: 0x00000000
[inst #878] sll x0,x0,x0
Register Write to Reg: 0x00 Val: 0x00000000
[inst #879] sll x0,x0,x0
Register Write to Reg: 0x00 Val: 0x00000000
[inst #880] addi x1,x1,48
Register Write to Reg: 0x01 Val: 0x0040059C
[inst #881] addi x0,x0,0
Register Write to Reg: 0x00 Val: 0x00000000
[inst #882] addi x0,x0,0
Register Write to Reg: 0x00 Val: 0x00000000
[inst #883] addi x0,x0,0
Register Write to Reg: 0x00 Val: 0x00000000
[inst #884] jal x0,104
Register Write to Reg: 0x00 Val: 0x00400590
[inst #885] addi x2,x2,-24
Register Write to Reg: 0x02 Val: 0x10010F60
[inst #886] addi x0,x0,0
Register Write to Reg: 0x00 Val: 0x00000000
[inst #887] addi x0,x0,0
Register Write to Reg: 0x00 Val: 0x00000000
[inst #888] addi x0,x0,0
Register Write to Reg: 0x00 Val: 0x00000000
[inst #889] sw x8,20(x2)
Memory Write to Addr: 0x10010F74 Val: 0x10010F78
[inst #890] add x8,x0,x2
Register Write to Reg: 0x08 Val: 0x10010F60
[inst #891] addi x0,x0,0
Register Write to Reg: 0x00 Val: 0x00000000
[inst #892] addi x0,x0,0
Register Write to Reg: 0x00 Val: 0x00000000
[inst #893] addi x0,x0,0
Register Write to Reg: 0x00 Val: 0x00000000
[inst #894] sub x31,x8,x2
Register Write to Reg: 0x1F Val: 0x00000000
[inst #895] addi x0,x0,0
Register Write to Reg: 0x00 Val: 0x00000000
[inst #896] addi x0,x0,0
Register Write to Reg: 0x00 Val: 0x00000000
[inst #897] addi x0,x0,0
Register Write to Reg: 0x00 Val: 0x00000000
[inst #898] sw x29,24(x8)
Memory Write to Addr: 0x10010F78 Val: 0x10010F94
[inst #899] sw x30,28(x8)
Memory Write to Addr: 0x10010F7C Val: 0x00000001
[inst #900] lw x7,28(x8)
Register Write to Reg: 0x07 Val: 0x00000001
[inst #901] addi x0,x0,0
Register Write to Reg: 0x00 Val: 0x00000000
[inst #902] addi x0,x0,0
Register Write to Reg: 0x00 Val: 0x00000000
[inst #903] addi x0,x0,0
Register Write to Reg: 0x00 Val: 0x00000000
[inst #904] sw x7,8(x8)
Memory Write to Addr: 0x10010F68 Val: 0x00000001
[inst #905] sw x0,12(x8)
Memory Write to Addr: 0x10010F6C Val: 0x00000000
[inst #906] lw x7,24(x8)
Register Write to Reg: 0x07 Val: 0x10010F94
[inst #907] lw x29,8(x8)
Register Write to Reg: 0x1D Val: 0x00000001
[inst #908] lw x28,12(x8)
Register Write to Reg: 0x1C Val: 0x00000000
[inst #909] addi x0,x0,0
Register Write to Reg: 0x00 Val: 0x00000000
[inst #910] addi x0,x0,0
Register Write to Reg: 0x00 Val: 0x00000000
[inst #911] addi x0,x0,0
Register Write to Reg: 0x00 Val: 0x00000000
[inst #912] sw x29,0(x7)
Memory Write to Addr: 0x10010F94 Val: 0x00000001
[inst #913] sw x28,4(x7)
Memory Write to Addr: 0x10010F98 Val: 0x00000000
[inst #914] lw x7,24(x8)
Register Write to Reg: 0x07 Val: 0x10010F94
[inst #915] add x2,x0,x8
Register Write to Reg: 0x02 Val: 0x10010F60
[inst #916] addi x0,x0,0
Register Write to Reg: 0x00 Val: 0x00000000
[inst #917] addi x0,x0,0
Register Write to Reg: 0x00 Val: 0x00000000
[inst #918] addi x0,x0,0
Register Write to Reg: 0x00 Val: 0x00000000
[inst #919] lw x8,20(x2)
Register Write to Reg: 0x08 Val: 0x10010F78
[inst #920] addi x2,x2,24
Register Write to Reg: 0x02 Val: 0x10010F78
[inst #921] jalr x0,x1,0
Register Write to Reg: 0x00 Val: 0x00400688
[inst #922] addi x7,x8,28
Register Write to Reg: 0x07 Val: 0x10010F94
[inst #923] addi x0,x0,0
Register Write to Reg: 0x00 Val: 0x00000000
[inst #924] addi x0,x0,0
Register Write to Reg: 0x00 Val: 0x00000000
[inst #925] addi x0,x0,0
Register Write to Reg: 0x00 Val: 0x00000000
[inst #926] add x29,x0,x7
Register Write to Reg: 0x1D Val: 0x10010F94
[inst #927] auipc x1,0
Register Write to Reg: 0x01 Val: 0x004005B0
[inst #928] sll x0,x0,x0
Register Write to Reg: 0x00 Val: 0x00000000
[inst #929] sll x0,x0,x0
Register Write to Reg: 0x00 Val: 0x00000000
[inst #930] sll x0,x0,x0
Register Write to Reg: 0x00 Val: 0x00000000
[inst #931] addi x1,x1,48
Register Write to Reg: 0x01 Val: 0x004005E0
[inst #932] addi x0,x0,0
Register Write to Reg: 0x00 Val: 0x00000000
[inst #933] addi x0,x0,0
Register Write to Reg: 0x00 Val: 0x00000000
[inst #934] addi x0,x0,0
Register Write to Reg: 0x00 Val: 0x00000000
[inst #935] jal x0,196
Register Write to Reg: 0x00 Val: 0x004005D4
[inst #936] addi x2,x2,-32
Register Write to Reg: 0x02 Val: 0x10010F58
[inst #937] addi x0,x0,0
Register Write to Reg: 0x00 Val: 0x00000000
[inst #938] addi x0,x0,0
Register Write to Reg: 0x00 Val: 0x00000000
[inst #939] addi x0,x0,0
Register Write to Reg: 0x00 Val: 0x00000000
[inst #940] sw x1,28(x2)
Memory Write to Addr: 0x10010F74 Val: 0x004005E0
[inst #941] sw x8,24(x2)
Memory Write to Addr: 0x10010F70 Val: 0x10010F78
[inst #942] add x8,x0,x2
Register Write to Reg: 0x08 Val: 0x10010F58
[inst #943] addi x0,x0,0
Register Write to Reg: 0x00 Val: 0x00000000
[inst #944] addi x0,x0,0
Register Write to Reg: 0x00 Val: 0x00000000
[inst #945] addi x0,x0,0
Register Write to Reg: 0x00 Val: 0x00000000
[inst #946] sw x29,32(x8)
Memory Write to Addr: 0x10010F78 Val: 0x10010F94
[inst #947] jal x0,292
Register Write to Reg: 0x00 Val: 0x004006C4
[inst #948] lw x7,32(x8)
Register Write to Reg: 0x07 Val: 0x10010F94
[inst #949] addi x0,x0,0
Register Write to Reg: 0x00 Val: 0x00000000
[inst #950] addi x0,x0,0
Register Write to Reg: 0x00 Val: 0x00000000
[inst #951] addi x0,x0,0
Register Write to Reg: 0x00 Val: 0x00000000
[inst #952] lw x7,4(x7)
Register Write to Reg: 0x07 Val: 0x00000000
[inst #953] addi x0,x0,0
Register Write to Reg: 0x00 Val: 0x00000000
[inst #954] addi x0,x0,0
Register Write to Reg: 0x00 Val: 0x00000000
[inst #955] addi x0,x0,0
Register Write to Reg: 0x00 Val: 0x00000000
[inst #956] slti x7,x7,4
Register Write to Reg: 0x07 Val: 0x00000001
[inst #957] addi x0,x0,0
Register Write to Reg: 0x00 Val: 0x00000000
[inst #958] addi x0,x0,0
Register Write to Reg: 0x00 Val: 0x00000000
[inst #959] addi x0,x0,0
Register Write to Reg: 0x00 Val: 0x00000000
[inst #960] beq x7,x0,32
[inst #961] addi x0,x0,0
Register Write to Reg: 0x00 Val: 0x00000000
[inst #962] addi x0,x0,0
Register Write to Reg: 0x00 Val: 0x00000000
[inst #963] addi x0,x0,0
Register Write to Reg: 0x00 Val: 0x00000000
[inst #964] jal x0,-340
Register Write to Reg: 0x00 Val: 0x00400828
[inst #965] lw x7,32(x8)
Register Write to Reg: 0x07 Val: 0x10010F94
[inst #966] addi x0,x0,0
Register Write to Reg: 0x00 Val: 0x00000000
[inst #967] addi x0,x0,0
Register Write to Reg: 0x00 Val: 0x00000000
[inst #968] addi x0,x0,0
Register Write to Reg: 0x00 Val: 0x00000000
[inst #969] lw x28,0(x7)
Register Write to Reg: 0x1C Val: 0x00000001
[inst #970] lw x7,32(x8)
Register Write to Reg: 0x07 Val: 0x10010F94
[inst #971] addi x0,x0,0
Register Write to Reg: 0x00 Val: 0x00000000
[inst #972] addi x0,x0,0
Register Write to Reg: 0x00 Val: 0x00000000
[inst #973] addi x0,x0,0
Register Write to Reg: 0x00 Val: 0x00000000
[inst #974] lw x7,4(x7)
Register Write to Reg: 0x07 Val: 0x00000000
[inst #975] addi x0,x0,0
Register Write to Reg: 0x00 Val: 0x00000000
[inst #976] addi x0,x0,0
Register Write to Reg: 0x00 Val: 0x00000000
[inst #977] addi x0,x0,0
Register Write to Reg: 0x00 Val: 0x00000000
[inst #978] add x30,x0,x7
Register Write to Reg: 0x1E Val: 0x00000000
[inst #979] addi x0,x0,0
Register Write to Reg: 0x00 Val: 0x00000000
[inst #980] addi x0,x0,0
Register Write to Reg: 0x00 Val: 0x00000000
[inst #981] addi x0,x0,0
Register Write to Reg: 0x00 Val: 0x00000000
[inst #982] add x29,x0,x28
Register Write to Reg: 0x1D Val: 0x00000001
[inst #983] auipc x1,0
Register Write to Reg: 0x01 Val: 0x00400718
[inst #984] sll x0,x0,x0
Register Write to Reg: 0x00 Val: 0x00000000
[inst #985] sll x0,x0,x0
Register Write to Reg: 0x00 Val: 0x00000000
[inst #986] sll x0,x0,x0
Register Write to Reg: 0x00 Val: 0x00000000
[inst #987] addi x1,x1,48
Register Write to Reg: 0x01 Val: 0x00400748
[inst #988] addi x0,x0,0
Register Write to Reg: 0x00 Val: 0x00000000
[inst #989] addi x0,x0,0
Register Write to Reg: 0x00 Val: 0x00000000
[inst #990] addi x0,x0,0
Register Write to Reg: 0x00 Val: 0x00000000
[inst #991] jal x0,312
Register Write to Reg: 0x00 Val: 0x0040073C
[inst #992] addi x2,x2,-32
Register Write to Reg: 0x02 Val: 0x10010F38
[inst #993] addi x0,x0,0
Register Write to Reg: 0x00 Val: 0x00000000
[inst #994] addi x0,x0,0
Register Write to Reg: 0x00 Val: 0x00000000
[inst #995] addi x0,x0,0
Register Write to Reg: 0x00 Val: 0x00000000
[inst #996] sw x8,28(x2)
Memory Write to Addr: 0x10010F54 Val: 0x10010F58
[inst #997] add x8,x0,x2
Register Write to Reg: 0x08 Val: 0x10010F38
[inst #998] addi x0,x0,0
Register Write to Reg: 0x00 Val: 0x00000000
[inst #999] addi x0,x0,0
Register Write to Reg: 0x00 Val: 0x00000000
[inst #1000] addi x0,x0,0
Register Write to Reg: 0x00 Val: 0x00000000
[inst #1001] sw x29,32(x8)
Memory Write to Addr: 0x10010F58 Val: 0x00000001
[inst #1002] sw x30,36(x8)
Memory Write to Addr: 0x10010F5C Val: 0x00000000
[inst #1003] auipc x7,64527
Register Write to Reg: 0x07 Val: 0x1000F89C
[inst #1004] sll x0,x0,x0
Register Write to Reg: 0x00 Val: 0x00000000
[inst #1005] sll x0,x0,x0
Register Write to Reg: 0x00 Val: 0x00000000
[inst #1006] sll x0,x0,x0
Register Write to Reg: 0x00 Val: 0x00000000
[inst #1007] addi x7,x7,1912
Register Write to Reg: 0x07 Val: 0x10010014
[inst #1008] addi x0,x0,0
Register Write to Reg: 0x00 Val: 0x00000000
[inst #1009] addi x0,x0,0
Register Write to Reg: 0x00 Val: 0x00000000
[inst #1010] addi x0,x0,0
Register Write to Reg: 0x00 Val: 0x00000000
[inst #1011] lw x28,32(x8)
Register Write to Reg: 0x1C Val: 0x00000001
[inst #1012] addi x0,x0,0
Register Write to Reg: 0x00 Val: 0x00000000
[inst #1013] addi x0,x0,0
Register Write to Reg: 0x00 Val: 0x00000000
[inst #1014] addi x0,x0,0
Register Write to Reg: 0x00 Val: 0x00000000
[inst #1015] slli x28,x28,2
Register Write to Reg: 0x1C Val: 0x00000004
[inst #1016] addi x0,x0,0
Register Write to Reg: 0x00 Val: 0x00000000
[inst #1017] addi x0,x0,0
Register Write to Reg: 0x00 Val: 0x00000000
[inst #1018] addi x0,x0,0
Register Write to Reg: 0x00 Val: 0x00000000
[inst #1019] add x7,x28,x7
Register Write to Reg: 0x07 Val: 0x10010018
[inst #1020] addi x0,x0,0
Register Write to Reg: 0x00 Val: 0x00000000
[inst #1021] addi x0,x0,0
Register Write to Reg: 0x00 Val: 0x00000000
[inst #1022] addi x0,x0,0
Register Write to Reg: 0x00 Val: 0x00000000
[inst #1023] lw x7,0(x7)
Register Write to Reg: 0x07 Val: 0x00000000
[inst #1024] addi x0,x0,0
Register Write to Reg: 0x00 Val: 0x00000000
[inst #1025] addi x0,x0,0
Register Write to Reg: 0x00 Val: 0x00000000
[inst #1026] addi x0,x0,0
Register Write to Reg: 0x00 Val: 0x00000000
[inst #1027] sw x7,16(x8)
Memory Write to Addr: 0x10010F48 Val: 0x00000000
[inst #1028] addi x7,x0,1
Register Write to Reg: 0x07 Val: 0x00000001
[inst #1029] addi x0,x0,0
Register Write to Reg: 0x00 Val: 0x00000000
[inst #1030] addi x0,x0,0
Register Write to Reg: 0x00 Val: 0x00000000
[inst #1031] addi x0,x0,0
Register Write to Reg: 0x00 Val: 0x00000000
[inst #1032] sw x7,8(x8)
Memory Write to Addr: 0x10010F40 Val: 0x00000001
[inst #1033] sw x0,12(x8)
Memory Write to Addr: 0x10010F44 Val: 0x00000000
[inst #1034] addi x0,x0,0
Register Write to Reg: 0x00 Val: 0x00000000
[inst #1035] addi x0,x0,0
Register Write to Reg: 0x00 Val: 0x00000000
[inst #1036] addi x0,x0,0
Register Write to Reg: 0x00 Val: 0x00000000
[inst #1037] jal x0,88
Register Write to Reg: 0x00 Val: 0x00400928
[inst #1038] lw x28,12(x8)
Register Write to Reg: 0x1C Val: 0x00000000
[inst #1039] lw x7,36(x8)
Register Write to Reg: 0x07 Val: 0x00000000
[inst #1040] addi x0,x0,0
Register Write to Reg: 0x00 Val: 0x00000000
[inst #1041] addi x0,x0,0
Register Write to Reg: 0x00 Val: 0x00000000
[inst #1042] addi x0,x0,0
Register Write to Reg: 0x00 Val: 0x00000000
[inst #1043] slt x7,x28,x7
Register Write to Reg: 0x07 Val: 0x00000000
[inst #1044] addi x0,x0,0
Register Write to Reg: 0x00 Val: 0x00000000
[inst #1045] addi x0,x0,0
Register Write to Reg: 0x00 Val: 0x00000000
[inst #1046] addi x0,x0,0
Register Write to Reg: 0x00 Val: 0x00000000
[inst #1047] beq x7,x0,32
[inst #1048] lw x28,8(x8)
Register Write to Reg: 0x1C Val: 0x00000001
[inst #1049] lw x7,16(x8)
Register Write to Reg: 0x07 Val: 0x00000000
[inst #1050] addi x0,x0,0
Register Write to Reg: 0x00 Val: 0x00000000
[inst #1051] addi x0,x0,0
Register Write to Reg: 0x00 Val: 0x00000000
[inst #1052] addi x0,x0,0
Register Write to Reg: 0x00 Val: 0x00000000
[inst #1053] and x7,x28,x7
Register Write to Reg: 0x07 Val: 0x00000000
[inst #1054] addi x0,x0,0
Register Write to Reg: 0x00 Val: 0x00000000
[inst #1055] addi x0,x0,0
Register Write to Reg: 0x00 Val: 0x00000000
[inst #1056] addi x0,x0,0
Register Write to Reg: 0x00 Val: 0x00000000
[inst #1057] slt x7,x0,x7
Register Write to Reg: 0x07 Val: 0x00000000
[inst #1058] addi x0,x0,0
Register Write to Reg: 0x00 Val: 0x00000000
[inst #1059] addi x0,x0,0
Register Write to Reg: 0x00 Val: 0x00000000
[inst #1060] addi x0,x0,0
Register Write to Reg: 0x00 Val: 0x00000000
[inst #1061] andi x7,x7,255
Register Write to Reg: 0x07 Val: 0x00000000
[inst #1062] add x2,x0,x8
Register Write to Reg: 0x02 Val: 0x10010F38
[inst #1063] addi x0,x0,0
Register Write to Reg: 0x00 Val: 0x00000000
[inst #1064] addi x0,x0,0
Register Write to Reg: 0x00 Val: 0x00000000
[inst #1065] addi x0,x0,0
Register Write to Reg: 0x00 Val: 0x00000000
[inst #1066] lw x8,28(x2)
Register Write to Reg: 0x08 Val: 0x10010F58
[inst #1067] addi x2,x2,32
Register Write to Reg: 0x02 Val: 0x10010F58
[inst #1068] jalr x0,x1,0
Register Write to Reg: 0x00 Val: 0x00400A14
[inst #1069] addi x0,x0,0
Register Write to Reg: 0x00 Val: 0x00000000
[inst #1070] addi x0,x0,0
Register Write to Reg: 0x00 Val: 0x00000000
[inst #1071] addi x0,x0,0
Register Write to Reg: 0x00 Val: 0x00000000
[inst #1072] beq x7,x0,88
[inst #1073] lw x7,32(x8)
Register Write to Reg: 0x07 Val: 0x10010F94
[inst #1074] addi x0,x0,0
Register Write to Reg: 0x00 Val: 0x00000000
[inst #1075] addi x0,x0,0
Register Write to Reg: 0x00 Val: 0x00000000
[inst #1076] addi x0,x0,0
Register Write to Reg: 0x00 Val: 0x00000000
[inst #1077] lw x7,4(x7)
Register Write to Reg: 0x07 Val: 0x00000000
[inst #1078] addi x0,x0,0
Register Write to Reg: 0x00 Val: 0x00000000
[inst #1079] addi x0,x0,0
Register Write to Reg: 0x00 Val: 0x00000000
[inst #1080] addi x0,x0,0
Register Write to Reg: 0x00 Val: 0x00000000
[inst #1081] addi x28,x7,1
Register Write to Reg: 0x1C Val: 0x00000001
[inst #1082] lw x7,32(x8)
Register Write to Reg: 0x07 Val: 0x10010F94
[inst #1083] addi x0,x0,0
Register Write to Reg: 0x00 Val: 0x00000000
[inst #1084] addi x0,x0,0
Register Write to Reg: 0x00 Val: 0x00000000
[inst #1085] addi x0,x0,0
Register Write to Reg: 0x00 Val: 0x00000000
[inst #1086] sw x28,4(x7)
Memory Write to Addr: 0x10010F98 Val: 0x00000001
[inst #1087] lw x7,32(x8)
Register Write to Reg: 0x07 Val: 0x10010F94
[inst #1088] addi x0,x0,0
Register Write to Reg: 0x00 Val: 0x00000000
[inst #1089] addi x0,x0,0
Register Write to Reg: 0x00 Val: 0x00000000
[inst #1090] addi x0,x0,0
Register Write to Reg: 0x00 Val: 0x00000000
[inst #1091] lw x7,4(x7)
Register Write to Reg: 0x07 Val: 0x00000001
[inst #1092] addi x0,x0,0
Register Write to Reg: 0x00 Val: 0x00000000
[inst #1093] addi x0,x0,0
Register Write to Reg: 0x00 Val: 0x00000000
[inst #1094] addi x0,x0,0
Register Write to Reg: 0x00 Val: 0x00000000
[inst #1095] slti x7,x7,4
Register Write to Reg: 0x07 Val: 0x00000001
[inst #1096] addi x0,x0,0
Register Write to Reg: 0x00 Val: 0x00000000
[inst #1097] addi x0,x0,0
Register Write to Reg: 0x00 Val: 0x00000000
[inst #1098] addi x0,x0,0
Register Write to Reg: 0x00 Val: 0x00000000
[inst #1099] beq x7,x0,32
[inst #1100] addi x0,x0,0
Register Write to Reg: 0x00 Val: 0x00000000
[inst #1101] addi x0,x0,0
Register Write to Reg: 0x00 Val: 0x00000000
[inst #1102] addi x0,x0,0
Register Write to Reg: 0x00 Val: 0x00000000
[inst #1103] jal x0,-340
Register Write to Reg: 0x00 Val: 0x00400828
[inst #1104] lw x7,32(x8)
Register Write to Reg: 0x07 Val: 0x10010F94
[inst #1105] addi x0,x0,0
Register Write to Reg: 0x00 Val: 0x00000000
[inst #1106] addi x0,x0,0
Register Write to Reg: 0x00 Val: 0x00000000
[inst #1107] addi x0,x0,0
Register Write to Reg: 0x00 Val: 0x00000000
[inst #1108] lw x28,0(x7)
Register Write to Reg: 0x1C Val: 0x00000001
[inst #1109] lw x7,32(x8)
Register Write to Reg: 0x07 Val: 0x10010F94
[inst #1110] addi x0,x0,0
Register Write to Reg: 0x00 Val: 0x00000000
[inst #1111] addi x0,x0,0
Register Write to Reg: 0x00 Val: 0x00000000
[inst #1112] addi x0,x0,0
Register Write to Reg: 0x00 Val: 0x00000000
[inst #1113] lw x7,4(x7)
Register Write to Reg: 0x07 Val: 0x00000001
[inst #1114] addi x0,x0,0
Register Write to Reg: 0x00 Val: 0x00000000
[inst #1115] addi x0,x0,0
Register Write to Reg: 0x00 Val: 0x00000000
[inst #1116] addi x0,x0,0
Register Write to Reg: 0x00 Val: 0x00000000
[inst #1117] add x30,x0,x7
Register Write to Reg: 0x1E Val: 0x00000001
[inst #1118] addi x0,x0,0
Register Write to Reg: 0x00 Val: 0x00000000
[inst #1119] addi x0,x0,0
Register Write to Reg: 0x00 Val: 0x00000000
[inst #1120] addi x0,x0,0
Register Write to Reg: 0x00 Val: 0x00000000
[inst #1121] add x29,x0,x28
Register Write to Reg: 0x1D Val: 0x00000001
[inst #1122] auipc x1,0
Register Write to Reg: 0x01 Val: 0x00400718
[inst #1123] sll x0,x0,x0
Register Write to Reg: 0x00 Val: 0x00000000
[inst #1124] sll x0,x0,x0
Register Write to Reg: 0x00 Val: 0x00000000
[inst #1125] sll x0,x0,x0
Register Write to Reg: 0x00 Val: 0x00000000
[inst #1126] addi x1,x1,48
Register Write to Reg: 0x01 Val: 0x00400748
[inst #1127] addi x0,x0,0
Register Write to Reg: 0x00 Val: 0x00000000
[inst #1128] addi x0,x0,0
Register Write to Reg: 0x00 Val: 0x00000000
[inst #1129] addi x0,x0,0
Register Write to Reg: 0x00 Val: 0x00000000
[inst #1130] jal x0,312
Register Write to Reg: 0x00 Val: 0x0040073C
[inst #1131] addi x2,x2,-32
Register Write to Reg: 0x02 Val: 0x10010F38
[inst #1132] addi x0,x0,0
Register Write to Reg: 0x00 Val: 0x00000000
[inst #1133] addi x0,x0,0
Register Write to Reg: 0x00 Val: 0x00000000
[inst #1134] addi x0,x0,0
Register Write to Reg: 0x00 Val: 0x00000000
[inst #1135] sw x8,28(x2)
Memory Write to Addr: 0x10010F54 Val: 0x10010F58
[inst #1136] add x8,x0,x2
Register Write to Reg: 0x08 Val: 0x10010F38
[inst #1137] addi x0,x0,0
Register Write to Reg: 0x00 Val: 0x00000000
[inst #1138] addi x0,x0,0
Register Write to Reg: 0x00 Val: 0x00000000
[inst #1139] addi x0,x0,0
Register Write to Reg: 0x00 Val: 0x00000000
[inst #1140] sw x29,32(x8)
Memory Write to Addr: 0x10010F58 Val: 0x00000001
[inst #1141] sw x30,36(x8)
Memory Write to Addr: 0x10010F5C Val: 0x00000001
[inst #1142] auipc x7,64527
Register Write to Reg: 0x07 Val: 0x1000F89C
[inst #1143] sll x0,x0,x0
Register Write to Reg: 0x00 Val: 0x00000000
[inst #1144] sll x0,x0,x0
Register Write to Reg: 0x00 Val: 0x00000000
[inst #1145] sll x0,x0,x0
Register Write to Reg: 0x00 Val: 0x00000000
[inst #1146] addi x7,x7,1912
Register Write to Reg: 0x07 Val: 0x10010014
[inst #1147] addi x0,x0,0
Register Write to Reg: 0x00 Val: 0x00000000
[inst #1148] addi x0,x0,0
Register Write to Reg: 0x00 Val: 0x00000000
[inst #1149] addi x0,x0,0
Register Write to Reg: 0x00 Val: 0x00000000
[inst #1150] lw x28,32(x8)
Register Write to Reg: 0x1C Val: 0x00000001
[inst #1151] addi x0,x0,0
Register Write to Reg: 0x00 Val: 0x00000000
[inst #1152] addi x0,x0,0
Register Write to Reg: 0x00 Val: 0x00000000
[inst #1153] addi x0,x0,0
Register Write to Reg: 0x00 Val: 0x00000000
[inst #1154] slli x28,x28,2
Register Write to Reg: 0x1C Val: 0x00000004
[inst #1155] addi x0,x0,0
Register Write to Reg: 0x00 Val: 0x00000000
[inst #1156] addi x0,x0,0
Register Write to Reg: 0x00 Val: 0x00000000
[inst #1157] addi x0,x0,0
Register Write to Reg: 0x00 Val: 0x00000000
[inst #1158] add x7,x28,x7
Register Write to Reg: 0x07 Val: 0x10010018
[inst #1159] addi x0,x0,0
Register Write to Reg: 0x00 Val: 0x00000000
[inst #1160] addi x0,x0,0
Register Write to Reg: 0x00 Val: 0x00000000
[inst #1161] addi x0,x0,0
Register Write to Reg: 0x00 Val: 0x00000000
[inst #1162] lw x7,0(x7)
Register Write to Reg: 0x07 Val: 0x00000000
[inst #1163] addi x0,x0,0
Register Write to Reg: 0x00 Val: 0x00000000
[inst #1164] addi x0,x0,0
Register Write to Reg: 0x00 Val: 0x00000000
[inst #1165] addi x0,x0,0
Register Write to Reg: 0x00 Val: 0x00000000
[inst #1166] sw x7,16(x8)
Memory Write to Addr: 0x10010F48 Val: 0x00000000
[inst #1167] addi x7,x0,1
Register Write to Reg: 0x07 Val: 0x00000001
[inst #1168] addi x0,x0,0
Register Write to Reg: 0x00 Val: 0x00000000
[inst #1169] addi x0,x0,0
Register Write to Reg: 0x00 Val: 0x00000000
[inst #1170] addi x0,x0,0
Register Write to Reg: 0x00 Val: 0x00000000
[inst #1171] sw x7,8(x8)
Memory Write to Addr: 0x10010F40 Val: 0x00000001
[inst #1172] sw x0,12(x8)
Memory Write to Addr: 0x10010F44 Val: 0x00000000
[inst #1173] addi x0,x0,0
Register Write to Reg: 0x00 Val: 0x00000000
[inst #1174] addi x0,x0,0
Register Write to Reg: 0x00 Val: 0x00000000
[inst #1175] addi x0,x0,0
Register Write to Reg: 0x00 Val: 0x00000000
[inst #1176] jal x0,88
Register Write to Reg: 0x00 Val: 0x00400928
[inst #1177] lw x28,12(x8)
Register Write to Reg: 0x1C Val: 0x00000000
[inst #1178] lw x7,36(x8)
Register Write to Reg: 0x07 Val: 0x00000001
[inst #1179] addi x0,x0,0
Register Write to Reg: 0x00 Val: 0x00000000
[inst #1180] addi x0,x0,0
Register Write to Reg: 0x00 Val: 0x00000000
[inst #1181] addi x0,x0,0
Register Write to Reg: 0x00 Val: 0x00000000
[inst #1182] slt x7,x28,x7
Register Write to Reg: 0x07 Val: 0x00000001
[inst #1183] addi x0,x0,0
Register Write to Reg: 0x00 Val: 0x00000000
[inst #1184] addi x0,x0,0
Register Write to Reg: 0x00 Val: 0x00000000
[inst #1185] addi x0,x0,0
Register Write to Reg: 0x00 Val: 0x00000000
[inst #1186] beq x7,x0,32
[inst #1187] addi x0,x0,0
Register Write to Reg: 0x00 Val: 0x00000000
[inst #1188] addi x0,x0,0
Register Write to Reg: 0x00 Val: 0x00000000
[inst #1189] addi x0,x0,0
Register Write to Reg: 0x00 Val: 0x00000000
[inst #1190] jal x0,-124
Register Write to Reg: 0x00 Val: 0x004009B4
[inst #1191] lw x7,8(x8)
Register Write to Reg: 0x07 Val: 0x00000001
[inst #1192] addi x0,x0,0
Register Write to Reg: 0x00 Val: 0x00000000
[inst #1193] addi x0,x0,0
Register Write to Reg: 0x00 Val: 0x00000000
[inst #1194] addi x0,x0,0
Register Write to Reg: 0x00 Val: 0x00000000
[inst #1195] slli x7,x7,1
Register Write to Reg: 0x07 Val: 0x00000002
[inst #1196] addi x0,x0,0
Register Write to Reg: 0x00 Val: 0x00000000
[inst #1197] addi x0,x0,0
Register Write to Reg: 0x00 Val: 0x00000000
[inst #1198] addi x0,x0,0
Register Write to Reg: 0x00 Val: 0x00000000
[inst #1199] sw x7,8(x8)
Memory Write to Addr: 0x10010F40 Val: 0x00000002
[inst #1200] lw x7,12(x8)
Register Write to Reg: 0x07 Val: 0x00000000
[inst #1201] addi x0,x0,0
Register Write to Reg: 0x00 Val: 0x00000000
[inst #1202] addi x0,x0,0
Register Write to Reg: 0x00 Val: 0x00000000
[inst #1203] addi x0,x0,0
Register Write to Reg: 0x00 Val: 0x00000000
[inst #1204] addi x7,x7,1
Register Write to Reg: 0x07 Val: 0x00000001
[inst #1205] addi x0,x0,0
Register Write to Reg: 0x00 Val: 0x00000000
[inst #1206] addi x0,x0,0
Register Write to Reg: 0x00 Val: 0x00000000
[inst #1207] addi x0,x0,0
Register Write to Reg: 0x00 Val: 0x00000000
[inst #1208] sw x7,12(x8)
Memory Write to Addr: 0x10010F44 Val: 0x00000001
[inst #1209] lw x28,12(x8)
Register Write to Reg: 0x1C Val: 0x00000001
[inst #1210] lw x7,36(x8)
Register Write to Reg: 0x07 Val: 0x00000001
[inst #1211] addi x0,x0,0
Register Write to Reg: 0x00 Val: 0x00000000
[inst #1212] addi x0,x0,0
Register Write to Reg: 0x00 Val: 0x00000000
[inst #1213] addi x0,x0,0
Register Write to Reg: 0x00 Val: 0x00000000
[inst #1214] slt x7,x28,x7
Register Write to Reg: 0x07 Val: 0x00000000
[inst #1215] addi x0,x0,0
Register Write to Reg: 0x00 Val: 0x00000000
[inst #1216] addi x0,x0,0
Register Write to Reg: 0x00 Val: 0x00000000
[inst #1217] addi x0,x0,0
Register Write to Reg: 0x00 Val: 0x00000000
[inst #1218] beq x7,x0,32
[inst #1219] lw x28,8(x8)
Register Write to Reg: 0x1C Val: 0x00000002
[inst #1220] lw x7,16(x8)
Register Write to Reg: 0x07 Val: 0x00000000
[inst #1221] addi x0,x0,0
Register Write to Reg: 0x00 Val: 0x00000000
[inst #1222] addi x0,x0,0
Register Write to Reg: 0x00 Val: 0x00000000
[inst #1223] addi x0,x0,0
Register Write to Reg: 0x00 Val: 0x00000000
[inst #1224] and x7,x28,x7
Register Write to Reg: 0x07 Val: 0x00000000
[inst #1225] addi x0,x0,0
Register Write to Reg: 0x00 Val: 0x00000000
[inst #1226] addi x0,x0,0
Register Write to Reg: 0x00 Val: 0x00000000
[inst #1227] addi x0,x0,0
Register Write to Reg: 0x00 Val: 0x00000000
[inst #1228] slt x7,x0,x7
Register Write to Reg: 0x07 Val: 0x00000000
[inst #1229] addi x0,x0,0
Register Write to Reg: 0x00 Val: 0x00000000
[inst #1230] addi x0,x0,0
Register Write to Reg: 0x00 Val: 0x00000000
[inst #1231] addi x0,x0,0
Register Write to Reg: 0x00 Val: 0x00000000
[inst #1232] andi x7,x7,255
Register Write to Reg: 0x07 Val: 0x00000000
[inst #1233] add x2,x0,x8
Register Write to Reg: 0x02 Val: 0x10010F38
[inst #1234] addi x0,x0,0
Register Write to Reg: 0x00 Val: 0x00000000
[inst #1235] addi x0,x0,0
Register Write to Reg: 0x00 Val: 0x00000000
[inst #1236] addi x0,x0,0
Register Write to Reg: 0x00 Val: 0x00000000
[inst #1237] lw x8,28(x2)
Register Write to Reg: 0x08 Val: 0x10010F58
[inst #1238] addi x2,x2,32
Register Write to Reg: 0x02 Val: 0x10010F58
[inst #1239] jalr x0,x1,0
Register Write to Reg: 0x00 Val: 0x00400A14
[inst #1240] addi x0,x0,0
Register Write to Reg: 0x00 Val: 0x00000000
[inst #1241] addi x0,x0,0
Register Write to Reg: 0x00 Val: 0x00000000
[inst #1242] addi x0,x0,0
Register Write to Reg: 0x00 Val: 0x00000000
[inst #1243] beq x7,x0,88
[inst #1244] lw x7,32(x8)
Register Write to Reg: 0x07 Val: 0x10010F94
[inst #1245] addi x0,x0,0
Register Write to Reg: 0x00 Val: 0x00000000
[inst #1246] addi x0,x0,0
Register Write to Reg: 0x00 Val: 0x00000000
[inst #1247] addi x0,x0,0
Register Write to Reg: 0x00 Val: 0x00000000
[inst #1248] lw x7,4(x7)
Register Write to Reg: 0x07 Val: 0x00000001
[inst #1249] addi x0,x0,0
Register Write to Reg: 0x00 Val: 0x00000000
[inst #1250] addi x0,x0,0
Register Write to Reg: 0x00 Val: 0x00000000
[inst #1251] addi x0,x0,0
Register Write to Reg: 0x00 Val: 0x00000000
[inst #1252] addi x28,x7,1
Register Write to Reg: 0x1C Val: 0x00000002
[inst #1253] lw x7,32(x8)
Register Write to Reg: 0x07 Val: 0x10010F94
[inst #1254] addi x0,x0,0
Register Write to Reg: 0x00 Val: 0x00000000
[inst #1255] addi x0,x0,0
Register Write to Reg: 0x00 Val: 0x00000000
[inst #1256] addi x0,x0,0
Register Write to Reg: 0x00 Val: 0x00000000
[inst #1257] sw x28,4(x7)
Memory Write to Addr: 0x10010F98 Val: 0x00000002
[inst #1258] lw x7,32(x8)
Register Write to Reg: 0x07 Val: 0x10010F94
[inst #1259] addi x0,x0,0
Register Write to Reg: 0x00 Val: 0x00000000
[inst #1260] addi x0,x0,0
Register Write to Reg: 0x00 Val: 0x00000000
[inst #1261] addi x0,x0,0
Register Write to Reg: 0x00 Val: 0x00000000
[inst #1262] lw x7,4(x7)
Register Write to Reg: 0x07 Val: 0x00000002
[inst #1263] addi x0,x0,0
Register Write to Reg: 0x00 Val: 0x00000000
[inst #1264] addi x0,x0,0
Register Write to Reg: 0x00 Val: 0x00000000
[inst #1265] addi x0,x0,0
Register Write to Reg: 0x00 Val: 0x00000000
[inst #1266] slti x7,x7,4
Register Write to Reg: 0x07 Val: 0x00000001
[inst #1267] addi x0,x0,0
Register Write to Reg: 0x00 Val: 0x00000000
[inst #1268] addi x0,x0,0
Register Write to Reg: 0x00 Val: 0x00000000
[inst #1269] addi x0,x0,0
Register Write to Reg: 0x00 Val: 0x00000000
[inst #1270] beq x7,x0,32
[inst #1271] addi x0,x0,0
Register Write to Reg: 0x00 Val: 0x00000000
[inst #1272] addi x0,x0,0
Register Write to Reg: 0x00 Val: 0x00000000
[inst #1273] addi x0,x0,0
Register Write to Reg: 0x00 Val: 0x00000000
[inst #1274] jal x0,-340
Register Write to Reg: 0x00 Val: 0x00400828
[inst #1275] lw x7,32(x8)
Register Write to Reg: 0x07 Val: 0x10010F94
[inst #1276] addi x0,x0,0
Register Write to Reg: 0x00 Val: 0x00000000
[inst #1277] addi x0,x0,0
Register Write to Reg: 0x00 Val: 0x00000000
[inst #1278] addi x0,x0,0
Register Write to Reg: 0x00 Val: 0x00000000
[inst #1279] lw x28,0(x7)
Register Write to Reg: 0x1C Val: 0x00000001
[inst #1280] lw x7,32(x8)
Register Write to Reg: 0x07 Val: 0x10010F94
[inst #1281] addi x0,x0,0
Register Write to Reg: 0x00 Val: 0x00000000
[inst #1282] addi x0,x0,0
Register Write to Reg: 0x00 Val: 0x00000000
[inst #1283] addi x0,x0,0
Register Write to Reg: 0x00 Val: 0x00000000
[inst #1284] lw x7,4(x7)
Register Write to Reg: 0x07 Val: 0x00000002
[inst #1285] addi x0,x0,0
Register Write to Reg: 0x00 Val: 0x00000000
[inst #1286] addi x0,x0,0
Register Write to Reg: 0x00 Val: 0x00000000
[inst #1287] addi x0,x0,0
Register Write to Reg: 0x00 Val: 0x00000000
[inst #1288] add x30,x0,x7
Register Write to Reg: 0x1E Val: 0x00000002
[inst #1289] addi x0,x0,0
Register Write to Reg: 0x00 Val: 0x00000000
[inst #1290] addi x0,x0,0
Register Write to Reg: 0x00 Val: 0x00000000
[inst #1291] addi x0,x0,0
Register Write to Reg: 0x00 Val: 0x00000000
[inst #1292] add x29,x0,x28
Register Write to Reg: 0x1D Val: 0x00000001
[inst #1293] auipc x1,0
Register Write to Reg: 0x01 Val: 0x00400718
[inst #1294] sll x0,x0,x0
Register Write to Reg: 0x00 Val: 0x00000000
[inst #1295] sll x0,x0,x0
Register Write to Reg: 0x00 Val: 0x00000000
[inst #1296] sll x0,x0,x0
Register Write to Reg: 0x00 Val: 0x00000000
[inst #1297] addi x1,x1,48
Register Write to Reg: 0x01 Val: 0x00400748
[inst #1298] addi x0,x0,0
Register Write to Reg: 0x00 Val: 0x00000000
[inst #1299] addi x0,x0,0
Register Write to Reg: 0x00 Val: 0x00000000
[inst #1300] addi x0,x0,0
Register Write to Reg: 0x00 Val: 0x00000000
[inst #1301] jal x0,312
Register Write to Reg: 0x00 Val: 0x0040073C
[inst #1302] addi x2,x2,-32
Register Write to Reg: 0x02 Val: 0x10010F38
[inst #1303] addi x0,x0,0
Register Write to Reg: 0x00 Val: 0x00000000
[inst #1304] addi x0,x0,0
Register Write to Reg: 0x00 Val: 0x00000000
[inst #1305] addi x0,x0,0
Register Write to Reg: 0x00 Val: 0x00000000
[inst #1306] sw x8,28(x2)
Memory Write to Addr: 0x10010F54 Val: 0x10010F58
[inst #1307] add x8,x0,x2
Register Write to Reg: 0x08 Val: 0x10010F38
[inst #1308] addi x0,x0,0
Register Write to Reg: 0x00 Val: 0x00000000
[inst #1309] addi x0,x0,0
Register Write to Reg: 0x00 Val: 0x00000000
[inst #1310] addi x0,x0,0
Register Write to Reg: 0x00 Val: 0x00000000
[inst #1311] sw x29,32(x8)
Memory Write to Addr: 0x10010F58 Val: 0x00000001
[inst #1312] sw x30,36(x8)
Memory Write to Addr: 0x10010F5C Val: 0x00000002
[inst #1313] auipc x7,64527
Register Write to Reg: 0x07 Val: 0x1000F89C
[inst #1314] sll x0,x0,x0
Register Write to Reg: 0x00 Val: 0x00000000
[inst #1315] sll x0,x0,x0
Register Write to Reg: 0x00 Val: 0x00000000
[inst #1316] sll x0,x0,x0
Register Write to Reg: 0x00 Val: 0x00000000
[inst #1317] addi x7,x7,1912
Register Write to Reg: 0x07 Val: 0x10010014
[inst #1318] addi x0,x0,0
Register Write to Reg: 0x00 Val: 0x00000000
[inst #1319] addi x0,x0,0
Register Write to Reg: 0x00 Val: 0x00000000
[inst #1320] addi x0,x0,0
Register Write to Reg: 0x00 Val: 0x00000000
[inst #1321] lw x28,32(x8)
Register Write to Reg: 0x1C Val: 0x00000001
[inst #1322] addi x0,x0,0
Register Write to Reg: 0x00 Val: 0x00000000
[inst #1323] addi x0,x0,0
Register Write to Reg: 0x00 Val: 0x00000000
[inst #1324] addi x0,x0,0
Register Write to Reg: 0x00 Val: 0x00000000
[inst #1325] slli x28,x28,2
Register Write to Reg: 0x1C Val: 0x00000004
[inst #1326] addi x0,x0,0
Register Write to Reg: 0x00 Val: 0x00000000
[inst #1327] addi x0,x0,0
Register Write to Reg: 0x00 Val: 0x00000000
[inst #1328] addi x0,x0,0
Register Write to Reg: 0x00 Val: 0x00000000
[inst #1329] add x7,x28,x7
Register Write to Reg: 0x07 Val: 0x10010018
[inst #1330] addi x0,x0,0
Register Write to Reg: 0x00 Val: 0x00000000
[inst #1331] addi x0,x0,0
Register Write to Reg: 0x00 Val: 0x00000000
[inst #1332] addi x0,x0,0
Register Write to Reg: 0x00 Val: 0x00000000
[inst #1333] lw x7,0(x7)
Register Write to Reg: 0x07 Val: 0x00000000
[inst #1334] addi x0,x0,0
Register Write to Reg: 0x00 Val: 0x00000000
[inst #1335] addi x0,x0,0
Register Write to Reg: 0x00 Val: 0x00000000
[inst #1336] addi x0,x0,0
Register Write to Reg: 0x00 Val: 0x00000000
[inst #1337] sw x7,16(x8)
Memory Write to Addr: 0x10010F48 Val: 0x00000000
[inst #1338] addi x7,x0,1
Register Write to Reg: 0x07 Val: 0x00000001
[inst #1339] addi x0,x0,0
Register Write to Reg: 0x00 Val: 0x00000000
[inst #1340] addi x0,x0,0
Register Write to Reg: 0x00 Val: 0x00000000
[inst #1341] addi x0,x0,0
Register Write to Reg: 0x00 Val: 0x00000000
[inst #1342] sw x7,8(x8)
Memory Write to Addr: 0x10010F40 Val: 0x00000001
[inst #1343] sw x0,12(x8)
Memory Write to Addr: 0x10010F44 Val: 0x00000000
[inst #1344] addi x0,x0,0
Register Write to Reg: 0x00 Val: 0x00000000
[inst #1345] addi x0,x0,0
Register Write to Reg: 0x00 Val: 0x00000000
[inst #1346] addi x0,x0,0
Register Write to Reg: 0x00 Val: 0x00000000
[inst #1347] jal x0,88
Register Write to Reg: 0x00 Val: 0x00400928
[inst #1348] lw x28,12(x8)
Register Write to Reg: 0x1C Val: 0x00000000
[inst #1349] lw x7,36(x8)
Register Write to Reg: 0x07 Val: 0x00000002
[inst #1350] addi x0,x0,0
Register Write to Reg: 0x00 Val: 0x00000000
[inst #1351] addi x0,x0,0
Register Write to Reg: 0x00 Val: 0x00000000
[inst #1352] addi x0,x0,0
Register Write to Reg: 0x00 Val: 0x00000000
[inst #1353] slt x7,x28,x7
Register Write to Reg: 0x07 Val: 0x00000001
[inst #1354] addi x0,x0,0
Register Write to Reg: 0x00 Val: 0x00000000
[inst #1355] addi x0,x0,0
Register Write to Reg: 0x00 Val: 0x00000000
[inst #1356] addi x0,x0,0
Register Write to Reg: 0x00 Val: 0x00000000
[inst #1357] beq x7,x0,32
[inst #1358] addi x0,x0,0
Register Write to Reg: 0x00 Val: 0x00000000
[inst #1359] addi x0,x0,0
Register Write to Reg: 0x00 Val: 0x00000000
[inst #1360] addi x0,x0,0
Register Write to Reg: 0x00 Val: 0x00000000
[inst #1361] jal x0,-124
Register Write to Reg: 0x00 Val: 0x004009B4
[inst #1362] lw x7,8(x8)
Register Write to Reg: 0x07 Val: 0x00000001
[inst #1363] addi x0,x0,0
Register Write to Reg: 0x00 Val: 0x00000000
[inst #1364] addi x0,x0,0
Register Write to Reg: 0x00 Val: 0x00000000
[inst #1365] addi x0,x0,0
Register Write to Reg: 0x00 Val: 0x00000000
[inst #1366] slli x7,x7,1
Register Write to Reg: 0x07 Val: 0x00000002
[inst #1367] addi x0,x0,0
Register Write to Reg: 0x00 Val: 0x00000000
[inst #1368] addi x0,x0,0
Register Write to Reg: 0x00 Val: 0x00000000
[inst #1369] addi x0,x0,0
Register Write to Reg: 0x00 Val: 0x00000000
[inst #1370] sw x7,8(x8)
Memory Write to Addr: 0x10010F40 Val: 0x00000002
[inst #1371] lw x7,12(x8)
Register Write to Reg: 0x07 Val: 0x00000000
[inst #1372] addi x0,x0,0
Register Write to Reg: 0x00 Val: 0x00000000
[inst #1373] addi x0,x0,0
Register Write to Reg: 0x00 Val: 0x00000000
[inst #1374] addi x0,x0,0
Register Write to Reg: 0x00 Val: 0x00000000
[inst #1375] addi x7,x7,1
Register Write to Reg: 0x07 Val: 0x00000001
[inst #1376] addi x0,x0,0
Register Write to Reg: 0x00 Val: 0x00000000
[inst #1377] addi x0,x0,0
Register Write to Reg: 0x00 Val: 0x00000000
[inst #1378] addi x0,x0,0
Register Write to Reg: 0x00 Val: 0x00000000
[inst #1379] sw x7,12(x8)
Memory Write to Addr: 0x10010F44 Val: 0x00000001
[inst #1380] lw x28,12(x8)
Register Write to Reg: 0x1C Val: 0x00000001
[inst #1381] lw x7,36(x8)
Register Write to Reg: 0x07 Val: 0x00000002
[inst #1382] addi x0,x0,0
Register Write to Reg: 0x00 Val: 0x00000000
[inst #1383] addi x0,x0,0
Register Write to Reg: 0x00 Val: 0x00000000
[inst #1384] addi x0,x0,0
Register Write to Reg: 0x00 Val: 0x00000000
[inst #1385] slt x7,x28,x7
Register Write to Reg: 0x07 Val: 0x00000001
[inst #1386] addi x0,x0,0
Register Write to Reg: 0x00 Val: 0x00000000
[inst #1387] addi x0,x0,0
Register Write to Reg: 0x00 Val: 0x00000000
[inst #1388] addi x0,x0,0
Register Write to Reg: 0x00 Val: 0x00000000
[inst #1389] beq x7,x0,32
[inst #1390] addi x0,x0,0
Register Write to Reg: 0x00 Val: 0x00000000
[inst #1391] addi x0,x0,0
Register Write to Reg: 0x00 Val: 0x00000000
[inst #1392] addi x0,x0,0
Register Write to Reg: 0x00 Val: 0x00000000
[inst #1393] jal x0,-124
Register Write to Reg: 0x00 Val: 0x004009B4
[inst #1394] lw x7,8(x8)
Register Write to Reg: 0x07 Val: 0x00000002
[inst #1395] addi x0,x0,0
Register Write to Reg: 0x00 Val: 0x00000000
[inst #1396] addi x0,x0,0
Register Write to Reg: 0x00 Val: 0x00000000
[inst #1397] addi x0,x0,0
Register Write to Reg: 0x00 Val: 0x00000000
[inst #1398] slli x7,x7,1
Register Write to Reg: 0x07 Val: 0x00000004
[inst #1399] addi x0,x0,0
Register Write to Reg: 0x00 Val: 0x00000000
[inst #1400] addi x0,x0,0
Register Write to Reg: 0x00 Val: 0x00000000
[inst #1401] addi x0,x0,0
Register Write to Reg: 0x00 Val: 0x00000000
[inst #1402] sw x7,8(x8)
Memory Write to Addr: 0x10010F40 Val: 0x00000004
[inst #1403] lw x7,12(x8)
Register Write to Reg: 0x07 Val: 0x00000001
[inst #1404] addi x0,x0,0
Register Write to Reg: 0x00 Val: 0x00000000
[inst #1405] addi x0,x0,0
Register Write to Reg: 0x00 Val: 0x00000000
[inst #1406] addi x0,x0,0
Register Write to Reg: 0x00 Val: 0x00000000
[inst #1407] addi x7,x7,1
Register Write to Reg: 0x07 Val: 0x00000002
[inst #1408] addi x0,x0,0
Register Write to Reg: 0x00 Val: 0x00000000
[inst #1409] addi x0,x0,0
Register Write to Reg: 0x00 Val: 0x00000000
[inst #1410] addi x0,x0,0
Register Write to Reg: 0x00 Val: 0x00000000
[inst #1411] sw x7,12(x8)
Memory Write to Addr: 0x10010F44 Val: 0x00000002
[inst #1412] lw x28,12(x8)
Register Write to Reg: 0x1C Val: 0x00000002
[inst #1413] lw x7,36(x8)
Register Write to Reg: 0x07 Val: 0x00000002
[inst #1414] addi x0,x0,0
Register Write to Reg: 0x00 Val: 0x00000000
[inst #1415] addi x0,x0,0
Register Write to Reg: 0x00 Val: 0x00000000
[inst #1416] addi x0,x0,0
Register Write to Reg: 0x00 Val: 0x00000000
[inst #1417] slt x7,x28,x7
Register Write to Reg: 0x07 Val: 0x00000000
[inst #1418] addi x0,x0,0
Register Write to Reg: 0x00 Val: 0x00000000
[inst #1419] addi x0,x0,0
Register Write to Reg: 0x00 Val: 0x00000000
[inst #1420] addi x0,x0,0
Register Write to Reg: 0x00 Val: 0x00000000
[inst #1421] beq x7,x0,32
[inst #1422] lw x28,8(x8)
Register Write to Reg: 0x1C Val: 0x00000004
[inst #1423] lw x7,16(x8)
Register Write to Reg: 0x07 Val: 0x00000000
[inst #1424] addi x0,x0,0
Register Write to Reg: 0x00 Val: 0x00000000
[inst #1425] addi x0,x0,0
Register Write to Reg: 0x00 Val: 0x00000000
[inst #1426] addi x0,x0,0
Register Write to Reg: 0x00 Val: 0x00000000
[inst #1427] and x7,x28,x7
Register Write to Reg: 0x07 Val: 0x00000000
[inst #1428] addi x0,x0,0
Register Write to Reg: 0x00 Val: 0x00000000
[inst #1429] addi x0,x0,0
Register Write to Reg: 0x00 Val: 0x00000000
[inst #1430] addi x0,x0,0
Register Write to Reg: 0x00 Val: 0x00000000
[inst #1431] slt x7,x0,x7
Register Write to Reg: 0x07 Val: 0x00000000
[inst #1432] addi x0,x0,0
Register Write to Reg: 0x00 Val: 0x00000000
[inst #1433] addi x0,x0,0
Register Write to Reg: 0x00 Val: 0x00000000
[inst #1434] addi x0,x0,0
Register Write to Reg: 0x00 Val: 0x00000000
[inst #1435] andi x7,x7,255
Register Write to Reg: 0x07 Val: 0x00000000
[inst #1436] add x2,x0,x8
Register Write to Reg: 0x02 Val: 0x10010F38
[inst #1437] addi x0,x0,0
Register Write to Reg: 0x00 Val: 0x00000000
[inst #1438] addi x0,x0,0
Register Write to Reg: 0x00 Val: 0x00000000
[inst #1439] addi x0,x0,0
Register Write to Reg: 0x00 Val: 0x00000000
[inst #1440] lw x8,28(x2)
Register Write to Reg: 0x08 Val: 0x10010F58
[inst #1441] addi x2,x2,32
Register Write to Reg: 0x02 Val: 0x10010F58
[inst #1442] jalr x0,x1,0
Register Write to Reg: 0x00 Val: 0x00400A14
[inst #1443] addi x0,x0,0
Register Write to Reg: 0x00 Val: 0x00000000
[inst #1444] addi x0,x0,0
Register Write to Reg: 0x00 Val: 0x00000000
[inst #1445] addi x0,x0,0
Register Write to Reg: 0x00 Val: 0x00000000
[inst #1446] beq x7,x0,88
[inst #1447] lw x7,32(x8)
Register Write to Reg: 0x07 Val: 0x10010F94
[inst #1448] addi x0,x0,0
Register Write to Reg: 0x00 Val: 0x00000000
[inst #1449] addi x0,x0,0
Register Write to Reg: 0x00 Val: 0x00000000
[inst #1450] addi x0,x0,0
Register Write to Reg: 0x00 Val: 0x00000000
[inst #1451] lw x7,4(x7)
Register Write to Reg: 0x07 Val: 0x00000002
[inst #1452] addi x0,x0,0
Register Write to Reg: 0x00 Val: 0x00000000
[inst #1453] addi x0,x0,0
Register Write to Reg: 0x00 Val: 0x00000000
[inst #1454] addi x0,x0,0
Register Write to Reg: 0x00 Val: 0x00000000
[inst #1455] addi x28,x7,1
Register Write to Reg: 0x1C Val: 0x00000003
[inst #1456] lw x7,32(x8)
Register Write to Reg: 0x07 Val: 0x10010F94
[inst #1457] addi x0,x0,0
Register Write to Reg: 0x00 Val: 0x00000000
[inst #1458] addi x0,x0,0
Register Write to Reg: 0x00 Val: 0x00000000
[inst #1459] addi x0,x0,0
Register Write to Reg: 0x00 Val: 0x00000000
[inst #1460] sw x28,4(x7)
Memory Write to Addr: 0x10010F98 Val: 0x00000003
[inst #1461] lw x7,32(x8)
Register Write to Reg: 0x07 Val: 0x10010F94
[inst #1462] addi x0,x0,0
Register Write to Reg: 0x00 Val: 0x00000000
[inst #1463] addi x0,x0,0
Register Write to Reg: 0x00 Val: 0x00000000
[inst #1464] addi x0,x0,0
Register Write to Reg: 0x00 Val: 0x00000000
[inst #1465] lw x7,4(x7)
Register Write to Reg: 0x07 Val: 0x00000003
[inst #1466] addi x0,x0,0
Register Write to Reg: 0x00 Val: 0x00000000
[inst #1467] addi x0,x0,0
Register Write to Reg: 0x00 Val: 0x00000000
[inst #1468] addi x0,x0,0
Register Write to Reg: 0x00 Val: 0x00000000
[inst #1469] slti x7,x7,4
Register Write to Reg: 0x07 Val: 0x00000001
[inst #1470] addi x0,x0,0
Register Write to Reg: 0x00 Val: 0x00000000
[inst #1471] addi x0,x0,0
Register Write to Reg: 0x00 Val: 0x00000000
[inst #1472] addi x0,x0,0
Register Write to Reg: 0x00 Val: 0x00000000
[inst #1473] beq x7,x0,32
[inst #1474] addi x0,x0,0
Register Write to Reg: 0x00 Val: 0x00000000
[inst #1475] addi x0,x0,0
Register Write to Reg: 0x00 Val: 0x00000000
[inst #1476] addi x0,x0,0
Register Write to Reg: 0x00 Val: 0x00000000
[inst #1477] jal x0,-340
Register Write to Reg: 0x00 Val: 0x00400828
[inst #1478] lw x7,32(x8)
Register Write to Reg: 0x07 Val: 0x10010F94
[inst #1479] addi x0,x0,0
Register Write to Reg: 0x00 Val: 0x00000000
[inst #1480] addi x0,x0,0
Register Write to Reg: 0x00 Val: 0x00000000
[inst #1481] addi x0,x0,0
Register Write to Reg: 0x00 Val: 0x00000000
[inst #1482] lw x28,0(x7)
Register Write to Reg: 0x1C Val: 0x00000001
[inst #1483] lw x7,32(x8)
Register Write to Reg: 0x07 Val: 0x10010F94
[inst #1484] addi x0,x0,0
Register Write to Reg: 0x00 Val: 0x00000000
[inst #1485] addi x0,x0,0
Register Write to Reg: 0x00 Val: 0x00000000
[inst #1486] addi x0,x0,0
Register Write to Reg: 0x00 Val: 0x00000000
[inst #1487] lw x7,4(x7)
Register Write to Reg: 0x07 Val: 0x00000003
[inst #1488] addi x0,x0,0
Register Write to Reg: 0x00 Val: 0x00000000
[inst #1489] addi x0,x0,0
Register Write to Reg: 0x00 Val: 0x00000000
[inst #1490] addi x0,x0,0
Register Write to Reg: 0x00 Val: 0x00000000
[inst #1491] add x30,x0,x7
Register Write to Reg: 0x1E Val: 0x00000003
[inst #1492] addi x0,x0,0
Register Write to Reg: 0x00 Val: 0x00000000
[inst #1493] addi x0,x0,0
Register Write to Reg: 0x00 Val: 0x00000000
[inst #1494] addi x0,x0,0
Register Write to Reg: 0x00 Val: 0x00000000
[inst #1495] add x29,x0,x28
Register Write to Reg: 0x1D Val: 0x00000001
[inst #1496] auipc x1,0
Register Write to Reg: 0x01 Val: 0x00400718
[inst #1497] sll x0,x0,x0
Register Write to Reg: 0x00 Val: 0x00000000
[inst #1498] sll x0,x0,x0
Register Write to Reg: 0x00 Val: 0x00000000
[inst #1499] sll x0,x0,x0
Register Write to Reg: 0x00 Val: 0x00000000
[inst #1500] addi x1,x1,48
Register Write to Reg: 0x01 Val: 0x00400748
[inst #1501] addi x0,x0,0
Register Write to Reg: 0x00 Val: 0x00000000
[inst #1502] addi x0,x0,0
Register Write to Reg: 0x00 Val: 0x00000000
[inst #1503] addi x0,x0,0
Register Write to Reg: 0x00 Val: 0x00000000
[inst #1504] jal x0,312
Register Write to Reg: 0x00 Val: 0x0040073C
[inst #1505] addi x2,x2,-32
Register Write to Reg: 0x02 Val: 0x10010F38
[inst #1506] addi x0,x0,0
Register Write to Reg: 0x00 Val: 0x00000000
[inst #1507] addi x0,x0,0
Register Write to Reg: 0x00 Val: 0x00000000
[inst #1508] addi x0,x0,0
Register Write to Reg: 0x00 Val: 0x00000000
[inst #1509] sw x8,28(x2)
Memory Write to Addr: 0x10010F54 Val: 0x10010F58
[inst #1510] add x8,x0,x2
Register Write to Reg: 0x08 Val: 0x10010F38
[inst #1511] addi x0,x0,0
Register Write to Reg: 0x00 Val: 0x00000000
[inst #1512] addi x0,x0,0
Register Write to Reg: 0x00 Val: 0x00000000
[inst #1513] addi x0,x0,0
Register Write to Reg: 0x00 Val: 0x00000000
[inst #1514] sw x29,32(x8)
Memory Write to Addr: 0x10010F58 Val: 0x00000001
[inst #1515] sw x30,36(x8)
Memory Write to Addr: 0x10010F5C Val: 0x00000003
[inst #1516] auipc x7,64527
Register Write to Reg: 0x07 Val: 0x1000F89C
[inst #1517] sll x0,x0,x0
Register Write to Reg: 0x00 Val: 0x00000000
[inst #1518] sll x0,x0,x0
Register Write to Reg: 0x00 Val: 0x00000000
[inst #1519] sll x0,x0,x0
Register Write to Reg: 0x00 Val: 0x00000000
[inst #1520] addi x7,x7,1912
Register Write to Reg: 0x07 Val: 0x10010014
[inst #1521] addi x0,x0,0
Register Write to Reg: 0x00 Val: 0x00000000
[inst #1522] addi x0,x0,0
Register Write to Reg: 0x00 Val: 0x00000000
[inst #1523] addi x0,x0,0
Register Write to Reg: 0x00 Val: 0x00000000
[inst #1524] lw x28,32(x8)
Register Write to Reg: 0x1C Val: 0x00000001
[inst #1525] addi x0,x0,0
Register Write to Reg: 0x00 Val: 0x00000000
[inst #1526] addi x0,x0,0
Register Write to Reg: 0x00 Val: 0x00000000
[inst #1527] addi x0,x0,0
Register Write to Reg: 0x00 Val: 0x00000000
[inst #1528] slli x28,x28,2
Register Write to Reg: 0x1C Val: 0x00000004
[inst #1529] addi x0,x0,0
Register Write to Reg: 0x00 Val: 0x00000000
[inst #1530] addi x0,x0,0
Register Write to Reg: 0x00 Val: 0x00000000
[inst #1531] addi x0,x0,0
Register Write to Reg: 0x00 Val: 0x00000000
[inst #1532] add x7,x28,x7
Register Write to Reg: 0x07 Val: 0x10010018
[inst #1533] addi x0,x0,0
Register Write to Reg: 0x00 Val: 0x00000000
[inst #1534] addi x0,x0,0
Register Write to Reg: 0x00 Val: 0x00000000
[inst #1535] addi x0,x0,0
Register Write to Reg: 0x00 Val: 0x00000000
[inst #1536] lw x7,0(x7)
Register Write to Reg: 0x07 Val: 0x00000000
[inst #1537] addi x0,x0,0
Register Write to Reg: 0x00 Val: 0x00000000
[inst #1538] addi x0,x0,0
Register Write to Reg: 0x00 Val: 0x00000000
[inst #1539] addi x0,x0,0
Register Write to Reg: 0x00 Val: 0x00000000
[inst #1540] sw x7,16(x8)
Memory Write to Addr: 0x10010F48 Val: 0x00000000
[inst #1541] addi x7,x0,1
Register Write to Reg: 0x07 Val: 0x00000001
[inst #1542] addi x0,x0,0
Register Write to Reg: 0x00 Val: 0x00000000
[inst #1543] addi x0,x0,0
Register Write to Reg: 0x00 Val: 0x00000000
[inst #1544] addi x0,x0,0
Register Write to Reg: 0x00 Val: 0x00000000
[inst #1545] sw x7,8(x8)
Memory Write to Addr: 0x10010F40 Val: 0x00000001
[inst #1546] sw x0,12(x8)
Memory Write to Addr: 0x10010F44 Val: 0x00000000
[inst #1547] addi x0,x0,0
Register Write to Reg: 0x00 Val: 0x00000000
[inst #1548] addi x0,x0,0
Register Write to Reg: 0x00 Val: 0x00000000
[inst #1549] addi x0,x0,0
Register Write to Reg: 0x00 Val: 0x00000000
[inst #1550] jal x0,88
Register Write to Reg: 0x00 Val: 0x00400928
[inst #1551] lw x28,12(x8)
Register Write to Reg: 0x1C Val: 0x00000000
[inst #1552] lw x7,36(x8)
Register Write to Reg: 0x07 Val: 0x00000003
[inst #1553] addi x0,x0,0
Register Write to Reg: 0x00 Val: 0x00000000
[inst #1554] addi x0,x0,0
Register Write to Reg: 0x00 Val: 0x00000000
[inst #1555] addi x0,x0,0
Register Write to Reg: 0x00 Val: 0x00000000
[inst #1556] slt x7,x28,x7
Register Write to Reg: 0x07 Val: 0x00000001
[inst #1557] addi x0,x0,0
Register Write to Reg: 0x00 Val: 0x00000000
[inst #1558] addi x0,x0,0
Register Write to Reg: 0x00 Val: 0x00000000
[inst #1559] addi x0,x0,0
Register Write to Reg: 0x00 Val: 0x00000000
[inst #1560] beq x7,x0,32
[inst #1561] addi x0,x0,0
Register Write to Reg: 0x00 Val: 0x00000000
[inst #1562] addi x0,x0,0
Register Write to Reg: 0x00 Val: 0x00000000
[inst #1563] addi x0,x0,0
Register Write to Reg: 0x00 Val: 0x00000000
[inst #1564] jal x0,-124
Register Write to Reg: 0x00 Val: 0x004009B4
[inst #1565] lw x7,8(x8)
Register Write to Reg: 0x07 Val: 0x00000001
[inst #1566] addi x0,x0,0
Register Write to Reg: 0x00 Val: 0x00000000
[inst #1567] addi x0,x0,0
Register Write to Reg: 0x00 Val: 0x00000000
[inst #1568] addi x0,x0,0
Register Write to Reg: 0x00 Val: 0x00000000
[inst #1569] slli x7,x7,1
Register Write to Reg: 0x07 Val: 0x00000002
[inst #1570] addi x0,x0,0
Register Write to Reg: 0x00 Val: 0x00000000
[inst #1571] addi x0,x0,0
Register Write to Reg: 0x00 Val: 0x00000000
[inst #1572] addi x0,x0,0
Register Write to Reg: 0x00 Val: 0x00000000
[inst #1573] sw x7,8(x8)
Memory Write to Addr: 0x10010F40 Val: 0x00000002
[inst #1574] lw x7,12(x8)
Register Write to Reg: 0x07 Val: 0x00000000
[inst #1575] addi x0,x0,0
Register Write to Reg: 0x00 Val: 0x00000000
[inst #1576] addi x0,x0,0
Register Write to Reg: 0x00 Val: 0x00000000
[inst #1577] addi x0,x0,0
Register Write to Reg: 0x00 Val: 0x00000000
[inst #1578] addi x7,x7,1
Register Write to Reg: 0x07 Val: 0x00000001
[inst #1579] addi x0,x0,0
Register Write to Reg: 0x00 Val: 0x00000000
[inst #1580] addi x0,x0,0
Register Write to Reg: 0x00 Val: 0x00000000
[inst #1581] addi x0,x0,0
Register Write to Reg: 0x00 Val: 0x00000000
[inst #1582] sw x7,12(x8)
Memory Write to Addr: 0x10010F44 Val: 0x00000001
[inst #1583] lw x28,12(x8)
Register Write to Reg: 0x1C Val: 0x00000001
[inst #1584] lw x7,36(x8)
Register Write to Reg: 0x07 Val: 0x00000003
[inst #1585] addi x0,x0,0
Register Write to Reg: 0x00 Val: 0x00000000
[inst #1586] addi x0,x0,0
Register Write to Reg: 0x00 Val: 0x00000000
[inst #1587] addi x0,x0,0
Register Write to Reg: 0x00 Val: 0x00000000
[inst #1588] slt x7,x28,x7
Register Write to Reg: 0x07 Val: 0x00000001
[inst #1589] addi x0,x0,0
Register Write to Reg: 0x00 Val: 0x00000000
[inst #1590] addi x0,x0,0
Register Write to Reg: 0x00 Val: 0x00000000
[inst #1591] addi x0,x0,0
Register Write to Reg: 0x00 Val: 0x00000000
[inst #1592] beq x7,x0,32
[inst #1593] addi x0,x0,0
Register Write to Reg: 0x00 Val: 0x00000000
[inst #1594] addi x0,x0,0
Register Write to Reg: 0x00 Val: 0x00000000
[inst #1595] addi x0,x0,0
Register Write to Reg: 0x00 Val: 0x00000000
[inst #1596] jal x0,-124
Register Write to Reg: 0x00 Val: 0x004009B4
[inst #1597] lw x7,8(x8)
Register Write to Reg: 0x07 Val: 0x00000002
[inst #1598] addi x0,x0,0
Register Write to Reg: 0x00 Val: 0x00000000
[inst #1599] addi x0,x0,0
Register Write to Reg: 0x00 Val: 0x00000000
[inst #1600] addi x0,x0,0
Register Write to Reg: 0x00 Val: 0x00000000
[inst #1601] slli x7,x7,1
Register Write to Reg: 0x07 Val: 0x00000004
[inst #1602] addi x0,x0,0
Register Write to Reg: 0x00 Val: 0x00000000
[inst #1603] addi x0,x0,0
Register Write to Reg: 0x00 Val: 0x00000000
[inst #1604] addi x0,x0,0
Register Write to Reg: 0x00 Val: 0x00000000
[inst #1605] sw x7,8(x8)
Memory Write to Addr: 0x10010F40 Val: 0x00000004
[inst #1606] lw x7,12(x8)
Register Write to Reg: 0x07 Val: 0x00000001
[inst #1607] addi x0,x0,0
Register Write to Reg: 0x00 Val: 0x00000000
[inst #1608] addi x0,x0,0
Register Write to Reg: 0x00 Val: 0x00000000
[inst #1609] addi x0,x0,0
Register Write to Reg: 0x00 Val: 0x00000000
[inst #1610] addi x7,x7,1
Register Write to Reg: 0x07 Val: 0x00000002
[inst #1611] addi x0,x0,0
Register Write to Reg: 0x00 Val: 0x00000000
[inst #1612] addi x0,x0,0
Register Write to Reg: 0x00 Val: 0x00000000
[inst #1613] addi x0,x0,0
Register Write to Reg: 0x00 Val: 0x00000000
[inst #1614] sw x7,12(x8)
Memory Write to Addr: 0x10010F44 Val: 0x00000002
[inst #1615] lw x28,12(x8)
Register Write to Reg: 0x1C Val: 0x00000002
[inst #1616] lw x7,36(x8)
Register Write to Reg: 0x07 Val: 0x00000003
[inst #1617] addi x0,x0,0
Register Write to Reg: 0x00 Val: 0x00000000
[inst #1618] addi x0,x0,0
Register Write to Reg: 0x00 Val: 0x00000000
[inst #1619] addi x0,x0,0
Register Write to Reg: 0x00 Val: 0x00000000
[inst #1620] slt x7,x28,x7
Register Write to Reg: 0x07 Val: 0x00000001
[inst #1621] addi x0,x0,0
Register Write to Reg: 0x00 Val: 0x00000000
[inst #1622] addi x0,x0,0
Register Write to Reg: 0x00 Val: 0x00000000
[inst #1623] addi x0,x0,0
Register Write to Reg: 0x00 Val: 0x00000000
[inst #1624] beq x7,x0,32
[inst #1625] addi x0,x0,0
Register Write to Reg: 0x00 Val: 0x00000000
[inst #1626] addi x0,x0,0
Register Write to Reg: 0x00 Val: 0x00000000
[inst #1627] addi x0,x0,0
Register Write to Reg: 0x00 Val: 0x00000000
[inst #1628] jal x0,-124
Register Write to Reg: 0x00 Val: 0x004009B4
[inst #1629] lw x7,8(x8)
Register Write to Reg: 0x07 Val: 0x00000004
[inst #1630] addi x0,x0,0
Register Write to Reg: 0x00 Val: 0x00000000
[inst #1631] addi x0,x0,0
Register Write to Reg: 0x00 Val: 0x00000000
[inst #1632] addi x0,x0,0
Register Write to Reg: 0x00 Val: 0x00000000
[inst #1633] slli x7,x7,1
Register Write to Reg: 0x07 Val: 0x00000008
[inst #1634] addi x0,x0,0
Register Write to Reg: 0x00 Val: 0x00000000
[inst #1635] addi x0,x0,0
Register Write to Reg: 0x00 Val: 0x00000000
[inst #1636] addi x0,x0,0
Register Write to Reg: 0x00 Val: 0x00000000
[inst #1637] sw x7,8(x8)
Memory Write to Addr: 0x10010F40 Val: 0x00000008
[inst #1638] lw x7,12(x8)
Register Write to Reg: 0x07 Val: 0x00000002
[inst #1639] addi x0,x0,0
Register Write to Reg: 0x00 Val: 0x00000000
[inst #1640] addi x0,x0,0
Register Write to Reg: 0x00 Val: 0x00000000
[inst #1641] addi x0,x0,0
Register Write to Reg: 0x00 Val: 0x00000000
[inst #1642] addi x7,x7,1
Register Write to Reg: 0x07 Val: 0x00000003
[inst #1643] addi x0,x0,0
Register Write to Reg: 0x00 Val: 0x00000000
[inst #1644] addi x0,x0,0
Register Write to Reg: 0x00 Val: 0x00000000
[inst #1645] addi x0,x0,0
Register Write to Reg: 0x00 Val: 0x00000000
[inst #1646] sw x7,12(x8)
Memory Write to Addr: 0x10010F44 Val: 0x00000003
[inst #1647] lw x28,12(x8)
Register Write to Reg: 0x1C Val: 0x00000003
[inst #1648] lw x7,36(x8)
Register Write to Reg: 0x07 Val: 0x00000003
[inst #1649] addi x0,x0,0
Register Write to Reg: 0x00 Val: 0x00000000
[inst #1650] addi x0,x0,0
Register Write to Reg: 0x00 Val: 0x00000000
[inst #1651] addi x0,x0,0
Register Write to Reg: 0x00 Val: 0x00000000
[inst #1652] slt x7,x28,x7
Register Write to Reg: 0x07 Val: 0x00000000
[inst #1653] addi x0,x0,0
Register Write to Reg: 0x00 Val: 0x00000000
[inst #1654] addi x0,x0,0
Register Write to Reg: 0x00 Val: 0x00000000
[inst #1655] addi x0,x0,0
Register Write to Reg: 0x00 Val: 0x00000000
[inst #1656] beq x7,x0,32
[inst #1657] lw x28,8(x8)
Register Write to Reg: 0x1C Val: 0x00000008
[inst #1658] lw x7,16(x8)
Register Write to Reg: 0x07 Val: 0x00000000
[inst #1659] addi x0,x0,0
Register Write to Reg: 0x00 Val: 0x00000000
[inst #1660] addi x0,x0,0
Register Write to Reg: 0x00 Val: 0x00000000
[inst #1661] addi x0,x0,0
Register Write to Reg: 0x00 Val: 0x00000000
[inst #1662] and x7,x28,x7
Register Write to Reg: 0x07 Val: 0x00000000
[inst #1663] addi x0,x0,0
Register Write to Reg: 0x00 Val: 0x00000000
[inst #1664] addi x0,x0,0
Register Write to Reg: 0x00 Val: 0x00000000
[inst #1665] addi x0,x0,0
Register Write to Reg: 0x00 Val: 0x00000000
[inst #1666] slt x7,x0,x7
Register Write to Reg: 0x07 Val: 0x00000000
[inst #1667] addi x0,x0,0
Register Write to Reg: 0x00 Val: 0x00000000
[inst #1668] addi x0,x0,0
Register Write to Reg: 0x00 Val: 0x00000000
[inst #1669] addi x0,x0,0
Register Write to Reg: 0x00 Val: 0x00000000
[inst #1670] andi x7,x7,255
Register Write to Reg: 0x07 Val: 0x00000000
[inst #1671] add x2,x0,x8
Register Write to Reg: 0x02 Val: 0x10010F38
[inst #1672] addi x0,x0,0
Register Write to Reg: 0x00 Val: 0x00000000
[inst #1673] addi x0,x0,0
Register Write to Reg: 0x00 Val: 0x00000000
[inst #1674] addi x0,x0,0
Register Write to Reg: 0x00 Val: 0x00000000
[inst #1675] lw x8,28(x2)
Register Write to Reg: 0x08 Val: 0x10010F58
[inst #1676] addi x2,x2,32
Register Write to Reg: 0x02 Val: 0x10010F58
[inst #1677] jalr x0,x1,0
Register Write to Reg: 0x00 Val: 0x00400A14
[inst #1678] addi x0,x0,0
Register Write to Reg: 0x00 Val: 0x00000000
[inst #1679] addi x0,x0,0
Register Write to Reg: 0x00 Val: 0x00000000
[inst #1680] addi x0,x0,0
Register Write to Reg: 0x00 Val: 0x00000000
[inst #1681] beq x7,x0,88
[inst #1682] lw x7,32(x8)
Register Write to Reg: 0x07 Val: 0x10010F94
[inst #1683] addi x0,x0,0
Register Write to Reg: 0x00 Val: 0x00000000
[inst #1684] addi x0,x0,0
Register Write to Reg: 0x00 Val: 0x00000000
[inst #1685] addi x0,x0,0
Register Write to Reg: 0x00 Val: 0x00000000
[inst #1686] lw x7,4(x7)
Register Write to Reg: 0x07 Val: 0x00000003
[inst #1687] addi x0,x0,0
Register Write to Reg: 0x00 Val: 0x00000000
[inst #1688] addi x0,x0,0
Register Write to Reg: 0x00 Val: 0x00000000
[inst #1689] addi x0,x0,0
Register Write to Reg: 0x00 Val: 0x00000000
[inst #1690] addi x28,x7,1
Register Write to Reg: 0x1C Val: 0x00000004
[inst #1691] lw x7,32(x8)
Register Write to Reg: 0x07 Val: 0x10010F94
[inst #1692] addi x0,x0,0
Register Write to Reg: 0x00 Val: 0x00000000
[inst #1693] addi x0,x0,0
Register Write to Reg: 0x00 Val: 0x00000000
[inst #1694] addi x0,x0,0
Register Write to Reg: 0x00 Val: 0x00000000
[inst #1695] sw x28,4(x7)
Memory Write to Addr: 0x10010F98 Val: 0x00000004
[inst #1696] lw x7,32(x8)
Register Write to Reg: 0x07 Val: 0x10010F94
[inst #1697] addi x0,x0,0
Register Write to Reg: 0x00 Val: 0x00000000
[inst #1698] addi x0,x0,0
Register Write to Reg: 0x00 Val: 0x00000000
[inst #1699] addi x0,x0,0
Register Write to Reg: 0x00 Val: 0x00000000
[inst #1700] lw x7,4(x7)
Register Write to Reg: 0x07 Val: 0x00000004
[inst #1701] addi x0,x0,0
Register Write to Reg: 0x00 Val: 0x00000000
[inst #1702] addi x0,x0,0
Register Write to Reg: 0x00 Val: 0x00000000
[inst #1703] addi x0,x0,0
Register Write to Reg: 0x00 Val: 0x00000000
[inst #1704] slti x7,x7,4
Register Write to Reg: 0x07 Val: 0x00000000
[inst #1705] addi x0,x0,0
Register Write to Reg: 0x00 Val: 0x00000000
[inst #1706] addi x0,x0,0
Register Write to Reg: 0x00 Val: 0x00000000
[inst #1707] addi x0,x0,0
Register Write to Reg: 0x00 Val: 0x00000000
[inst #1708] beq x7,x0,32
[inst #1709] addi x7,x0,-1
Register Write to Reg: 0x07 Val: 0xFFFFFFFF
[inst #1710] add x2,x0,x8
Register Write to Reg: 0x02 Val: 0x10010F58
[inst #1711] addi x0,x0,0
Register Write to Reg: 0x00 Val: 0x00000000
[inst #1712] addi x0,x0,0
Register Write to Reg: 0x00 Val: 0x00000000
[inst #1713] addi x0,x0,0
Register Write to Reg: 0x00 Val: 0x00000000
[inst #1714] lw x1,28(x2)
Register Write to Reg: 0x01 Val: 0x004005E0
[inst #1715] lw x8,24(x2)
Register Write to Reg: 0x08 Val: 0x10010F78
[inst #1716] addi x2,x2,32
Register Write to Reg: 0x02 Val: 0x10010F78
[inst #1717] addi x0,x0,0
Register Write to Reg: 0x00 Val: 0x00000000
[inst #1718] addi x0,x0,0
Register Write to Reg: 0x00 Val: 0x00000000
[inst #1719] addi x0,x0,0
Register Write to Reg: 0x00 Val: 0x00000000
[inst #1720] jalr x0,x1,0
Register Write to Reg: 0x00 Val: 0x00400864
[inst #1721] sw x7,24(x8)
Memory Write to Addr: 0x10010F90 Val: 0xFFFFFFFF
[inst #1722] jal x0,-688
Register Write to Reg: 0x00 Val: 0x004005E8
[inst #1723] lw x28,24(x8)
Register Write to Reg: 0x1C Val: 0xFFFFFFFF
[inst #1724] addi x7,x0,-1
Register Write to Reg: 0x07 Val: 0xFFFFFFFF
[inst #1725] addi x0,x0,0
Register Write to Reg: 0x00 Val: 0x00000000
[inst #1726] addi x0,x0,0
Register Write to Reg: 0x00 Val: 0x00000000
[inst #1727] addi x0,x0,0
Register Write to Reg: 0x00 Val: 0x00000000
[inst #1728] beq x28,x7,32
[inst #1729] auipc x7,64528
Register Write to Reg: 0x07 Val: 0x10010368
[inst #1730] sll x0,x0,x0
Register Write to Reg: 0x00 Val: 0x00000000
[inst #1731] sll x0,x0,x0
Register Write to Reg: 0x00 Val: 0x00000000
[inst #1732] sll x0,x0,x0
Register Write to Reg: 0x00 Val: 0x00000000
[inst #1733] addi x7,x7,-832
Register Write to Reg: 0x07 Val: 0x10010028
[inst #1734] addi x0,x0,0
Register Write to Reg: 0x00 Val: 0x00000000
[inst #1735] addi x0,x0,0
Register Write to Reg: 0x00 Val: 0x00000000
[inst #1736] addi x0,x0,0
Register Write to Reg: 0x00 Val: 0x00000000
[inst #1737] lw x7,0(x7)
Register Write to Reg: 0x07 Val: 0x00000003
[inst #1738] addi x0,x0,0
Register Write to Reg: 0x00 Val: 0x00000000
[inst #1739] addi x0,x0,0
Register Write to Reg: 0x00 Val: 0x00000000
[inst #1740] addi x0,x0,0
Register Write to Reg: 0x00 Val: 0x00000000
[inst #1741] addi x29,x7,-1
Register Write to Reg: 0x1D Val: 0x00000002
[inst #1742] auipc x28,64528
Register Write to Reg: 0x1C Val: 0x1001039C
[inst #1743] sll x0,x0,x0
Register Write to Reg: 0x00 Val: 0x00000000
[inst #1744] sll x0,x0,x0
Register Write to Reg: 0x00 Val: 0x00000000
[inst #1745] sll x0,x0,x0
Register Write to Reg: 0x00 Val: 0x00000000
[inst #1746] addi x28,x28,-884
Register Write to Reg: 0x1C Val: 0x10010028
[inst #1747] addi x0,x0,0
Register Write to Reg: 0x00 Val: 0x00000000
[inst #1748] addi x0,x0,0
Register Write to Reg: 0x00 Val: 0x00000000
[inst #1749] addi x0,x0,0
Register Write to Reg: 0x00 Val: 0x00000000
[inst #1750] sw x29,0(x28)
Memory Write to Addr: 0x10010028 Val: 0x00000002
[inst #1751] auipc x29,64528
Register Write to Reg: 0x1D Val: 0x100103C0
[inst #1752] sll x0,x0,x0
Register Write to Reg: 0x00 Val: 0x00000000
[inst #1753] sll x0,x0,x0
Register Write to Reg: 0x00 Val: 0x00000000
[inst #1754] sll x0,x0,x0
Register Write to Reg: 0x00 Val: 0x00000000
[inst #1755] addi x29,x29,-960
Register Write to Reg: 0x1D Val: 0x10010000
[inst #1756] addi x0,x0,0
Register Write to Reg: 0x00 Val: 0x00000000
[inst #1757] addi x0,x0,0
Register Write to Reg: 0x00 Val: 0x00000000
[inst #1758] addi x0,x0,0
Register Write to Reg: 0x00 Val: 0x00000000
[inst #1759] slli x28,x7,2
Register Write to Reg: 0x1C Val: 0x0000000C
[inst #1760] addi x0,x0,0
Register Write to Reg: 0x00 Val: 0x00000000
[inst #1761] addi x0,x0,0
Register Write to Reg: 0x00 Val: 0x00000000
[inst #1762] addi x0,x0,0
Register Write to Reg: 0x00 Val: 0x00000000
[inst #1763] srli x28,x28,1
Register Write to Reg: 0x1C Val: 0x00000006
[inst #1764] addi x0,x0,0
Register Write to Reg: 0x00 Val: 0x00000000
[inst #1765] addi x0,x0,0
Register Write to Reg: 0x00 Val: 0x00000000
[inst #1766] addi x0,x0,0
Register Write to Reg: 0x00 Val: 0x00000000
[inst #1767] srai x28,x28,1
Register Write to Reg: 0x1C Val: 0x00000003
[inst #1768] addi x0,x0,0
Register Write to Reg: 0x00 Val: 0x00000000
[inst #1769] addi x0,x0,0
Register Write to Reg: 0x00 Val: 0x00000000
[inst #1770] addi x0,x0,0
Register Write to Reg: 0x00 Val: 0x00000000
[inst #1771] slli x28,x28,2
Register Write to Reg: 0x1C Val: 0x0000000C
[inst #1772] addi x0,x0,0
Register Write to Reg: 0x00 Val: 0x00000000
[inst #1773] addi x0,x0,0
Register Write to Reg: 0x00 Val: 0x00000000
[inst #1774] addi x0,x0,0
Register Write to Reg: 0x00 Val: 0x00000000
[inst #1775] xor x31,x1,x7
Register Write to Reg: 0x1F Val: 0x004005E3
[inst #1776] addi x0,x0,0
Register Write to Reg: 0x00 Val: 0x00000000
[inst #1777] addi x0,x0,0
Register Write to Reg: 0x00 Val: 0x00000000
[inst #1778] addi x0,x0,0
Register Write to Reg: 0x00 Val: 0x00000000
[inst #1779] or x31,x1,x7
Register Write to Reg: 0x1F Val: 0x004005E3
[inst #1780] addi x0,x0,0
Register Write to Reg: 0x00 Val: 0x00000000
[inst #1781] addi x0,x0,0
Register Write to Reg: 0x00 Val: 0x00000000
[inst #1782] addi x0,x0,0
Register Write to Reg: 0x00 Val: 0x00000000
[inst #1783] sub x31,x0,x31
Register Write to Reg: 0x1F Val: 0xFFBFFA1D
[inst #1784] auipc x7,64528
Register Write to Reg: 0x07 Val: 0x10010444
[inst #1785] sll x0,x0,x0
Register Write to Reg: 0x00 Val: 0x00000000
[inst #1786] sll x0,x0,x0
Register Write to Reg: 0x00 Val: 0x00000000
[inst #1787] sll x0,x0,x0
Register Write to Reg: 0x00 Val: 0x00000000
[inst #1788] addi x7,x7,-1092
Register Write to Reg: 0x07 Val: 0x10010000
[inst #1789] addi x0,x0,0
Register Write to Reg: 0x00 Val: 0x00000000
[inst #1790] addi x0,x0,0
Register Write to Reg: 0x00 Val: 0x00000000
[inst #1791] addi x0,x0,0
Register Write to Reg: 0x00 Val: 0x00000000
[inst #1792] lui x11,15
Register Write to Reg: 0x0B Val: 0x0000F000
[inst #1793] addi x0,x0,0
Register Write to Reg: 0x00 Val: 0x00000000
[inst #1794] addi x0,x0,0
Register Write to Reg: 0x00 Val: 0x00000000
[inst #1795] addi x0,x0,0
Register Write to Reg: 0x00 Val: 0x00000000
[inst #1796] addi x11,x11,15
Register Write to Reg: 0x0B Val: 0x0000F00F
[inst #1797] addi x0,x0,0
Register Write to Reg: 0x00 Val: 0x00000000
[inst #1798] addi x0,x0,0
Register Write to Reg: 0x00 Val: 0x00000000
[inst #1799] addi x0,x0,0
Register Write to Reg: 0x00 Val: 0x00000000
[inst #1800] and x31,x7,x11
Register Write to Reg: 0x1F Val: 0x00000000
[inst #1801] addi x0,x0,0
Register Write to Reg: 0x00 Val: 0x00000000
[inst #1802] addi x0,x0,0
Register Write to Reg: 0x00 Val: 0x00000000
[inst #1803] addi x0,x0,0
Register Write to Reg: 0x00 Val: 0x00000000
[inst #1804] add x7,x29,x31
Register Write to Reg: 0x07 Val: 0x10010000
[inst #1805] addi x0,x0,0
Register Write to Reg: 0x00 Val: 0x00000000
[inst #1806] addi x0,x0,0
Register Write to Reg: 0x00 Val: 0x00000000
[inst #1807] addi x0,x0,0
Register Write to Reg: 0x00 Val: 0x00000000
[inst #1808] add x7,x28,x7
Register Write to Reg: 0x07 Val: 0x1001000C
[inst #1809] lw x28,48(x8)
Register Write to Reg: 0x1C Val: 0x00000001
[inst #1810] addi x0,x0,0
Register Write to Reg: 0x00 Val: 0x00000000
[inst #1811] addi x0,x0,0
Register Write to Reg: 0x00 Val: 0x00000000
[inst #1812] addi x0,x0,0
Register Write to Reg: 0x00 Val: 0x00000000
[inst #1813] sw x28,0(x7)
Memory Write to Addr: 0x1001000C Val: 0x00000001
[inst #1814] add x2,x0,x8
Register Write to Reg: 0x02 Val: 0x10010F78
[inst #1815] addi x0,x0,0
Register Write to Reg: 0x00 Val: 0x00000000
[inst #1816] addi x0,x0,0
Register Write to Reg: 0x00 Val: 0x00000000
[inst #1817] addi x0,x0,0
Register Write to Reg: 0x00 Val: 0x00000000
[inst #1818] lw x1,44(x2)
Register Write to Reg: 0x01 Val: 0x004002EC
[inst #1819] lw x8,40(x2)
Register Write to Reg: 0x08 Val: 0x10010FA8
[inst #1820] addi x2,x2,48
Register Write to Reg: 0x02 Val: 0x10010FA8
[inst #1821] addi x0,x0,0
Register Write to Reg: 0x00 Val: 0x00000000
[inst #1822] addi x0,x0,0
Register Write to Reg: 0x00 Val: 0x00000000
[inst #1823] addi x0,x0,0
Register Write to Reg: 0x00 Val: 0x00000000
[inst #1824] jalr x0,x1,0
Register Write to Reg: 0x00 Val: 0x004004E8
[inst #1825] addi x7,x8,28
Register Write to Reg: 0x07 Val: 0x10010FC4
[inst #1826] addi x0,x0,0
Register Write to Reg: 0x00 Val: 0x00000000
[inst #1827] addi x0,x0,0
Register Write to Reg: 0x00 Val: 0x00000000
[inst #1828] addi x0,x0,0
Register Write to Reg: 0x00 Val: 0x00000000
[inst #1829] add x29,x0,x7
Register Write to Reg: 0x1D Val: 0x10010FC4
[inst #1830] auipc x1,0
Register Write to Reg: 0x01 Val: 0x00400300
[inst #1831] sll x0,x0,x0
Register Write to Reg: 0x00 Val: 0x00000000
[inst #1832] sll x0,x0,x0
Register Write to Reg: 0x00 Val: 0x00000000
[inst #1833] sll x0,x0,x0
Register Write to Reg: 0x00 Val: 0x00000000
[inst #1834] addi x1,x1,48
Register Write to Reg: 0x01 Val: 0x00400330
[inst #1835] addi x0,x0,0
Register Write to Reg: 0x00 Val: 0x00000000
[inst #1836] addi x0,x0,0
Register Write to Reg: 0x00 Val: 0x00000000
[inst #1837] addi x0,x0,0
Register Write to Reg: 0x00 Val: 0x00000000
[inst #1838] jal x0,884
Register Write to Reg: 0x00 Val: 0x00400324
[inst #1839] addi x2,x2,-32
Register Write to Reg: 0x02 Val: 0x10010F88
[inst #1840] addi x0,x0,0
Register Write to Reg: 0x00 Val: 0x00000000
[inst #1841] addi x0,x0,0
Register Write to Reg: 0x00 Val: 0x00000000
[inst #1842] addi x0,x0,0
Register Write to Reg: 0x00 Val: 0x00000000
[inst #1843] sw x1,28(x2)
Memory Write to Addr: 0x10010FA4 Val: 0x00400330
[inst #1844] sw x8,24(x2)
Memory Write to Addr: 0x10010FA0 Val: 0x10010FA8
[inst #1845] add x8,x0,x2
Register Write to Reg: 0x08 Val: 0x10010F88
[inst #1846] addi x0,x0,0
Register Write to Reg: 0x00 Val: 0x00000000
[inst #1847] addi x0,x0,0
Register Write to Reg: 0x00 Val: 0x00000000
[inst #1848] addi x0,x0,0
Register Write to Reg: 0x00 Val: 0x00000000
[inst #1849] sw x29,32(x8)
Memory Write to Addr: 0x10010FA8 Val: 0x10010FC4
[inst #1850] jal x0,292
Register Write to Reg: 0x00 Val: 0x004006C4
[inst #1851] lw x7,32(x8)
Register Write to Reg: 0x07 Val: 0x10010FC4
[inst #1852] addi x0,x0,0
Register Write to Reg: 0x00 Val: 0x00000000
[inst #1853] addi x0,x0,0
Register Write to Reg: 0x00 Val: 0x00000000
[inst #1854] addi x0,x0,0
Register Write to Reg: 0x00 Val: 0x00000000
[inst #1855] lw x7,4(x7)
Register Write to Reg: 0x07 Val: 0x00000002
[inst #1856] addi x0,x0,0
Register Write to Reg: 0x00 Val: 0x00000000
[inst #1857] addi x0,x0,0
Register Write to Reg: 0x00 Val: 0x00000000
[inst #1858] addi x0,x0,0
Register Write to Reg: 0x00 Val: 0x00000000
[inst #1859] slti x7,x7,4
Register Write to Reg: 0x07 Val: 0x00000001
[inst #1860] addi x0,x0,0
Register Write to Reg: 0x00 Val: 0x00000000
[inst #1861] addi x0,x0,0
Register Write to Reg: 0x00 Val: 0x00000000
[inst #1862] addi x0,x0,0
Register Write to Reg: 0x00 Val: 0x00000000
[inst #1863] beq x7,x0,32
[inst #1864] addi x0,x0,0
Register Write to Reg: 0x00 Val: 0x00000000
[inst #1865] addi x0,x0,0
Register Write to Reg: 0x00 Val: 0x00000000
[inst #1866] addi x0,x0,0
Register Write to Reg: 0x00 Val: 0x00000000
[inst #1867] jal x0,-340
Register Write to Reg: 0x00 Val: 0x00400828
[inst #1868] lw x7,32(x8)
Register Write to Reg: 0x07 Val: 0x10010FC4
[inst #1869] addi x0,x0,0
Register Write to Reg: 0x00 Val: 0x00000000
[inst #1870] addi x0,x0,0
Register Write to Reg: 0x00 Val: 0x00000000
[inst #1871] addi x0,x0,0
Register Write to Reg: 0x00 Val: 0x00000000
[inst #1872] lw x28,0(x7)
Register Write to Reg: 0x1C Val: 0x00000000
[inst #1873] lw x7,32(x8)
Register Write to Reg: 0x07 Val: 0x10010FC4
[inst #1874] addi x0,x0,0
Register Write to Reg: 0x00 Val: 0x00000000
[inst #1875] addi x0,x0,0
Register Write to Reg: 0x00 Val: 0x00000000
[inst #1876] addi x0,x0,0
Register Write to Reg: 0x00 Val: 0x00000000
[inst #1877] lw x7,4(x7)
Register Write to Reg: 0x07 Val: 0x00000002
[inst #1878] addi x0,x0,0
Register Write to Reg: 0x00 Val: 0x00000000
[inst #1879] addi x0,x0,0
Register Write to Reg: 0x00 Val: 0x00000000
[inst #1880] addi x0,x0,0
Register Write to Reg: 0x00 Val: 0x00000000
[inst #1881] add x30,x0,x7
Register Write to Reg: 0x1E Val: 0x00000002
[inst #1882] addi x0,x0,0
Register Write to Reg: 0x00 Val: 0x00000000
[inst #1883] addi x0,x0,0
Register Write to Reg: 0x00 Val: 0x00000000
[inst #1884] addi x0,x0,0
Register Write to Reg: 0x00 Val: 0x00000000
[inst #1885] add x29,x0,x28
Register Write to Reg: 0x1D Val: 0x00000000
[inst #1886] auipc x1,0
Register Write to Reg: 0x01 Val: 0x00400718
[inst #1887] sll x0,x0,x0
Register Write to Reg: 0x00 Val: 0x00000000
[inst #1888] sll x0,x0,x0
Register Write to Reg: 0x00 Val: 0x00000000
[inst #1889] sll x0,x0,x0
Register Write to Reg: 0x00 Val: 0x00000000
[inst #1890] addi x1,x1,48
Register Write to Reg: 0x01 Val: 0x00400748
[inst #1891] addi x0,x0,0
Register Write to Reg: 0x00 Val: 0x00000000
[inst #1892] addi x0,x0,0
Register Write to Reg: 0x00 Val: 0x00000000
[inst #1893] addi x0,x0,0
Register Write to Reg: 0x00 Val: 0x00000000
[inst #1894] jal x0,312
Register Write to Reg: 0x00 Val: 0x0040073C
[inst #1895] addi x2,x2,-32
Register Write to Reg: 0x02 Val: 0x10010F68
[inst #1896] addi x0,x0,0
Register Write to Reg: 0x00 Val: 0x00000000
[inst #1897] addi x0,x0,0
Register Write to Reg: 0x00 Val: 0x00000000
[inst #1898] addi x0,x0,0
Register Write to Reg: 0x00 Val: 0x00000000
[inst #1899] sw x8,28(x2)
Memory Write to Addr: 0x10010F84 Val: 0x10010F88
[inst #1900] add x8,x0,x2
Register Write to Reg: 0x08 Val: 0x10010F68
[inst #1901] addi x0,x0,0
Register Write to Reg: 0x00 Val: 0x00000000
[inst #1902] addi x0,x0,0
Register Write to Reg: 0x00 Val: 0x00000000
[inst #1903] addi x0,x0,0
Register Write to Reg: 0x00 Val: 0x00000000
[inst #1904] sw x29,32(x8)
Memory Write to Addr: 0x10010F88 Val: 0x00000000
[inst #1905] sw x30,36(x8)
Memory Write to Addr: 0x10010F8C Val: 0x00000002
[inst #1906] auipc x7,64527
Register Write to Reg: 0x07 Val: 0x1000F89C
[inst #1907] sll x0,x0,x0
Register Write to Reg: 0x00 Val: 0x00000000
[inst #1908] sll x0,x0,x0
Register Write to Reg: 0x00 Val: 0x00000000
[inst #1909] sll x0,x0,x0
Register Write to Reg: 0x00 Val: 0x00000000
[inst #1910] addi x7,x7,1912
Register Write to Reg: 0x07 Val: 0x10010014
[inst #1911] addi x0,x0,0
Register Write to Reg: 0x00 Val: 0x00000000
[inst #1912] addi x0,x0,0
Register Write to Reg: 0x00 Val: 0x00000000
[inst #1913] addi x0,x0,0
Register Write to Reg: 0x00 Val: 0x00000000
[inst #1914] lw x28,32(x8)
Register Write to Reg: 0x1C Val: 0x00000000
[inst #1915] addi x0,x0,0
Register Write to Reg: 0x00 Val: 0x00000000
[inst #1916] addi x0,x0,0
Register Write to Reg: 0x00 Val: 0x00000000
[inst #1917] addi x0,x0,0
Register Write to Reg: 0x00 Val: 0x00000000
[inst #1918] slli x28,x28,2
Register Write to Reg: 0x1C Val: 0x00000000
[inst #1919] addi x0,x0,0
Register Write to Reg: 0x00 Val: 0x00000000
[inst #1920] addi x0,x0,0
Register Write to Reg: 0x00 Val: 0x00000000
[inst #1921] addi x0,x0,0
Register Write to Reg: 0x00 Val: 0x00000000
[inst #1922] add x7,x28,x7
Register Write to Reg: 0x07 Val: 0x10010014
[inst #1923] addi x0,x0,0
Register Write to Reg: 0x00 Val: 0x00000000
[inst #1924] addi x0,x0,0
Register Write to Reg: 0x00 Val: 0x00000000
[inst #1925] addi x0,x0,0
Register Write to Reg: 0x00 Val: 0x00000000
[inst #1926] lw x7,0(x7)
Register Write to Reg: 0x07 Val: 0x00000006
[inst #1927] addi x0,x0,0
Register Write to Reg: 0x00 Val: 0x00000000
[inst #1928] addi x0,x0,0
Register Write to Reg: 0x00 Val: 0x00000000
[inst #1929] addi x0,x0,0
Register Write to Reg: 0x00 Val: 0x00000000
[inst #1930] sw x7,16(x8)
Memory Write to Addr: 0x10010F78 Val: 0x00000006
[inst #1931] addi x7,x0,1
Register Write to Reg: 0x07 Val: 0x00000001
[inst #1932] addi x0,x0,0
Register Write to Reg: 0x00 Val: 0x00000000
[inst #1933] addi x0,x0,0
Register Write to Reg: 0x00 Val: 0x00000000
[inst #1934] addi x0,x0,0
Register Write to Reg: 0x00 Val: 0x00000000
[inst #1935] sw x7,8(x8)
Memory Write to Addr: 0x10010F70 Val: 0x00000001
[inst #1936] sw x0,12(x8)
Memory Write to Addr: 0x10010F74 Val: 0x00000000
[inst #1937] addi x0,x0,0
Register Write to Reg: 0x00 Val: 0x00000000
[inst #1938] addi x0,x0,0
Register Write to Reg: 0x00 Val: 0x00000000
[inst #1939] addi x0,x0,0
Register Write to Reg: 0x00 Val: 0x00000000
[inst #1940] jal x0,88
Register Write to Reg: 0x00 Val: 0x00400928
[inst #1941] lw x28,12(x8)
Register Write to Reg: 0x1C Val: 0x00000000
[inst #1942] lw x7,36(x8)
Register Write to Reg: 0x07 Val: 0x00000002
[inst #1943] addi x0,x0,0
Register Write to Reg: 0x00 Val: 0x00000000
[inst #1944] addi x0,x0,0
Register Write to Reg: 0x00 Val: 0x00000000
[inst #1945] addi x0,x0,0
Register Write to Reg: 0x00 Val: 0x00000000
[inst #1946] slt x7,x28,x7
Register Write to Reg: 0x07 Val: 0x00000001
[inst #1947] addi x0,x0,0
Register Write to Reg: 0x00 Val: 0x00000000
[inst #1948] addi x0,x0,0
Register Write to Reg: 0x00 Val: 0x00000000
[inst #1949] addi x0,x0,0
Register Write to Reg: 0x00 Val: 0x00000000
[inst #1950] beq x7,x0,32
[inst #1951] addi x0,x0,0
Register Write to Reg: 0x00 Val: 0x00000000
[inst #1952] addi x0,x0,0
Register Write to Reg: 0x00 Val: 0x00000000
[inst #1953] addi x0,x0,0
Register Write to Reg: 0x00 Val: 0x00000000
[inst #1954] jal x0,-124
Register Write to Reg: 0x00 Val: 0x004009B4
[inst #1955] lw x7,8(x8)
Register Write to Reg: 0x07 Val: 0x00000001
[inst #1956] addi x0,x0,0
Register Write to Reg: 0x00 Val: 0x00000000
[inst #1957] addi x0,x0,0
Register Write to Reg: 0x00 Val: 0x00000000
[inst #1958] addi x0,x0,0
Register Write to Reg: 0x00 Val: 0x00000000
[inst #1959] slli x7,x7,1
Register Write to Reg: 0x07 Val: 0x00000002
[inst #1960] addi x0,x0,0
Register Write to Reg: 0x00 Val: 0x00000000
[inst #1961] addi x0,x0,0
Register Write to Reg: 0x00 Val: 0x00000000
[inst #1962] addi x0,x0,0
Register Write to Reg: 0x00 Val: 0x00000000
[inst #1963] sw x7,8(x8)
Memory Write to Addr: 0x10010F70 Val: 0x00000002
[inst #1964] lw x7,12(x8)
Register Write to Reg: 0x07 Val: 0x00000000
[inst #1965] addi x0,x0,0
Register Write to Reg: 0x00 Val: 0x00000000
[inst #1966] addi x0,x0,0
Register Write to Reg: 0x00 Val: 0x00000000
[inst #1967] addi x0,x0,0
Register Write to Reg: 0x00 Val: 0x00000000
[inst #1968] addi x7,x7,1
Register Write to Reg: 0x07 Val: 0x00000001
[inst #1969] addi x0,x0,0
Register Write to Reg: 0x00 Val: 0x00000000
[inst #1970] addi x0,x0,0
Register Write to Reg: 0x00 Val: 0x00000000
[inst #1971] addi x0,x0,0
Register Write to Reg: 0x00 Val: 0x00000000
[inst #1972] sw x7,12(x8)
Memory Write to Addr: 0x10010F74 Val: 0x00000001
[inst #1973] lw x28,12(x8)
Register Write to Reg: 0x1C Val: 0x00000001
[inst #1974] lw x7,36(x8)
Register Write to Reg: 0x07 Val: 0x00000002
[inst #1975] addi x0,x0,0
Register Write to Reg: 0x00 Val: 0x00000000
[inst #1976] addi x0,x0,0
Register Write to Reg: 0x00 Val: 0x00000000
[inst #1977] addi x0,x0,0
Register Write to Reg: 0x00 Val: 0x00000000
[inst #1978] slt x7,x28,x7
Register Write to Reg: 0x07 Val: 0x00000001
[inst #1979] addi x0,x0,0
Register Write to Reg: 0x00 Val: 0x00000000
[inst #1980] addi x0,x0,0
Register Write to Reg: 0x00 Val: 0x00000000
[inst #1981] addi x0,x0,0
Register Write to Reg: 0x00 Val: 0x00000000
[inst #1982] beq x7,x0,32
[inst #1983] addi x0,x0,0
Register Write to Reg: 0x00 Val: 0x00000000
[inst #1984] addi x0,x0,0
Register Write to Reg: 0x00 Val: 0x00000000
[inst #1985] addi x0,x0,0
Register Write to Reg: 0x00 Val: 0x00000000
[inst #1986] jal x0,-124
Register Write to Reg: 0x00 Val: 0x004009B4
[inst #1987] lw x7,8(x8)
Register Write to Reg: 0x07 Val: 0x00000002
[inst #1988] addi x0,x0,0
Register Write to Reg: 0x00 Val: 0x00000000
[inst #1989] addi x0,x0,0
Register Write to Reg: 0x00 Val: 0x00000000
[inst #1990] addi x0,x0,0
Register Write to Reg: 0x00 Val: 0x00000000
[inst #1991] slli x7,x7,1
Register Write to Reg: 0x07 Val: 0x00000004
[inst #1992] addi x0,x0,0
Register Write to Reg: 0x00 Val: 0x00000000
[inst #1993] addi x0,x0,0
Register Write to Reg: 0x00 Val: 0x00000000
[inst #1994] addi x0,x0,0
Register Write to Reg: 0x00 Val: 0x00000000
[inst #1995] sw x7,8(x8)
Memory Write to Addr: 0x10010F70 Val: 0x00000004
[inst #1996] lw x7,12(x8)
Register Write to Reg: 0x07 Val: 0x00000001
[inst #1997] addi x0,x0,0
Register Write to Reg: 0x00 Val: 0x00000000
[inst #1998] addi x0,x0,0
Register Write to Reg: 0x00 Val: 0x00000000
[inst #1999] addi x0,x0,0
Register Write to Reg: 0x00 Val: 0x00000000
[inst #2000] addi x7,x7,1
Register Write to Reg: 0x07 Val: 0x00000002
[inst #2001] addi x0,x0,0
Register Write to Reg: 0x00 Val: 0x00000000
[inst #2002] addi x0,x0,0
Register Write to Reg: 0x00 Val: 0x00000000
[inst #2003] addi x0,x0,0
Register Write to Reg: 0x00 Val: 0x00000000
[inst #2004] sw x7,12(x8)
Memory Write to Addr: 0x10010F74 Val: 0x00000002
[inst #2005] lw x28,12(x8)
Register Write to Reg: 0x1C Val: 0x00000002
[inst #2006] lw x7,36(x8)
Register Write to Reg: 0x07 Val: 0x00000002
[inst #2007] addi x0,x0,0
Register Write to Reg: 0x00 Val: 0x00000000
[inst #2008] addi x0,x0,0
Register Write to Reg: 0x00 Val: 0x00000000
[inst #2009] addi x0,x0,0
Register Write to Reg: 0x00 Val: 0x00000000
[inst #2010] slt x7,x28,x7
Register Write to Reg: 0x07 Val: 0x00000000
[inst #2011] addi x0,x0,0
Register Write to Reg: 0x00 Val: 0x00000000
[inst #2012] addi x0,x0,0
Register Write to Reg: 0x00 Val: 0x00000000
[inst #2013] addi x0,x0,0
Register Write to Reg: 0x00 Val: 0x00000000
[inst #2014] beq x7,x0,32
[inst #2015] lw x28,8(x8)
Register Write to Reg: 0x1C Val: 0x00000004
[inst #2016] lw x7,16(x8)
Register Write to Reg: 0x07 Val: 0x00000006
[inst #2017] addi x0,x0,0
Register Write to Reg: 0x00 Val: 0x00000000
[inst #2018] addi x0,x0,0
Register Write to Reg: 0x00 Val: 0x00000000
[inst #2019] addi x0,x0,0
Register Write to Reg: 0x00 Val: 0x00000000
[inst #2020] and x7,x28,x7
Register Write to Reg: 0x07 Val: 0x00000004
[inst #2021] addi x0,x0,0
Register Write to Reg: 0x00 Val: 0x00000000
[inst #2022] addi x0,x0,0
Register Write to Reg: 0x00 Val: 0x00000000
[inst #2023] addi x0,x0,0
Register Write to Reg: 0x00 Val: 0x00000000
[inst #2024] slt x7,x0,x7
Register Write to Reg: 0x07 Val: 0x00000001
[inst #2025] addi x0,x0,0
Register Write to Reg: 0x00 Val: 0x00000000
[inst #2026] addi x0,x0,0
Register Write to Reg: 0x00 Val: 0x00000000
[inst #2027] addi x0,x0,0
Register Write to Reg: 0x00 Val: 0x00000000
[inst #2028] andi x7,x7,255
Register Write to Reg: 0x07 Val: 0x00000001
[inst #2029] add x2,x0,x8
Register Write to Reg: 0x02 Val: 0x10010F68
[inst #2030] addi x0,x0,0
Register Write to Reg: 0x00 Val: 0x00000000
[inst #2031] addi x0,x0,0
Register Write to Reg: 0x00 Val: 0x00000000
[inst #2032] addi x0,x0,0
Register Write to Reg: 0x00 Val: 0x00000000
[inst #2033] lw x8,28(x2)
Register Write to Reg: 0x08 Val: 0x10010F88
[inst #2034] addi x2,x2,32
Register Write to Reg: 0x02 Val: 0x10010F88
[inst #2035] jalr x0,x1,0
Register Write to Reg: 0x00 Val: 0x00400A14
[inst #2036] addi x0,x0,0
Register Write to Reg: 0x00 Val: 0x00000000
[inst #2037] addi x0,x0,0
Register Write to Reg: 0x00 Val: 0x00000000
[inst #2038] addi x0,x0,0
Register Write to Reg: 0x00 Val: 0x00000000
[inst #2039] beq x7,x0,88
[inst #2040] addi x0,x0,0
Register Write to Reg: 0x00 Val: 0x00000000
[inst #2041] addi x0,x0,0
Register Write to Reg: 0x00 Val: 0x00000000
[inst #2042] addi x0,x0,0
Register Write to Reg: 0x00 Val: 0x00000000
[inst #2043] lw x7,32(x8)
Register Write to Reg: 0x07 Val: 0x10010FC4
[inst #2044] addi x0,x0,0
Register Write to Reg: 0x00 Val: 0x00000000
[inst #2045] addi x0,x0,0
Register Write to Reg: 0x00 Val: 0x00000000
[inst #2046] addi x0,x0,0
Register Write to Reg: 0x00 Val: 0x00000000
[inst #2047] lw x7,4(x7)
Register Write to Reg: 0x07 Val: 0x00000002
[inst #2048] addi x0,x0,0
Register Write to Reg: 0x00 Val: 0x00000000
[inst #2049] addi x0,x0,0
Register Write to Reg: 0x00 Val: 0x00000000
[inst #2050] addi x0,x0,0
Register Write to Reg: 0x00 Val: 0x00000000
[inst #2051] addi x29,x7,1
Register Write to Reg: 0x1D Val: 0x00000003
[inst #2052] lw x28,32(x8)
Register Write to Reg: 0x1C Val: 0x10010FC4
[inst #2053] addi x0,x0,0
Register Write to Reg: 0x00 Val: 0x00000000
[inst #2054] addi x0,x0,0
Register Write to Reg: 0x00 Val: 0x00000000
[inst #2055] addi x0,x0,0
Register Write to Reg: 0x00 Val: 0x00000000
[inst #2056] sw x29,4(x28)
Memory Write to Addr: 0x10010FC8 Val: 0x00000003
[inst #2057] jal x0,156
Register Write to Reg: 0x00 Val: 0x004007A0
[inst #2058] add x2,x0,x8
Register Write to Reg: 0x02 Val: 0x10010F88
[inst #2059] addi x0,x0,0
Register Write to Reg: 0x00 Val: 0x00000000
[inst #2060] addi x0,x0,0
Register Write to Reg: 0x00 Val: 0x00000000
[inst #2061] addi x0,x0,0
Register Write to Reg: 0x00 Val: 0x00000000
[inst #2062] lw x1,28(x2)
Register Write to Reg: 0x01 Val: 0x00400330
[inst #2063] lw x8,24(x2)
Register Write to Reg: 0x08 Val: 0x10010FA8
[inst #2064] addi x2,x2,32
Register Write to Reg: 0x02 Val: 0x10010FA8
[inst #2065] addi x0,x0,0
Register Write to Reg: 0x00 Val: 0x00000000
[inst #2066] addi x0,x0,0
Register Write to Reg: 0x00 Val: 0x00000000
[inst #2067] addi x0,x0,0
Register Write to Reg: 0x00 Val: 0x00000000
[inst #2068] jalr x0,x1,0
Register Write to Reg: 0x00 Val: 0x00400864
[inst #2069] sw x7,24(x8)
Memory Write to Addr: 0x10010FC0 Val: 0x00000002
[inst #2070] lw x28,24(x8)
Register Write to Reg: 0x1C Val: 0x00000002
[inst #2071] addi x7,x0,-1
Register Write to Reg: 0x07 Val: 0xFFFFFFFF
[inst #2072] addi x0,x0,0
Register Write to Reg: 0x00 Val: 0x00000000
[inst #2073] addi x0,x0,0
Register Write to Reg: 0x00 Val: 0x00000000
[inst #2074] addi x0,x0,0
Register Write to Reg: 0x00 Val: 0x00000000
[inst #2075] beq x28,x7,32
[inst #2076] addi x0,x0,0
Register Write to Reg: 0x00 Val: 0x00000000
[inst #2077] addi x0,x0,0
Register Write to Reg: 0x00 Val: 0x00000000
[inst #2078] addi x0,x0,0
Register Write to Reg: 0x00 Val: 0x00000000
[inst #2079] jal x0,-260
Register Write to Reg: 0x00 Val: 0x0040035C
[inst #2080] lw x29,24(x8)
Register Write to Reg: 0x1D Val: 0x00000002
[inst #2081] auipc x1,0
Register Write to Reg: 0x01 Val: 0x00400258
[inst #2082] sll x0,x0,x0
Register Write to Reg: 0x00 Val: 0x00000000
[inst #2083] sll x0,x0,x0
Register Write to Reg: 0x00 Val: 0x00000000
[inst #2084] sll x0,x0,x0
Register Write to Reg: 0x00 Val: 0x00000000
[inst #2085] addi x1,x1,48
Register Write to Reg: 0x01 Val: 0x00400288
[inst #2086] addi x0,x0,0
Register Write to Reg: 0x00 Val: 0x00000000
[inst #2087] addi x0,x0,0
Register Write to Reg: 0x00 Val: 0x00000000
[inst #2088] addi x0,x0,0
Register Write to Reg: 0x00 Val: 0x00000000
[inst #2089] jal x0,2316
Register Write to Reg: 0x00 Val: 0x0040027C
[inst #2090] addi x2,x2,-32
Register Write to Reg: 0x02 Val: 0x10010F88
[inst #2091] addi x0,x0,0
Register Write to Reg: 0x00 Val: 0x00000000
[inst #2092] addi x0,x0,0
Register Write to Reg: 0x00 Val: 0x00000000
[inst #2093] addi x0,x0,0
Register Write to Reg: 0x00 Val: 0x00000000
[inst #2094] sw x8,28(x2)
Memory Write to Addr: 0x10010FA4 Val: 0x10010FA8
[inst #2095] add x8,x0,x2
Register Write to Reg: 0x08 Val: 0x10010F88
[inst #2096] addi x0,x0,0
Register Write to Reg: 0x00 Val: 0x00000000
[inst #2097] addi x0,x0,0
Register Write to Reg: 0x00 Val: 0x00000000
[inst #2098] addi x0,x0,0
Register Write to Reg: 0x00 Val: 0x00000000
[inst #2099] sw x29,32(x8)
Memory Write to Addr: 0x10010FA8 Val: 0x00000002
[inst #2100] ori x7,x0,1
Register Write to Reg: 0x07 Val: 0x00000001
[inst #2101] addi x0,x0,0
Register Write to Reg: 0x00 Val: 0x00000000
[inst #2102] addi x0,x0,0
Register Write to Reg: 0x00 Val: 0x00000000
[inst #2103] addi x0,x0,0
Register Write to Reg: 0x00 Val: 0x00000000
[inst #2104] sw x7,8(x8)
Memory Write to Addr: 0x10010F90 Val: 0x00000001
[inst #2105] sw x0,12(x8)
Memory Write to Addr: 0x10010F94 Val: 0x00000000
[inst #2106] jal x0,88
Register Write to Reg: 0x00 Val: 0x00400BC8
[inst #2107] lw x28,12(x8)
Register Write to Reg: 0x1C Val: 0x00000000
[inst #2108] lw x7,32(x8)
Register Write to Reg: 0x07 Val: 0x00000002
[inst #2109] addi x0,x0,0
Register Write to Reg: 0x00 Val: 0x00000000
[inst #2110] addi x0,x0,0
Register Write to Reg: 0x00 Val: 0x00000000
[inst #2111] addi x0,x0,0
Register Write to Reg: 0x00 Val: 0x00000000
[inst #2112] slt x7,x28,x7
Register Write to Reg: 0x07 Val: 0x00000001
[inst #2113] addi x0,x0,0
Register Write to Reg: 0x00 Val: 0x00000000
[inst #2114] addi x0,x0,0
Register Write to Reg: 0x00 Val: 0x00000000
[inst #2115] addi x0,x0,0
Register Write to Reg: 0x00 Val: 0x00000000
[inst #2116] beq x7,x0,32
[inst #2117] addi x0,x0,0
Register Write to Reg: 0x00 Val: 0x00000000
[inst #2118] addi x0,x0,0
Register Write to Reg: 0x00 Val: 0x00000000
[inst #2119] addi x0,x0,0
Register Write to Reg: 0x00 Val: 0x00000000
[inst #2120] jal x0,-124
Register Write to Reg: 0x00 Val: 0x00400C54
[inst #2121] lw x7,8(x8)
Register Write to Reg: 0x07 Val: 0x00000001
[inst #2122] addi x0,x0,0
Register Write to Reg: 0x00 Val: 0x00000000
[inst #2123] addi x0,x0,0
Register Write to Reg: 0x00 Val: 0x00000000
[inst #2124] addi x0,x0,0
Register Write to Reg: 0x00 Val: 0x00000000
[inst #2125] slli x7,x7,8
Register Write to Reg: 0x07 Val: 0x00000100
[inst #2126] addi x0,x0,0
Register Write to Reg: 0x00 Val: 0x00000000
[inst #2127] addi x0,x0,0
Register Write to Reg: 0x00 Val: 0x00000000
[inst #2128] addi x0,x0,0
Register Write to Reg: 0x00 Val: 0x00000000
[inst #2129] sw x7,8(x8)
Memory Write to Addr: 0x10010F90 Val: 0x00000100
[inst #2130] lw x7,12(x8)
Register Write to Reg: 0x07 Val: 0x00000000
[inst #2131] addi x0,x0,0
Register Write to Reg: 0x00 Val: 0x00000000
[inst #2132] addi x0,x0,0
Register Write to Reg: 0x00 Val: 0x00000000
[inst #2133] addi x0,x0,0
Register Write to Reg: 0x00 Val: 0x00000000
[inst #2134] addi x7,x7,1
Register Write to Reg: 0x07 Val: 0x00000001
[inst #2135] addi x0,x0,0
Register Write to Reg: 0x00 Val: 0x00000000
[inst #2136] addi x0,x0,0
Register Write to Reg: 0x00 Val: 0x00000000
[inst #2137] addi x0,x0,0
Register Write to Reg: 0x00 Val: 0x00000000
[inst #2138] sw x7,12(x8)
Memory Write to Addr: 0x10010F94 Val: 0x00000001
[inst #2139] lw x28,12(x8)
Register Write to Reg: 0x1C Val: 0x00000001
[inst #2140] lw x7,32(x8)
Register Write to Reg: 0x07 Val: 0x00000002
[inst #2141] addi x0,x0,0
Register Write to Reg: 0x00 Val: 0x00000000
[inst #2142] addi x0,x0,0
Register Write to Reg: 0x00 Val: 0x00000000
[inst #2143] addi x0,x0,0
Register Write to Reg: 0x00 Val: 0x00000000
[inst #2144] slt x7,x28,x7
Register Write to Reg: 0x07 Val: 0x00000001
[inst #2145] addi x0,x0,0
Register Write to Reg: 0x00 Val: 0x00000000
[inst #2146] addi x0,x0,0
Register Write to Reg: 0x00 Val: 0x00000000
[inst #2147] addi x0,x0,0
Register Write to Reg: 0x00 Val: 0x00000000
[inst #2148] beq x7,x0,32
[inst #2149] addi x0,x0,0
Register Write to Reg: 0x00 Val: 0x00000000
[inst #2150] addi x0,x0,0
Register Write to Reg: 0x00 Val: 0x00000000
[inst #2151] addi x0,x0,0
Register Write to Reg: 0x00 Val: 0x00000000
[inst #2152] jal x0,-124
Register Write to Reg: 0x00 Val: 0x00400C54
[inst #2153] lw x7,8(x8)
Register Write to Reg: 0x07 Val: 0x00000100
[inst #2154] addi x0,x0,0
Register Write to Reg: 0x00 Val: 0x00000000
[inst #2155] addi x0,x0,0
Register Write to Reg: 0x00 Val: 0x00000000
[inst #2156] addi x0,x0,0
Register Write to Reg: 0x00 Val: 0x00000000
[inst #2157] slli x7,x7,8
Register Write to Reg: 0x07 Val: 0x00010000
[inst #2158] addi x0,x0,0
Register Write to Reg: 0x00 Val: 0x00000000
[inst #2159] addi x0,x0,0
Register Write to Reg: 0x00 Val: 0x00000000
[inst #2160] addi x0,x0,0
Register Write to Reg: 0x00 Val: 0x00000000
[inst #2161] sw x7,8(x8)
Memory Write to Addr: 0x10010F90 Val: 0x00010000
[inst #2162] lw x7,12(x8)
Register Write to Reg: 0x07 Val: 0x00000001
[inst #2163] addi x0,x0,0
Register Write to Reg: 0x00 Val: 0x00000000
[inst #2164] addi x0,x0,0
Register Write to Reg: 0x00 Val: 0x00000000
[inst #2165] addi x0,x0,0
Register Write to Reg: 0x00 Val: 0x00000000
[inst #2166] addi x7,x7,1
Register Write to Reg: 0x07 Val: 0x00000002
[inst #2167] addi x0,x0,0
Register Write to Reg: 0x00 Val: 0x00000000
[inst #2168] addi x0,x0,0
Register Write to Reg: 0x00 Val: 0x00000000
[inst #2169] addi x0,x0,0
Register Write to Reg: 0x00 Val: 0x00000000
[inst #2170] sw x7,12(x8)
Memory Write to Addr: 0x10010F94 Val: 0x00000002
[inst #2171] lw x28,12(x8)
Register Write to Reg: 0x1C Val: 0x00000002
[inst #2172] lw x7,32(x8)
Register Write to Reg: 0x07 Val: 0x00000002
[inst #2173] addi x0,x0,0
Register Write to Reg: 0x00 Val: 0x00000000
[inst #2174] addi x0,x0,0
Register Write to Reg: 0x00 Val: 0x00000000
[inst #2175] addi x0,x0,0
Register Write to Reg: 0x00 Val: 0x00000000
[inst #2176] slt x7,x28,x7
Register Write to Reg: 0x07 Val: 0x00000000
[inst #2177] addi x0,x0,0
Register Write to Reg: 0x00 Val: 0x00000000
[inst #2178] addi x0,x0,0
Register Write to Reg: 0x00 Val: 0x00000000
[inst #2179] addi x0,x0,0
Register Write to Reg: 0x00 Val: 0x00000000
[inst #2180] beq x7,x0,32
[inst #2181] auipc x7,64527
Register Write to Reg: 0x07 Val: 0x1000FC60
[inst #2182] sll x0,x0,x0
Register Write to Reg: 0x00 Val: 0x00000000
[inst #2183] sll x0,x0,x0
Register Write to Reg: 0x00 Val: 0x00000000
[inst #2184] sll x0,x0,x0
Register Write to Reg: 0x00 Val: 0x00000000
[inst #2185] addi x7,x7,964
Register Write to Reg: 0x07 Val: 0x10010024
[inst #2186] addi x0,x0,0
Register Write to Reg: 0x00 Val: 0x00000000
[inst #2187] addi x0,x0,0
Register Write to Reg: 0x00 Val: 0x00000000
[inst #2188] addi x0,x0,0
Register Write to Reg: 0x00 Val: 0x00000000
[inst #2189] lw x7,0(x7)
Register Write to Reg: 0x07 Val: 0x00000101
[inst #2190] addi x0,x0,0
Register Write to Reg: 0x00 Val: 0x00000000
[inst #2191] addi x0,x0,0
Register Write to Reg: 0x00 Val: 0x00000000
[inst #2192] addi x0,x0,0
Register Write to Reg: 0x00 Val: 0x00000000
[inst #2193] sw x7,16(x8)
Memory Write to Addr: 0x10010F98 Val: 0x00000101
[inst #2194] lw x28,16(x8)
Register Write to Reg: 0x1C Val: 0x00000101
[inst #2195] lw x7,8(x8)
Register Write to Reg: 0x07 Val: 0x00010000
[inst #2196] addi x0,x0,0
Register Write to Reg: 0x00 Val: 0x00000000
[inst #2197] addi x0,x0,0
Register Write to Reg: 0x00 Val: 0x00000000
[inst #2198] addi x0,x0,0
Register Write to Reg: 0x00 Val: 0x00000000
[inst #2199] and x7,x28,x7
Register Write to Reg: 0x07 Val: 0x00000000
[inst #2200] addi x0,x0,0
Register Write to Reg: 0x00 Val: 0x00000000
[inst #2201] addi x0,x0,0
Register Write to Reg: 0x00 Val: 0x00000000
[inst #2202] addi x0,x0,0
Register Write to Reg: 0x00 Val: 0x00000000
[inst #2203] slt x7,x0,x7
Register Write to Reg: 0x07 Val: 0x00000000
[inst #2204] addi x0,x0,0
Register Write to Reg: 0x00 Val: 0x00000000
[inst #2205] addi x0,x0,0
Register Write to Reg: 0x00 Val: 0x00000000
[inst #2206] addi x0,x0,0
Register Write to Reg: 0x00 Val: 0x00000000
[inst #2207] andi x7,x7,255
Register Write to Reg: 0x07 Val: 0x00000000
[inst #2208] add x2,x0,x8
Register Write to Reg: 0x02 Val: 0x10010F88
[inst #2209] addi x0,x0,0
Register Write to Reg: 0x00 Val: 0x00000000
[inst #2210] addi x0,x0,0
Register Write to Reg: 0x00 Val: 0x00000000
[inst #2211] addi x0,x0,0
Register Write to Reg: 0x00 Val: 0x00000000
[inst #2212] lw x8,28(x2)
Register Write to Reg: 0x08 Val: 0x10010FA8
[inst #2213] addi x2,x2,32
Register Write to Reg: 0x02 Val: 0x10010FA8
[inst #2214] jalr x0,x1,0
Register Write to Reg: 0x00 Val: 0x00400CE8
[inst #2215] xori x7,x7,1
Register Write to Reg: 0x07 Val: 0x00000001
[inst #2216] addi x0,x0,0
Register Write to Reg: 0x00 Val: 0x00000000
[inst #2217] addi x0,x0,0
Register Write to Reg: 0x00 Val: 0x00000000
[inst #2218] addi x0,x0,0
Register Write to Reg: 0x00 Val: 0x00000000
[inst #2219] andi x7,x7,255
Register Write to Reg: 0x07 Val: 0x00000001
[inst #2220] addi x0,x0,0
Register Write to Reg: 0x00 Val: 0x00000000
[inst #2221] addi x0,x0,0
Register Write to Reg: 0x00 Val: 0x00000000
[inst #2222] addi x0,x0,0
Register Write to Reg: 0x00 Val: 0x00000000
[inst #2223] beq x7,x0,68
[inst #2224] addi x0,x0,0
Register Write to Reg: 0x00 Val: 0x00000000
[inst #2225] addi x0,x0,0
Register Write to Reg: 0x00 Val: 0x00000000
[inst #2226] addi x0,x0,0
Register Write to Reg: 0x00 Val: 0x00000000
[inst #2227] lw x29,24(x8)
Register Write to Reg: 0x1D Val: 0x00000002
[inst #2228] auipc x1,0
Register Write to Reg: 0x01 Val: 0x004002BC
[inst #2229] sll x0,x0,x0
Register Write to Reg: 0x00 Val: 0x00000000
[inst #2230] sll x0,x0,x0
Register Write to Reg: 0x00 Val: 0x00000000
[inst #2231] sll x0,x0,x0
Register Write to Reg: 0x00 Val: 0x00000000
[inst #2232] addi x1,x1,48
Register Write to Reg: 0x01 Val: 0x004002EC
[inst #2233] addi x0,x0,0
Register Write to Reg: 0x00 Val: 0x00000000
[inst #2234] addi x0,x0,0
Register Write to Reg: 0x00 Val: 0x00000000
[inst #2235] addi x0,x0,0
Register Write to Reg: 0x00 Val: 0x00000000
[inst #2236] jal x0,536
Register Write to Reg: 0x00 Val: 0x004002E0
[inst #2237] addi x2,x2,-48
Register Write to Reg: 0x02 Val: 0x10010F78
[inst #2238] addi x0,x0,0
Register Write to Reg: 0x00 Val: 0x00000000
[inst #2239] addi x0,x0,0
Register Write to Reg: 0x00 Val: 0x00000000
[inst #2240] addi x0,x0,0
Register Write to Reg: 0x00 Val: 0x00000000
[inst #2241] sw x1,44(x2)
Memory Write to Addr: 0x10010FA4 Val: 0x004002EC
[inst #2242] sw x8,40(x2)
Memory Write to Addr: 0x10010FA0 Val: 0x10010FA8
[inst #2243] add x8,x0,x2
Register Write to Reg: 0x08 Val: 0x10010F78
[inst #2244] addi x0,x0,0
Register Write to Reg: 0x00 Val: 0x00000000
[inst #2245] addi x0,x0,0
Register Write to Reg: 0x00 Val: 0x00000000
[inst #2246] addi x0,x0,0
Register Write to Reg: 0x00 Val: 0x00000000
[inst #2247] sw x29,48(x8)
Memory Write to Addr: 0x10010FA8 Val: 0x00000002
[inst #2248] lw x29,48(x8)
Register Write to Reg: 0x1D Val: 0x00000002
[inst #2249] auipc x1,0
Register Write to Reg: 0x01 Val: 0x00400524
[inst #2250] sll x0,x0,x0
Register Write to Reg: 0x00 Val: 0x00000000
[inst #2251] sll x0,x0,x0
Register Write to Reg: 0x00 Val: 0x00000000
[inst #2252] sll x0,x0,x0
Register Write to Reg: 0x00 Val: 0x00000000
[inst #2253] addi x1,x1,48
Register Write to Reg: 0x01 Val: 0x00400554
[inst #2254] addi x0,x0,0
Register Write to Reg: 0x00 Val: 0x00000000
[inst #2255] addi x0,x0,0
Register Write to Reg: 0x00 Val: 0x00000000
[inst #2256] addi x0,x0,0
Register Write to Reg: 0x00 Val: 0x00000000
[inst #2257] jal x0,1244
Register Write to Reg: 0x00 Val: 0x00400548
[inst #2258] addi x2,x2,-32
Register Write to Reg: 0x02 Val: 0x10010F58
[inst #2259] addi x0,x0,0
Register Write to Reg: 0x00 Val: 0x00000000
[inst #2260] addi x0,x0,0
Register Write to Reg: 0x00 Val: 0x00000000
[inst #2261] addi x0,x0,0
Register Write to Reg: 0x00 Val: 0x00000000
[inst #2262] sw x8,28(x2)
Memory Write to Addr: 0x10010F74 Val: 0x10010F78
[inst #2263] add x8,x0,x2
Register Write to Reg: 0x08 Val: 0x10010F58
[inst #2264] addi x0,x0,0
Register Write to Reg: 0x00 Val: 0x00000000
[inst #2265] addi x0,x0,0
Register Write to Reg: 0x00 Val: 0x00000000
[inst #2266] addi x0,x0,0
Register Write to Reg: 0x00 Val: 0x00000000
[inst #2267] sw x29,32(x8)
Memory Write to Addr: 0x10010F78 Val: 0x00000002
[inst #2268] addi x7,x0,1
Register Write to Reg: 0x07 Val: 0x00000001
[inst #2269] addi x0,x0,0
Register Write to Reg: 0x00 Val: 0x00000000
[inst #2270] addi x0,x0,0
Register Write to Reg: 0x00 Val: 0x00000000
[inst #2271] addi x0,x0,0
Register Write to Reg: 0x00 Val: 0x00000000
[inst #2272] sw x7,8(x8)
Memory Write to Addr: 0x10010F60 Val: 0x00000001
[inst #2273] sw x0,12(x8)
Memory Write to Addr: 0x10010F64 Val: 0x00000000
[inst #2274] jal x0,88
Register Write to Reg: 0x00 Val: 0x00400A64
[inst #2275] lw x28,12(x8)
Register Write to Reg: 0x1C Val: 0x00000000
[inst #2276] lw x7,32(x8)
Register Write to Reg: 0x07 Val: 0x00000002
[inst #2277] addi x0,x0,0
Register Write to Reg: 0x00 Val: 0x00000000
[inst #2278] addi x0,x0,0
Register Write to Reg: 0x00 Val: 0x00000000
[inst #2279] addi x0,x0,0
Register Write to Reg: 0x00 Val: 0x00000000
[inst #2280] slt x7,x28,x7
Register Write to Reg: 0x07 Val: 0x00000001
[inst #2281] addi x0,x0,0
Register Write to Reg: 0x00 Val: 0x00000000
[inst #2282] addi x0,x0,0
Register Write to Reg: 0x00 Val: 0x00000000
[inst #2283] addi x0,x0,0
Register Write to Reg: 0x00 Val: 0x00000000
[inst #2284] beq x7,x0,32
[inst #2285] addi x0,x0,0
Register Write to Reg: 0x00 Val: 0x00000000
[inst #2286] addi x0,x0,0
Register Write to Reg: 0x00 Val: 0x00000000
[inst #2287] addi x0,x0,0
Register Write to Reg: 0x00 Val: 0x00000000
[inst #2288] jal x0,-124
Register Write to Reg: 0x00 Val: 0x00400AF0
[inst #2289] lw x7,8(x8)
Register Write to Reg: 0x07 Val: 0x00000001
[inst #2290] addi x0,x0,0
Register Write to Reg: 0x00 Val: 0x00000000
[inst #2291] addi x0,x0,0
Register Write to Reg: 0x00 Val: 0x00000000
[inst #2292] addi x0,x0,0
Register Write to Reg: 0x00 Val: 0x00000000
[inst #2293] slli x7,x7,8
Register Write to Reg: 0x07 Val: 0x00000100
[inst #2294] addi x0,x0,0
Register Write to Reg: 0x00 Val: 0x00000000
[inst #2295] addi x0,x0,0
Register Write to Reg: 0x00 Val: 0x00000000
[inst #2296] addi x0,x0,0
Register Write to Reg: 0x00 Val: 0x00000000
[inst #2297] sw x7,8(x8)
Memory Write to Addr: 0x10010F60 Val: 0x00000100
[inst #2298] lw x7,12(x8)
Register Write to Reg: 0x07 Val: 0x00000000
[inst #2299] addi x0,x0,0
Register Write to Reg: 0x00 Val: 0x00000000
[inst #2300] addi x0,x0,0
Register Write to Reg: 0x00 Val: 0x00000000
[inst #2301] addi x0,x0,0
Register Write to Reg: 0x00 Val: 0x00000000
[inst #2302] addi x7,x7,1
Register Write to Reg: 0x07 Val: 0x00000001
[inst #2303] addi x0,x0,0
Register Write to Reg: 0x00 Val: 0x00000000
[inst #2304] addi x0,x0,0
Register Write to Reg: 0x00 Val: 0x00000000
[inst #2305] addi x0,x0,0
Register Write to Reg: 0x00 Val: 0x00000000
[inst #2306] sw x7,12(x8)
Memory Write to Addr: 0x10010F64 Val: 0x00000001
[inst #2307] lw x28,12(x8)
Register Write to Reg: 0x1C Val: 0x00000001
[inst #2308] lw x7,32(x8)
Register Write to Reg: 0x07 Val: 0x00000002
[inst #2309] addi x0,x0,0
Register Write to Reg: 0x00 Val: 0x00000000
[inst #2310] addi x0,x0,0
Register Write to Reg: 0x00 Val: 0x00000000
[inst #2311] addi x0,x0,0
Register Write to Reg: 0x00 Val: 0x00000000
[inst #2312] slt x7,x28,x7
Register Write to Reg: 0x07 Val: 0x00000001
[inst #2313] addi x0,x0,0
Register Write to Reg: 0x00 Val: 0x00000000
[inst #2314] addi x0,x0,0
Register Write to Reg: 0x00 Val: 0x00000000
[inst #2315] addi x0,x0,0
Register Write to Reg: 0x00 Val: 0x00000000
[inst #2316] beq x7,x0,32
[inst #2317] addi x0,x0,0
Register Write to Reg: 0x00 Val: 0x00000000
[inst #2318] addi x0,x0,0
Register Write to Reg: 0x00 Val: 0x00000000
[inst #2319] addi x0,x0,0
Register Write to Reg: 0x00 Val: 0x00000000
[inst #2320] jal x0,-124
Register Write to Reg: 0x00 Val: 0x00400AF0
[inst #2321] lw x7,8(x8)
Register Write to Reg: 0x07 Val: 0x00000100
[inst #2322] addi x0,x0,0
Register Write to Reg: 0x00 Val: 0x00000000
[inst #2323] addi x0,x0,0
Register Write to Reg: 0x00 Val: 0x00000000
[inst #2324] addi x0,x0,0
Register Write to Reg: 0x00 Val: 0x00000000
[inst #2325] slli x7,x7,8
Register Write to Reg: 0x07 Val: 0x00010000
[inst #2326] addi x0,x0,0
Register Write to Reg: 0x00 Val: 0x00000000
[inst #2327] addi x0,x0,0
Register Write to Reg: 0x00 Val: 0x00000000
[inst #2328] addi x0,x0,0
Register Write to Reg: 0x00 Val: 0x00000000
[inst #2329] sw x7,8(x8)
Memory Write to Addr: 0x10010F60 Val: 0x00010000
[inst #2330] lw x7,12(x8)
Register Write to Reg: 0x07 Val: 0x00000001
[inst #2331] addi x0,x0,0
Register Write to Reg: 0x00 Val: 0x00000000
[inst #2332] addi x0,x0,0
Register Write to Reg: 0x00 Val: 0x00000000
[inst #2333] addi x0,x0,0
Register Write to Reg: 0x00 Val: 0x00000000
[inst #2334] addi x7,x7,1
Register Write to Reg: 0x07 Val: 0x00000002
[inst #2335] addi x0,x0,0
Register Write to Reg: 0x00 Val: 0x00000000
[inst #2336] addi x0,x0,0
Register Write to Reg: 0x00 Val: 0x00000000
[inst #2337] addi x0,x0,0
Register Write to Reg: 0x00 Val: 0x00000000
[inst #2338] sw x7,12(x8)
Memory Write to Addr: 0x10010F64 Val: 0x00000002
[inst #2339] lw x28,12(x8)
Register Write to Reg: 0x1C Val: 0x00000002
[inst #2340] lw x7,32(x8)
Register Write to Reg: 0x07 Val: 0x00000002
[inst #2341] addi x0,x0,0
Register Write to Reg: 0x00 Val: 0x00000000
[inst #2342] addi x0,x0,0
Register Write to Reg: 0x00 Val: 0x00000000
[inst #2343] addi x0,x0,0
Register Write to Reg: 0x00 Val: 0x00000000
[inst #2344] slt x7,x28,x7
Register Write to Reg: 0x07 Val: 0x00000000
[inst #2345] addi x0,x0,0
Register Write to Reg: 0x00 Val: 0x00000000
[inst #2346] addi x0,x0,0
Register Write to Reg: 0x00 Val: 0x00000000
[inst #2347] addi x0,x0,0
Register Write to Reg: 0x00 Val: 0x00000000
[inst #2348] beq x7,x0,32
[inst #2349] auipc x7,64527
Register Write to Reg: 0x07 Val: 0x1000FAFC
[inst #2350] sll x0,x0,x0
Register Write to Reg: 0x00 Val: 0x00000000
[inst #2351] sll x0,x0,x0
Register Write to Reg: 0x00 Val: 0x00000000
[inst #2352] sll x0,x0,x0
Register Write to Reg: 0x00 Val: 0x00000000
[inst #2353] addi x7,x7,1320
Register Write to Reg: 0x07 Val: 0x10010024
[inst #2354] addi x0,x0,0
Register Write to Reg: 0x00 Val: 0x00000000
[inst #2355] addi x0,x0,0
Register Write to Reg: 0x00 Val: 0x00000000
[inst #2356] addi x0,x0,0
Register Write to Reg: 0x00 Val: 0x00000000
[inst #2357] sw x7,16(x8)
Memory Write to Addr: 0x10010F68 Val: 0x10010024
[inst #2358] lw x7,16(x8)
Register Write to Reg: 0x07 Val: 0x10010024
[inst #2359] addi x0,x0,0
Register Write to Reg: 0x00 Val: 0x00000000
[inst #2360] addi x0,x0,0
Register Write to Reg: 0x00 Val: 0x00000000
[inst #2361] addi x0,x0,0
Register Write to Reg: 0x00 Val: 0x00000000
[inst #2362] lw x28,0(x7)
Register Write to Reg: 0x1C Val: 0x00000101
[inst #2363] lw x7,8(x8)
Register Write to Reg: 0x07 Val: 0x00010000
[inst #2364] addi x0,x0,0
Register Write to Reg: 0x00 Val: 0x00000000
[inst #2365] addi x0,x0,0
Register Write to Reg: 0x00 Val: 0x00000000
[inst #2366] addi x0,x0,0
Register Write to Reg: 0x00 Val: 0x00000000
[inst #2367] or x28,x28,x7
Register Write to Reg: 0x1C Val: 0x00010101
[inst #2368] lw x7,16(x8)
Register Write to Reg: 0x07 Val: 0x10010024
[inst #2369] addi x0,x0,0
Register Write to Reg: 0x00 Val: 0x00000000
[inst #2370] addi x0,x0,0
Register Write to Reg: 0x00 Val: 0x00000000
[inst #2371] addi x0,x0,0
Register Write to Reg: 0x00 Val: 0x00000000
[inst #2372] sw x28,0(x7)
Memory Write to Addr: 0x10010024 Val: 0x00010101
[inst #2373] add x2,x0,x8
Register Write to Reg: 0x02 Val: 0x10010F58
[inst #2374] addi x0,x0,0
Register Write to Reg: 0x00 Val: 0x00000000
[inst #2375] addi x0,x0,0
Register Write to Reg: 0x00 Val: 0x00000000
[inst #2376] addi x0,x0,0
Register Write to Reg: 0x00 Val: 0x00000000
[inst #2377] lw x8,28(x2)
Register Write to Reg: 0x08 Val: 0x10010F78
[inst #2378] addi x2,x2,32
Register Write to Reg: 0x02 Val: 0x10010F78
[inst #2379] jalr x0,x1,0
Register Write to Reg: 0x00 Val: 0x00400B78
[inst #2380] addi x7,x8,28
Register Write to Reg: 0x07 Val: 0x10010F94
[inst #2381] lw x30,48(x8)
Register Write to Reg: 0x1E Val: 0x00000002
[inst #2382] addi x0,x0,0
Register Write to Reg: 0x00 Val: 0x00000000
[inst #2383] addi x0,x0,0
Register Write to Reg: 0x00 Val: 0x00000000
[inst #2384] addi x0,x0,0
Register Write to Reg: 0x00 Val: 0x00000000
[inst #2385] add x29,x0,x7
Register Write to Reg: 0x1D Val: 0x10010F94
[inst #2386] auipc x1,0
Register Write to Reg: 0x01 Val: 0x0040056C
[inst #2387] sll x0,x0,x0
Register Write to Reg: 0x00 Val: 0x00000000
[inst #2388] sll x0,x0,x0
Register Write to Reg: 0x00 Val: 0x00000000
[inst #2389] sll x0,x0,x0
Register Write to Reg: 0x00 Val: 0x00000000
[inst #2390] addi x1,x1,48
Register Write to Reg: 0x01 Val: 0x0040059C
[inst #2391] addi x0,x0,0
Register Write to Reg: 0x00 Val: 0x00000000
[inst #2392] addi x0,x0,0
Register Write to Reg: 0x00 Val: 0x00000000
[inst #2393] addi x0,x0,0
Register Write to Reg: 0x00 Val: 0x00000000
[inst #2394] jal x0,104
Register Write to Reg: 0x00 Val: 0x00400590
[inst #2395] addi x2,x2,-24
Register Write to Reg: 0x02 Val: 0x10010F60
[inst #2396] addi x0,x0,0
Register Write to Reg: 0x00 Val: 0x00000000
[inst #2397] addi x0,x0,0
Register Write to Reg: 0x00 Val: 0x00000000
[inst #2398] addi x0,x0,0
Register Write to Reg: 0x00 Val: 0x00000000
[inst #2399] sw x8,20(x2)
Memory Write to Addr: 0x10010F74 Val: 0x10010F78
[inst #2400] add x8,x0,x2
Register Write to Reg: 0x08 Val: 0x10010F60
[inst #2401] addi x0,x0,0
Register Write to Reg: 0x00 Val: 0x00000000
[inst #2402] addi x0,x0,0
Register Write to Reg: 0x00 Val: 0x00000000
[inst #2403] addi x0,x0,0
Register Write to Reg: 0x00 Val: 0x00000000
[inst #2404] sub x31,x8,x2
Register Write to Reg: 0x1F Val: 0x00000000
[inst #2405] addi x0,x0,0
Register Write to Reg: 0x00 Val: 0x00000000
[inst #2406] addi x0,x0,0
Register Write to Reg: 0x00 Val: 0x00000000
[inst #2407] addi x0,x0,0
Register Write to Reg: 0x00 Val: 0x00000000
[inst #2408] sw x29,24(x8)
Memory Write to Addr: 0x10010F78 Val: 0x10010F94
[inst #2409] sw x30,28(x8)
Memory Write to Addr: 0x10010F7C Val: 0x00000002
[inst #2410] lw x7,28(x8)
Register Write to Reg: 0x07 Val: 0x00000002
[inst #2411] addi x0,x0,0
Register Write to Reg: 0x00 Val: 0x00000000
[inst #2412] addi x0,x0,0
Register Write to Reg: 0x00 Val: 0x00000000
[inst #2413] addi x0,x0,0
Register Write to Reg: 0x00 Val: 0x00000000
[inst #2414] sw x7,8(x8)
Memory Write to Addr: 0x10010F68 Val: 0x00000002
[inst #2415] sw x0,12(x8)
Memory Write to Addr: 0x10010F6C Val: 0x00000000
[inst #2416] lw x7,24(x8)
Register Write to Reg: 0x07 Val: 0x10010F94
[inst #2417] lw x29,8(x8)
Register Write to Reg: 0x1D Val: 0x00000002
[inst #2418] lw x28,12(x8)
Register Write to Reg: 0x1C Val: 0x00000000
[inst #2419] addi x0,x0,0
Register Write to Reg: 0x00 Val: 0x00000000
[inst #2420] addi x0,x0,0
Register Write to Reg: 0x00 Val: 0x00000000
[inst #2421] addi x0,x0,0
Register Write to Reg: 0x00 Val: 0x00000000
[inst #2422] sw x29,0(x7)
Memory Write to Addr: 0x10010F94 Val: 0x00000002
[inst #2423] sw x28,4(x7)
Memory Write to Addr: 0x10010F98 Val: 0x00000000
[inst #2424] lw x7,24(x8)
Register Write to Reg: 0x07 Val: 0x10010F94
[inst #2425] add x2,x0,x8
Register Write to Reg: 0x02 Val: 0x10010F60
[inst #2426] addi x0,x0,0
Register Write to Reg: 0x00 Val: 0x00000000
[inst #2427] addi x0,x0,0
Register Write to Reg: 0x00 Val: 0x00000000
[inst #2428] addi x0,x0,0
Register Write to Reg: 0x00 Val: 0x00000000
[inst #2429] lw x8,20(x2)
Register Write to Reg: 0x08 Val: 0x10010F78
[inst #2430] addi x2,x2,24
Register Write to Reg: 0x02 Val: 0x10010F78
[inst #2431] jalr x0,x1,0
Register Write to Reg: 0x00 Val: 0x00400688
[inst #2432] addi x7,x8,28
Register Write to Reg: 0x07 Val: 0x10010F94
[inst #2433] addi x0,x0,0
Register Write to Reg: 0x00 Val: 0x00000000
[inst #2434] addi x0,x0,0
Register Write to Reg: 0x00 Val: 0x00000000
[inst #2435] addi x0,x0,0
Register Write to Reg: 0x00 Val: 0x00000000
[inst #2436] add x29,x0,x7
Register Write to Reg: 0x1D Val: 0x10010F94
[inst #2437] auipc x1,0
Register Write to Reg: 0x01 Val: 0x004005B0
[inst #2438] sll x0,x0,x0
Register Write to Reg: 0x00 Val: 0x00000000
[inst #2439] sll x0,x0,x0
Register Write to Reg: 0x00 Val: 0x00000000
[inst #2440] sll x0,x0,x0
Register Write to Reg: 0x00 Val: 0x00000000
[inst #2441] addi x1,x1,48
Register Write to Reg: 0x01 Val: 0x004005E0
[inst #2442] addi x0,x0,0
Register Write to Reg: 0x00 Val: 0x00000000
[inst #2443] addi x0,x0,0
Register Write to Reg: 0x00 Val: 0x00000000
[inst #2444] addi x0,x0,0
Register Write to Reg: 0x00 Val: 0x00000000
[inst #2445] jal x0,196
Register Write to Reg: 0x00 Val: 0x004005D4
[inst #2446] addi x2,x2,-32
Register Write to Reg: 0x02 Val: 0x10010F58
[inst #2447] addi x0,x0,0
Register Write to Reg: 0x00 Val: 0x00000000
[inst #2448] addi x0,x0,0
Register Write to Reg: 0x00 Val: 0x00000000
[inst #2449] addi x0,x0,0
Register Write to Reg: 0x00 Val: 0x00000000
[inst #2450] sw x1,28(x2)
Memory Write to Addr: 0x10010F74 Val: 0x004005E0
[inst #2451] sw x8,24(x2)
Memory Write to Addr: 0x10010F70 Val: 0x10010F78
[inst #2452] add x8,x0,x2
Register Write to Reg: 0x08 Val: 0x10010F58
[inst #2453] addi x0,x0,0
Register Write to Reg: 0x00 Val: 0x00000000
[inst #2454] addi x0,x0,0
Register Write to Reg: 0x00 Val: 0x00000000
[inst #2455] addi x0,x0,0
Register Write to Reg: 0x00 Val: 0x00000000
[inst #2456] sw x29,32(x8)
Memory Write to Addr: 0x10010F78 Val: 0x10010F94
[inst #2457] jal x0,292
Register Write to Reg: 0x00 Val: 0x004006C4
[inst #2458] lw x7,32(x8)
Register Write to Reg: 0x07 Val: 0x10010F94
[inst #2459] addi x0,x0,0
Register Write to Reg: 0x00 Val: 0x00000000
[inst #2460] addi x0,x0,0
Register Write to Reg: 0x00 Val: 0x00000000
[inst #2461] addi x0,x0,0
Register Write to Reg: 0x00 Val: 0x00000000
[inst #2462] lw x7,4(x7)
Register Write to Reg: 0x07 Val: 0x00000000
[inst #2463] addi x0,x0,0
Register Write to Reg: 0x00 Val: 0x00000000
[inst #2464] addi x0,x0,0
Register Write to Reg: 0x00 Val: 0x00000000
[inst #2465] addi x0,x0,0
Register Write to Reg: 0x00 Val: 0x00000000
[inst #2466] slti x7,x7,4
Register Write to Reg: 0x07 Val: 0x00000001
[inst #2467] addi x0,x0,0
Register Write to Reg: 0x00 Val: 0x00000000
[inst #2468] addi x0,x0,0
Register Write to Reg: 0x00 Val: 0x00000000
[inst #2469] addi x0,x0,0
Register Write to Reg: 0x00 Val: 0x00000000
[inst #2470] beq x7,x0,32
[inst #2471] addi x0,x0,0
Register Write to Reg: 0x00 Val: 0x00000000
[inst #2472] addi x0,x0,0
Register Write to Reg: 0x00 Val: 0x00000000
[inst #2473] addi x0,x0,0
Register Write to Reg: 0x00 Val: 0x00000000
[inst #2474] jal x0,-340
Register Write to Reg: 0x00 Val: 0x00400828
[inst #2475] lw x7,32(x8)
Register Write to Reg: 0x07 Val: 0x10010F94
[inst #2476] addi x0,x0,0
Register Write to Reg: 0x00 Val: 0x00000000
[inst #2477] addi x0,x0,0
Register Write to Reg: 0x00 Val: 0x00000000
[inst #2478] addi x0,x0,0
Register Write to Reg: 0x00 Val: 0x00000000
[inst #2479] lw x28,0(x7)
Register Write to Reg: 0x1C Val: 0x00000002
[inst #2480] lw x7,32(x8)
Register Write to Reg: 0x07 Val: 0x10010F94
[inst #2481] addi x0,x0,0
Register Write to Reg: 0x00 Val: 0x00000000
[inst #2482] addi x0,x0,0
Register Write to Reg: 0x00 Val: 0x00000000
[inst #2483] addi x0,x0,0
Register Write to Reg: 0x00 Val: 0x00000000
[inst #2484] lw x7,4(x7)
Register Write to Reg: 0x07 Val: 0x00000000
[inst #2485] addi x0,x0,0
Register Write to Reg: 0x00 Val: 0x00000000
[inst #2486] addi x0,x0,0
Register Write to Reg: 0x00 Val: 0x00000000
[inst #2487] addi x0,x0,0
Register Write to Reg: 0x00 Val: 0x00000000
[inst #2488] add x30,x0,x7
Register Write to Reg: 0x1E Val: 0x00000000
[inst #2489] addi x0,x0,0
Register Write to Reg: 0x00 Val: 0x00000000
[inst #2490] addi x0,x0,0
Register Write to Reg: 0x00 Val: 0x00000000
[inst #2491] addi x0,x0,0
Register Write to Reg: 0x00 Val: 0x00000000
[inst #2492] add x29,x0,x28
Register Write to Reg: 0x1D Val: 0x00000002
[inst #2493] auipc x1,0
Register Write to Reg: 0x01 Val: 0x00400718
[inst #2494] sll x0,x0,x0
Register Write to Reg: 0x00 Val: 0x00000000
[inst #2495] sll x0,x0,x0
Register Write to Reg: 0x00 Val: 0x00000000
[inst #2496] sll x0,x0,x0
Register Write to Reg: 0x00 Val: 0x00000000
[inst #2497] addi x1,x1,48
Register Write to Reg: 0x01 Val: 0x00400748
[inst #2498] addi x0,x0,0
Register Write to Reg: 0x00 Val: 0x00000000
[inst #2499] addi x0,x0,0
Register Write to Reg: 0x00 Val: 0x00000000
[inst #2500] addi x0,x0,0
Register Write to Reg: 0x00 Val: 0x00000000
[inst #2501] jal x0,312
Register Write to Reg: 0x00 Val: 0x0040073C
[inst #2502] addi x2,x2,-32
Register Write to Reg: 0x02 Val: 0x10010F38
[inst #2503] addi x0,x0,0
Register Write to Reg: 0x00 Val: 0x00000000
[inst #2504] addi x0,x0,0
Register Write to Reg: 0x00 Val: 0x00000000
[inst #2505] addi x0,x0,0
Register Write to Reg: 0x00 Val: 0x00000000
[inst #2506] sw x8,28(x2)
Memory Write to Addr: 0x10010F54 Val: 0x10010F58
[inst #2507] add x8,x0,x2
Register Write to Reg: 0x08 Val: 0x10010F38
[inst #2508] addi x0,x0,0
Register Write to Reg: 0x00 Val: 0x00000000
[inst #2509] addi x0,x0,0
Register Write to Reg: 0x00 Val: 0x00000000
[inst #2510] addi x0,x0,0
Register Write to Reg: 0x00 Val: 0x00000000
[inst #2511] sw x29,32(x8)
Memory Write to Addr: 0x10010F58 Val: 0x00000002
[inst #2512] sw x30,36(x8)
Memory Write to Addr: 0x10010F5C Val: 0x00000000
[inst #2513] auipc x7,64527
Register Write to Reg: 0x07 Val: 0x1000F89C
[inst #2514] sll x0,x0,x0
Register Write to Reg: 0x00 Val: 0x00000000
[inst #2515] sll x0,x0,x0
Register Write to Reg: 0x00 Val: 0x00000000
[inst #2516] sll x0,x0,x0
Register Write to Reg: 0x00 Val: 0x00000000
[inst #2517] addi x7,x7,1912
Register Write to Reg: 0x07 Val: 0x10010014
[inst #2518] addi x0,x0,0
Register Write to Reg: 0x00 Val: 0x00000000
[inst #2519] addi x0,x0,0
Register Write to Reg: 0x00 Val: 0x00000000
[inst #2520] addi x0,x0,0
Register Write to Reg: 0x00 Val: 0x00000000
[inst #2521] lw x28,32(x8)
Register Write to Reg: 0x1C Val: 0x00000002
[inst #2522] addi x0,x0,0
Register Write to Reg: 0x00 Val: 0x00000000
[inst #2523] addi x0,x0,0
Register Write to Reg: 0x00 Val: 0x00000000
[inst #2524] addi x0,x0,0
Register Write to Reg: 0x00 Val: 0x00000000
[inst #2525] slli x28,x28,2
Register Write to Reg: 0x1C Val: 0x00000008
[inst #2526] addi x0,x0,0
Register Write to Reg: 0x00 Val: 0x00000000
[inst #2527] addi x0,x0,0
Register Write to Reg: 0x00 Val: 0x00000000
[inst #2528] addi x0,x0,0
Register Write to Reg: 0x00 Val: 0x00000000
[inst #2529] add x7,x28,x7
Register Write to Reg: 0x07 Val: 0x1001001C
[inst #2530] addi x0,x0,0
Register Write to Reg: 0x00 Val: 0x00000000
[inst #2531] addi x0,x0,0
Register Write to Reg: 0x00 Val: 0x00000000
[inst #2532] addi x0,x0,0
Register Write to Reg: 0x00 Val: 0x00000000
[inst #2533] lw x7,0(x7)
Register Write to Reg: 0x07 Val: 0x00000000
[inst #2534] addi x0,x0,0
Register Write to Reg: 0x00 Val: 0x00000000
[inst #2535] addi x0,x0,0
Register Write to Reg: 0x00 Val: 0x00000000
[inst #2536] addi x0,x0,0
Register Write to Reg: 0x00 Val: 0x00000000
[inst #2537] sw x7,16(x8)
Memory Write to Addr: 0x10010F48 Val: 0x00000000
[inst #2538] addi x7,x0,1
Register Write to Reg: 0x07 Val: 0x00000001
[inst #2539] addi x0,x0,0
Register Write to Reg: 0x00 Val: 0x00000000
[inst #2540] addi x0,x0,0
Register Write to Reg: 0x00 Val: 0x00000000
[inst #2541] addi x0,x0,0
Register Write to Reg: 0x00 Val: 0x00000000
[inst #2542] sw x7,8(x8)
Memory Write to Addr: 0x10010F40 Val: 0x00000001
[inst #2543] sw x0,12(x8)
Memory Write to Addr: 0x10010F44 Val: 0x00000000
[inst #2544] addi x0,x0,0
Register Write to Reg: 0x00 Val: 0x00000000
[inst #2545] addi x0,x0,0
Register Write to Reg: 0x00 Val: 0x00000000
[inst #2546] addi x0,x0,0
Register Write to Reg: 0x00 Val: 0x00000000
[inst #2547] jal x0,88
Register Write to Reg: 0x00 Val: 0x00400928
[inst #2548] lw x28,12(x8)
Register Write to Reg: 0x1C Val: 0x00000000
[inst #2549] lw x7,36(x8)
Register Write to Reg: 0x07 Val: 0x00000000
[inst #2550] addi x0,x0,0
Register Write to Reg: 0x00 Val: 0x00000000
[inst #2551] addi x0,x0,0
Register Write to Reg: 0x00 Val: 0x00000000
[inst #2552] addi x0,x0,0
Register Write to Reg: 0x00 Val: 0x00000000
[inst #2553] slt x7,x28,x7
Register Write to Reg: 0x07 Val: 0x00000000
[inst #2554] addi x0,x0,0
Register Write to Reg: 0x00 Val: 0x00000000
[inst #2555] addi x0,x0,0
Register Write to Reg: 0x00 Val: 0x00000000
[inst #2556] addi x0,x0,0
Register Write to Reg: 0x00 Val: 0x00000000
[inst #2557] beq x7,x0,32
[inst #2558] lw x28,8(x8)
Register Write to Reg: 0x1C Val: 0x00000001
[inst #2559] lw x7,16(x8)
Register Write to Reg: 0x07 Val: 0x00000000
[inst #2560] addi x0,x0,0
Register Write to Reg: 0x00 Val: 0x00000000
[inst #2561] addi x0,x0,0
Register Write to Reg: 0x00 Val: 0x00000000
[inst #2562] addi x0,x0,0
Register Write to Reg: 0x00 Val: 0x00000000
[inst #2563] and x7,x28,x7
Register Write to Reg: 0x07 Val: 0x00000000
[inst #2564] addi x0,x0,0
Register Write to Reg: 0x00 Val: 0x00000000
[inst #2565] addi x0,x0,0
Register Write to Reg: 0x00 Val: 0x00000000
[inst #2566] addi x0,x0,0
Register Write to Reg: 0x00 Val: 0x00000000
[inst #2567] slt x7,x0,x7
Register Write to Reg: 0x07 Val: 0x00000000
[inst #2568] addi x0,x0,0
Register Write to Reg: 0x00 Val: 0x00000000
[inst #2569] addi x0,x0,0
Register Write to Reg: 0x00 Val: 0x00000000
[inst #2570] addi x0,x0,0
Register Write to Reg: 0x00 Val: 0x00000000
[inst #2571] andi x7,x7,255
Register Write to Reg: 0x07 Val: 0x00000000
[inst #2572] add x2,x0,x8
Register Write to Reg: 0x02 Val: 0x10010F38
[inst #2573] addi x0,x0,0
Register Write to Reg: 0x00 Val: 0x00000000
[inst #2574] addi x0,x0,0
Register Write to Reg: 0x00 Val: 0x00000000
[inst #2575] addi x0,x0,0
Register Write to Reg: 0x00 Val: 0x00000000
[inst #2576] lw x8,28(x2)
Register Write to Reg: 0x08 Val: 0x10010F58
[inst #2577] addi x2,x2,32
Register Write to Reg: 0x02 Val: 0x10010F58
[inst #2578] jalr x0,x1,0
Register Write to Reg: 0x00 Val: 0x00400A14
[inst #2579] addi x0,x0,0
Register Write to Reg: 0x00 Val: 0x00000000
[inst #2580] addi x0,x0,0
Register Write to Reg: 0x00 Val: 0x00000000
[inst #2581] addi x0,x0,0
Register Write to Reg: 0x00 Val: 0x00000000
[inst #2582] beq x7,x0,88
[inst #2583] lw x7,32(x8)
Register Write to Reg: 0x07 Val: 0x10010F94
[inst #2584] addi x0,x0,0
Register Write to Reg: 0x00 Val: 0x00000000
[inst #2585] addi x0,x0,0
Register Write to Reg: 0x00 Val: 0x00000000
[inst #2586] addi x0,x0,0
Register Write to Reg: 0x00 Val: 0x00000000
[inst #2587] lw x7,4(x7)
Register Write to Reg: 0x07 Val: 0x00000000
[inst #2588] addi x0,x0,0
Register Write to Reg: 0x00 Val: 0x00000000
[inst #2589] addi x0,x0,0
Register Write to Reg: 0x00 Val: 0x00000000
[inst #2590] addi x0,x0,0
Register Write to Reg: 0x00 Val: 0x00000000
[inst #2591] addi x28,x7,1
Register Write to Reg: 0x1C Val: 0x00000001
[inst #2592] lw x7,32(x8)
Register Write to Reg: 0x07 Val: 0x10010F94
[inst #2593] addi x0,x0,0
Register Write to Reg: 0x00 Val: 0x00000000
[inst #2594] addi x0,x0,0
Register Write to Reg: 0x00 Val: 0x00000000
[inst #2595] addi x0,x0,0
Register Write to Reg: 0x00 Val: 0x00000000
[inst #2596] sw x28,4(x7)
Memory Write to Addr: 0x10010F98 Val: 0x00000001
[inst #2597] lw x7,32(x8)
Register Write to Reg: 0x07 Val: 0x10010F94
[inst #2598] addi x0,x0,0
Register Write to Reg: 0x00 Val: 0x00000000
[inst #2599] addi x0,x0,0
Register Write to Reg: 0x00 Val: 0x00000000
[inst #2600] addi x0,x0,0
Register Write to Reg: 0x00 Val: 0x00000000
[inst #2601] lw x7,4(x7)
Register Write to Reg: 0x07 Val: 0x00000001
[inst #2602] addi x0,x0,0
Register Write to Reg: 0x00 Val: 0x00000000
[inst #2603] addi x0,x0,0
Register Write to Reg: 0x00 Val: 0x00000000
[inst #2604] addi x0,x0,0
Register Write to Reg: 0x00 Val: 0x00000000
[inst #2605] slti x7,x7,4
Register Write to Reg: 0x07 Val: 0x00000001
[inst #2606] addi x0,x0,0
Register Write to Reg: 0x00 Val: 0x00000000
[inst #2607] addi x0,x0,0
Register Write to Reg: 0x00 Val: 0x00000000
[inst #2608] addi x0,x0,0
Register Write to Reg: 0x00 Val: 0x00000000
[inst #2609] beq x7,x0,32
[inst #2610] addi x0,x0,0
Register Write to Reg: 0x00 Val: 0x00000000
[inst #2611] addi x0,x0,0
Register Write to Reg: 0x00 Val: 0x00000000
[inst #2612] addi x0,x0,0
Register Write to Reg: 0x00 Val: 0x00000000
[inst #2613] jal x0,-340
Register Write to Reg: 0x00 Val: 0x00400828
[inst #2614] lw x7,32(x8)
Register Write to Reg: 0x07 Val: 0x10010F94
[inst #2615] addi x0,x0,0
Register Write to Reg: 0x00 Val: 0x00000000
[inst #2616] addi x0,x0,0
Register Write to Reg: 0x00 Val: 0x00000000
[inst #2617] addi x0,x0,0
Register Write to Reg: 0x00 Val: 0x00000000
[inst #2618] lw x28,0(x7)
Register Write to Reg: 0x1C Val: 0x00000002
[inst #2619] lw x7,32(x8)
Register Write to Reg: 0x07 Val: 0x10010F94
[inst #2620] addi x0,x0,0
Register Write to Reg: 0x00 Val: 0x00000000
[inst #2621] addi x0,x0,0
Register Write to Reg: 0x00 Val: 0x00000000
[inst #2622] addi x0,x0,0
Register Write to Reg: 0x00 Val: 0x00000000
[inst #2623] lw x7,4(x7)
Register Write to Reg: 0x07 Val: 0x00000001
[inst #2624] addi x0,x0,0
Register Write to Reg: 0x00 Val: 0x00000000
[inst #2625] addi x0,x0,0
Register Write to Reg: 0x00 Val: 0x00000000
[inst #2626] addi x0,x0,0
Register Write to Reg: 0x00 Val: 0x00000000
[inst #2627] add x30,x0,x7
Register Write to Reg: 0x1E Val: 0x00000001
[inst #2628] addi x0,x0,0
Register Write to Reg: 0x00 Val: 0x00000000
[inst #2629] addi x0,x0,0
Register Write to Reg: 0x00 Val: 0x00000000
[inst #2630] addi x0,x0,0
Register Write to Reg: 0x00 Val: 0x00000000
[inst #2631] add x29,x0,x28
Register Write to Reg: 0x1D Val: 0x00000002
[inst #2632] auipc x1,0
Register Write to Reg: 0x01 Val: 0x00400718
[inst #2633] sll x0,x0,x0
Register Write to Reg: 0x00 Val: 0x00000000
[inst #2634] sll x0,x0,x0
Register Write to Reg: 0x00 Val: 0x00000000
[inst #2635] sll x0,x0,x0
Register Write to Reg: 0x00 Val: 0x00000000
[inst #2636] addi x1,x1,48
Register Write to Reg: 0x01 Val: 0x00400748
[inst #2637] addi x0,x0,0
Register Write to Reg: 0x00 Val: 0x00000000
[inst #2638] addi x0,x0,0
Register Write to Reg: 0x00 Val: 0x00000000
[inst #2639] addi x0,x0,0
Register Write to Reg: 0x00 Val: 0x00000000
[inst #2640] jal x0,312
Register Write to Reg: 0x00 Val: 0x0040073C
[inst #2641] addi x2,x2,-32
Register Write to Reg: 0x02 Val: 0x10010F38
[inst #2642] addi x0,x0,0
Register Write to Reg: 0x00 Val: 0x00000000
[inst #2643] addi x0,x0,0
Register Write to Reg: 0x00 Val: 0x00000000
[inst #2644] addi x0,x0,0
Register Write to Reg: 0x00 Val: 0x00000000
[inst #2645] sw x8,28(x2)
Memory Write to Addr: 0x10010F54 Val: 0x10010F58
[inst #2646] add x8,x0,x2
Register Write to Reg: 0x08 Val: 0x10010F38
[inst #2647] addi x0,x0,0
Register Write to Reg: 0x00 Val: 0x00000000
[inst #2648] addi x0,x0,0
Register Write to Reg: 0x00 Val: 0x00000000
[inst #2649] addi x0,x0,0
Register Write to Reg: 0x00 Val: 0x00000000
[inst #2650] sw x29,32(x8)
Memory Write to Addr: 0x10010F58 Val: 0x00000002
[inst #2651] sw x30,36(x8)
Memory Write to Addr: 0x10010F5C Val: 0x00000001
[inst #2652] auipc x7,64527
Register Write to Reg: 0x07 Val: 0x1000F89C
[inst #2653] sll x0,x0,x0
Register Write to Reg: 0x00 Val: 0x00000000
[inst #2654] sll x0,x0,x0
Register Write to Reg: 0x00 Val: 0x00000000
[inst #2655] sll x0,x0,x0
Register Write to Reg: 0x00 Val: 0x00000000
[inst #2656] addi x7,x7,1912
Register Write to Reg: 0x07 Val: 0x10010014
[inst #2657] addi x0,x0,0
Register Write to Reg: 0x00 Val: 0x00000000
[inst #2658] addi x0,x0,0
Register Write to Reg: 0x00 Val: 0x00000000
[inst #2659] addi x0,x0,0
Register Write to Reg: 0x00 Val: 0x00000000
[inst #2660] lw x28,32(x8)
Register Write to Reg: 0x1C Val: 0x00000002
[inst #2661] addi x0,x0,0
Register Write to Reg: 0x00 Val: 0x00000000
[inst #2662] addi x0,x0,0
Register Write to Reg: 0x00 Val: 0x00000000
[inst #2663] addi x0,x0,0
Register Write to Reg: 0x00 Val: 0x00000000
[inst #2664] slli x28,x28,2
Register Write to Reg: 0x1C Val: 0x00000008
[inst #2665] addi x0,x0,0
Register Write to Reg: 0x00 Val: 0x00000000
[inst #2666] addi x0,x0,0
Register Write to Reg: 0x00 Val: 0x00000000
[inst #2667] addi x0,x0,0
Register Write to Reg: 0x00 Val: 0x00000000
[inst #2668] add x7,x28,x7
Register Write to Reg: 0x07 Val: 0x1001001C
[inst #2669] addi x0,x0,0
Register Write to Reg: 0x00 Val: 0x00000000
[inst #2670] addi x0,x0,0
Register Write to Reg: 0x00 Val: 0x00000000
[inst #2671] addi x0,x0,0
Register Write to Reg: 0x00 Val: 0x00000000
[inst #2672] lw x7,0(x7)
Register Write to Reg: 0x07 Val: 0x00000000
[inst #2673] addi x0,x0,0
Register Write to Reg: 0x00 Val: 0x00000000
[inst #2674] addi x0,x0,0
Register Write to Reg: 0x00 Val: 0x00000000
[inst #2675] addi x0,x0,0
Register Write to Reg: 0x00 Val: 0x00000000
[inst #2676] sw x7,16(x8)
Memory Write to Addr: 0x10010F48 Val: 0x00000000
[inst #2677] addi x7,x0,1
Register Write to Reg: 0x07 Val: 0x00000001
[inst #2678] addi x0,x0,0
Register Write to Reg: 0x00 Val: 0x00000000
[inst #2679] addi x0,x0,0
Register Write to Reg: 0x00 Val: 0x00000000
[inst #2680] addi x0,x0,0
Register Write to Reg: 0x00 Val: 0x00000000
[inst #2681] sw x7,8(x8)
Memory Write to Addr: 0x10010F40 Val: 0x00000001
[inst #2682] sw x0,12(x8)
Memory Write to Addr: 0x10010F44 Val: 0x00000000
[inst #2683] addi x0,x0,0
Register Write to Reg: 0x00 Val: 0x00000000
[inst #2684] addi x0,x0,0
Register Write to Reg: 0x00 Val: 0x00000000
[inst #2685] addi x0,x0,0
Register Write to Reg: 0x00 Val: 0x00000000
[inst #2686] jal x0,88
Register Write to Reg: 0x00 Val: 0x00400928
[inst #2687] lw x28,12(x8)
Register Write to Reg: 0x1C Val: 0x00000000
[inst #2688] lw x7,36(x8)
Register Write to Reg: 0x07 Val: 0x00000001
[inst #2689] addi x0,x0,0
Register Write to Reg: 0x00 Val: 0x00000000
[inst #2690] addi x0,x0,0
Register Write to Reg: 0x00 Val: 0x00000000
[inst #2691] addi x0,x0,0
Register Write to Reg: 0x00 Val: 0x00000000
[inst #2692] slt x7,x28,x7
Register Write to Reg: 0x07 Val: 0x00000001
[inst #2693] addi x0,x0,0
Register Write to Reg: 0x00 Val: 0x00000000
[inst #2694] addi x0,x0,0
Register Write to Reg: 0x00 Val: 0x00000000
[inst #2695] addi x0,x0,0
Register Write to Reg: 0x00 Val: 0x00000000
[inst #2696] beq x7,x0,32
[inst #2697] addi x0,x0,0
Register Write to Reg: 0x00 Val: 0x00000000
[inst #2698] addi x0,x0,0
Register Write to Reg: 0x00 Val: 0x00000000
[inst #2699] addi x0,x0,0
Register Write to Reg: 0x00 Val: 0x00000000
[inst #2700] jal x0,-124
Register Write to Reg: 0x00 Val: 0x004009B4
[inst #2701] lw x7,8(x8)
Register Write to Reg: 0x07 Val: 0x00000001
[inst #2702] addi x0,x0,0
Register Write to Reg: 0x00 Val: 0x00000000
[inst #2703] addi x0,x0,0
Register Write to Reg: 0x00 Val: 0x00000000
[inst #2704] addi x0,x0,0
Register Write to Reg: 0x00 Val: 0x00000000
[inst #2705] slli x7,x7,1
Register Write to Reg: 0x07 Val: 0x00000002
[inst #2706] addi x0,x0,0
Register Write to Reg: 0x00 Val: 0x00000000
[inst #2707] addi x0,x0,0
Register Write to Reg: 0x00 Val: 0x00000000
[inst #2708] addi x0,x0,0
Register Write to Reg: 0x00 Val: 0x00000000
[inst #2709] sw x7,8(x8)
Memory Write to Addr: 0x10010F40 Val: 0x00000002
[inst #2710] lw x7,12(x8)
Register Write to Reg: 0x07 Val: 0x00000000
[inst #2711] addi x0,x0,0
Register Write to Reg: 0x00 Val: 0x00000000
[inst #2712] addi x0,x0,0
Register Write to Reg: 0x00 Val: 0x00000000
[inst #2713] addi x0,x0,0
Register Write to Reg: 0x00 Val: 0x00000000
[inst #2714] addi x7,x7,1
Register Write to Reg: 0x07 Val: 0x00000001
[inst #2715] addi x0,x0,0
Register Write to Reg: 0x00 Val: 0x00000000
[inst #2716] addi x0,x0,0
Register Write to Reg: 0x00 Val: 0x00000000
[inst #2717] addi x0,x0,0
Register Write to Reg: 0x00 Val: 0x00000000
[inst #2718] sw x7,12(x8)
Memory Write to Addr: 0x10010F44 Val: 0x00000001
[inst #2719] lw x28,12(x8)
Register Write to Reg: 0x1C Val: 0x00000001
[inst #2720] lw x7,36(x8)
Register Write to Reg: 0x07 Val: 0x00000001
[inst #2721] addi x0,x0,0
Register Write to Reg: 0x00 Val: 0x00000000
[inst #2722] addi x0,x0,0
Register Write to Reg: 0x00 Val: 0x00000000
[inst #2723] addi x0,x0,0
Register Write to Reg: 0x00 Val: 0x00000000
[inst #2724] slt x7,x28,x7
Register Write to Reg: 0x07 Val: 0x00000000
[inst #2725] addi x0,x0,0
Register Write to Reg: 0x00 Val: 0x00000000
[inst #2726] addi x0,x0,0
Register Write to Reg: 0x00 Val: 0x00000000
[inst #2727] addi x0,x0,0
Register Write to Reg: 0x00 Val: 0x00000000
[inst #2728] beq x7,x0,32
[inst #2729] lw x28,8(x8)
Register Write to Reg: 0x1C Val: 0x00000002
[inst #2730] lw x7,16(x8)
Register Write to Reg: 0x07 Val: 0x00000000
[inst #2731] addi x0,x0,0
Register Write to Reg: 0x00 Val: 0x00000000
[inst #2732] addi x0,x0,0
Register Write to Reg: 0x00 Val: 0x00000000
[inst #2733] addi x0,x0,0
Register Write to Reg: 0x00 Val: 0x00000000
[inst #2734] and x7,x28,x7
Register Write to Reg: 0x07 Val: 0x00000000
[inst #2735] addi x0,x0,0
Register Write to Reg: 0x00 Val: 0x00000000
[inst #2736] addi x0,x0,0
Register Write to Reg: 0x00 Val: 0x00000000
[inst #2737] addi x0,x0,0
Register Write to Reg: 0x00 Val: 0x00000000
[inst #2738] slt x7,x0,x7
Register Write to Reg: 0x07 Val: 0x00000000
[inst #2739] addi x0,x0,0
Register Write to Reg: 0x00 Val: 0x00000000
[inst #2740] addi x0,x0,0
Register Write to Reg: 0x00 Val: 0x00000000
[inst #2741] addi x0,x0,0
Register Write to Reg: 0x00 Val: 0x00000000
[inst #2742] andi x7,x7,255
Register Write to Reg: 0x07 Val: 0x00000000
[inst #2743] add x2,x0,x8
Register Write to Reg: 0x02 Val: 0x10010F38
[inst #2744] addi x0,x0,0
Register Write to Reg: 0x00 Val: 0x00000000
[inst #2745] addi x0,x0,0
Register Write to Reg: 0x00 Val: 0x00000000
[inst #2746] addi x0,x0,0
Register Write to Reg: 0x00 Val: 0x00000000
[inst #2747] lw x8,28(x2)
Register Write to Reg: 0x08 Val: 0x10010F58
[inst #2748] addi x2,x2,32
Register Write to Reg: 0x02 Val: 0x10010F58
[inst #2749] jalr x0,x1,0
Register Write to Reg: 0x00 Val: 0x00400A14
[inst #2750] addi x0,x0,0
Register Write to Reg: 0x00 Val: 0x00000000
[inst #2751] addi x0,x0,0
Register Write to Reg: 0x00 Val: 0x00000000
[inst #2752] addi x0,x0,0
Register Write to Reg: 0x00 Val: 0x00000000
[inst #2753] beq x7,x0,88
[inst #2754] lw x7,32(x8)
Register Write to Reg: 0x07 Val: 0x10010F94
[inst #2755] addi x0,x0,0
Register Write to Reg: 0x00 Val: 0x00000000
[inst #2756] addi x0,x0,0
Register Write to Reg: 0x00 Val: 0x00000000
[inst #2757] addi x0,x0,0
Register Write to Reg: 0x00 Val: 0x00000000
[inst #2758] lw x7,4(x7)
Register Write to Reg: 0x07 Val: 0x00000001
[inst #2759] addi x0,x0,0
Register Write to Reg: 0x00 Val: 0x00000000
[inst #2760] addi x0,x0,0
Register Write to Reg: 0x00 Val: 0x00000000
[inst #2761] addi x0,x0,0
Register Write to Reg: 0x00 Val: 0x00000000
[inst #2762] addi x28,x7,1
Register Write to Reg: 0x1C Val: 0x00000002
[inst #2763] lw x7,32(x8)
Register Write to Reg: 0x07 Val: 0x10010F94
[inst #2764] addi x0,x0,0
Register Write to Reg: 0x00 Val: 0x00000000
[inst #2765] addi x0,x0,0
Register Write to Reg: 0x00 Val: 0x00000000
[inst #2766] addi x0,x0,0
Register Write to Reg: 0x00 Val: 0x00000000
[inst #2767] sw x28,4(x7)
Memory Write to Addr: 0x10010F98 Val: 0x00000002
[inst #2768] lw x7,32(x8)
Register Write to Reg: 0x07 Val: 0x10010F94
[inst #2769] addi x0,x0,0
Register Write to Reg: 0x00 Val: 0x00000000
[inst #2770] addi x0,x0,0
Register Write to Reg: 0x00 Val: 0x00000000
[inst #2771] addi x0,x0,0
Register Write to Reg: 0x00 Val: 0x00000000
[inst #2772] lw x7,4(x7)
Register Write to Reg: 0x07 Val: 0x00000002
[inst #2773] addi x0,x0,0
Register Write to Reg: 0x00 Val: 0x00000000
[inst #2774] addi x0,x0,0
Register Write to Reg: 0x00 Val: 0x00000000
[inst #2775] addi x0,x0,0
Register Write to Reg: 0x00 Val: 0x00000000
[inst #2776] slti x7,x7,4
Register Write to Reg: 0x07 Val: 0x00000001
[inst #2777] addi x0,x0,0
Register Write to Reg: 0x00 Val: 0x00000000
[inst #2778] addi x0,x0,0
Register Write to Reg: 0x00 Val: 0x00000000
[inst #2779] addi x0,x0,0
Register Write to Reg: 0x00 Val: 0x00000000
[inst #2780] beq x7,x0,32
[inst #2781] addi x0,x0,0
Register Write to Reg: 0x00 Val: 0x00000000
[inst #2782] addi x0,x0,0
Register Write to Reg: 0x00 Val: 0x00000000
[inst #2783] addi x0,x0,0
Register Write to Reg: 0x00 Val: 0x00000000
[inst #2784] jal x0,-340
Register Write to Reg: 0x00 Val: 0x00400828
[inst #2785] lw x7,32(x8)
Register Write to Reg: 0x07 Val: 0x10010F94
[inst #2786] addi x0,x0,0
Register Write to Reg: 0x00 Val: 0x00000000
[inst #2787] addi x0,x0,0
Register Write to Reg: 0x00 Val: 0x00000000
[inst #2788] addi x0,x0,0
Register Write to Reg: 0x00 Val: 0x00000000
[inst #2789] lw x28,0(x7)
Register Write to Reg: 0x1C Val: 0x00000002
[inst #2790] lw x7,32(x8)
Register Write to Reg: 0x07 Val: 0x10010F94
[inst #2791] addi x0,x0,0
Register Write to Reg: 0x00 Val: 0x00000000
[inst #2792] addi x0,x0,0
Register Write to Reg: 0x00 Val: 0x00000000
[inst #2793] addi x0,x0,0
Register Write to Reg: 0x00 Val: 0x00000000
[inst #2794] lw x7,4(x7)
Register Write to Reg: 0x07 Val: 0x00000002
[inst #2795] addi x0,x0,0
Register Write to Reg: 0x00 Val: 0x00000000
[inst #2796] addi x0,x0,0
Register Write to Reg: 0x00 Val: 0x00000000
[inst #2797] addi x0,x0,0
Register Write to Reg: 0x00 Val: 0x00000000
[inst #2798] add x30,x0,x7
Register Write to Reg: 0x1E Val: 0x00000002
[inst #2799] addi x0,x0,0
Register Write to Reg: 0x00 Val: 0x00000000
[inst #2800] addi x0,x0,0
Register Write to Reg: 0x00 Val: 0x00000000
[inst #2801] addi x0,x0,0
Register Write to Reg: 0x00 Val: 0x00000000
[inst #2802] add x29,x0,x28
Register Write to Reg: 0x1D Val: 0x00000002
[inst #2803] auipc x1,0
Register Write to Reg: 0x01 Val: 0x00400718
[inst #2804] sll x0,x0,x0
Register Write to Reg: 0x00 Val: 0x00000000
[inst #2805] sll x0,x0,x0
Register Write to Reg: 0x00 Val: 0x00000000
[inst #2806] sll x0,x0,x0
Register Write to Reg: 0x00 Val: 0x00000000
[inst #2807] addi x1,x1,48
Register Write to Reg: 0x01 Val: 0x00400748
[inst #2808] addi x0,x0,0
Register Write to Reg: 0x00 Val: 0x00000000
[inst #2809] addi x0,x0,0
Register Write to Reg: 0x00 Val: 0x00000000
[inst #2810] addi x0,x0,0
Register Write to Reg: 0x00 Val: 0x00000000
[inst #2811] jal x0,312
Register Write to Reg: 0x00 Val: 0x0040073C
[inst #2812] addi x2,x2,-32
Register Write to Reg: 0x02 Val: 0x10010F38
[inst #2813] addi x0,x0,0
Register Write to Reg: 0x00 Val: 0x00000000
[inst #2814] addi x0,x0,0
Register Write to Reg: 0x00 Val: 0x00000000
[inst #2815] addi x0,x0,0
Register Write to Reg: 0x00 Val: 0x00000000
[inst #2816] sw x8,28(x2)
Memory Write to Addr: 0x10010F54 Val: 0x10010F58
[inst #2817] add x8,x0,x2
Register Write to Reg: 0x08 Val: 0x10010F38
[inst #2818] addi x0,x0,0
Register Write to Reg: 0x00 Val: 0x00000000
[inst #2819] addi x0,x0,0
Register Write to Reg: 0x00 Val: 0x00000000
[inst #2820] addi x0,x0,0
Register Write to Reg: 0x00 Val: 0x00000000
[inst #2821] sw x29,32(x8)
Memory Write to Addr: 0x10010F58 Val: 0x00000002
[inst #2822] sw x30,36(x8)
Memory Write to Addr: 0x10010F5C Val: 0x00000002
[inst #2823] auipc x7,64527
Register Write to Reg: 0x07 Val: 0x1000F89C
[inst #2824] sll x0,x0,x0
Register Write to Reg: 0x00 Val: 0x00000000
[inst #2825] sll x0,x0,x0
Register Write to Reg: 0x00 Val: 0x00000000
[inst #2826] sll x0,x0,x0
Register Write to Reg: 0x00 Val: 0x00000000
[inst #2827] addi x7,x7,1912
Register Write to Reg: 0x07 Val: 0x10010014
[inst #2828] addi x0,x0,0
Register Write to Reg: 0x00 Val: 0x00000000
[inst #2829] addi x0,x0,0
Register Write to Reg: 0x00 Val: 0x00000000
[inst #2830] addi x0,x0,0
Register Write to Reg: 0x00 Val: 0x00000000
[inst #2831] lw x28,32(x8)
Register Write to Reg: 0x1C Val: 0x00000002
[inst #2832] addi x0,x0,0
Register Write to Reg: 0x00 Val: 0x00000000
[inst #2833] addi x0,x0,0
Register Write to Reg: 0x00 Val: 0x00000000
[inst #2834] addi x0,x0,0
Register Write to Reg: 0x00 Val: 0x00000000
[inst #2835] slli x28,x28,2
Register Write to Reg: 0x1C Val: 0x00000008
[inst #2836] addi x0,x0,0
Register Write to Reg: 0x00 Val: 0x00000000
[inst #2837] addi x0,x0,0
Register Write to Reg: 0x00 Val: 0x00000000
[inst #2838] addi x0,x0,0
Register Write to Reg: 0x00 Val: 0x00000000
[inst #2839] add x7,x28,x7
Register Write to Reg: 0x07 Val: 0x1001001C
[inst #2840] addi x0,x0,0
Register Write to Reg: 0x00 Val: 0x00000000
[inst #2841] addi x0,x0,0
Register Write to Reg: 0x00 Val: 0x00000000
[inst #2842] addi x0,x0,0
Register Write to Reg: 0x00 Val: 0x00000000
[inst #2843] lw x7,0(x7)
Register Write to Reg: 0x07 Val: 0x00000000
[inst #2844] addi x0,x0,0
Register Write to Reg: 0x00 Val: 0x00000000
[inst #2845] addi x0,x0,0
Register Write to Reg: 0x00 Val: 0x00000000
[inst #2846] addi x0,x0,0
Register Write to Reg: 0x00 Val: 0x00000000
[inst #2847] sw x7,16(x8)
Memory Write to Addr: 0x10010F48 Val: 0x00000000
[inst #2848] addi x7,x0,1
Register Write to Reg: 0x07 Val: 0x00000001
[inst #2849] addi x0,x0,0
Register Write to Reg: 0x00 Val: 0x00000000
[inst #2850] addi x0,x0,0
Register Write to Reg: 0x00 Val: 0x00000000
[inst #2851] addi x0,x0,0
Register Write to Reg: 0x00 Val: 0x00000000
[inst #2852] sw x7,8(x8)
Memory Write to Addr: 0x10010F40 Val: 0x00000001
[inst #2853] sw x0,12(x8)
Memory Write to Addr: 0x10010F44 Val: 0x00000000
[inst #2854] addi x0,x0,0
Register Write to Reg: 0x00 Val: 0x00000000
[inst #2855] addi x0,x0,0
Register Write to Reg: 0x00 Val: 0x00000000
[inst #2856] addi x0,x0,0
Register Write to Reg: 0x00 Val: 0x00000000
[inst #2857] jal x0,88
Register Write to Reg: 0x00 Val: 0x00400928
[inst #2858] lw x28,12(x8)
Register Write to Reg: 0x1C Val: 0x00000000
[inst #2859] lw x7,36(x8)
Register Write to Reg: 0x07 Val: 0x00000002
[inst #2860] addi x0,x0,0
Register Write to Reg: 0x00 Val: 0x00000000
[inst #2861] addi x0,x0,0
Register Write to Reg: 0x00 Val: 0x00000000
[inst #2862] addi x0,x0,0
Register Write to Reg: 0x00 Val: 0x00000000
[inst #2863] slt x7,x28,x7
Register Write to Reg: 0x07 Val: 0x00000001
[inst #2864] addi x0,x0,0
Register Write to Reg: 0x00 Val: 0x00000000
[inst #2865] addi x0,x0,0
Register Write to Reg: 0x00 Val: 0x00000000
[inst #2866] addi x0,x0,0
Register Write to Reg: 0x00 Val: 0x00000000
[inst #2867] beq x7,x0,32
[inst #2868] addi x0,x0,0
Register Write to Reg: 0x00 Val: 0x00000000
[inst #2869] addi x0,x0,0
Register Write to Reg: 0x00 Val: 0x00000000
[inst #2870] addi x0,x0,0
Register Write to Reg: 0x00 Val: 0x00000000
[inst #2871] jal x0,-124
Register Write to Reg: 0x00 Val: 0x004009B4
[inst #2872] lw x7,8(x8)
Register Write to Reg: 0x07 Val: 0x00000001
[inst #2873] addi x0,x0,0
Register Write to Reg: 0x00 Val: 0x00000000
[inst #2874] addi x0,x0,0
Register Write to Reg: 0x00 Val: 0x00000000
[inst #2875] addi x0,x0,0
Register Write to Reg: 0x00 Val: 0x00000000
[inst #2876] slli x7,x7,1
Register Write to Reg: 0x07 Val: 0x00000002
[inst #2877] addi x0,x0,0
Register Write to Reg: 0x00 Val: 0x00000000
[inst #2878] addi x0,x0,0
Register Write to Reg: 0x00 Val: 0x00000000
[inst #2879] addi x0,x0,0
Register Write to Reg: 0x00 Val: 0x00000000
[inst #2880] sw x7,8(x8)
Memory Write to Addr: 0x10010F40 Val: 0x00000002
[inst #2881] lw x7,12(x8)
Register Write to Reg: 0x07 Val: 0x00000000
[inst #2882] addi x0,x0,0
Register Write to Reg: 0x00 Val: 0x00000000
[inst #2883] addi x0,x0,0
Register Write to Reg: 0x00 Val: 0x00000000
[inst #2884] addi x0,x0,0
Register Write to Reg: 0x00 Val: 0x00000000
[inst #2885] addi x7,x7,1
Register Write to Reg: 0x07 Val: 0x00000001
[inst #2886] addi x0,x0,0
Register Write to Reg: 0x00 Val: 0x00000000
[inst #2887] addi x0,x0,0
Register Write to Reg: 0x00 Val: 0x00000000
[inst #2888] addi x0,x0,0
Register Write to Reg: 0x00 Val: 0x00000000
[inst #2889] sw x7,12(x8)
Memory Write to Addr: 0x10010F44 Val: 0x00000001
[inst #2890] lw x28,12(x8)
Register Write to Reg: 0x1C Val: 0x00000001
[inst #2891] lw x7,36(x8)
Register Write to Reg: 0x07 Val: 0x00000002
[inst #2892] addi x0,x0,0
Register Write to Reg: 0x00 Val: 0x00000000
[inst #2893] addi x0,x0,0
Register Write to Reg: 0x00 Val: 0x00000000
[inst #2894] addi x0,x0,0
Register Write to Reg: 0x00 Val: 0x00000000
[inst #2895] slt x7,x28,x7
Register Write to Reg: 0x07 Val: 0x00000001
[inst #2896] addi x0,x0,0
Register Write to Reg: 0x00 Val: 0x00000000
[inst #2897] addi x0,x0,0
Register Write to Reg: 0x00 Val: 0x00000000
[inst #2898] addi x0,x0,0
Register Write to Reg: 0x00 Val: 0x00000000
[inst #2899] beq x7,x0,32
[inst #2900] addi x0,x0,0
Register Write to Reg: 0x00 Val: 0x00000000
[inst #2901] addi x0,x0,0
Register Write to Reg: 0x00 Val: 0x00000000
[inst #2902] addi x0,x0,0
Register Write to Reg: 0x00 Val: 0x00000000
[inst #2903] jal x0,-124
Register Write to Reg: 0x00 Val: 0x004009B4
[inst #2904] lw x7,8(x8)
Register Write to Reg: 0x07 Val: 0x00000002
[inst #2905] addi x0,x0,0
Register Write to Reg: 0x00 Val: 0x00000000
[inst #2906] addi x0,x0,0
Register Write to Reg: 0x00 Val: 0x00000000
[inst #2907] addi x0,x0,0
Register Write to Reg: 0x00 Val: 0x00000000
[inst #2908] slli x7,x7,1
Register Write to Reg: 0x07 Val: 0x00000004
[inst #2909] addi x0,x0,0
Register Write to Reg: 0x00 Val: 0x00000000
[inst #2910] addi x0,x0,0
Register Write to Reg: 0x00 Val: 0x00000000
[inst #2911] addi x0,x0,0
Register Write to Reg: 0x00 Val: 0x00000000
[inst #2912] sw x7,8(x8)
Memory Write to Addr: 0x10010F40 Val: 0x00000004
[inst #2913] lw x7,12(x8)
Register Write to Reg: 0x07 Val: 0x00000001
[inst #2914] addi x0,x0,0
Register Write to Reg: 0x00 Val: 0x00000000
[inst #2915] addi x0,x0,0
Register Write to Reg: 0x00 Val: 0x00000000
[inst #2916] addi x0,x0,0
Register Write to Reg: 0x00 Val: 0x00000000
[inst #2917] addi x7,x7,1
Register Write to Reg: 0x07 Val: 0x00000002
[inst #2918] addi x0,x0,0
Register Write to Reg: 0x00 Val: 0x00000000
[inst #2919] addi x0,x0,0
Register Write to Reg: 0x00 Val: 0x00000000
[inst #2920] addi x0,x0,0
Register Write to Reg: 0x00 Val: 0x00000000
[inst #2921] sw x7,12(x8)
Memory Write to Addr: 0x10010F44 Val: 0x00000002
[inst #2922] lw x28,12(x8)
Register Write to Reg: 0x1C Val: 0x00000002
[inst #2923] lw x7,36(x8)
Register Write to Reg: 0x07 Val: 0x00000002
[inst #2924] addi x0,x0,0
Register Write to Reg: 0x00 Val: 0x00000000
[inst #2925] addi x0,x0,0
Register Write to Reg: 0x00 Val: 0x00000000
[inst #2926] addi x0,x0,0
Register Write to Reg: 0x00 Val: 0x00000000
[inst #2927] slt x7,x28,x7
Register Write to Reg: 0x07 Val: 0x00000000
[inst #2928] addi x0,x0,0
Register Write to Reg: 0x00 Val: 0x00000000
[inst #2929] addi x0,x0,0
Register Write to Reg: 0x00 Val: 0x00000000
[inst #2930] addi x0,x0,0
Register Write to Reg: 0x00 Val: 0x00000000
[inst #2931] beq x7,x0,32
[inst #2932] lw x28,8(x8)
Register Write to Reg: 0x1C Val: 0x00000004
[inst #2933] lw x7,16(x8)
Register Write to Reg: 0x07 Val: 0x00000000
[inst #2934] addi x0,x0,0
Register Write to Reg: 0x00 Val: 0x00000000
[inst #2935] addi x0,x0,0
Register Write to Reg: 0x00 Val: 0x00000000
[inst #2936] addi x0,x0,0
Register Write to Reg: 0x00 Val: 0x00000000
[inst #2937] and x7,x28,x7
Register Write to Reg: 0x07 Val: 0x00000000
[inst #2938] addi x0,x0,0
Register Write to Reg: 0x00 Val: 0x00000000
[inst #2939] addi x0,x0,0
Register Write to Reg: 0x00 Val: 0x00000000
[inst #2940] addi x0,x0,0
Register Write to Reg: 0x00 Val: 0x00000000
[inst #2941] slt x7,x0,x7
Register Write to Reg: 0x07 Val: 0x00000000
[inst #2942] addi x0,x0,0
Register Write to Reg: 0x00 Val: 0x00000000
[inst #2943] addi x0,x0,0
Register Write to Reg: 0x00 Val: 0x00000000
[inst #2944] addi x0,x0,0
Register Write to Reg: 0x00 Val: 0x00000000
[inst #2945] andi x7,x7,255
Register Write to Reg: 0x07 Val: 0x00000000
[inst #2946] add x2,x0,x8
Register Write to Reg: 0x02 Val: 0x10010F38
[inst #2947] addi x0,x0,0
Register Write to Reg: 0x00 Val: 0x00000000
[inst #2948] addi x0,x0,0
Register Write to Reg: 0x00 Val: 0x00000000
[inst #2949] addi x0,x0,0
Register Write to Reg: 0x00 Val: 0x00000000
[inst #2950] lw x8,28(x2)
Register Write to Reg: 0x08 Val: 0x10010F58
[inst #2951] addi x2,x2,32
Register Write to Reg: 0x02 Val: 0x10010F58
[inst #2952] jalr x0,x1,0
Register Write to Reg: 0x00 Val: 0x00400A14
[inst #2953] addi x0,x0,0
Register Write to Reg: 0x00 Val: 0x00000000
[inst #2954] addi x0,x0,0
Register Write to Reg: 0x00 Val: 0x00000000
[inst #2955] addi x0,x0,0
Register Write to Reg: 0x00 Val: 0x00000000
[inst #2956] beq x7,x0,88
[inst #2957] lw x7,32(x8)
Register Write to Reg: 0x07 Val: 0x10010F94
[inst #2958] addi x0,x0,0
Register Write to Reg: 0x00 Val: 0x00000000
[inst #2959] addi x0,x0,0
Register Write to Reg: 0x00 Val: 0x00000000
[inst #2960] addi x0,x0,0
Register Write to Reg: 0x00 Val: 0x00000000
[inst #2961] lw x7,4(x7)
Register Write to Reg: 0x07 Val: 0x00000002
[inst #2962] addi x0,x0,0
Register Write to Reg: 0x00 Val: 0x00000000
[inst #2963] addi x0,x0,0
Register Write to Reg: 0x00 Val: 0x00000000
[inst #2964] addi x0,x0,0
Register Write to Reg: 0x00 Val: 0x00000000
[inst #2965] addi x28,x7,1
Register Write to Reg: 0x1C Val: 0x00000003
[inst #2966] lw x7,32(x8)
Register Write to Reg: 0x07 Val: 0x10010F94
[inst #2967] addi x0,x0,0
Register Write to Reg: 0x00 Val: 0x00000000
[inst #2968] addi x0,x0,0
Register Write to Reg: 0x00 Val: 0x00000000
[inst #2969] addi x0,x0,0
Register Write to Reg: 0x00 Val: 0x00000000
[inst #2970] sw x28,4(x7)
Memory Write to Addr: 0x10010F98 Val: 0x00000003
[inst #2971] lw x7,32(x8)
Register Write to Reg: 0x07 Val: 0x10010F94
[inst #2972] addi x0,x0,0
Register Write to Reg: 0x00 Val: 0x00000000
[inst #2973] addi x0,x0,0
Register Write to Reg: 0x00 Val: 0x00000000
[inst #2974] addi x0,x0,0
Register Write to Reg: 0x00 Val: 0x00000000
[inst #2975] lw x7,4(x7)
Register Write to Reg: 0x07 Val: 0x00000003
[inst #2976] addi x0,x0,0
Register Write to Reg: 0x00 Val: 0x00000000
[inst #2977] addi x0,x0,0
Register Write to Reg: 0x00 Val: 0x00000000
[inst #2978] addi x0,x0,0
Register Write to Reg: 0x00 Val: 0x00000000
[inst #2979] slti x7,x7,4
Register Write to Reg: 0x07 Val: 0x00000001
[inst #2980] addi x0,x0,0
Register Write to Reg: 0x00 Val: 0x00000000
[inst #2981] addi x0,x0,0
Register Write to Reg: 0x00 Val: 0x00000000
[inst #2982] addi x0,x0,0
Register Write to Reg: 0x00 Val: 0x00000000
[inst #2983] beq x7,x0,32
[inst #2984] addi x0,x0,0
Register Write to Reg: 0x00 Val: 0x00000000
[inst #2985] addi x0,x0,0
Register Write to Reg: 0x00 Val: 0x00000000
[inst #2986] addi x0,x0,0
Register Write to Reg: 0x00 Val: 0x00000000
[inst #2987] jal x0,-340
Register Write to Reg: 0x00 Val: 0x00400828
[inst #2988] lw x7,32(x8)
Register Write to Reg: 0x07 Val: 0x10010F94
[inst #2989] addi x0,x0,0
Register Write to Reg: 0x00 Val: 0x00000000
[inst #2990] addi x0,x0,0
Register Write to Reg: 0x00 Val: 0x00000000
[inst #2991] addi x0,x0,0
Register Write to Reg: 0x00 Val: 0x00000000
[inst #2992] lw x28,0(x7)
Register Write to Reg: 0x1C Val: 0x00000002
[inst #2993] lw x7,32(x8)
Register Write to Reg: 0x07 Val: 0x10010F94
[inst #2994] addi x0,x0,0
Register Write to Reg: 0x00 Val: 0x00000000
[inst #2995] addi x0,x0,0
Register Write to Reg: 0x00 Val: 0x00000000
[inst #2996] addi x0,x0,0
Register Write to Reg: 0x00 Val: 0x00000000
[inst #2997] lw x7,4(x7)
Register Write to Reg: 0x07 Val: 0x00000003
[inst #2998] addi x0,x0,0
Register Write to Reg: 0x00 Val: 0x00000000
[inst #2999] addi x0,x0,0
Register Write to Reg: 0x00 Val: 0x00000000
[inst #3000] addi x0,x0,0
Register Write to Reg: 0x00 Val: 0x00000000
[inst #3001] add x30,x0,x7
Register Write to Reg: 0x1E Val: 0x00000003
[inst #3002] addi x0,x0,0
Register Write to Reg: 0x00 Val: 0x00000000
[inst #3003] addi x0,x0,0
Register Write to Reg: 0x00 Val: 0x00000000
[inst #3004] addi x0,x0,0
Register Write to Reg: 0x00 Val: 0x00000000
[inst #3005] add x29,x0,x28
Register Write to Reg: 0x1D Val: 0x00000002
[inst #3006] auipc x1,0
Register Write to Reg: 0x01 Val: 0x00400718
[inst #3007] sll x0,x0,x0
Register Write to Reg: 0x00 Val: 0x00000000
[inst #3008] sll x0,x0,x0
Register Write to Reg: 0x00 Val: 0x00000000
[inst #3009] sll x0,x0,x0
Register Write to Reg: 0x00 Val: 0x00000000
[inst #3010] addi x1,x1,48
Register Write to Reg: 0x01 Val: 0x00400748
[inst #3011] addi x0,x0,0
Register Write to Reg: 0x00 Val: 0x00000000
[inst #3012] addi x0,x0,0
Register Write to Reg: 0x00 Val: 0x00000000
[inst #3013] addi x0,x0,0
Register Write to Reg: 0x00 Val: 0x00000000
[inst #3014] jal x0,312
Register Write to Reg: 0x00 Val: 0x0040073C
[inst #3015] addi x2,x2,-32
Register Write to Reg: 0x02 Val: 0x10010F38
[inst #3016] addi x0,x0,0
Register Write to Reg: 0x00 Val: 0x00000000
[inst #3017] addi x0,x0,0
Register Write to Reg: 0x00 Val: 0x00000000
[inst #3018] addi x0,x0,0
Register Write to Reg: 0x00 Val: 0x00000000
[inst #3019] sw x8,28(x2)
Memory Write to Addr: 0x10010F54 Val: 0x10010F58
[inst #3020] add x8,x0,x2
Register Write to Reg: 0x08 Val: 0x10010F38
[inst #3021] addi x0,x0,0
Register Write to Reg: 0x00 Val: 0x00000000
[inst #3022] addi x0,x0,0
Register Write to Reg: 0x00 Val: 0x00000000
[inst #3023] addi x0,x0,0
Register Write to Reg: 0x00 Val: 0x00000000
[inst #3024] sw x29,32(x8)
Memory Write to Addr: 0x10010F58 Val: 0x00000002
[inst #3025] sw x30,36(x8)
Memory Write to Addr: 0x10010F5C Val: 0x00000003
[inst #3026] auipc x7,64527
Register Write to Reg: 0x07 Val: 0x1000F89C
[inst #3027] sll x0,x0,x0
Register Write to Reg: 0x00 Val: 0x00000000
[inst #3028] sll x0,x0,x0
Register Write to Reg: 0x00 Val: 0x00000000
[inst #3029] sll x0,x0,x0
Register Write to Reg: 0x00 Val: 0x00000000
[inst #3030] addi x7,x7,1912
Register Write to Reg: 0x07 Val: 0x10010014
[inst #3031] addi x0,x0,0
Register Write to Reg: 0x00 Val: 0x00000000
[inst #3032] addi x0,x0,0
Register Write to Reg: 0x00 Val: 0x00000000
[inst #3033] addi x0,x0,0
Register Write to Reg: 0x00 Val: 0x00000000
[inst #3034] lw x28,32(x8)
Register Write to Reg: 0x1C Val: 0x00000002
[inst #3035] addi x0,x0,0
Register Write to Reg: 0x00 Val: 0x00000000
[inst #3036] addi x0,x0,0
Register Write to Reg: 0x00 Val: 0x00000000
[inst #3037] addi x0,x0,0
Register Write to Reg: 0x00 Val: 0x00000000
[inst #3038] slli x28,x28,2
Register Write to Reg: 0x1C Val: 0x00000008
[inst #3039] addi x0,x0,0
Register Write to Reg: 0x00 Val: 0x00000000
[inst #3040] addi x0,x0,0
Register Write to Reg: 0x00 Val: 0x00000000
[inst #3041] addi x0,x0,0
Register Write to Reg: 0x00 Val: 0x00000000
[inst #3042] add x7,x28,x7
Register Write to Reg: 0x07 Val: 0x1001001C
[inst #3043] addi x0,x0,0
Register Write to Reg: 0x00 Val: 0x00000000
[inst #3044] addi x0,x0,0
Register Write to Reg: 0x00 Val: 0x00000000
[inst #3045] addi x0,x0,0
Register Write to Reg: 0x00 Val: 0x00000000
[inst #3046] lw x7,0(x7)
Register Write to Reg: 0x07 Val: 0x00000000
[inst #3047] addi x0,x0,0
Register Write to Reg: 0x00 Val: 0x00000000
[inst #3048] addi x0,x0,0
Register Write to Reg: 0x00 Val: 0x00000000
[inst #3049] addi x0,x0,0
Register Write to Reg: 0x00 Val: 0x00000000
[inst #3050] sw x7,16(x8)
Memory Write to Addr: 0x10010F48 Val: 0x00000000
[inst #3051] addi x7,x0,1
Register Write to Reg: 0x07 Val: 0x00000001
[inst #3052] addi x0,x0,0
Register Write to Reg: 0x00 Val: 0x00000000
[inst #3053] addi x0,x0,0
Register Write to Reg: 0x00 Val: 0x00000000
[inst #3054] addi x0,x0,0
Register Write to Reg: 0x00 Val: 0x00000000
[inst #3055] sw x7,8(x8)
Memory Write to Addr: 0x10010F40 Val: 0x00000001
[inst #3056] sw x0,12(x8)
Memory Write to Addr: 0x10010F44 Val: 0x00000000
[inst #3057] addi x0,x0,0
Register Write to Reg: 0x00 Val: 0x00000000
[inst #3058] addi x0,x0,0
Register Write to Reg: 0x00 Val: 0x00000000
[inst #3059] addi x0,x0,0
Register Write to Reg: 0x00 Val: 0x00000000
[inst #3060] jal x0,88
Register Write to Reg: 0x00 Val: 0x00400928
[inst #3061] lw x28,12(x8)
Register Write to Reg: 0x1C Val: 0x00000000
[inst #3062] lw x7,36(x8)
Register Write to Reg: 0x07 Val: 0x00000003
[inst #3063] addi x0,x0,0
Register Write to Reg: 0x00 Val: 0x00000000
[inst #3064] addi x0,x0,0
Register Write to Reg: 0x00 Val: 0x00000000
[inst #3065] addi x0,x0,0
Register Write to Reg: 0x00 Val: 0x00000000
[inst #3066] slt x7,x28,x7
Register Write to Reg: 0x07 Val: 0x00000001
[inst #3067] addi x0,x0,0
Register Write to Reg: 0x00 Val: 0x00000000
[inst #3068] addi x0,x0,0
Register Write to Reg: 0x00 Val: 0x00000000
[inst #3069] addi x0,x0,0
Register Write to Reg: 0x00 Val: 0x00000000
[inst #3070] beq x7,x0,32
[inst #3071] addi x0,x0,0
Register Write to Reg: 0x00 Val: 0x00000000
[inst #3072] addi x0,x0,0
Register Write to Reg: 0x00 Val: 0x00000000
[inst #3073] addi x0,x0,0
Register Write to Reg: 0x00 Val: 0x00000000
[inst #3074] jal x0,-124
Register Write to Reg: 0x00 Val: 0x004009B4
[inst #3075] lw x7,8(x8)
Register Write to Reg: 0x07 Val: 0x00000001
[inst #3076] addi x0,x0,0
Register Write to Reg: 0x00 Val: 0x00000000
[inst #3077] addi x0,x0,0
Register Write to Reg: 0x00 Val: 0x00000000
[inst #3078] addi x0,x0,0
Register Write to Reg: 0x00 Val: 0x00000000
[inst #3079] slli x7,x7,1
Register Write to Reg: 0x07 Val: 0x00000002
[inst #3080] addi x0,x0,0
Register Write to Reg: 0x00 Val: 0x00000000
[inst #3081] addi x0,x0,0
Register Write to Reg: 0x00 Val: 0x00000000
[inst #3082] addi x0,x0,0
Register Write to Reg: 0x00 Val: 0x00000000
[inst #3083] sw x7,8(x8)
Memory Write to Addr: 0x10010F40 Val: 0x00000002
[inst #3084] lw x7,12(x8)
Register Write to Reg: 0x07 Val: 0x00000000
[inst #3085] addi x0,x0,0
Register Write to Reg: 0x00 Val: 0x00000000
[inst #3086] addi x0,x0,0
Register Write to Reg: 0x00 Val: 0x00000000
[inst #3087] addi x0,x0,0
Register Write to Reg: 0x00 Val: 0x00000000
[inst #3088] addi x7,x7,1
Register Write to Reg: 0x07 Val: 0x00000001
[inst #3089] addi x0,x0,0
Register Write to Reg: 0x00 Val: 0x00000000
[inst #3090] addi x0,x0,0
Register Write to Reg: 0x00 Val: 0x00000000
[inst #3091] addi x0,x0,0
Register Write to Reg: 0x00 Val: 0x00000000
[inst #3092] sw x7,12(x8)
Memory Write to Addr: 0x10010F44 Val: 0x00000001
[inst #3093] lw x28,12(x8)
Register Write to Reg: 0x1C Val: 0x00000001
[inst #3094] lw x7,36(x8)
Register Write to Reg: 0x07 Val: 0x00000003
[inst #3095] addi x0,x0,0
Register Write to Reg: 0x00 Val: 0x00000000
[inst #3096] addi x0,x0,0
Register Write to Reg: 0x00 Val: 0x00000000
[inst #3097] addi x0,x0,0
Register Write to Reg: 0x00 Val: 0x00000000
[inst #3098] slt x7,x28,x7
Register Write to Reg: 0x07 Val: 0x00000001
[inst #3099] addi x0,x0,0
Register Write to Reg: 0x00 Val: 0x00000000
[inst #3100] addi x0,x0,0
Register Write to Reg: 0x00 Val: 0x00000000
[inst #3101] addi x0,x0,0
Register Write to Reg: 0x00 Val: 0x00000000
[inst #3102] beq x7,x0,32
[inst #3103] addi x0,x0,0
Register Write to Reg: 0x00 Val: 0x00000000
[inst #3104] addi x0,x0,0
Register Write to Reg: 0x00 Val: 0x00000000
[inst #3105] addi x0,x0,0
Register Write to Reg: 0x00 Val: 0x00000000
[inst #3106] jal x0,-124
Register Write to Reg: 0x00 Val: 0x004009B4
[inst #3107] lw x7,8(x8)
Register Write to Reg: 0x07 Val: 0x00000002
[inst #3108] addi x0,x0,0
Register Write to Reg: 0x00 Val: 0x00000000
[inst #3109] addi x0,x0,0
Register Write to Reg: 0x00 Val: 0x00000000
[inst #3110] addi x0,x0,0
Register Write to Reg: 0x00 Val: 0x00000000
[inst #3111] slli x7,x7,1
Register Write to Reg: 0x07 Val: 0x00000004
[inst #3112] addi x0,x0,0
Register Write to Reg: 0x00 Val: 0x00000000
[inst #3113] addi x0,x0,0
Register Write to Reg: 0x00 Val: 0x00000000
[inst #3114] addi x0,x0,0
Register Write to Reg: 0x00 Val: 0x00000000
[inst #3115] sw x7,8(x8)
Memory Write to Addr: 0x10010F40 Val: 0x00000004
[inst #3116] lw x7,12(x8)
Register Write to Reg: 0x07 Val: 0x00000001
[inst #3117] addi x0,x0,0
Register Write to Reg: 0x00 Val: 0x00000000
[inst #3118] addi x0,x0,0
Register Write to Reg: 0x00 Val: 0x00000000
[inst #3119] addi x0,x0,0
Register Write to Reg: 0x00 Val: 0x00000000
[inst #3120] addi x7,x7,1
Register Write to Reg: 0x07 Val: 0x00000002
[inst #3121] addi x0,x0,0
Register Write to Reg: 0x00 Val: 0x00000000
[inst #3122] addi x0,x0,0
Register Write to Reg: 0x00 Val: 0x00000000
[inst #3123] addi x0,x0,0
Register Write to Reg: 0x00 Val: 0x00000000
[inst #3124] sw x7,12(x8)
Memory Write to Addr: 0x10010F44 Val: 0x00000002
[inst #3125] lw x28,12(x8)
Register Write to Reg: 0x1C Val: 0x00000002
[inst #3126] lw x7,36(x8)
Register Write to Reg: 0x07 Val: 0x00000003
[inst #3127] addi x0,x0,0
Register Write to Reg: 0x00 Val: 0x00000000
[inst #3128] addi x0,x0,0
Register Write to Reg: 0x00 Val: 0x00000000
[inst #3129] addi x0,x0,0
Register Write to Reg: 0x00 Val: 0x00000000
[inst #3130] slt x7,x28,x7
Register Write to Reg: 0x07 Val: 0x00000001
[inst #3131] addi x0,x0,0
Register Write to Reg: 0x00 Val: 0x00000000
[inst #3132] addi x0,x0,0
Register Write to Reg: 0x00 Val: 0x00000000
[inst #3133] addi x0,x0,0
Register Write to Reg: 0x00 Val: 0x00000000
[inst #3134] beq x7,x0,32
[inst #3135] addi x0,x0,0
Register Write to Reg: 0x00 Val: 0x00000000
[inst #3136] addi x0,x0,0
Register Write to Reg: 0x00 Val: 0x00000000
[inst #3137] addi x0,x0,0
Register Write to Reg: 0x00 Val: 0x00000000
[inst #3138] jal x0,-124
Register Write to Reg: 0x00 Val: 0x004009B4
[inst #3139] lw x7,8(x8)
Register Write to Reg: 0x07 Val: 0x00000004
[inst #3140] addi x0,x0,0
Register Write to Reg: 0x00 Val: 0x00000000
[inst #3141] addi x0,x0,0
Register Write to Reg: 0x00 Val: 0x00000000
[inst #3142] addi x0,x0,0
Register Write to Reg: 0x00 Val: 0x00000000
[inst #3143] slli x7,x7,1
Register Write to Reg: 0x07 Val: 0x00000008
[inst #3144] addi x0,x0,0
Register Write to Reg: 0x00 Val: 0x00000000
[inst #3145] addi x0,x0,0
Register Write to Reg: 0x00 Val: 0x00000000
[inst #3146] addi x0,x0,0
Register Write to Reg: 0x00 Val: 0x00000000
[inst #3147] sw x7,8(x8)
Memory Write to Addr: 0x10010F40 Val: 0x00000008
[inst #3148] lw x7,12(x8)
Register Write to Reg: 0x07 Val: 0x00000002
[inst #3149] addi x0,x0,0
Register Write to Reg: 0x00 Val: 0x00000000
[inst #3150] addi x0,x0,0
Register Write to Reg: 0x00 Val: 0x00000000
[inst #3151] addi x0,x0,0
Register Write to Reg: 0x00 Val: 0x00000000
[inst #3152] addi x7,x7,1
Register Write to Reg: 0x07 Val: 0x00000003
[inst #3153] addi x0,x0,0
Register Write to Reg: 0x00 Val: 0x00000000
[inst #3154] addi x0,x0,0
Register Write to Reg: 0x00 Val: 0x00000000
[inst #3155] addi x0,x0,0
Register Write to Reg: 0x00 Val: 0x00000000
[inst #3156] sw x7,12(x8)
Memory Write to Addr: 0x10010F44 Val: 0x00000003
[inst #3157] lw x28,12(x8)
Register Write to Reg: 0x1C Val: 0x00000003
[inst #3158] lw x7,36(x8)
Register Write to Reg: 0x07 Val: 0x00000003
[inst #3159] addi x0,x0,0
Register Write to Reg: 0x00 Val: 0x00000000
[inst #3160] addi x0,x0,0
Register Write to Reg: 0x00 Val: 0x00000000
[inst #3161] addi x0,x0,0
Register Write to Reg: 0x00 Val: 0x00000000
[inst #3162] slt x7,x28,x7
Register Write to Reg: 0x07 Val: 0x00000000
[inst #3163] addi x0,x0,0
Register Write to Reg: 0x00 Val: 0x00000000
[inst #3164] addi x0,x0,0
Register Write to Reg: 0x00 Val: 0x00000000
[inst #3165] addi x0,x0,0
Register Write to Reg: 0x00 Val: 0x00000000
[inst #3166] beq x7,x0,32
[inst #3167] lw x28,8(x8)
Register Write to Reg: 0x1C Val: 0x00000008
[inst #3168] lw x7,16(x8)
Register Write to Reg: 0x07 Val: 0x00000000
[inst #3169] addi x0,x0,0
Register Write to Reg: 0x00 Val: 0x00000000
[inst #3170] addi x0,x0,0
Register Write to Reg: 0x00 Val: 0x00000000
[inst #3171] addi x0,x0,0
Register Write to Reg: 0x00 Val: 0x00000000
[inst #3172] and x7,x28,x7
Register Write to Reg: 0x07 Val: 0x00000000
[inst #3173] addi x0,x0,0
Register Write to Reg: 0x00 Val: 0x00000000
[inst #3174] addi x0,x0,0
Register Write to Reg: 0x00 Val: 0x00000000
[inst #3175] addi x0,x0,0
Register Write to Reg: 0x00 Val: 0x00000000
[inst #3176] slt x7,x0,x7
Register Write to Reg: 0x07 Val: 0x00000000
[inst #3177] addi x0,x0,0
Register Write to Reg: 0x00 Val: 0x00000000
[inst #3178] addi x0,x0,0
Register Write to Reg: 0x00 Val: 0x00000000
[inst #3179] addi x0,x0,0
Register Write to Reg: 0x00 Val: 0x00000000
[inst #3180] andi x7,x7,255
Register Write to Reg: 0x07 Val: 0x00000000
[inst #3181] add x2,x0,x8
Register Write to Reg: 0x02 Val: 0x10010F38
[inst #3182] addi x0,x0,0
Register Write to Reg: 0x00 Val: 0x00000000
[inst #3183] addi x0,x0,0
Register Write to Reg: 0x00 Val: 0x00000000
[inst #3184] addi x0,x0,0
Register Write to Reg: 0x00 Val: 0x00000000
[inst #3185] lw x8,28(x2)
Register Write to Reg: 0x08 Val: 0x10010F58
[inst #3186] addi x2,x2,32
Register Write to Reg: 0x02 Val: 0x10010F58
[inst #3187] jalr x0,x1,0
Register Write to Reg: 0x00 Val: 0x00400A14
[inst #3188] addi x0,x0,0
Register Write to Reg: 0x00 Val: 0x00000000
[inst #3189] addi x0,x0,0
Register Write to Reg: 0x00 Val: 0x00000000
[inst #3190] addi x0,x0,0
Register Write to Reg: 0x00 Val: 0x00000000
[inst #3191] beq x7,x0,88
[inst #3192] lw x7,32(x8)
Register Write to Reg: 0x07 Val: 0x10010F94
[inst #3193] addi x0,x0,0
Register Write to Reg: 0x00 Val: 0x00000000
[inst #3194] addi x0,x0,0
Register Write to Reg: 0x00 Val: 0x00000000
[inst #3195] addi x0,x0,0
Register Write to Reg: 0x00 Val: 0x00000000
[inst #3196] lw x7,4(x7)
Register Write to Reg: 0x07 Val: 0x00000003
[inst #3197] addi x0,x0,0
Register Write to Reg: 0x00 Val: 0x00000000
[inst #3198] addi x0,x0,0
Register Write to Reg: 0x00 Val: 0x00000000
[inst #3199] addi x0,x0,0
Register Write to Reg: 0x00 Val: 0x00000000
[inst #3200] addi x28,x7,1
Register Write to Reg: 0x1C Val: 0x00000004
[inst #3201] lw x7,32(x8)
Register Write to Reg: 0x07 Val: 0x10010F94
[inst #3202] addi x0,x0,0
Register Write to Reg: 0x00 Val: 0x00000000
[inst #3203] addi x0,x0,0
Register Write to Reg: 0x00 Val: 0x00000000
[inst #3204] addi x0,x0,0
Register Write to Reg: 0x00 Val: 0x00000000
[inst #3205] sw x28,4(x7)
Memory Write to Addr: 0x10010F98 Val: 0x00000004
[inst #3206] lw x7,32(x8)
Register Write to Reg: 0x07 Val: 0x10010F94
[inst #3207] addi x0,x0,0
Register Write to Reg: 0x00 Val: 0x00000000
[inst #3208] addi x0,x0,0
Register Write to Reg: 0x00 Val: 0x00000000
[inst #3209] addi x0,x0,0
Register Write to Reg: 0x00 Val: 0x00000000
[inst #3210] lw x7,4(x7)
Register Write to Reg: 0x07 Val: 0x00000004
[inst #3211] addi x0,x0,0
Register Write to Reg: 0x00 Val: 0x00000000
[inst #3212] addi x0,x0,0
Register Write to Reg: 0x00 Val: 0x00000000
[inst #3213] addi x0,x0,0
Register Write to Reg: 0x00 Val: 0x00000000
[inst #3214] slti x7,x7,4
Register Write to Reg: 0x07 Val: 0x00000000
[inst #3215] addi x0,x0,0
Register Write to Reg: 0x00 Val: 0x00000000
[inst #3216] addi x0,x0,0
Register Write to Reg: 0x00 Val: 0x00000000
[inst #3217] addi x0,x0,0
Register Write to Reg: 0x00 Val: 0x00000000
[inst #3218] beq x7,x0,32
[inst #3219] addi x7,x0,-1
Register Write to Reg: 0x07 Val: 0xFFFFFFFF
[inst #3220] add x2,x0,x8
Register Write to Reg: 0x02 Val: 0x10010F58
[inst #3221] addi x0,x0,0
Register Write to Reg: 0x00 Val: 0x00000000
[inst #3222] addi x0,x0,0
Register Write to Reg: 0x00 Val: 0x00000000
[inst #3223] addi x0,x0,0
Register Write to Reg: 0x00 Val: 0x00000000
[inst #3224] lw x1,28(x2)
Register Write to Reg: 0x01 Val: 0x004005E0
[inst #3225] lw x8,24(x2)
Register Write to Reg: 0x08 Val: 0x10010F78
[inst #3226] addi x2,x2,32
Register Write to Reg: 0x02 Val: 0x10010F78
[inst #3227] addi x0,x0,0
Register Write to Reg: 0x00 Val: 0x00000000
[inst #3228] addi x0,x0,0
Register Write to Reg: 0x00 Val: 0x00000000
[inst #3229] addi x0,x0,0
Register Write to Reg: 0x00 Val: 0x00000000
[inst #3230] jalr x0,x1,0
Register Write to Reg: 0x00 Val: 0x00400864
[inst #3231] sw x7,24(x8)
Memory Write to Addr: 0x10010F90 Val: 0xFFFFFFFF
[inst #3232] jal x0,-688
Register Write to Reg: 0x00 Val: 0x004005E8
[inst #3233] lw x28,24(x8)
Register Write to Reg: 0x1C Val: 0xFFFFFFFF
[inst #3234] addi x7,x0,-1
Register Write to Reg: 0x07 Val: 0xFFFFFFFF
[inst #3235] addi x0,x0,0
Register Write to Reg: 0x00 Val: 0x00000000
[inst #3236] addi x0,x0,0
Register Write to Reg: 0x00 Val: 0x00000000
[inst #3237] addi x0,x0,0
Register Write to Reg: 0x00 Val: 0x00000000
[inst #3238] beq x28,x7,32
[inst #3239] auipc x7,64528
Register Write to Reg: 0x07 Val: 0x10010368
[inst #3240] sll x0,x0,x0
Register Write to Reg: 0x00 Val: 0x00000000
[inst #3241] sll x0,x0,x0
Register Write to Reg: 0x00 Val: 0x00000000
[inst #3242] sll x0,x0,x0
Register Write to Reg: 0x00 Val: 0x00000000
[inst #3243] addi x7,x7,-832
Register Write to Reg: 0x07 Val: 0x10010028
[inst #3244] addi x0,x0,0
Register Write to Reg: 0x00 Val: 0x00000000
[inst #3245] addi x0,x0,0
Register Write to Reg: 0x00 Val: 0x00000000
[inst #3246] addi x0,x0,0
Register Write to Reg: 0x00 Val: 0x00000000
[inst #3247] lw x7,0(x7)
Register Write to Reg: 0x07 Val: 0x00000002
[inst #3248] addi x0,x0,0
Register Write to Reg: 0x00 Val: 0x00000000
[inst #3249] addi x0,x0,0
Register Write to Reg: 0x00 Val: 0x00000000
[inst #3250] addi x0,x0,0
Register Write to Reg: 0x00 Val: 0x00000000
[inst #3251] addi x29,x7,-1
Register Write to Reg: 0x1D Val: 0x00000001
[inst #3252] auipc x28,64528
Register Write to Reg: 0x1C Val: 0x1001039C
[inst #3253] sll x0,x0,x0
Register Write to Reg: 0x00 Val: 0x00000000
[inst #3254] sll x0,x0,x0
Register Write to Reg: 0x00 Val: 0x00000000
[inst #3255] sll x0,x0,x0
Register Write to Reg: 0x00 Val: 0x00000000
[inst #3256] addi x28,x28,-884
Register Write to Reg: 0x1C Val: 0x10010028
[inst #3257] addi x0,x0,0
Register Write to Reg: 0x00 Val: 0x00000000
[inst #3258] addi x0,x0,0
Register Write to Reg: 0x00 Val: 0x00000000
[inst #3259] addi x0,x0,0
Register Write to Reg: 0x00 Val: 0x00000000
[inst #3260] sw x29,0(x28)
Memory Write to Addr: 0x10010028 Val: 0x00000001
[inst #3261] auipc x29,64528
Register Write to Reg: 0x1D Val: 0x100103C0
[inst #3262] sll x0,x0,x0
Register Write to Reg: 0x00 Val: 0x00000000
[inst #3263] sll x0,x0,x0
Register Write to Reg: 0x00 Val: 0x00000000
[inst #3264] sll x0,x0,x0
Register Write to Reg: 0x00 Val: 0x00000000
[inst #3265] addi x29,x29,-960
Register Write to Reg: 0x1D Val: 0x10010000
[inst #3266] addi x0,x0,0
Register Write to Reg: 0x00 Val: 0x00000000
[inst #3267] addi x0,x0,0
Register Write to Reg: 0x00 Val: 0x00000000
[inst #3268] addi x0,x0,0
Register Write to Reg: 0x00 Val: 0x00000000
[inst #3269] slli x28,x7,2
Register Write to Reg: 0x1C Val: 0x00000008
[inst #3270] addi x0,x0,0
Register Write to Reg: 0x00 Val: 0x00000000
[inst #3271] addi x0,x0,0
Register Write to Reg: 0x00 Val: 0x00000000
[inst #3272] addi x0,x0,0
Register Write to Reg: 0x00 Val: 0x00000000
[inst #3273] srli x28,x28,1
Register Write to Reg: 0x1C Val: 0x00000004
[inst #3274] addi x0,x0,0
Register Write to Reg: 0x00 Val: 0x00000000
[inst #3275] addi x0,x0,0
Register Write to Reg: 0x00 Val: 0x00000000
[inst #3276] addi x0,x0,0
Register Write to Reg: 0x00 Val: 0x00000000
[inst #3277] srai x28,x28,1
Register Write to Reg: 0x1C Val: 0x00000002
[inst #3278] addi x0,x0,0
Register Write to Reg: 0x00 Val: 0x00000000
[inst #3279] addi x0,x0,0
Register Write to Reg: 0x00 Val: 0x00000000
[inst #3280] addi x0,x0,0
Register Write to Reg: 0x00 Val: 0x00000000
[inst #3281] slli x28,x28,2
Register Write to Reg: 0x1C Val: 0x00000008
[inst #3282] addi x0,x0,0
Register Write to Reg: 0x00 Val: 0x00000000
[inst #3283] addi x0,x0,0
Register Write to Reg: 0x00 Val: 0x00000000
[inst #3284] addi x0,x0,0
Register Write to Reg: 0x00 Val: 0x00000000
[inst #3285] xor x31,x1,x7
Register Write to Reg: 0x1F Val: 0x004005E2
[inst #3286] addi x0,x0,0
Register Write to Reg: 0x00 Val: 0x00000000
[inst #3287] addi x0,x0,0
Register Write to Reg: 0x00 Val: 0x00000000
[inst #3288] addi x0,x0,0
Register Write to Reg: 0x00 Val: 0x00000000
[inst #3289] or x31,x1,x7
Register Write to Reg: 0x1F Val: 0x004005E2
[inst #3290] addi x0,x0,0
Register Write to Reg: 0x00 Val: 0x00000000
[inst #3291] addi x0,x0,0
Register Write to Reg: 0x00 Val: 0x00000000
[inst #3292] addi x0,x0,0
Register Write to Reg: 0x00 Val: 0x00000000
[inst #3293] sub x31,x0,x31
Register Write to Reg: 0x1F Val: 0xFFBFFA1E
[inst #3294] auipc x7,64528
Register Write to Reg: 0x07 Val: 0x10010444
[inst #3295] sll x0,x0,x0
Register Write to Reg: 0x00 Val: 0x00000000
[inst #3296] sll x0,x0,x0
Register Write to Reg: 0x00 Val: 0x00000000
[inst #3297] sll x0,x0,x0
Register Write to Reg: 0x00 Val: 0x00000000
[inst #3298] addi x7,x7,-1092
Register Write to Reg: 0x07 Val: 0x10010000
[inst #3299] addi x0,x0,0
Register Write to Reg: 0x00 Val: 0x00000000
[inst #3300] addi x0,x0,0
Register Write to Reg: 0x00 Val: 0x00000000
[inst #3301] addi x0,x0,0
Register Write to Reg: 0x00 Val: 0x00000000
[inst #3302] lui x11,15
Register Write to Reg: 0x0B Val: 0x0000F000
[inst #3303] addi x0,x0,0
Register Write to Reg: 0x00 Val: 0x00000000
[inst #3304] addi x0,x0,0
Register Write to Reg: 0x00 Val: 0x00000000
[inst #3305] addi x0,x0,0
Register Write to Reg: 0x00 Val: 0x00000000
[inst #3306] addi x11,x11,15
Register Write to Reg: 0x0B Val: 0x0000F00F
[inst #3307] addi x0,x0,0
Register Write to Reg: 0x00 Val: 0x00000000
[inst #3308] addi x0,x0,0
Register Write to Reg: 0x00 Val: 0x00000000
[inst #3309] addi x0,x0,0
Register Write to Reg: 0x00 Val: 0x00000000
[inst #3310] and x31,x7,x11
Register Write to Reg: 0x1F Val: 0x00000000
[inst #3311] addi x0,x0,0
Register Write to Reg: 0x00 Val: 0x00000000
[inst #3312] addi x0,x0,0
Register Write to Reg: 0x00 Val: 0x00000000
[inst #3313] addi x0,x0,0
Register Write to Reg: 0x00 Val: 0x00000000
[inst #3314] add x7,x29,x31
Register Write to Reg: 0x07 Val: 0x10010000
[inst #3315] addi x0,x0,0
Register Write to Reg: 0x00 Val: 0x00000000
[inst #3316] addi x0,x0,0
Register Write to Reg: 0x00 Val: 0x00000000
[inst #3317] addi x0,x0,0
Register Write to Reg: 0x00 Val: 0x00000000
[inst #3318] add x7,x28,x7
Register Write to Reg: 0x07 Val: 0x10010008
[inst #3319] lw x28,48(x8)
Register Write to Reg: 0x1C Val: 0x00000002
[inst #3320] addi x0,x0,0
Register Write to Reg: 0x00 Val: 0x00000000
[inst #3321] addi x0,x0,0
Register Write to Reg: 0x00 Val: 0x00000000
[inst #3322] addi x0,x0,0
Register Write to Reg: 0x00 Val: 0x00000000
[inst #3323] sw x28,0(x7)
Memory Write to Addr: 0x10010008 Val: 0x00000002
[inst #3324] add x2,x0,x8
Register Write to Reg: 0x02 Val: 0x10010F78
[inst #3325] addi x0,x0,0
Register Write to Reg: 0x00 Val: 0x00000000
[inst #3326] addi x0,x0,0
Register Write to Reg: 0x00 Val: 0x00000000
[inst #3327] addi x0,x0,0
Register Write to Reg: 0x00 Val: 0x00000000
[inst #3328] lw x1,44(x2)
Register Write to Reg: 0x01 Val: 0x004002EC
[inst #3329] lw x8,40(x2)
Register Write to Reg: 0x08 Val: 0x10010FA8
[inst #3330] addi x2,x2,48
Register Write to Reg: 0x02 Val: 0x10010FA8
[inst #3331] addi x0,x0,0
Register Write to Reg: 0x00 Val: 0x00000000
[inst #3332] addi x0,x0,0
Register Write to Reg: 0x00 Val: 0x00000000
[inst #3333] addi x0,x0,0
Register Write to Reg: 0x00 Val: 0x00000000
[inst #3334] jalr x0,x1,0
Register Write to Reg: 0x00 Val: 0x004004E8
[inst #3335] addi x7,x8,28
Register Write to Reg: 0x07 Val: 0x10010FC4
[inst #3336] addi x0,x0,0
Register Write to Reg: 0x00 Val: 0x00000000
[inst #3337] addi x0,x0,0
Register Write to Reg: 0x00 Val: 0x00000000
[inst #3338] addi x0,x0,0
Register Write to Reg: 0x00 Val: 0x00000000
[inst #3339] add x29,x0,x7
Register Write to Reg: 0x1D Val: 0x10010FC4
[inst #3340] auipc x1,0
Register Write to Reg: 0x01 Val: 0x00400300
[inst #3341] sll x0,x0,x0
Register Write to Reg: 0x00 Val: 0x00000000
[inst #3342] sll x0,x0,x0
Register Write to Reg: 0x00 Val: 0x00000000
[inst #3343] sll x0,x0,x0
Register Write to Reg: 0x00 Val: 0x00000000
[inst #3344] addi x1,x1,48
Register Write to Reg: 0x01 Val: 0x00400330
[inst #3345] addi x0,x0,0
Register Write to Reg: 0x00 Val: 0x00000000
[inst #3346] addi x0,x0,0
Register Write to Reg: 0x00 Val: 0x00000000
[inst #3347] addi x0,x0,0
Register Write to Reg: 0x00 Val: 0x00000000
[inst #3348] jal x0,884
Register Write to Reg: 0x00 Val: 0x00400324
[inst #3349] addi x2,x2,-32
Register Write to Reg: 0x02 Val: 0x10010F88
[inst #3350] addi x0,x0,0
Register Write to Reg: 0x00 Val: 0x00000000
[inst #3351] addi x0,x0,0
Register Write to Reg: 0x00 Val: 0x00000000
[inst #3352] addi x0,x0,0
Register Write to Reg: 0x00 Val: 0x00000000
[inst #3353] sw x1,28(x2)
Memory Write to Addr: 0x10010FA4 Val: 0x00400330
[inst #3354] sw x8,24(x2)
Memory Write to Addr: 0x10010FA0 Val: 0x10010FA8
[inst #3355] add x8,x0,x2
Register Write to Reg: 0x08 Val: 0x10010F88
[inst #3356] addi x0,x0,0
Register Write to Reg: 0x00 Val: 0x00000000
[inst #3357] addi x0,x0,0
Register Write to Reg: 0x00 Val: 0x00000000
[inst #3358] addi x0,x0,0
Register Write to Reg: 0x00 Val: 0x00000000
[inst #3359] sw x29,32(x8)
Memory Write to Addr: 0x10010FA8 Val: 0x10010FC4
[inst #3360] jal x0,292
Register Write to Reg: 0x00 Val: 0x004006C4
[inst #3361] lw x7,32(x8)
Register Write to Reg: 0x07 Val: 0x10010FC4
[inst #3362] addi x0,x0,0
Register Write to Reg: 0x00 Val: 0x00000000
[inst #3363] addi x0,x0,0
Register Write to Reg: 0x00 Val: 0x00000000
[inst #3364] addi x0,x0,0
Register Write to Reg: 0x00 Val: 0x00000000
[inst #3365] lw x7,4(x7)
Register Write to Reg: 0x07 Val: 0x00000003
[inst #3366] addi x0,x0,0
Register Write to Reg: 0x00 Val: 0x00000000
[inst #3367] addi x0,x0,0
Register Write to Reg: 0x00 Val: 0x00000000
[inst #3368] addi x0,x0,0
Register Write to Reg: 0x00 Val: 0x00000000
[inst #3369] slti x7,x7,4
Register Write to Reg: 0x07 Val: 0x00000001
[inst #3370] addi x0,x0,0
Register Write to Reg: 0x00 Val: 0x00000000
[inst #3371] addi x0,x0,0
Register Write to Reg: 0x00 Val: 0x00000000
[inst #3372] addi x0,x0,0
Register Write to Reg: 0x00 Val: 0x00000000
[inst #3373] beq x7,x0,32
[inst #3374] addi x0,x0,0
Register Write to Reg: 0x00 Val: 0x00000000
[inst #3375] addi x0,x0,0
Register Write to Reg: 0x00 Val: 0x00000000
[inst #3376] addi x0,x0,0
Register Write to Reg: 0x00 Val: 0x00000000
[inst #3377] jal x0,-340
Register Write to Reg: 0x00 Val: 0x00400828
[inst #3378] lw x7,32(x8)
Register Write to Reg: 0x07 Val: 0x10010FC4
[inst #3379] addi x0,x0,0
Register Write to Reg: 0x00 Val: 0x00000000
[inst #3380] addi x0,x0,0
Register Write to Reg: 0x00 Val: 0x00000000
[inst #3381] addi x0,x0,0
Register Write to Reg: 0x00 Val: 0x00000000
[inst #3382] lw x28,0(x7)
Register Write to Reg: 0x1C Val: 0x00000000
[inst #3383] lw x7,32(x8)
Register Write to Reg: 0x07 Val: 0x10010FC4
[inst #3384] addi x0,x0,0
Register Write to Reg: 0x00 Val: 0x00000000
[inst #3385] addi x0,x0,0
Register Write to Reg: 0x00 Val: 0x00000000
[inst #3386] addi x0,x0,0
Register Write to Reg: 0x00 Val: 0x00000000
[inst #3387] lw x7,4(x7)
Register Write to Reg: 0x07 Val: 0x00000003
[inst #3388] addi x0,x0,0
Register Write to Reg: 0x00 Val: 0x00000000
[inst #3389] addi x0,x0,0
Register Write to Reg: 0x00 Val: 0x00000000
[inst #3390] addi x0,x0,0
Register Write to Reg: 0x00 Val: 0x00000000
[inst #3391] add x30,x0,x7
Register Write to Reg: 0x1E Val: 0x00000003
[inst #3392] addi x0,x0,0
Register Write to Reg: 0x00 Val: 0x00000000
[inst #3393] addi x0,x0,0
Register Write to Reg: 0x00 Val: 0x00000000
[inst #3394] addi x0,x0,0
Register Write to Reg: 0x00 Val: 0x00000000
[inst #3395] add x29,x0,x28
Register Write to Reg: 0x1D Val: 0x00000000
[inst #3396] auipc x1,0
Register Write to Reg: 0x01 Val: 0x00400718
[inst #3397] sll x0,x0,x0
Register Write to Reg: 0x00 Val: 0x00000000
[inst #3398] sll x0,x0,x0
Register Write to Reg: 0x00 Val: 0x00000000
[inst #3399] sll x0,x0,x0
Register Write to Reg: 0x00 Val: 0x00000000
[inst #3400] addi x1,x1,48
Register Write to Reg: 0x01 Val: 0x00400748
[inst #3401] addi x0,x0,0
Register Write to Reg: 0x00 Val: 0x00000000
[inst #3402] addi x0,x0,0
Register Write to Reg: 0x00 Val: 0x00000000
[inst #3403] addi x0,x0,0
Register Write to Reg: 0x00 Val: 0x00000000
[inst #3404] jal x0,312
Register Write to Reg: 0x00 Val: 0x0040073C
[inst #3405] addi x2,x2,-32
Register Write to Reg: 0x02 Val: 0x10010F68
[inst #3406] addi x0,x0,0
Register Write to Reg: 0x00 Val: 0x00000000
[inst #3407] addi x0,x0,0
Register Write to Reg: 0x00 Val: 0x00000000
[inst #3408] addi x0,x0,0
Register Write to Reg: 0x00 Val: 0x00000000
[inst #3409] sw x8,28(x2)
Memory Write to Addr: 0x10010F84 Val: 0x10010F88
[inst #3410] add x8,x0,x2
Register Write to Reg: 0x08 Val: 0x10010F68
[inst #3411] addi x0,x0,0
Register Write to Reg: 0x00 Val: 0x00000000
[inst #3412] addi x0,x0,0
Register Write to Reg: 0x00 Val: 0x00000000
[inst #3413] addi x0,x0,0
Register Write to Reg: 0x00 Val: 0x00000000
[inst #3414] sw x29,32(x8)
Memory Write to Addr: 0x10010F88 Val: 0x00000000
[inst #3415] sw x30,36(x8)
Memory Write to Addr: 0x10010F8C Val: 0x00000003
[inst #3416] auipc x7,64527
Register Write to Reg: 0x07 Val: 0x1000F89C
[inst #3417] sll x0,x0,x0
Register Write to Reg: 0x00 Val: 0x00000000
[inst #3418] sll x0,x0,x0
Register Write to Reg: 0x00 Val: 0x00000000
[inst #3419] sll x0,x0,x0
Register Write to Reg: 0x00 Val: 0x00000000
[inst #3420] addi x7,x7,1912
Register Write to Reg: 0x07 Val: 0x10010014
[inst #3421] addi x0,x0,0
Register Write to Reg: 0x00 Val: 0x00000000
[inst #3422] addi x0,x0,0
Register Write to Reg: 0x00 Val: 0x00000000
[inst #3423] addi x0,x0,0
Register Write to Reg: 0x00 Val: 0x00000000
[inst #3424] lw x28,32(x8)
Register Write to Reg: 0x1C Val: 0x00000000
[inst #3425] addi x0,x0,0
Register Write to Reg: 0x00 Val: 0x00000000
[inst #3426] addi x0,x0,0
Register Write to Reg: 0x00 Val: 0x00000000
[inst #3427] addi x0,x0,0
Register Write to Reg: 0x00 Val: 0x00000000
[inst #3428] slli x28,x28,2
Register Write to Reg: 0x1C Val: 0x00000000
[inst #3429] addi x0,x0,0
Register Write to Reg: 0x00 Val: 0x00000000
[inst #3430] addi x0,x0,0
Register Write to Reg: 0x00 Val: 0x00000000
[inst #3431] addi x0,x0,0
Register Write to Reg: 0x00 Val: 0x00000000
[inst #3432] add x7,x28,x7
Register Write to Reg: 0x07 Val: 0x10010014
[inst #3433] addi x0,x0,0
Register Write to Reg: 0x00 Val: 0x00000000
[inst #3434] addi x0,x0,0
Register Write to Reg: 0x00 Val: 0x00000000
[inst #3435] addi x0,x0,0
Register Write to Reg: 0x00 Val: 0x00000000
[inst #3436] lw x7,0(x7)
Register Write to Reg: 0x07 Val: 0x00000006
[inst #3437] addi x0,x0,0
Register Write to Reg: 0x00 Val: 0x00000000
[inst #3438] addi x0,x0,0
Register Write to Reg: 0x00 Val: 0x00000000
[inst #3439] addi x0,x0,0
Register Write to Reg: 0x00 Val: 0x00000000
[inst #3440] sw x7,16(x8)
Memory Write to Addr: 0x10010F78 Val: 0x00000006
[inst #3441] addi x7,x0,1
Register Write to Reg: 0x07 Val: 0x00000001
[inst #3442] addi x0,x0,0
Register Write to Reg: 0x00 Val: 0x00000000
[inst #3443] addi x0,x0,0
Register Write to Reg: 0x00 Val: 0x00000000
[inst #3444] addi x0,x0,0
Register Write to Reg: 0x00 Val: 0x00000000
[inst #3445] sw x7,8(x8)
Memory Write to Addr: 0x10010F70 Val: 0x00000001
[inst #3446] sw x0,12(x8)
Memory Write to Addr: 0x10010F74 Val: 0x00000000
[inst #3447] addi x0,x0,0
Register Write to Reg: 0x00 Val: 0x00000000
[inst #3448] addi x0,x0,0
Register Write to Reg: 0x00 Val: 0x00000000
[inst #3449] addi x0,x0,0
Register Write to Reg: 0x00 Val: 0x00000000
[inst #3450] jal x0,88
Register Write to Reg: 0x00 Val: 0x00400928
[inst #3451] lw x28,12(x8)
Register Write to Reg: 0x1C Val: 0x00000000
[inst #3452] lw x7,36(x8)
Register Write to Reg: 0x07 Val: 0x00000003
[inst #3453] addi x0,x0,0
Register Write to Reg: 0x00 Val: 0x00000000
[inst #3454] addi x0,x0,0
Register Write to Reg: 0x00 Val: 0x00000000
[inst #3455] addi x0,x0,0
Register Write to Reg: 0x00 Val: 0x00000000
[inst #3456] slt x7,x28,x7
Register Write to Reg: 0x07 Val: 0x00000001
[inst #3457] addi x0,x0,0
Register Write to Reg: 0x00 Val: 0x00000000
[inst #3458] addi x0,x0,0
Register Write to Reg: 0x00 Val: 0x00000000
[inst #3459] addi x0,x0,0
Register Write to Reg: 0x00 Val: 0x00000000
[inst #3460] beq x7,x0,32
[inst #3461] addi x0,x0,0
Register Write to Reg: 0x00 Val: 0x00000000
[inst #3462] addi x0,x0,0
Register Write to Reg: 0x00 Val: 0x00000000
[inst #3463] addi x0,x0,0
Register Write to Reg: 0x00 Val: 0x00000000
[inst #3464] jal x0,-124
Register Write to Reg: 0x00 Val: 0x004009B4
[inst #3465] lw x7,8(x8)
Register Write to Reg: 0x07 Val: 0x00000001
[inst #3466] addi x0,x0,0
Register Write to Reg: 0x00 Val: 0x00000000
[inst #3467] addi x0,x0,0
Register Write to Reg: 0x00 Val: 0x00000000
[inst #3468] addi x0,x0,0
Register Write to Reg: 0x00 Val: 0x00000000
[inst #3469] slli x7,x7,1
Register Write to Reg: 0x07 Val: 0x00000002
[inst #3470] addi x0,x0,0
Register Write to Reg: 0x00 Val: 0x00000000
[inst #3471] addi x0,x0,0
Register Write to Reg: 0x00 Val: 0x00000000
[inst #3472] addi x0,x0,0
Register Write to Reg: 0x00 Val: 0x00000000
[inst #3473] sw x7,8(x8)
Memory Write to Addr: 0x10010F70 Val: 0x00000002
[inst #3474] lw x7,12(x8)
Register Write to Reg: 0x07 Val: 0x00000000
[inst #3475] addi x0,x0,0
Register Write to Reg: 0x00 Val: 0x00000000
[inst #3476] addi x0,x0,0
Register Write to Reg: 0x00 Val: 0x00000000
[inst #3477] addi x0,x0,0
Register Write to Reg: 0x00 Val: 0x00000000
[inst #3478] addi x7,x7,1
Register Write to Reg: 0x07 Val: 0x00000001
[inst #3479] addi x0,x0,0
Register Write to Reg: 0x00 Val: 0x00000000
[inst #3480] addi x0,x0,0
Register Write to Reg: 0x00 Val: 0x00000000
[inst #3481] addi x0,x0,0
Register Write to Reg: 0x00 Val: 0x00000000
[inst #3482] sw x7,12(x8)
Memory Write to Addr: 0x10010F74 Val: 0x00000001
[inst #3483] lw x28,12(x8)
Register Write to Reg: 0x1C Val: 0x00000001
[inst #3484] lw x7,36(x8)
Register Write to Reg: 0x07 Val: 0x00000003
[inst #3485] addi x0,x0,0
Register Write to Reg: 0x00 Val: 0x00000000
[inst #3486] addi x0,x0,0
Register Write to Reg: 0x00 Val: 0x00000000
[inst #3487] addi x0,x0,0
Register Write to Reg: 0x00 Val: 0x00000000
[inst #3488] slt x7,x28,x7
Register Write to Reg: 0x07 Val: 0x00000001
[inst #3489] addi x0,x0,0
Register Write to Reg: 0x00 Val: 0x00000000
[inst #3490] addi x0,x0,0
Register Write to Reg: 0x00 Val: 0x00000000
[inst #3491] addi x0,x0,0
Register Write to Reg: 0x00 Val: 0x00000000
[inst #3492] beq x7,x0,32
[inst #3493] addi x0,x0,0
Register Write to Reg: 0x00 Val: 0x00000000
[inst #3494] addi x0,x0,0
Register Write to Reg: 0x00 Val: 0x00000000
[inst #3495] addi x0,x0,0
Register Write to Reg: 0x00 Val: 0x00000000
[inst #3496] jal x0,-124
Register Write to Reg: 0x00 Val: 0x004009B4
[inst #3497] lw x7,8(x8)
Register Write to Reg: 0x07 Val: 0x00000002
[inst #3498] addi x0,x0,0
Register Write to Reg: 0x00 Val: 0x00000000
[inst #3499] addi x0,x0,0
Register Write to Reg: 0x00 Val: 0x00000000
[inst #3500] addi x0,x0,0
Register Write to Reg: 0x00 Val: 0x00000000
[inst #3501] slli x7,x7,1
Register Write to Reg: 0x07 Val: 0x00000004
[inst #3502] addi x0,x0,0
Register Write to Reg: 0x00 Val: 0x00000000
[inst #3503] addi x0,x0,0
Register Write to Reg: 0x00 Val: 0x00000000
[inst #3504] addi x0,x0,0
Register Write to Reg: 0x00 Val: 0x00000000
[inst #3505] sw x7,8(x8)
Memory Write to Addr: 0x10010F70 Val: 0x00000004
[inst #3506] lw x7,12(x8)
Register Write to Reg: 0x07 Val: 0x00000001
[inst #3507] addi x0,x0,0
Register Write to Reg: 0x00 Val: 0x00000000
[inst #3508] addi x0,x0,0
Register Write to Reg: 0x00 Val: 0x00000000
[inst #3509] addi x0,x0,0
Register Write to Reg: 0x00 Val: 0x00000000
[inst #3510] addi x7,x7,1
Register Write to Reg: 0x07 Val: 0x00000002
[inst #3511] addi x0,x0,0
Register Write to Reg: 0x00 Val: 0x00000000
[inst #3512] addi x0,x0,0
Register Write to Reg: 0x00 Val: 0x00000000
[inst #3513] addi x0,x0,0
Register Write to Reg: 0x00 Val: 0x00000000
[inst #3514] sw x7,12(x8)
Memory Write to Addr: 0x10010F74 Val: 0x00000002
[inst #3515] lw x28,12(x8)
Register Write to Reg: 0x1C Val: 0x00000002
[inst #3516] lw x7,36(x8)
Register Write to Reg: 0x07 Val: 0x00000003
[inst #3517] addi x0,x0,0
Register Write to Reg: 0x00 Val: 0x00000000
[inst #3518] addi x0,x0,0
Register Write to Reg: 0x00 Val: 0x00000000
[inst #3519] addi x0,x0,0
Register Write to Reg: 0x00 Val: 0x00000000
[inst #3520] slt x7,x28,x7
Register Write to Reg: 0x07 Val: 0x00000001
[inst #3521] addi x0,x0,0
Register Write to Reg: 0x00 Val: 0x00000000
[inst #3522] addi x0,x0,0
Register Write to Reg: 0x00 Val: 0x00000000
[inst #3523] addi x0,x0,0
Register Write to Reg: 0x00 Val: 0x00000000
[inst #3524] beq x7,x0,32
[inst #3525] addi x0,x0,0
Register Write to Reg: 0x00 Val: 0x00000000
[inst #3526] addi x0,x0,0
Register Write to Reg: 0x00 Val: 0x00000000
[inst #3527] addi x0,x0,0
Register Write to Reg: 0x00 Val: 0x00000000
[inst #3528] jal x0,-124
Register Write to Reg: 0x00 Val: 0x004009B4
[inst #3529] lw x7,8(x8)
Register Write to Reg: 0x07 Val: 0x00000004
[inst #3530] addi x0,x0,0
Register Write to Reg: 0x00 Val: 0x00000000
[inst #3531] addi x0,x0,0
Register Write to Reg: 0x00 Val: 0x00000000
[inst #3532] addi x0,x0,0
Register Write to Reg: 0x00 Val: 0x00000000
[inst #3533] slli x7,x7,1
Register Write to Reg: 0x07 Val: 0x00000008
[inst #3534] addi x0,x0,0
Register Write to Reg: 0x00 Val: 0x00000000
[inst #3535] addi x0,x0,0
Register Write to Reg: 0x00 Val: 0x00000000
[inst #3536] addi x0,x0,0
Register Write to Reg: 0x00 Val: 0x00000000
[inst #3537] sw x7,8(x8)
Memory Write to Addr: 0x10010F70 Val: 0x00000008
[inst #3538] lw x7,12(x8)
Register Write to Reg: 0x07 Val: 0x00000002
[inst #3539] addi x0,x0,0
Register Write to Reg: 0x00 Val: 0x00000000
[inst #3540] addi x0,x0,0
Register Write to Reg: 0x00 Val: 0x00000000
[inst #3541] addi x0,x0,0
Register Write to Reg: 0x00 Val: 0x00000000
[inst #3542] addi x7,x7,1
Register Write to Reg: 0x07 Val: 0x00000003
[inst #3543] addi x0,x0,0
Register Write to Reg: 0x00 Val: 0x00000000
[inst #3544] addi x0,x0,0
Register Write to Reg: 0x00 Val: 0x00000000
[inst #3545] addi x0,x0,0
Register Write to Reg: 0x00 Val: 0x00000000
[inst #3546] sw x7,12(x8)
Memory Write to Addr: 0x10010F74 Val: 0x00000003
[inst #3547] lw x28,12(x8)
Register Write to Reg: 0x1C Val: 0x00000003
[inst #3548] lw x7,36(x8)
Register Write to Reg: 0x07 Val: 0x00000003
[inst #3549] addi x0,x0,0
Register Write to Reg: 0x00 Val: 0x00000000
[inst #3550] addi x0,x0,0
Register Write to Reg: 0x00 Val: 0x00000000
[inst #3551] addi x0,x0,0
Register Write to Reg: 0x00 Val: 0x00000000
[inst #3552] slt x7,x28,x7
Register Write to Reg: 0x07 Val: 0x00000000
[inst #3553] addi x0,x0,0
Register Write to Reg: 0x00 Val: 0x00000000
[inst #3554] addi x0,x0,0
Register Write to Reg: 0x00 Val: 0x00000000
[inst #3555] addi x0,x0,0
Register Write to Reg: 0x00 Val: 0x00000000
[inst #3556] beq x7,x0,32
[inst #3557] lw x28,8(x8)
Register Write to Reg: 0x1C Val: 0x00000008
[inst #3558] lw x7,16(x8)
Register Write to Reg: 0x07 Val: 0x00000006
[inst #3559] addi x0,x0,0
Register Write to Reg: 0x00 Val: 0x00000000
[inst #3560] addi x0,x0,0
Register Write to Reg: 0x00 Val: 0x00000000
[inst #3561] addi x0,x0,0
Register Write to Reg: 0x00 Val: 0x00000000
[inst #3562] and x7,x28,x7
Register Write to Reg: 0x07 Val: 0x00000000
[inst #3563] addi x0,x0,0
Register Write to Reg: 0x00 Val: 0x00000000
[inst #3564] addi x0,x0,0
Register Write to Reg: 0x00 Val: 0x00000000
[inst #3565] addi x0,x0,0
Register Write to Reg: 0x00 Val: 0x00000000
[inst #3566] slt x7,x0,x7
Register Write to Reg: 0x07 Val: 0x00000000
[inst #3567] addi x0,x0,0
Register Write to Reg: 0x00 Val: 0x00000000
[inst #3568] addi x0,x0,0
Register Write to Reg: 0x00 Val: 0x00000000
[inst #3569] addi x0,x0,0
Register Write to Reg: 0x00 Val: 0x00000000
[inst #3570] andi x7,x7,255
Register Write to Reg: 0x07 Val: 0x00000000
[inst #3571] add x2,x0,x8
Register Write to Reg: 0x02 Val: 0x10010F68
[inst #3572] addi x0,x0,0
Register Write to Reg: 0x00 Val: 0x00000000
[inst #3573] addi x0,x0,0
Register Write to Reg: 0x00 Val: 0x00000000
[inst #3574] addi x0,x0,0
Register Write to Reg: 0x00 Val: 0x00000000
[inst #3575] lw x8,28(x2)
Register Write to Reg: 0x08 Val: 0x10010F88
[inst #3576] addi x2,x2,32
Register Write to Reg: 0x02 Val: 0x10010F88
[inst #3577] jalr x0,x1,0
Register Write to Reg: 0x00 Val: 0x00400A14
[inst #3578] addi x0,x0,0
Register Write to Reg: 0x00 Val: 0x00000000
[inst #3579] addi x0,x0,0
Register Write to Reg: 0x00 Val: 0x00000000
[inst #3580] addi x0,x0,0
Register Write to Reg: 0x00 Val: 0x00000000
[inst #3581] beq x7,x0,88
[inst #3582] lw x7,32(x8)
Register Write to Reg: 0x07 Val: 0x10010FC4
[inst #3583] addi x0,x0,0
Register Write to Reg: 0x00 Val: 0x00000000
[inst #3584] addi x0,x0,0
Register Write to Reg: 0x00 Val: 0x00000000
[inst #3585] addi x0,x0,0
Register Write to Reg: 0x00 Val: 0x00000000
[inst #3586] lw x7,4(x7)
Register Write to Reg: 0x07 Val: 0x00000003
[inst #3587] addi x0,x0,0
Register Write to Reg: 0x00 Val: 0x00000000
[inst #3588] addi x0,x0,0
Register Write to Reg: 0x00 Val: 0x00000000
[inst #3589] addi x0,x0,0
Register Write to Reg: 0x00 Val: 0x00000000
[inst #3590] addi x28,x7,1
Register Write to Reg: 0x1C Val: 0x00000004
[inst #3591] lw x7,32(x8)
Register Write to Reg: 0x07 Val: 0x10010FC4
[inst #3592] addi x0,x0,0
Register Write to Reg: 0x00 Val: 0x00000000
[inst #3593] addi x0,x0,0
Register Write to Reg: 0x00 Val: 0x00000000
[inst #3594] addi x0,x0,0
Register Write to Reg: 0x00 Val: 0x00000000
[inst #3595] sw x28,4(x7)
Memory Write to Addr: 0x10010FC8 Val: 0x00000004
[inst #3596] lw x7,32(x8)
Register Write to Reg: 0x07 Val: 0x10010FC4
[inst #3597] addi x0,x0,0
Register Write to Reg: 0x00 Val: 0x00000000
[inst #3598] addi x0,x0,0
Register Write to Reg: 0x00 Val: 0x00000000
[inst #3599] addi x0,x0,0
Register Write to Reg: 0x00 Val: 0x00000000
[inst #3600] lw x7,4(x7)
Register Write to Reg: 0x07 Val: 0x00000004
[inst #3601] addi x0,x0,0
Register Write to Reg: 0x00 Val: 0x00000000
[inst #3602] addi x0,x0,0
Register Write to Reg: 0x00 Val: 0x00000000
[inst #3603] addi x0,x0,0
Register Write to Reg: 0x00 Val: 0x00000000
[inst #3604] slti x7,x7,4
Register Write to Reg: 0x07 Val: 0x00000000
[inst #3605] addi x0,x0,0
Register Write to Reg: 0x00 Val: 0x00000000
[inst #3606] addi x0,x0,0
Register Write to Reg: 0x00 Val: 0x00000000
[inst #3607] addi x0,x0,0
Register Write to Reg: 0x00 Val: 0x00000000
[inst #3608] beq x7,x0,32
[inst #3609] addi x7,x0,-1
Register Write to Reg: 0x07 Val: 0xFFFFFFFF
[inst #3610] add x2,x0,x8
Register Write to Reg: 0x02 Val: 0x10010F88
[inst #3611] addi x0,x0,0
Register Write to Reg: 0x00 Val: 0x00000000
[inst #3612] addi x0,x0,0
Register Write to Reg: 0x00 Val: 0x00000000
[inst #3613] addi x0,x0,0
Register Write to Reg: 0x00 Val: 0x00000000
[inst #3614] lw x1,28(x2)
Register Write to Reg: 0x01 Val: 0x00400330
[inst #3615] lw x8,24(x2)
Register Write to Reg: 0x08 Val: 0x10010FA8
[inst #3616] addi x2,x2,32
Register Write to Reg: 0x02 Val: 0x10010FA8
[inst #3617] addi x0,x0,0
Register Write to Reg: 0x00 Val: 0x00000000
[inst #3618] addi x0,x0,0
Register Write to Reg: 0x00 Val: 0x00000000
[inst #3619] addi x0,x0,0
Register Write to Reg: 0x00 Val: 0x00000000
[inst #3620] jalr x0,x1,0
Register Write to Reg: 0x00 Val: 0x00400864
[inst #3621] sw x7,24(x8)
Memory Write to Addr: 0x10010FC0 Val: 0xFFFFFFFF
[inst #3622] lw x28,24(x8)
Register Write to Reg: 0x1C Val: 0xFFFFFFFF
[inst #3623] addi x7,x0,-1
Register Write to Reg: 0x07 Val: 0xFFFFFFFF
[inst #3624] addi x0,x0,0
Register Write to Reg: 0x00 Val: 0x00000000
[inst #3625] addi x0,x0,0
Register Write to Reg: 0x00 Val: 0x00000000
[inst #3626] addi x0,x0,0
Register Write to Reg: 0x00 Val: 0x00000000
[inst #3627] beq x28,x7,32
[inst #3628] auipc x7,64528
Register Write to Reg: 0x07 Val: 0x10010368
[inst #3629] sll x0,x0,x0
Register Write to Reg: 0x00 Val: 0x00000000
[inst #3630] sll x0,x0,x0
Register Write to Reg: 0x00 Val: 0x00000000
[inst #3631] sll x0,x0,x0
Register Write to Reg: 0x00 Val: 0x00000000
[inst #3632] addi x7,x7,-832
Register Write to Reg: 0x07 Val: 0x10010028
[inst #3633] addi x0,x0,0
Register Write to Reg: 0x00 Val: 0x00000000
[inst #3634] addi x0,x0,0
Register Write to Reg: 0x00 Val: 0x00000000
[inst #3635] addi x0,x0,0
Register Write to Reg: 0x00 Val: 0x00000000
[inst #3636] lw x7,0(x7)
Register Write to Reg: 0x07 Val: 0x00000001
[inst #3637] addi x0,x0,0
Register Write to Reg: 0x00 Val: 0x00000000
[inst #3638] addi x0,x0,0
Register Write to Reg: 0x00 Val: 0x00000000
[inst #3639] addi x0,x0,0
Register Write to Reg: 0x00 Val: 0x00000000
[inst #3640] addi x29,x7,-1
Register Write to Reg: 0x1D Val: 0x00000000
[inst #3641] auipc x28,64528
Register Write to Reg: 0x1C Val: 0x1001039C
[inst #3642] sll x0,x0,x0
Register Write to Reg: 0x00 Val: 0x00000000
[inst #3643] sll x0,x0,x0
Register Write to Reg: 0x00 Val: 0x00000000
[inst #3644] sll x0,x0,x0
Register Write to Reg: 0x00 Val: 0x00000000
[inst #3645] addi x28,x28,-884
Register Write to Reg: 0x1C Val: 0x10010028
[inst #3646] addi x0,x0,0
Register Write to Reg: 0x00 Val: 0x00000000
[inst #3647] addi x0,x0,0
Register Write to Reg: 0x00 Val: 0x00000000
[inst #3648] addi x0,x0,0
Register Write to Reg: 0x00 Val: 0x00000000
[inst #3649] sw x29,0(x28)
Memory Write to Addr: 0x10010028 Val: 0x00000000
[inst #3650] auipc x29,64528
Register Write to Reg: 0x1D Val: 0x100103C0
[inst #3651] sll x0,x0,x0
Register Write to Reg: 0x00 Val: 0x00000000
[inst #3652] sll x0,x0,x0
Register Write to Reg: 0x00 Val: 0x00000000
[inst #3653] sll x0,x0,x0
Register Write to Reg: 0x00 Val: 0x00000000
[inst #3654] addi x29,x29,-960
Register Write to Reg: 0x1D Val: 0x10010000
[inst #3655] addi x0,x0,0
Register Write to Reg: 0x00 Val: 0x00000000
[inst #3656] addi x0,x0,0
Register Write to Reg: 0x00 Val: 0x00000000
[inst #3657] addi x0,x0,0
Register Write to Reg: 0x00 Val: 0x00000000
[inst #3658] slli x28,x7,2
Register Write to Reg: 0x1C Val: 0x00000004
[inst #3659] addi x0,x0,0
Register Write to Reg: 0x00 Val: 0x00000000
[inst #3660] addi x0,x0,0
Register Write to Reg: 0x00 Val: 0x00000000
[inst #3661] addi x0,x0,0
Register Write to Reg: 0x00 Val: 0x00000000
[inst #3662] srli x28,x28,1
Register Write to Reg: 0x1C Val: 0x00000002
[inst #3663] addi x0,x0,0
Register Write to Reg: 0x00 Val: 0x00000000
[inst #3664] addi x0,x0,0
Register Write to Reg: 0x00 Val: 0x00000000
[inst #3665] addi x0,x0,0
Register Write to Reg: 0x00 Val: 0x00000000
[inst #3666] srai x28,x28,1
Register Write to Reg: 0x1C Val: 0x00000001
[inst #3667] addi x0,x0,0
Register Write to Reg: 0x00 Val: 0x00000000
[inst #3668] addi x0,x0,0
Register Write to Reg: 0x00 Val: 0x00000000
[inst #3669] addi x0,x0,0
Register Write to Reg: 0x00 Val: 0x00000000
[inst #3670] slli x28,x28,2
Register Write to Reg: 0x1C Val: 0x00000004
[inst #3671] addi x0,x0,0
Register Write to Reg: 0x00 Val: 0x00000000
[inst #3672] addi x0,x0,0
Register Write to Reg: 0x00 Val: 0x00000000
[inst #3673] addi x0,x0,0
Register Write to Reg: 0x00 Val: 0x00000000
[inst #3674] xor x31,x1,x7
Register Write to Reg: 0x1F Val: 0x00400331
[inst #3675] addi x0,x0,0
Register Write to Reg: 0x00 Val: 0x00000000
[inst #3676] addi x0,x0,0
Register Write to Reg: 0x00 Val: 0x00000000
[inst #3677] addi x0,x0,0
Register Write to Reg: 0x00 Val: 0x00000000
[inst #3678] or x31,x1,x7
Register Write to Reg: 0x1F Val: 0x00400331
[inst #3679] addi x0,x0,0
Register Write to Reg: 0x00 Val: 0x00000000
[inst #3680] addi x0,x0,0
Register Write to Reg: 0x00 Val: 0x00000000
[inst #3681] addi x0,x0,0
Register Write to Reg: 0x00 Val: 0x00000000
[inst #3682] sub x31,x0,x31
Register Write to Reg: 0x1F Val: 0xFFBFFCCF
[inst #3683] auipc x7,64528
Register Write to Reg: 0x07 Val: 0x10010444
[inst #3684] sll x0,x0,x0
Register Write to Reg: 0x00 Val: 0x00000000
[inst #3685] sll x0,x0,x0
Register Write to Reg: 0x00 Val: 0x00000000
[inst #3686] sll x0,x0,x0
Register Write to Reg: 0x00 Val: 0x00000000
[inst #3687] addi x7,x7,-1092
Register Write to Reg: 0x07 Val: 0x10010000
[inst #3688] addi x0,x0,0
Register Write to Reg: 0x00 Val: 0x00000000
[inst #3689] addi x0,x0,0
Register Write to Reg: 0x00 Val: 0x00000000
[inst #3690] addi x0,x0,0
Register Write to Reg: 0x00 Val: 0x00000000
[inst #3691] lui x11,15
Register Write to Reg: 0x0B Val: 0x0000F000
[inst #3692] addi x0,x0,0
Register Write to Reg: 0x00 Val: 0x00000000
[inst #3693] addi x0,x0,0
Register Write to Reg: 0x00 Val: 0x00000000
[inst #3694] addi x0,x0,0
Register Write to Reg: 0x00 Val: 0x00000000
[inst #3695] addi x11,x11,15
Register Write to Reg: 0x0B Val: 0x0000F00F
[inst #3696] addi x0,x0,0
Register Write to Reg: 0x00 Val: 0x00000000
[inst #3697] addi x0,x0,0
Register Write to Reg: 0x00 Val: 0x00000000
[inst #3698] addi x0,x0,0
Register Write to Reg: 0x00 Val: 0x00000000
[inst #3699] and x31,x7,x11
Register Write to Reg: 0x1F Val: 0x00000000
[inst #3700] addi x0,x0,0
Register Write to Reg: 0x00 Val: 0x00000000
[inst #3701] addi x0,x0,0
Register Write to Reg: 0x00 Val: 0x00000000
[inst #3702] addi x0,x0,0
Register Write to Reg: 0x00 Val: 0x00000000
[inst #3703] add x7,x29,x31
Register Write to Reg: 0x07 Val: 0x10010000
[inst #3704] addi x0,x0,0
Register Write to Reg: 0x00 Val: 0x00000000
[inst #3705] addi x0,x0,0
Register Write to Reg: 0x00 Val: 0x00000000
[inst #3706] addi x0,x0,0
Register Write to Reg: 0x00 Val: 0x00000000
[inst #3707] add x7,x28,x7
Register Write to Reg: 0x07 Val: 0x10010004
[inst #3708] lw x28,48(x8)
Register Write to Reg: 0x1C Val: 0x00000000
[inst #3709] addi x0,x0,0
Register Write to Reg: 0x00 Val: 0x00000000
[inst #3710] addi x0,x0,0
Register Write to Reg: 0x00 Val: 0x00000000
[inst #3711] addi x0,x0,0
Register Write to Reg: 0x00 Val: 0x00000000
[inst #3712] sw x28,0(x7)
Memory Write to Addr: 0x10010004 Val: 0x00000000
[inst #3713] add x2,x0,x8
Register Write to Reg: 0x02 Val: 0x10010FA8
[inst #3714] addi x0,x0,0
Register Write to Reg: 0x00 Val: 0x00000000
[inst #3715] addi x0,x0,0
Register Write to Reg: 0x00 Val: 0x00000000
[inst #3716] addi x0,x0,0
Register Write to Reg: 0x00 Val: 0x00000000
[inst #3717] lw x1,44(x2)
Register Write to Reg: 0x01 Val: 0x00400148
[inst #3718] lw x8,40(x2)
Register Write to Reg: 0x08 Val: 0x10010FD8
[inst #3719] addi x2,x2,48
Register Write to Reg: 0x02 Val: 0x10010FD8
[inst #3720] addi x0,x0,0
Register Write to Reg: 0x00 Val: 0x00000000
[inst #3721] addi x0,x0,0
Register Write to Reg: 0x00 Val: 0x00000000
[inst #3722] addi x0,x0,0
Register Write to Reg: 0x00 Val: 0x00000000
[inst #3723] jalr x0,x1,0
Register Write to Reg: 0x00 Val: 0x004004E8
[inst #3724] lw x7,24(x8)
Register Write to Reg: 0x07 Val: 0x00000000
[inst #3725] addi x0,x0,0
Register Write to Reg: 0x00 Val: 0x00000000
[inst #3726] addi x0,x0,0
Register Write to Reg: 0x00 Val: 0x00000000
[inst #3727] addi x0,x0,0
Register Write to Reg: 0x00 Val: 0x00000000
[inst #3728] addi x7,x7,1
Register Write to Reg: 0x07 Val: 0x00000001
[inst #3729] addi x0,x0,0
Register Write to Reg: 0x00 Val: 0x00000000
[inst #3730] addi x0,x0,0
Register Write to Reg: 0x00 Val: 0x00000000
[inst #3731] addi x0,x0,0
Register Write to Reg: 0x00 Val: 0x00000000
[inst #3732] sw x7,24(x8)
Memory Write to Addr: 0x10010FF0 Val: 0x00000001
[inst #3733] lw x7,24(x8)
Register Write to Reg: 0x07 Val: 0x00000001
[inst #3734] addi x0,x0,0
Register Write to Reg: 0x00 Val: 0x00000000
[inst #3735] addi x0,x0,0
Register Write to Reg: 0x00 Val: 0x00000000
[inst #3736] addi x0,x0,0
Register Write to Reg: 0x00 Val: 0x00000000
[inst #3737] slti x7,x7,4
Register Write to Reg: 0x07 Val: 0x00000001
[inst #3738] addi x0,x0,0
Register Write to Reg: 0x00 Val: 0x00000000
[inst #3739] addi x0,x0,0
Register Write to Reg: 0x00 Val: 0x00000000
[inst #3740] addi x0,x0,0
Register Write to Reg: 0x00 Val: 0x00000000
[inst #3741] beq x7,x0,32
[inst #3742] addi x0,x0,0
Register Write to Reg: 0x00 Val: 0x00000000
[inst #3743] addi x0,x0,0
Register Write to Reg: 0x00 Val: 0x00000000
[inst #3744] addi x0,x0,0
Register Write to Reg: 0x00 Val: 0x00000000
[inst #3745] jal x0,-236
Register Write to Reg: 0x00 Val: 0x004001A0
[inst #3746] lw x29,24(x8)
Register Write to Reg: 0x1D Val: 0x00000001
[inst #3747] auipc x1,0
Register Write to Reg: 0x01 Val: 0x004000B4
[inst #3748] sll x0,x0,x0
Register Write to Reg: 0x00 Val: 0x00000000
[inst #3749] sll x0,x0,x0
Register Write to Reg: 0x00 Val: 0x00000000
[inst #3750] sll x0,x0,x0
Register Write to Reg: 0x00 Val: 0x00000000
[inst #3751] addi x1,x1,48
Register Write to Reg: 0x01 Val: 0x004000E4
[inst #3752] addi x0,x0,0
Register Write to Reg: 0x00 Val: 0x00000000
[inst #3753] addi x0,x0,0
Register Write to Reg: 0x00 Val: 0x00000000
[inst #3754] addi x0,x0,0
Register Write to Reg: 0x00 Val: 0x00000000
[inst #3755] jal x0,2736
Register Write to Reg: 0x00 Val: 0x004000D8
[inst #3756] addi x2,x2,-32
Register Write to Reg: 0x02 Val: 0x10010FB8
[inst #3757] addi x0,x0,0
Register Write to Reg: 0x00 Val: 0x00000000
[inst #3758] addi x0,x0,0
Register Write to Reg: 0x00 Val: 0x00000000
[inst #3759] addi x0,x0,0
Register Write to Reg: 0x00 Val: 0x00000000
[inst #3760] sw x8,28(x2)
Memory Write to Addr: 0x10010FD4 Val: 0x10010FD8
[inst #3761] add x8,x0,x2
Register Write to Reg: 0x08 Val: 0x10010FB8
[inst #3762] addi x0,x0,0
Register Write to Reg: 0x00 Val: 0x00000000
[inst #3763] addi x0,x0,0
Register Write to Reg: 0x00 Val: 0x00000000
[inst #3764] addi x0,x0,0
Register Write to Reg: 0x00 Val: 0x00000000
[inst #3765] sw x29,32(x8)
Memory Write to Addr: 0x10010FD8 Val: 0x00000001
[inst #3766] ori x7,x0,1
Register Write to Reg: 0x07 Val: 0x00000001
[inst #3767] addi x0,x0,0
Register Write to Reg: 0x00 Val: 0x00000000
[inst #3768] addi x0,x0,0
Register Write to Reg: 0x00 Val: 0x00000000
[inst #3769] addi x0,x0,0
Register Write to Reg: 0x00 Val: 0x00000000
[inst #3770] sw x7,8(x8)
Memory Write to Addr: 0x10010FC0 Val: 0x00000001
[inst #3771] sw x0,12(x8)
Memory Write to Addr: 0x10010FC4 Val: 0x00000000
[inst #3772] jal x0,88
Register Write to Reg: 0x00 Val: 0x00400BC8
[inst #3773] lw x28,12(x8)
Register Write to Reg: 0x1C Val: 0x00000000
[inst #3774] lw x7,32(x8)
Register Write to Reg: 0x07 Val: 0x00000001
[inst #3775] addi x0,x0,0
Register Write to Reg: 0x00 Val: 0x00000000
[inst #3776] addi x0,x0,0
Register Write to Reg: 0x00 Val: 0x00000000
[inst #3777] addi x0,x0,0
Register Write to Reg: 0x00 Val: 0x00000000
[inst #3778] slt x7,x28,x7
Register Write to Reg: 0x07 Val: 0x00000001
[inst #3779] addi x0,x0,0
Register Write to Reg: 0x00 Val: 0x00000000
[inst #3780] addi x0,x0,0
Register Write to Reg: 0x00 Val: 0x00000000
[inst #3781] addi x0,x0,0
Register Write to Reg: 0x00 Val: 0x00000000
[inst #3782] beq x7,x0,32
[inst #3783] addi x0,x0,0
Register Write to Reg: 0x00 Val: 0x00000000
[inst #3784] addi x0,x0,0
Register Write to Reg: 0x00 Val: 0x00000000
[inst #3785] addi x0,x0,0
Register Write to Reg: 0x00 Val: 0x00000000
[inst #3786] jal x0,-124
Register Write to Reg: 0x00 Val: 0x00400C54
[inst #3787] lw x7,8(x8)
Register Write to Reg: 0x07 Val: 0x00000001
[inst #3788] addi x0,x0,0
Register Write to Reg: 0x00 Val: 0x00000000
[inst #3789] addi x0,x0,0
Register Write to Reg: 0x00 Val: 0x00000000
[inst #3790] addi x0,x0,0
Register Write to Reg: 0x00 Val: 0x00000000
[inst #3791] slli x7,x7,8
Register Write to Reg: 0x07 Val: 0x00000100
[inst #3792] addi x0,x0,0
Register Write to Reg: 0x00 Val: 0x00000000
[inst #3793] addi x0,x0,0
Register Write to Reg: 0x00 Val: 0x00000000
[inst #3794] addi x0,x0,0
Register Write to Reg: 0x00 Val: 0x00000000
[inst #3795] sw x7,8(x8)
Memory Write to Addr: 0x10010FC0 Val: 0x00000100
[inst #3796] lw x7,12(x8)
Register Write to Reg: 0x07 Val: 0x00000000
[inst #3797] addi x0,x0,0
Register Write to Reg: 0x00 Val: 0x00000000
[inst #3798] addi x0,x0,0
Register Write to Reg: 0x00 Val: 0x00000000
[inst #3799] addi x0,x0,0
Register Write to Reg: 0x00 Val: 0x00000000
[inst #3800] addi x7,x7,1
Register Write to Reg: 0x07 Val: 0x00000001
[inst #3801] addi x0,x0,0
Register Write to Reg: 0x00 Val: 0x00000000
[inst #3802] addi x0,x0,0
Register Write to Reg: 0x00 Val: 0x00000000
[inst #3803] addi x0,x0,0
Register Write to Reg: 0x00 Val: 0x00000000
[inst #3804] sw x7,12(x8)
Memory Write to Addr: 0x10010FC4 Val: 0x00000001
[inst #3805] lw x28,12(x8)
Register Write to Reg: 0x1C Val: 0x00000001
[inst #3806] lw x7,32(x8)
Register Write to Reg: 0x07 Val: 0x00000001
[inst #3807] addi x0,x0,0
Register Write to Reg: 0x00 Val: 0x00000000
[inst #3808] addi x0,x0,0
Register Write to Reg: 0x00 Val: 0x00000000
[inst #3809] addi x0,x0,0
Register Write to Reg: 0x00 Val: 0x00000000
[inst #3810] slt x7,x28,x7
Register Write to Reg: 0x07 Val: 0x00000000
[inst #3811] addi x0,x0,0
Register Write to Reg: 0x00 Val: 0x00000000
[inst #3812] addi x0,x0,0
Register Write to Reg: 0x00 Val: 0x00000000
[inst #3813] addi x0,x0,0
Register Write to Reg: 0x00 Val: 0x00000000
[inst #3814] beq x7,x0,32
[inst #3815] auipc x7,64527
Register Write to Reg: 0x07 Val: 0x1000FC60
[inst #3816] sll x0,x0,x0
Register Write to Reg: 0x00 Val: 0x00000000
[inst #3817] sll x0,x0,x0
Register Write to Reg: 0x00 Val: 0x00000000
[inst #3818] sll x0,x0,x0
Register Write to Reg: 0x00 Val: 0x00000000
[inst #3819] addi x7,x7,964
Register Write to Reg: 0x07 Val: 0x10010024
[inst #3820] addi x0,x0,0
Register Write to Reg: 0x00 Val: 0x00000000
[inst #3821] addi x0,x0,0
Register Write to Reg: 0x00 Val: 0x00000000
[inst #3822] addi x0,x0,0
Register Write to Reg: 0x00 Val: 0x00000000
[inst #3823] lw x7,0(x7)
Register Write to Reg: 0x07 Val: 0x00010101
[inst #3824] addi x0,x0,0
Register Write to Reg: 0x00 Val: 0x00000000
[inst #3825] addi x0,x0,0
Register Write to Reg: 0x00 Val: 0x00000000
[inst #3826] addi x0,x0,0
Register Write to Reg: 0x00 Val: 0x00000000
[inst #3827] sw x7,16(x8)
Memory Write to Addr: 0x10010FC8 Val: 0x00010101
[inst #3828] lw x28,16(x8)
Register Write to Reg: 0x1C Val: 0x00010101
[inst #3829] lw x7,8(x8)
Register Write to Reg: 0x07 Val: 0x00000100
[inst #3830] addi x0,x0,0
Register Write to Reg: 0x00 Val: 0x00000000
[inst #3831] addi x0,x0,0
Register Write to Reg: 0x00 Val: 0x00000000
[inst #3832] addi x0,x0,0
Register Write to Reg: 0x00 Val: 0x00000000
[inst #3833] and x7,x28,x7
Register Write to Reg: 0x07 Val: 0x00000100
[inst #3834] addi x0,x0,0
Register Write to Reg: 0x00 Val: 0x00000000
[inst #3835] addi x0,x0,0
Register Write to Reg: 0x00 Val: 0x00000000
[inst #3836] addi x0,x0,0
Register Write to Reg: 0x00 Val: 0x00000000
[inst #3837] slt x7,x0,x7
Register Write to Reg: 0x07 Val: 0x00000001
[inst #3838] addi x0,x0,0
Register Write to Reg: 0x00 Val: 0x00000000
[inst #3839] addi x0,x0,0
Register Write to Reg: 0x00 Val: 0x00000000
[inst #3840] addi x0,x0,0
Register Write to Reg: 0x00 Val: 0x00000000
[inst #3841] andi x7,x7,255
Register Write to Reg: 0x07 Val: 0x00000001
[inst #3842] add x2,x0,x8
Register Write to Reg: 0x02 Val: 0x10010FB8
[inst #3843] addi x0,x0,0
Register Write to Reg: 0x00 Val: 0x00000000
[inst #3844] addi x0,x0,0
Register Write to Reg: 0x00 Val: 0x00000000
[inst #3845] addi x0,x0,0
Register Write to Reg: 0x00 Val: 0x00000000
[inst #3846] lw x8,28(x2)
Register Write to Reg: 0x08 Val: 0x10010FD8
[inst #3847] addi x2,x2,32
Register Write to Reg: 0x02 Val: 0x10010FD8
[inst #3848] jalr x0,x1,0
Register Write to Reg: 0x00 Val: 0x00400CE8
[inst #3849] xori x7,x7,1
Register Write to Reg: 0x07 Val: 0x00000000
[inst #3850] addi x0,x0,0
Register Write to Reg: 0x00 Val: 0x00000000
[inst #3851] addi x0,x0,0
Register Write to Reg: 0x00 Val: 0x00000000
[inst #3852] addi x0,x0,0
Register Write to Reg: 0x00 Val: 0x00000000
[inst #3853] andi x7,x7,255
Register Write to Reg: 0x07 Val: 0x00000000
[inst #3854] addi x0,x0,0
Register Write to Reg: 0x00 Val: 0x00000000
[inst #3855] addi x0,x0,0
Register Write to Reg: 0x00 Val: 0x00000000
[inst #3856] addi x0,x0,0
Register Write to Reg: 0x00 Val: 0x00000000
[inst #3857] beq x7,x0,68
[inst #3858] lw x7,24(x8)
Register Write to Reg: 0x07 Val: 0x00000001
[inst #3859] addi x0,x0,0
Register Write to Reg: 0x00 Val: 0x00000000
[inst #3860] addi x0,x0,0
Register Write to Reg: 0x00 Val: 0x00000000
[inst #3861] addi x0,x0,0
Register Write to Reg: 0x00 Val: 0x00000000
[inst #3862] addi x7,x7,1
Register Write to Reg: 0x07 Val: 0x00000002
[inst #3863] addi x0,x0,0
Register Write to Reg: 0x00 Val: 0x00000000
[inst #3864] addi x0,x0,0
Register Write to Reg: 0x00 Val: 0x00000000
[inst #3865] addi x0,x0,0
Register Write to Reg: 0x00 Val: 0x00000000
[inst #3866] sw x7,24(x8)
Memory Write to Addr: 0x10010FF0 Val: 0x00000002
[inst #3867] lw x7,24(x8)
Register Write to Reg: 0x07 Val: 0x00000002
[inst #3868] addi x0,x0,0
Register Write to Reg: 0x00 Val: 0x00000000
[inst #3869] addi x0,x0,0
Register Write to Reg: 0x00 Val: 0x00000000
[inst #3870] addi x0,x0,0
Register Write to Reg: 0x00 Val: 0x00000000
[inst #3871] slti x7,x7,4
Register Write to Reg: 0x07 Val: 0x00000001
[inst #3872] addi x0,x0,0
Register Write to Reg: 0x00 Val: 0x00000000
[inst #3873] addi x0,x0,0
Register Write to Reg: 0x00 Val: 0x00000000
[inst #3874] addi x0,x0,0
Register Write to Reg: 0x00 Val: 0x00000000
[inst #3875] beq x7,x0,32
[inst #3876] addi x0,x0,0
Register Write to Reg: 0x00 Val: 0x00000000
[inst #3877] addi x0,x0,0
Register Write to Reg: 0x00 Val: 0x00000000
[inst #3878] addi x0,x0,0
Register Write to Reg: 0x00 Val: 0x00000000
[inst #3879] jal x0,-236
Register Write to Reg: 0x00 Val: 0x004001A0
[inst #3880] lw x29,24(x8)
Register Write to Reg: 0x1D Val: 0x00000002
[inst #3881] auipc x1,0
Register Write to Reg: 0x01 Val: 0x004000B4
[inst #3882] sll x0,x0,x0
Register Write to Reg: 0x00 Val: 0x00000000
[inst #3883] sll x0,x0,x0
Register Write to Reg: 0x00 Val: 0x00000000
[inst #3884] sll x0,x0,x0
Register Write to Reg: 0x00 Val: 0x00000000
[inst #3885] addi x1,x1,48
Register Write to Reg: 0x01 Val: 0x004000E4
[inst #3886] addi x0,x0,0
Register Write to Reg: 0x00 Val: 0x00000000
[inst #3887] addi x0,x0,0
Register Write to Reg: 0x00 Val: 0x00000000
[inst #3888] addi x0,x0,0
Register Write to Reg: 0x00 Val: 0x00000000
[inst #3889] jal x0,2736
Register Write to Reg: 0x00 Val: 0x004000D8
[inst #3890] addi x2,x2,-32
Register Write to Reg: 0x02 Val: 0x10010FB8
[inst #3891] addi x0,x0,0
Register Write to Reg: 0x00 Val: 0x00000000
[inst #3892] addi x0,x0,0
Register Write to Reg: 0x00 Val: 0x00000000
[inst #3893] addi x0,x0,0
Register Write to Reg: 0x00 Val: 0x00000000
[inst #3894] sw x8,28(x2)
Memory Write to Addr: 0x10010FD4 Val: 0x10010FD8
[inst #3895] add x8,x0,x2
Register Write to Reg: 0x08 Val: 0x10010FB8
[inst #3896] addi x0,x0,0
Register Write to Reg: 0x00 Val: 0x00000000
[inst #3897] addi x0,x0,0
Register Write to Reg: 0x00 Val: 0x00000000
[inst #3898] addi x0,x0,0
Register Write to Reg: 0x00 Val: 0x00000000
[inst #3899] sw x29,32(x8)
Memory Write to Addr: 0x10010FD8 Val: 0x00000002
[inst #3900] ori x7,x0,1
Register Write to Reg: 0x07 Val: 0x00000001
[inst #3901] addi x0,x0,0
Register Write to Reg: 0x00 Val: 0x00000000
[inst #3902] addi x0,x0,0
Register Write to Reg: 0x00 Val: 0x00000000
[inst #3903] addi x0,x0,0
Register Write to Reg: 0x00 Val: 0x00000000
[inst #3904] sw x7,8(x8)
Memory Write to Addr: 0x10010FC0 Val: 0x00000001
[inst #3905] sw x0,12(x8)
Memory Write to Addr: 0x10010FC4 Val: 0x00000000
[inst #3906] jal x0,88
Register Write to Reg: 0x00 Val: 0x00400BC8
[inst #3907] lw x28,12(x8)
Register Write to Reg: 0x1C Val: 0x00000000
[inst #3908] lw x7,32(x8)
Register Write to Reg: 0x07 Val: 0x00000002
[inst #3909] addi x0,x0,0
Register Write to Reg: 0x00 Val: 0x00000000
[inst #3910] addi x0,x0,0
Register Write to Reg: 0x00 Val: 0x00000000
[inst #3911] addi x0,x0,0
Register Write to Reg: 0x00 Val: 0x00000000
[inst #3912] slt x7,x28,x7
Register Write to Reg: 0x07 Val: 0x00000001
[inst #3913] addi x0,x0,0
Register Write to Reg: 0x00 Val: 0x00000000
[inst #3914] addi x0,x0,0
Register Write to Reg: 0x00 Val: 0x00000000
[inst #3915] addi x0,x0,0
Register Write to Reg: 0x00 Val: 0x00000000
[inst #3916] beq x7,x0,32
[inst #3917] addi x0,x0,0
Register Write to Reg: 0x00 Val: 0x00000000
[inst #3918] addi x0,x0,0
Register Write to Reg: 0x00 Val: 0x00000000
[inst #3919] addi x0,x0,0
Register Write to Reg: 0x00 Val: 0x00000000
[inst #3920] jal x0,-124
Register Write to Reg: 0x00 Val: 0x00400C54
[inst #3921] lw x7,8(x8)
Register Write to Reg: 0x07 Val: 0x00000001
[inst #3922] addi x0,x0,0
Register Write to Reg: 0x00 Val: 0x00000000
[inst #3923] addi x0,x0,0
Register Write to Reg: 0x00 Val: 0x00000000
[inst #3924] addi x0,x0,0
Register Write to Reg: 0x00 Val: 0x00000000
[inst #3925] slli x7,x7,8
Register Write to Reg: 0x07 Val: 0x00000100
[inst #3926] addi x0,x0,0
Register Write to Reg: 0x00 Val: 0x00000000
[inst #3927] addi x0,x0,0
Register Write to Reg: 0x00 Val: 0x00000000
[inst #3928] addi x0,x0,0
Register Write to Reg: 0x00 Val: 0x00000000
[inst #3929] sw x7,8(x8)
Memory Write to Addr: 0x10010FC0 Val: 0x00000100
[inst #3930] lw x7,12(x8)
Register Write to Reg: 0x07 Val: 0x00000000
[inst #3931] addi x0,x0,0
Register Write to Reg: 0x00 Val: 0x00000000
[inst #3932] addi x0,x0,0
Register Write to Reg: 0x00 Val: 0x00000000
[inst #3933] addi x0,x0,0
Register Write to Reg: 0x00 Val: 0x00000000
[inst #3934] addi x7,x7,1
Register Write to Reg: 0x07 Val: 0x00000001
[inst #3935] addi x0,x0,0
Register Write to Reg: 0x00 Val: 0x00000000
[inst #3936] addi x0,x0,0
Register Write to Reg: 0x00 Val: 0x00000000
[inst #3937] addi x0,x0,0
Register Write to Reg: 0x00 Val: 0x00000000
[inst #3938] sw x7,12(x8)
Memory Write to Addr: 0x10010FC4 Val: 0x00000001
[inst #3939] lw x28,12(x8)
Register Write to Reg: 0x1C Val: 0x00000001
[inst #3940] lw x7,32(x8)
Register Write to Reg: 0x07 Val: 0x00000002
[inst #3941] addi x0,x0,0
Register Write to Reg: 0x00 Val: 0x00000000
[inst #3942] addi x0,x0,0
Register Write to Reg: 0x00 Val: 0x00000000
[inst #3943] addi x0,x0,0
Register Write to Reg: 0x00 Val: 0x00000000
[inst #3944] slt x7,x28,x7
Register Write to Reg: 0x07 Val: 0x00000001
[inst #3945] addi x0,x0,0
Register Write to Reg: 0x00 Val: 0x00000000
[inst #3946] addi x0,x0,0
Register Write to Reg: 0x00 Val: 0x00000000
[inst #3947] addi x0,x0,0
Register Write to Reg: 0x00 Val: 0x00000000
[inst #3948] beq x7,x0,32
[inst #3949] addi x0,x0,0
Register Write to Reg: 0x00 Val: 0x00000000
[inst #3950] addi x0,x0,0
Register Write to Reg: 0x00 Val: 0x00000000
[inst #3951] addi x0,x0,0
Register Write to Reg: 0x00 Val: 0x00000000
[inst #3952] jal x0,-124
Register Write to Reg: 0x00 Val: 0x00400C54
[inst #3953] lw x7,8(x8)
Register Write to Reg: 0x07 Val: 0x00000100
[inst #3954] addi x0,x0,0
Register Write to Reg: 0x00 Val: 0x00000000
[inst #3955] addi x0,x0,0
Register Write to Reg: 0x00 Val: 0x00000000
[inst #3956] addi x0,x0,0
Register Write to Reg: 0x00 Val: 0x00000000
[inst #3957] slli x7,x7,8
Register Write to Reg: 0x07 Val: 0x00010000
[inst #3958] addi x0,x0,0
Register Write to Reg: 0x00 Val: 0x00000000
[inst #3959] addi x0,x0,0
Register Write to Reg: 0x00 Val: 0x00000000
[inst #3960] addi x0,x0,0
Register Write to Reg: 0x00 Val: 0x00000000
[inst #3961] sw x7,8(x8)
Memory Write to Addr: 0x10010FC0 Val: 0x00010000
[inst #3962] lw x7,12(x8)
Register Write to Reg: 0x07 Val: 0x00000001
[inst #3963] addi x0,x0,0
Register Write to Reg: 0x00 Val: 0x00000000
[inst #3964] addi x0,x0,0
Register Write to Reg: 0x00 Val: 0x00000000
[inst #3965] addi x0,x0,0
Register Write to Reg: 0x00 Val: 0x00000000
[inst #3966] addi x7,x7,1
Register Write to Reg: 0x07 Val: 0x00000002
[inst #3967] addi x0,x0,0
Register Write to Reg: 0x00 Val: 0x00000000
[inst #3968] addi x0,x0,0
Register Write to Reg: 0x00 Val: 0x00000000
[inst #3969] addi x0,x0,0
Register Write to Reg: 0x00 Val: 0x00000000
[inst #3970] sw x7,12(x8)
Memory Write to Addr: 0x10010FC4 Val: 0x00000002
[inst #3971] lw x28,12(x8)
Register Write to Reg: 0x1C Val: 0x00000002
[inst #3972] lw x7,32(x8)
Register Write to Reg: 0x07 Val: 0x00000002
[inst #3973] addi x0,x0,0
Register Write to Reg: 0x00 Val: 0x00000000
[inst #3974] addi x0,x0,0
Register Write to Reg: 0x00 Val: 0x00000000
[inst #3975] addi x0,x0,0
Register Write to Reg: 0x00 Val: 0x00000000
[inst #3976] slt x7,x28,x7
Register Write to Reg: 0x07 Val: 0x00000000
[inst #3977] addi x0,x0,0
Register Write to Reg: 0x00 Val: 0x00000000
[inst #3978] addi x0,x0,0
Register Write to Reg: 0x00 Val: 0x00000000
[inst #3979] addi x0,x0,0
Register Write to Reg: 0x00 Val: 0x00000000
[inst #3980] beq x7,x0,32
[inst #3981] auipc x7,64527
Register Write to Reg: 0x07 Val: 0x1000FC60
[inst #3982] sll x0,x0,x0
Register Write to Reg: 0x00 Val: 0x00000000
[inst #3983] sll x0,x0,x0
Register Write to Reg: 0x00 Val: 0x00000000
[inst #3984] sll x0,x0,x0
Register Write to Reg: 0x00 Val: 0x00000000
[inst #3985] addi x7,x7,964
Register Write to Reg: 0x07 Val: 0x10010024
[inst #3986] addi x0,x0,0
Register Write to Reg: 0x00 Val: 0x00000000
[inst #3987] addi x0,x0,0
Register Write to Reg: 0x00 Val: 0x00000000
[inst #3988] addi x0,x0,0
Register Write to Reg: 0x00 Val: 0x00000000
[inst #3989] lw x7,0(x7)
Register Write to Reg: 0x07 Val: 0x00010101
[inst #3990] addi x0,x0,0
Register Write to Reg: 0x00 Val: 0x00000000
[inst #3991] addi x0,x0,0
Register Write to Reg: 0x00 Val: 0x00000000
[inst #3992] addi x0,x0,0
Register Write to Reg: 0x00 Val: 0x00000000
[inst #3993] sw x7,16(x8)
Memory Write to Addr: 0x10010FC8 Val: 0x00010101
[inst #3994] lw x28,16(x8)
Register Write to Reg: 0x1C Val: 0x00010101
[inst #3995] lw x7,8(x8)
Register Write to Reg: 0x07 Val: 0x00010000
[inst #3996] addi x0,x0,0
Register Write to Reg: 0x00 Val: 0x00000000
[inst #3997] addi x0,x0,0
Register Write to Reg: 0x00 Val: 0x00000000
[inst #3998] addi x0,x0,0
Register Write to Reg: 0x00 Val: 0x00000000
[inst #3999] and x7,x28,x7
Register Write to Reg: 0x07 Val: 0x00010000
[inst #4000] addi x0,x0,0
Register Write to Reg: 0x00 Val: 0x00000000
[inst #4001] addi x0,x0,0
Register Write to Reg: 0x00 Val: 0x00000000
[inst #4002] addi x0,x0,0
Register Write to Reg: 0x00 Val: 0x00000000
[inst #4003] slt x7,x0,x7
Register Write to Reg: 0x07 Val: 0x00000001
[inst #4004] addi x0,x0,0
Register Write to Reg: 0x00 Val: 0x00000000
[inst #4005] addi x0,x0,0
Register Write to Reg: 0x00 Val: 0x00000000
[inst #4006] addi x0,x0,0
Register Write to Reg: 0x00 Val: 0x00000000
[inst #4007] andi x7,x7,255
Register Write to Reg: 0x07 Val: 0x00000001
[inst #4008] add x2,x0,x8
Register Write to Reg: 0x02 Val: 0x10010FB8
[inst #4009] addi x0,x0,0
Register Write to Reg: 0x00 Val: 0x00000000
[inst #4010] addi x0,x0,0
Register Write to Reg: 0x00 Val: 0x00000000
[inst #4011] addi x0,x0,0
Register Write to Reg: 0x00 Val: 0x00000000
[inst #4012] lw x8,28(x2)
Register Write to Reg: 0x08 Val: 0x10010FD8
[inst #4013] addi x2,x2,32
Register Write to Reg: 0x02 Val: 0x10010FD8
[inst #4014] jalr x0,x1,0
Register Write to Reg: 0x00 Val: 0x00400CE8
[inst #4015] xori x7,x7,1
Register Write to Reg: 0x07 Val: 0x00000000
[inst #4016] addi x0,x0,0
Register Write to Reg: 0x00 Val: 0x00000000
[inst #4017] addi x0,x0,0
Register Write to Reg: 0x00 Val: 0x00000000
[inst #4018] addi x0,x0,0
Register Write to Reg: 0x00 Val: 0x00000000
[inst #4019] andi x7,x7,255
Register Write to Reg: 0x07 Val: 0x00000000
[inst #4020] addi x0,x0,0
Register Write to Reg: 0x00 Val: 0x00000000
[inst #4021] addi x0,x0,0
Register Write to Reg: 0x00 Val: 0x00000000
[inst #4022] addi x0,x0,0
Register Write to Reg: 0x00 Val: 0x00000000
[inst #4023] beq x7,x0,68
[inst #4024] lw x7,24(x8)
Register Write to Reg: 0x07 Val: 0x00000002
[inst #4025] addi x0,x0,0
Register Write to Reg: 0x00 Val: 0x00000000
[inst #4026] addi x0,x0,0
Register Write to Reg: 0x00 Val: 0x00000000
[inst #4027] addi x0,x0,0
Register Write to Reg: 0x00 Val: 0x00000000
[inst #4028] addi x7,x7,1
Register Write to Reg: 0x07 Val: 0x00000003
[inst #4029] addi x0,x0,0
Register Write to Reg: 0x00 Val: 0x00000000
[inst #4030] addi x0,x0,0
Register Write to Reg: 0x00 Val: 0x00000000
[inst #4031] addi x0,x0,0
Register Write to Reg: 0x00 Val: 0x00000000
[inst #4032] sw x7,24(x8)
Memory Write to Addr: 0x10010FF0 Val: 0x00000003
[inst #4033] lw x7,24(x8)
Register Write to Reg: 0x07 Val: 0x00000003
[inst #4034] addi x0,x0,0
Register Write to Reg: 0x00 Val: 0x00000000
[inst #4035] addi x0,x0,0
Register Write to Reg: 0x00 Val: 0x00000000
[inst #4036] addi x0,x0,0
Register Write to Reg: 0x00 Val: 0x00000000
[inst #4037] slti x7,x7,4
Register Write to Reg: 0x07 Val: 0x00000001
[inst #4038] addi x0,x0,0
Register Write to Reg: 0x00 Val: 0x00000000
[inst #4039] addi x0,x0,0
Register Write to Reg: 0x00 Val: 0x00000000
[inst #4040] addi x0,x0,0
Register Write to Reg: 0x00 Val: 0x00000000
[inst #4041] beq x7,x0,32
[inst #4042] addi x0,x0,0
Register Write to Reg: 0x00 Val: 0x00000000
[inst #4043] addi x0,x0,0
Register Write to Reg: 0x00 Val: 0x00000000
[inst #4044] addi x0,x0,0
Register Write to Reg: 0x00 Val: 0x00000000
[inst #4045] jal x0,-236
Register Write to Reg: 0x00 Val: 0x004001A0
[inst #4046] lw x29,24(x8)
Register Write to Reg: 0x1D Val: 0x00000003
[inst #4047] auipc x1,0
Register Write to Reg: 0x01 Val: 0x004000B4
[inst #4048] sll x0,x0,x0
Register Write to Reg: 0x00 Val: 0x00000000
[inst #4049] sll x0,x0,x0
Register Write to Reg: 0x00 Val: 0x00000000
[inst #4050] sll x0,x0,x0
Register Write to Reg: 0x00 Val: 0x00000000
[inst #4051] addi x1,x1,48
Register Write to Reg: 0x01 Val: 0x004000E4
[inst #4052] addi x0,x0,0
Register Write to Reg: 0x00 Val: 0x00000000
[inst #4053] addi x0,x0,0
Register Write to Reg: 0x00 Val: 0x00000000
[inst #4054] addi x0,x0,0
Register Write to Reg: 0x00 Val: 0x00000000
[inst #4055] jal x0,2736
Register Write to Reg: 0x00 Val: 0x004000D8
[inst #4056] addi x2,x2,-32
Register Write to Reg: 0x02 Val: 0x10010FB8
[inst #4057] addi x0,x0,0
Register Write to Reg: 0x00 Val: 0x00000000
[inst #4058] addi x0,x0,0
Register Write to Reg: 0x00 Val: 0x00000000
[inst #4059] addi x0,x0,0
Register Write to Reg: 0x00 Val: 0x00000000
[inst #4060] sw x8,28(x2)
Memory Write to Addr: 0x10010FD4 Val: 0x10010FD8
[inst #4061] add x8,x0,x2
Register Write to Reg: 0x08 Val: 0x10010FB8
[inst #4062] addi x0,x0,0
Register Write to Reg: 0x00 Val: 0x00000000
[inst #4063] addi x0,x0,0
Register Write to Reg: 0x00 Val: 0x00000000
[inst #4064] addi x0,x0,0
Register Write to Reg: 0x00 Val: 0x00000000
[inst #4065] sw x29,32(x8)
Memory Write to Addr: 0x10010FD8 Val: 0x00000003
[inst #4066] ori x7,x0,1
Register Write to Reg: 0x07 Val: 0x00000001
[inst #4067] addi x0,x0,0
Register Write to Reg: 0x00 Val: 0x00000000
[inst #4068] addi x0,x0,0
Register Write to Reg: 0x00 Val: 0x00000000
[inst #4069] addi x0,x0,0
Register Write to Reg: 0x00 Val: 0x00000000
[inst #4070] sw x7,8(x8)
Memory Write to Addr: 0x10010FC0 Val: 0x00000001
[inst #4071] sw x0,12(x8)
Memory Write to Addr: 0x10010FC4 Val: 0x00000000
[inst #4072] jal x0,88
Register Write to Reg: 0x00 Val: 0x00400BC8
[inst #4073] lw x28,12(x8)
Register Write to Reg: 0x1C Val: 0x00000000
[inst #4074] lw x7,32(x8)
Register Write to Reg: 0x07 Val: 0x00000003
[inst #4075] addi x0,x0,0
Register Write to Reg: 0x00 Val: 0x00000000
[inst #4076] addi x0,x0,0
Register Write to Reg: 0x00 Val: 0x00000000
[inst #4077] addi x0,x0,0
Register Write to Reg: 0x00 Val: 0x00000000
[inst #4078] slt x7,x28,x7
Register Write to Reg: 0x07 Val: 0x00000001
[inst #4079] addi x0,x0,0
Register Write to Reg: 0x00 Val: 0x00000000
[inst #4080] addi x0,x0,0
Register Write to Reg: 0x00 Val: 0x00000000
[inst #4081] addi x0,x0,0
Register Write to Reg: 0x00 Val: 0x00000000
[inst #4082] beq x7,x0,32
[inst #4083] addi x0,x0,0
Register Write to Reg: 0x00 Val: 0x00000000
[inst #4084] addi x0,x0,0
Register Write to Reg: 0x00 Val: 0x00000000
[inst #4085] addi x0,x0,0
Register Write to Reg: 0x00 Val: 0x00000000
[inst #4086] jal x0,-124
Register Write to Reg: 0x00 Val: 0x00400C54
[inst #4087] lw x7,8(x8)
Register Write to Reg: 0x07 Val: 0x00000001
[inst #4088] addi x0,x0,0
Register Write to Reg: 0x00 Val: 0x00000000
[inst #4089] addi x0,x0,0
Register Write to Reg: 0x00 Val: 0x00000000
[inst #4090] addi x0,x0,0
Register Write to Reg: 0x00 Val: 0x00000000
[inst #4091] slli x7,x7,8
Register Write to Reg: 0x07 Val: 0x00000100
[inst #4092] addi x0,x0,0
Register Write to Reg: 0x00 Val: 0x00000000
[inst #4093] addi x0,x0,0
Register Write to Reg: 0x00 Val: 0x00000000
[inst #4094] addi x0,x0,0
Register Write to Reg: 0x00 Val: 0x00000000
[inst #4095] sw x7,8(x8)
Memory Write to Addr: 0x10010FC0 Val: 0x00000100
[inst #4096] lw x7,12(x8)
Register Write to Reg: 0x07 Val: 0x00000000
[inst #4097] addi x0,x0,0
Register Write to Reg: 0x00 Val: 0x00000000
[inst #4098] addi x0,x0,0
Register Write to Reg: 0x00 Val: 0x00000000
[inst #4099] addi x0,x0,0
Register Write to Reg: 0x00 Val: 0x00000000
[inst #4100] addi x7,x7,1
Register Write to Reg: 0x07 Val: 0x00000001
[inst #4101] addi x0,x0,0
Register Write to Reg: 0x00 Val: 0x00000000
[inst #4102] addi x0,x0,0
Register Write to Reg: 0x00 Val: 0x00000000
[inst #4103] addi x0,x0,0
Register Write to Reg: 0x00 Val: 0x00000000
[inst #4104] sw x7,12(x8)
Memory Write to Addr: 0x10010FC4 Val: 0x00000001
[inst #4105] lw x28,12(x8)
Register Write to Reg: 0x1C Val: 0x00000001
[inst #4106] lw x7,32(x8)
Register Write to Reg: 0x07 Val: 0x00000003
[inst #4107] addi x0,x0,0
Register Write to Reg: 0x00 Val: 0x00000000
[inst #4108] addi x0,x0,0
Register Write to Reg: 0x00 Val: 0x00000000
[inst #4109] addi x0,x0,0
Register Write to Reg: 0x00 Val: 0x00000000
[inst #4110] slt x7,x28,x7
Register Write to Reg: 0x07 Val: 0x00000001
[inst #4111] addi x0,x0,0
Register Write to Reg: 0x00 Val: 0x00000000
[inst #4112] addi x0,x0,0
Register Write to Reg: 0x00 Val: 0x00000000
[inst #4113] addi x0,x0,0
Register Write to Reg: 0x00 Val: 0x00000000
[inst #4114] beq x7,x0,32
[inst #4115] addi x0,x0,0
Register Write to Reg: 0x00 Val: 0x00000000
[inst #4116] addi x0,x0,0
Register Write to Reg: 0x00 Val: 0x00000000
[inst #4117] addi x0,x0,0
Register Write to Reg: 0x00 Val: 0x00000000
[inst #4118] jal x0,-124
Register Write to Reg: 0x00 Val: 0x00400C54
[inst #4119] lw x7,8(x8)
Register Write to Reg: 0x07 Val: 0x00000100
[inst #4120] addi x0,x0,0
Register Write to Reg: 0x00 Val: 0x00000000
[inst #4121] addi x0,x0,0
Register Write to Reg: 0x00 Val: 0x00000000
[inst #4122] addi x0,x0,0
Register Write to Reg: 0x00 Val: 0x00000000
[inst #4123] slli x7,x7,8
Register Write to Reg: 0x07 Val: 0x00010000
[inst #4124] addi x0,x0,0
Register Write to Reg: 0x00 Val: 0x00000000
[inst #4125] addi x0,x0,0
Register Write to Reg: 0x00 Val: 0x00000000
[inst #4126] addi x0,x0,0
Register Write to Reg: 0x00 Val: 0x00000000
[inst #4127] sw x7,8(x8)
Memory Write to Addr: 0x10010FC0 Val: 0x00010000
[inst #4128] lw x7,12(x8)
Register Write to Reg: 0x07 Val: 0x00000001
[inst #4129] addi x0,x0,0
Register Write to Reg: 0x00 Val: 0x00000000
[inst #4130] addi x0,x0,0
Register Write to Reg: 0x00 Val: 0x00000000
[inst #4131] addi x0,x0,0
Register Write to Reg: 0x00 Val: 0x00000000
[inst #4132] addi x7,x7,1
Register Write to Reg: 0x07 Val: 0x00000002
[inst #4133] addi x0,x0,0
Register Write to Reg: 0x00 Val: 0x00000000
[inst #4134] addi x0,x0,0
Register Write to Reg: 0x00 Val: 0x00000000
[inst #4135] addi x0,x0,0
Register Write to Reg: 0x00 Val: 0x00000000
[inst #4136] sw x7,12(x8)
Memory Write to Addr: 0x10010FC4 Val: 0x00000002
[inst #4137] lw x28,12(x8)
Register Write to Reg: 0x1C Val: 0x00000002
[inst #4138] lw x7,32(x8)
Register Write to Reg: 0x07 Val: 0x00000003
[inst #4139] addi x0,x0,0
Register Write to Reg: 0x00 Val: 0x00000000
[inst #4140] addi x0,x0,0
Register Write to Reg: 0x00 Val: 0x00000000
[inst #4141] addi x0,x0,0
Register Write to Reg: 0x00 Val: 0x00000000
[inst #4142] slt x7,x28,x7
Register Write to Reg: 0x07 Val: 0x00000001
[inst #4143] addi x0,x0,0
Register Write to Reg: 0x00 Val: 0x00000000
[inst #4144] addi x0,x0,0
Register Write to Reg: 0x00 Val: 0x00000000
[inst #4145] addi x0,x0,0
Register Write to Reg: 0x00 Val: 0x00000000
[inst #4146] beq x7,x0,32
[inst #4147] addi x0,x0,0
Register Write to Reg: 0x00 Val: 0x00000000
[inst #4148] addi x0,x0,0
Register Write to Reg: 0x00 Val: 0x00000000
[inst #4149] addi x0,x0,0
Register Write to Reg: 0x00 Val: 0x00000000
[inst #4150] jal x0,-124
Register Write to Reg: 0x00 Val: 0x00400C54
[inst #4151] lw x7,8(x8)
Register Write to Reg: 0x07 Val: 0x00010000
[inst #4152] addi x0,x0,0
Register Write to Reg: 0x00 Val: 0x00000000
[inst #4153] addi x0,x0,0
Register Write to Reg: 0x00 Val: 0x00000000
[inst #4154] addi x0,x0,0
Register Write to Reg: 0x00 Val: 0x00000000
[inst #4155] slli x7,x7,8
Register Write to Reg: 0x07 Val: 0x01000000
[inst #4156] addi x0,x0,0
Register Write to Reg: 0x00 Val: 0x00000000
[inst #4157] addi x0,x0,0
Register Write to Reg: 0x00 Val: 0x00000000
[inst #4158] addi x0,x0,0
Register Write to Reg: 0x00 Val: 0x00000000
[inst #4159] sw x7,8(x8)
Memory Write to Addr: 0x10010FC0 Val: 0x01000000
[inst #4160] lw x7,12(x8)
Register Write to Reg: 0x07 Val: 0x00000002
[inst #4161] addi x0,x0,0
Register Write to Reg: 0x00 Val: 0x00000000
[inst #4162] addi x0,x0,0
Register Write to Reg: 0x00 Val: 0x00000000
[inst #4163] addi x0,x0,0
Register Write to Reg: 0x00 Val: 0x00000000
[inst #4164] addi x7,x7,1
Register Write to Reg: 0x07 Val: 0x00000003
[inst #4165] addi x0,x0,0
Register Write to Reg: 0x00 Val: 0x00000000
[inst #4166] addi x0,x0,0
Register Write to Reg: 0x00 Val: 0x00000000
[inst #4167] addi x0,x0,0
Register Write to Reg: 0x00 Val: 0x00000000
[inst #4168] sw x7,12(x8)
Memory Write to Addr: 0x10010FC4 Val: 0x00000003
[inst #4169] lw x28,12(x8)
Register Write to Reg: 0x1C Val: 0x00000003
[inst #4170] lw x7,32(x8)
Register Write to Reg: 0x07 Val: 0x00000003
[inst #4171] addi x0,x0,0
Register Write to Reg: 0x00 Val: 0x00000000
[inst #4172] addi x0,x0,0
Register Write to Reg: 0x00 Val: 0x00000000
[inst #4173] addi x0,x0,0
Register Write to Reg: 0x00 Val: 0x00000000
[inst #4174] slt x7,x28,x7
Register Write to Reg: 0x07 Val: 0x00000000
[inst #4175] addi x0,x0,0
Register Write to Reg: 0x00 Val: 0x00000000
[inst #4176] addi x0,x0,0
Register Write to Reg: 0x00 Val: 0x00000000
[inst #4177] addi x0,x0,0
Register Write to Reg: 0x00 Val: 0x00000000
[inst #4178] beq x7,x0,32
[inst #4179] auipc x7,64527
Register Write to Reg: 0x07 Val: 0x1000FC60
[inst #4180] sll x0,x0,x0
Register Write to Reg: 0x00 Val: 0x00000000
[inst #4181] sll x0,x0,x0
Register Write to Reg: 0x00 Val: 0x00000000
[inst #4182] sll x0,x0,x0
Register Write to Reg: 0x00 Val: 0x00000000
[inst #4183] addi x7,x7,964
Register Write to Reg: 0x07 Val: 0x10010024
[inst #4184] addi x0,x0,0
Register Write to Reg: 0x00 Val: 0x00000000
[inst #4185] addi x0,x0,0
Register Write to Reg: 0x00 Val: 0x00000000
[inst #4186] addi x0,x0,0
Register Write to Reg: 0x00 Val: 0x00000000
[inst #4187] lw x7,0(x7)
Register Write to Reg: 0x07 Val: 0x00010101
[inst #4188] addi x0,x0,0
Register Write to Reg: 0x00 Val: 0x00000000
[inst #4189] addi x0,x0,0
Register Write to Reg: 0x00 Val: 0x00000000
[inst #4190] addi x0,x0,0
Register Write to Reg: 0x00 Val: 0x00000000
[inst #4191] sw x7,16(x8)
Memory Write to Addr: 0x10010FC8 Val: 0x00010101
[inst #4192] lw x28,16(x8)
Register Write to Reg: 0x1C Val: 0x00010101
[inst #4193] lw x7,8(x8)
Register Write to Reg: 0x07 Val: 0x01000000
[inst #4194] addi x0,x0,0
Register Write to Reg: 0x00 Val: 0x00000000
[inst #4195] addi x0,x0,0
Register Write to Reg: 0x00 Val: 0x00000000
[inst #4196] addi x0,x0,0
Register Write to Reg: 0x00 Val: 0x00000000
[inst #4197] and x7,x28,x7
Register Write to Reg: 0x07 Val: 0x00000000
[inst #4198] addi x0,x0,0
Register Write to Reg: 0x00 Val: 0x00000000
[inst #4199] addi x0,x0,0
Register Write to Reg: 0x00 Val: 0x00000000
[inst #4200] addi x0,x0,0
Register Write to Reg: 0x00 Val: 0x00000000
[inst #4201] slt x7,x0,x7
Register Write to Reg: 0x07 Val: 0x00000000
[inst #4202] addi x0,x0,0
Register Write to Reg: 0x00 Val: 0x00000000
[inst #4203] addi x0,x0,0
Register Write to Reg: 0x00 Val: 0x00000000
[inst #4204] addi x0,x0,0
Register Write to Reg: 0x00 Val: 0x00000000
[inst #4205] andi x7,x7,255
Register Write to Reg: 0x07 Val: 0x00000000
[inst #4206] add x2,x0,x8
Register Write to Reg: 0x02 Val: 0x10010FB8
[inst #4207] addi x0,x0,0
Register Write to Reg: 0x00 Val: 0x00000000
[inst #4208] addi x0,x0,0
Register Write to Reg: 0x00 Val: 0x00000000
[inst #4209] addi x0,x0,0
Register Write to Reg: 0x00 Val: 0x00000000
[inst #4210] lw x8,28(x2)
Register Write to Reg: 0x08 Val: 0x10010FD8
[inst #4211] addi x2,x2,32
Register Write to Reg: 0x02 Val: 0x10010FD8
[inst #4212] jalr x0,x1,0
Register Write to Reg: 0x00 Val: 0x00400CE8
[inst #4213] xori x7,x7,1
Register Write to Reg: 0x07 Val: 0x00000001
[inst #4214] addi x0,x0,0
Register Write to Reg: 0x00 Val: 0x00000000
[inst #4215] addi x0,x0,0
Register Write to Reg: 0x00 Val: 0x00000000
[inst #4216] addi x0,x0,0
Register Write to Reg: 0x00 Val: 0x00000000
[inst #4217] andi x7,x7,255
Register Write to Reg: 0x07 Val: 0x00000001
[inst #4218] addi x0,x0,0
Register Write to Reg: 0x00 Val: 0x00000000
[inst #4219] addi x0,x0,0
Register Write to Reg: 0x00 Val: 0x00000000
[inst #4220] addi x0,x0,0
Register Write to Reg: 0x00 Val: 0x00000000
[inst #4221] beq x7,x0,68
[inst #4222] addi x0,x0,0
Register Write to Reg: 0x00 Val: 0x00000000
[inst #4223] addi x0,x0,0
Register Write to Reg: 0x00 Val: 0x00000000
[inst #4224] addi x0,x0,0
Register Write to Reg: 0x00 Val: 0x00000000
[inst #4225] lw x29,24(x8)
Register Write to Reg: 0x1D Val: 0x00000003
[inst #4226] auipc x1,0
Register Write to Reg: 0x01 Val: 0x00400118
[inst #4227] sll x0,x0,x0
Register Write to Reg: 0x00 Val: 0x00000000
[inst #4228] sll x0,x0,x0
Register Write to Reg: 0x00 Val: 0x00000000
[inst #4229] sll x0,x0,x0
Register Write to Reg: 0x00 Val: 0x00000000
[inst #4230] addi x1,x1,48
Register Write to Reg: 0x01 Val: 0x00400148
[inst #4231] addi x0,x0,0
Register Write to Reg: 0x00 Val: 0x00000000
[inst #4232] addi x0,x0,0
Register Write to Reg: 0x00 Val: 0x00000000
[inst #4233] addi x0,x0,0
Register Write to Reg: 0x00 Val: 0x00000000
[inst #4234] jal x0,956
Register Write to Reg: 0x00 Val: 0x0040013C
[inst #4235] addi x2,x2,-48
Register Write to Reg: 0x02 Val: 0x10010FA8
[inst #4236] addi x0,x0,0
Register Write to Reg: 0x00 Val: 0x00000000
[inst #4237] addi x0,x0,0
Register Write to Reg: 0x00 Val: 0x00000000
[inst #4238] addi x0,x0,0
Register Write to Reg: 0x00 Val: 0x00000000
[inst #4239] sw x1,44(x2)
Memory Write to Addr: 0x10010FD4 Val: 0x00400148
[inst #4240] sw x8,40(x2)
Memory Write to Addr: 0x10010FD0 Val: 0x10010FD8
[inst #4241] add x8,x0,x2
Register Write to Reg: 0x08 Val: 0x10010FA8
[inst #4242] addi x0,x0,0
Register Write to Reg: 0x00 Val: 0x00000000
[inst #4243] addi x0,x0,0
Register Write to Reg: 0x00 Val: 0x00000000
[inst #4244] addi x0,x0,0
Register Write to Reg: 0x00 Val: 0x00000000
[inst #4245] sw x29,48(x8)
Memory Write to Addr: 0x10010FD8 Val: 0x00000003
[inst #4246] lw x29,48(x8)
Register Write to Reg: 0x1D Val: 0x00000003
[inst #4247] auipc x1,0
Register Write to Reg: 0x01 Val: 0x00400524
[inst #4248] sll x0,x0,x0
Register Write to Reg: 0x00 Val: 0x00000000
[inst #4249] sll x0,x0,x0
Register Write to Reg: 0x00 Val: 0x00000000
[inst #4250] sll x0,x0,x0
Register Write to Reg: 0x00 Val: 0x00000000
[inst #4251] addi x1,x1,48
Register Write to Reg: 0x01 Val: 0x00400554
[inst #4252] addi x0,x0,0
Register Write to Reg: 0x00 Val: 0x00000000
[inst #4253] addi x0,x0,0
Register Write to Reg: 0x00 Val: 0x00000000
[inst #4254] addi x0,x0,0
Register Write to Reg: 0x00 Val: 0x00000000
[inst #4255] jal x0,1244
Register Write to Reg: 0x00 Val: 0x00400548
[inst #4256] addi x2,x2,-32
Register Write to Reg: 0x02 Val: 0x10010F88
[inst #4257] addi x0,x0,0
Register Write to Reg: 0x00 Val: 0x00000000
[inst #4258] addi x0,x0,0
Register Write to Reg: 0x00 Val: 0x00000000
[inst #4259] addi x0,x0,0
Register Write to Reg: 0x00 Val: 0x00000000
[inst #4260] sw x8,28(x2)
Memory Write to Addr: 0x10010FA4 Val: 0x10010FA8
[inst #4261] add x8,x0,x2
Register Write to Reg: 0x08 Val: 0x10010F88
[inst #4262] addi x0,x0,0
Register Write to Reg: 0x00 Val: 0x00000000
[inst #4263] addi x0,x0,0
Register Write to Reg: 0x00 Val: 0x00000000
[inst #4264] addi x0,x0,0
Register Write to Reg: 0x00 Val: 0x00000000
[inst #4265] sw x29,32(x8)
Memory Write to Addr: 0x10010FA8 Val: 0x00000003
[inst #4266] addi x7,x0,1
Register Write to Reg: 0x07 Val: 0x00000001
[inst #4267] addi x0,x0,0
Register Write to Reg: 0x00 Val: 0x00000000
[inst #4268] addi x0,x0,0
Register Write to Reg: 0x00 Val: 0x00000000
[inst #4269] addi x0,x0,0
Register Write to Reg: 0x00 Val: 0x00000000
[inst #4270] sw x7,8(x8)
Memory Write to Addr: 0x10010F90 Val: 0x00000001
[inst #4271] sw x0,12(x8)
Memory Write to Addr: 0x10010F94 Val: 0x00000000
[inst #4272] jal x0,88
Register Write to Reg: 0x00 Val: 0x00400A64
[inst #4273] lw x28,12(x8)
Register Write to Reg: 0x1C Val: 0x00000000
[inst #4274] lw x7,32(x8)
Register Write to Reg: 0x07 Val: 0x00000003
[inst #4275] addi x0,x0,0
Register Write to Reg: 0x00 Val: 0x00000000
[inst #4276] addi x0,x0,0
Register Write to Reg: 0x00 Val: 0x00000000
[inst #4277] addi x0,x0,0
Register Write to Reg: 0x00 Val: 0x00000000
[inst #4278] slt x7,x28,x7
Register Write to Reg: 0x07 Val: 0x00000001
[inst #4279] addi x0,x0,0
Register Write to Reg: 0x00 Val: 0x00000000
[inst #4280] addi x0,x0,0
Register Write to Reg: 0x00 Val: 0x00000000
[inst #4281] addi x0,x0,0
Register Write to Reg: 0x00 Val: 0x00000000
[inst #4282] beq x7,x0,32
[inst #4283] addi x0,x0,0
Register Write to Reg: 0x00 Val: 0x00000000
[inst #4284] addi x0,x0,0
Register Write to Reg: 0x00 Val: 0x00000000
[inst #4285] addi x0,x0,0
Register Write to Reg: 0x00 Val: 0x00000000
[inst #4286] jal x0,-124
Register Write to Reg: 0x00 Val: 0x00400AF0
[inst #4287] lw x7,8(x8)
Register Write to Reg: 0x07 Val: 0x00000001
[inst #4288] addi x0,x0,0
Register Write to Reg: 0x00 Val: 0x00000000
[inst #4289] addi x0,x0,0
Register Write to Reg: 0x00 Val: 0x00000000
[inst #4290] addi x0,x0,0
Register Write to Reg: 0x00 Val: 0x00000000
[inst #4291] slli x7,x7,8
Register Write to Reg: 0x07 Val: 0x00000100
[inst #4292] addi x0,x0,0
Register Write to Reg: 0x00 Val: 0x00000000
[inst #4293] addi x0,x0,0
Register Write to Reg: 0x00 Val: 0x00000000
[inst #4294] addi x0,x0,0
Register Write to Reg: 0x00 Val: 0x00000000
[inst #4295] sw x7,8(x8)
Memory Write to Addr: 0x10010F90 Val: 0x00000100
[inst #4296] lw x7,12(x8)
Register Write to Reg: 0x07 Val: 0x00000000
[inst #4297] addi x0,x0,0
Register Write to Reg: 0x00 Val: 0x00000000
[inst #4298] addi x0,x0,0
Register Write to Reg: 0x00 Val: 0x00000000
[inst #4299] addi x0,x0,0
Register Write to Reg: 0x00 Val: 0x00000000
[inst #4300] addi x7,x7,1
Register Write to Reg: 0x07 Val: 0x00000001
[inst #4301] addi x0,x0,0
Register Write to Reg: 0x00 Val: 0x00000000
[inst #4302] addi x0,x0,0
Register Write to Reg: 0x00 Val: 0x00000000
[inst #4303] addi x0,x0,0
Register Write to Reg: 0x00 Val: 0x00000000
[inst #4304] sw x7,12(x8)
Memory Write to Addr: 0x10010F94 Val: 0x00000001
[inst #4305] lw x28,12(x8)
Register Write to Reg: 0x1C Val: 0x00000001
[inst #4306] lw x7,32(x8)
Register Write to Reg: 0x07 Val: 0x00000003
[inst #4307] addi x0,x0,0
Register Write to Reg: 0x00 Val: 0x00000000
[inst #4308] addi x0,x0,0
Register Write to Reg: 0x00 Val: 0x00000000
[inst #4309] addi x0,x0,0
Register Write to Reg: 0x00 Val: 0x00000000
[inst #4310] slt x7,x28,x7
Register Write to Reg: 0x07 Val: 0x00000001
[inst #4311] addi x0,x0,0
Register Write to Reg: 0x00 Val: 0x00000000
[inst #4312] addi x0,x0,0
Register Write to Reg: 0x00 Val: 0x00000000
[inst #4313] addi x0,x0,0
Register Write to Reg: 0x00 Val: 0x00000000
[inst #4314] beq x7,x0,32
[inst #4315] addi x0,x0,0
Register Write to Reg: 0x00 Val: 0x00000000
[inst #4316] addi x0,x0,0
Register Write to Reg: 0x00 Val: 0x00000000
[inst #4317] addi x0,x0,0
Register Write to Reg: 0x00 Val: 0x00000000
[inst #4318] jal x0,-124
Register Write to Reg: 0x00 Val: 0x00400AF0
[inst #4319] lw x7,8(x8)
Register Write to Reg: 0x07 Val: 0x00000100
[inst #4320] addi x0,x0,0
Register Write to Reg: 0x00 Val: 0x00000000
[inst #4321] addi x0,x0,0
Register Write to Reg: 0x00 Val: 0x00000000
[inst #4322] addi x0,x0,0
Register Write to Reg: 0x00 Val: 0x00000000
[inst #4323] slli x7,x7,8
Register Write to Reg: 0x07 Val: 0x00010000
[inst #4324] addi x0,x0,0
Register Write to Reg: 0x00 Val: 0x00000000
[inst #4325] addi x0,x0,0
Register Write to Reg: 0x00 Val: 0x00000000
[inst #4326] addi x0,x0,0
Register Write to Reg: 0x00 Val: 0x00000000
[inst #4327] sw x7,8(x8)
Memory Write to Addr: 0x10010F90 Val: 0x00010000
[inst #4328] lw x7,12(x8)
Register Write to Reg: 0x07 Val: 0x00000001
[inst #4329] addi x0,x0,0
Register Write to Reg: 0x00 Val: 0x00000000
[inst #4330] addi x0,x0,0
Register Write to Reg: 0x00 Val: 0x00000000
[inst #4331] addi x0,x0,0
Register Write to Reg: 0x00 Val: 0x00000000
[inst #4332] addi x7,x7,1
Register Write to Reg: 0x07 Val: 0x00000002
[inst #4333] addi x0,x0,0
Register Write to Reg: 0x00 Val: 0x00000000
[inst #4334] addi x0,x0,0
Register Write to Reg: 0x00 Val: 0x00000000
[inst #4335] addi x0,x0,0
Register Write to Reg: 0x00 Val: 0x00000000
[inst #4336] sw x7,12(x8)
Memory Write to Addr: 0x10010F94 Val: 0x00000002
[inst #4337] lw x28,12(x8)
Register Write to Reg: 0x1C Val: 0x00000002
[inst #4338] lw x7,32(x8)
Register Write to Reg: 0x07 Val: 0x00000003
[inst #4339] addi x0,x0,0
Register Write to Reg: 0x00 Val: 0x00000000
[inst #4340] addi x0,x0,0
Register Write to Reg: 0x00 Val: 0x00000000
[inst #4341] addi x0,x0,0
Register Write to Reg: 0x00 Val: 0x00000000
[inst #4342] slt x7,x28,x7
Register Write to Reg: 0x07 Val: 0x00000001
[inst #4343] addi x0,x0,0
Register Write to Reg: 0x00 Val: 0x00000000
[inst #4344] addi x0,x0,0
Register Write to Reg: 0x00 Val: 0x00000000
[inst #4345] addi x0,x0,0
Register Write to Reg: 0x00 Val: 0x00000000
[inst #4346] beq x7,x0,32
[inst #4347] addi x0,x0,0
Register Write to Reg: 0x00 Val: 0x00000000
[inst #4348] addi x0,x0,0
Register Write to Reg: 0x00 Val: 0x00000000
[inst #4349] addi x0,x0,0
Register Write to Reg: 0x00 Val: 0x00000000
[inst #4350] jal x0,-124
Register Write to Reg: 0x00 Val: 0x00400AF0
[inst #4351] lw x7,8(x8)
Register Write to Reg: 0x07 Val: 0x00010000
[inst #4352] addi x0,x0,0
Register Write to Reg: 0x00 Val: 0x00000000
[inst #4353] addi x0,x0,0
Register Write to Reg: 0x00 Val: 0x00000000
[inst #4354] addi x0,x0,0
Register Write to Reg: 0x00 Val: 0x00000000
[inst #4355] slli x7,x7,8
Register Write to Reg: 0x07 Val: 0x01000000
[inst #4356] addi x0,x0,0
Register Write to Reg: 0x00 Val: 0x00000000
[inst #4357] addi x0,x0,0
Register Write to Reg: 0x00 Val: 0x00000000
[inst #4358] addi x0,x0,0
Register Write to Reg: 0x00 Val: 0x00000000
[inst #4359] sw x7,8(x8)
Memory Write to Addr: 0x10010F90 Val: 0x01000000
[inst #4360] lw x7,12(x8)
Register Write to Reg: 0x07 Val: 0x00000002
[inst #4361] addi x0,x0,0
Register Write to Reg: 0x00 Val: 0x00000000
[inst #4362] addi x0,x0,0
Register Write to Reg: 0x00 Val: 0x00000000
[inst #4363] addi x0,x0,0
Register Write to Reg: 0x00 Val: 0x00000000
[inst #4364] addi x7,x7,1
Register Write to Reg: 0x07 Val: 0x00000003
[inst #4365] addi x0,x0,0
Register Write to Reg: 0x00 Val: 0x00000000
[inst #4366] addi x0,x0,0
Register Write to Reg: 0x00 Val: 0x00000000
[inst #4367] addi x0,x0,0
Register Write to Reg: 0x00 Val: 0x00000000
[inst #4368] sw x7,12(x8)
Memory Write to Addr: 0x10010F94 Val: 0x00000003
[inst #4369] lw x28,12(x8)
Register Write to Reg: 0x1C Val: 0x00000003
[inst #4370] lw x7,32(x8)
Register Write to Reg: 0x07 Val: 0x00000003
[inst #4371] addi x0,x0,0
Register Write to Reg: 0x00 Val: 0x00000000
[inst #4372] addi x0,x0,0
Register Write to Reg: 0x00 Val: 0x00000000
[inst #4373] addi x0,x0,0
Register Write to Reg: 0x00 Val: 0x00000000
[inst #4374] slt x7,x28,x7
Register Write to Reg: 0x07 Val: 0x00000000
[inst #4375] addi x0,x0,0
Register Write to Reg: 0x00 Val: 0x00000000
[inst #4376] addi x0,x0,0
Register Write to Reg: 0x00 Val: 0x00000000
[inst #4377] addi x0,x0,0
Register Write to Reg: 0x00 Val: 0x00000000
[inst #4378] beq x7,x0,32
[inst #4379] auipc x7,64527
Register Write to Reg: 0x07 Val: 0x1000FAFC
[inst #4380] sll x0,x0,x0
Register Write to Reg: 0x00 Val: 0x00000000
[inst #4381] sll x0,x0,x0
Register Write to Reg: 0x00 Val: 0x00000000
[inst #4382] sll x0,x0,x0
Register Write to Reg: 0x00 Val: 0x00000000
[inst #4383] addi x7,x7,1320
Register Write to Reg: 0x07 Val: 0x10010024
[inst #4384] addi x0,x0,0
Register Write to Reg: 0x00 Val: 0x00000000
[inst #4385] addi x0,x0,0
Register Write to Reg: 0x00 Val: 0x00000000
[inst #4386] addi x0,x0,0
Register Write to Reg: 0x00 Val: 0x00000000
[inst #4387] sw x7,16(x8)
Memory Write to Addr: 0x10010F98 Val: 0x10010024
[inst #4388] lw x7,16(x8)
Register Write to Reg: 0x07 Val: 0x10010024
[inst #4389] addi x0,x0,0
Register Write to Reg: 0x00 Val: 0x00000000
[inst #4390] addi x0,x0,0
Register Write to Reg: 0x00 Val: 0x00000000
[inst #4391] addi x0,x0,0
Register Write to Reg: 0x00 Val: 0x00000000
[inst #4392] lw x28,0(x7)
Register Write to Reg: 0x1C Val: 0x00010101
[inst #4393] lw x7,8(x8)
Register Write to Reg: 0x07 Val: 0x01000000
[inst #4394] addi x0,x0,0
Register Write to Reg: 0x00 Val: 0x00000000
[inst #4395] addi x0,x0,0
Register Write to Reg: 0x00 Val: 0x00000000
[inst #4396] addi x0,x0,0
Register Write to Reg: 0x00 Val: 0x00000000
[inst #4397] or x28,x28,x7
Register Write to Reg: 0x1C Val: 0x01010101
[inst #4398] lw x7,16(x8)
Register Write to Reg: 0x07 Val: 0x10010024
[inst #4399] addi x0,x0,0
Register Write to Reg: 0x00 Val: 0x00000000
[inst #4400] addi x0,x0,0
Register Write to Reg: 0x00 Val: 0x00000000
[inst #4401] addi x0,x0,0
Register Write to Reg: 0x00 Val: 0x00000000
[inst #4402] sw x28,0(x7)
Memory Write to Addr: 0x10010024 Val: 0x01010101
[inst #4403] add x2,x0,x8
Register Write to Reg: 0x02 Val: 0x10010F88
[inst #4404] addi x0,x0,0
Register Write to Reg: 0x00 Val: 0x00000000
[inst #4405] addi x0,x0,0
Register Write to Reg: 0x00 Val: 0x00000000
[inst #4406] addi x0,x0,0
Register Write to Reg: 0x00 Val: 0x00000000
[inst #4407] lw x8,28(x2)
Register Write to Reg: 0x08 Val: 0x10010FA8
[inst #4408] addi x2,x2,32
Register Write to Reg: 0x02 Val: 0x10010FA8
[inst #4409] jalr x0,x1,0
Register Write to Reg: 0x00 Val: 0x00400B78
[inst #4410] addi x7,x8,28
Register Write to Reg: 0x07 Val: 0x10010FC4
[inst #4411] lw x30,48(x8)
Register Write to Reg: 0x1E Val: 0x00000003
[inst #4412] addi x0,x0,0
Register Write to Reg: 0x00 Val: 0x00000000
[inst #4413] addi x0,x0,0
Register Write to Reg: 0x00 Val: 0x00000000
[inst #4414] addi x0,x0,0
Register Write to Reg: 0x00 Val: 0x00000000
[inst #4415] add x29,x0,x7
Register Write to Reg: 0x1D Val: 0x10010FC4
[inst #4416] auipc x1,0
Register Write to Reg: 0x01 Val: 0x0040056C
[inst #4417] sll x0,x0,x0
Register Write to Reg: 0x00 Val: 0x00000000
[inst #4418] sll x0,x0,x0
Register Write to Reg: 0x00 Val: 0x00000000
[inst #4419] sll x0,x0,x0
Register Write to Reg: 0x00 Val: 0x00000000
[inst #4420] addi x1,x1,48
Register Write to Reg: 0x01 Val: 0x0040059C
[inst #4421] addi x0,x0,0
Register Write to Reg: 0x00 Val: 0x00000000
[inst #4422] addi x0,x0,0
Register Write to Reg: 0x00 Val: 0x00000000
[inst #4423] addi x0,x0,0
Register Write to Reg: 0x00 Val: 0x00000000
[inst #4424] jal x0,104
Register Write to Reg: 0x00 Val: 0x00400590
[inst #4425] addi x2,x2,-24
Register Write to Reg: 0x02 Val: 0x10010F90
[inst #4426] addi x0,x0,0
Register Write to Reg: 0x00 Val: 0x00000000
[inst #4427] addi x0,x0,0
Register Write to Reg: 0x00 Val: 0x00000000
[inst #4428] addi x0,x0,0
Register Write to Reg: 0x00 Val: 0x00000000
[inst #4429] sw x8,20(x2)
Memory Write to Addr: 0x10010FA4 Val: 0x10010FA8
[inst #4430] add x8,x0,x2
Register Write to Reg: 0x08 Val: 0x10010F90
[inst #4431] addi x0,x0,0
Register Write to Reg: 0x00 Val: 0x00000000
[inst #4432] addi x0,x0,0
Register Write to Reg: 0x00 Val: 0x00000000
[inst #4433] addi x0,x0,0
Register Write to Reg: 0x00 Val: 0x00000000
[inst #4434] sub x31,x8,x2
Register Write to Reg: 0x1F Val: 0x00000000
[inst #4435] addi x0,x0,0
Register Write to Reg: 0x00 Val: 0x00000000
[inst #4436] addi x0,x0,0
Register Write to Reg: 0x00 Val: 0x00000000
[inst #4437] addi x0,x0,0
Register Write to Reg: 0x00 Val: 0x00000000
[inst #4438] sw x29,24(x8)
Memory Write to Addr: 0x10010FA8 Val: 0x10010FC4
[inst #4439] sw x30,28(x8)
Memory Write to Addr: 0x10010FAC Val: 0x00000003
[inst #4440] lw x7,28(x8)
Register Write to Reg: 0x07 Val: 0x00000003
[inst #4441] addi x0,x0,0
Register Write to Reg: 0x00 Val: 0x00000000
[inst #4442] addi x0,x0,0
Register Write to Reg: 0x00 Val: 0x00000000
[inst #4443] addi x0,x0,0
Register Write to Reg: 0x00 Val: 0x00000000
[inst #4444] sw x7,8(x8)
Memory Write to Addr: 0x10010F98 Val: 0x00000003
[inst #4445] sw x0,12(x8)
Memory Write to Addr: 0x10010F9C Val: 0x00000000
[inst #4446] lw x7,24(x8)
Register Write to Reg: 0x07 Val: 0x10010FC4
[inst #4447] lw x29,8(x8)
Register Write to Reg: 0x1D Val: 0x00000003
[inst #4448] lw x28,12(x8)
Register Write to Reg: 0x1C Val: 0x00000000
[inst #4449] addi x0,x0,0
Register Write to Reg: 0x00 Val: 0x00000000
[inst #4450] addi x0,x0,0
Register Write to Reg: 0x00 Val: 0x00000000
[inst #4451] addi x0,x0,0
Register Write to Reg: 0x00 Val: 0x00000000
[inst #4452] sw x29,0(x7)
Memory Write to Addr: 0x10010FC4 Val: 0x00000003
[inst #4453] sw x28,4(x7)
Memory Write to Addr: 0x10010FC8 Val: 0x00000000
[inst #4454] lw x7,24(x8)
Register Write to Reg: 0x07 Val: 0x10010FC4
[inst #4455] add x2,x0,x8
Register Write to Reg: 0x02 Val: 0x10010F90
[inst #4456] addi x0,x0,0
Register Write to Reg: 0x00 Val: 0x00000000
[inst #4457] addi x0,x0,0
Register Write to Reg: 0x00 Val: 0x00000000
[inst #4458] addi x0,x0,0
Register Write to Reg: 0x00 Val: 0x00000000
[inst #4459] lw x8,20(x2)
Register Write to Reg: 0x08 Val: 0x10010FA8
[inst #4460] addi x2,x2,24
Register Write to Reg: 0x02 Val: 0x10010FA8
[inst #4461] jalr x0,x1,0
Register Write to Reg: 0x00 Val: 0x00400688
[inst #4462] addi x7,x8,28
Register Write to Reg: 0x07 Val: 0x10010FC4
[inst #4463] addi x0,x0,0
Register Write to Reg: 0x00 Val: 0x00000000
[inst #4464] addi x0,x0,0
Register Write to Reg: 0x00 Val: 0x00000000
[inst #4465] addi x0,x0,0
Register Write to Reg: 0x00 Val: 0x00000000
[inst #4466] add x29,x0,x7
Register Write to Reg: 0x1D Val: 0x10010FC4
[inst #4467] auipc x1,0
Register Write to Reg: 0x01 Val: 0x004005B0
[inst #4468] sll x0,x0,x0
Register Write to Reg: 0x00 Val: 0x00000000
[inst #4469] sll x0,x0,x0
Register Write to Reg: 0x00 Val: 0x00000000
[inst #4470] sll x0,x0,x0
Register Write to Reg: 0x00 Val: 0x00000000
[inst #4471] addi x1,x1,48
Register Write to Reg: 0x01 Val: 0x004005E0
[inst #4472] addi x0,x0,0
Register Write to Reg: 0x00 Val: 0x00000000
[inst #4473] addi x0,x0,0
Register Write to Reg: 0x00 Val: 0x00000000
[inst #4474] addi x0,x0,0
Register Write to Reg: 0x00 Val: 0x00000000
[inst #4475] jal x0,196
Register Write to Reg: 0x00 Val: 0x004005D4
[inst #4476] addi x2,x2,-32
Register Write to Reg: 0x02 Val: 0x10010F88
[inst #4477] addi x0,x0,0
Register Write to Reg: 0x00 Val: 0x00000000
[inst #4478] addi x0,x0,0
Register Write to Reg: 0x00 Val: 0x00000000
[inst #4479] addi x0,x0,0
Register Write to Reg: 0x00 Val: 0x00000000
[inst #4480] sw x1,28(x2)
Memory Write to Addr: 0x10010FA4 Val: 0x004005E0
[inst #4481] sw x8,24(x2)
Memory Write to Addr: 0x10010FA0 Val: 0x10010FA8
[inst #4482] add x8,x0,x2
Register Write to Reg: 0x08 Val: 0x10010F88
[inst #4483] addi x0,x0,0
Register Write to Reg: 0x00 Val: 0x00000000
[inst #4484] addi x0,x0,0
Register Write to Reg: 0x00 Val: 0x00000000
[inst #4485] addi x0,x0,0
Register Write to Reg: 0x00 Val: 0x00000000
[inst #4486] sw x29,32(x8)
Memory Write to Addr: 0x10010FA8 Val: 0x10010FC4
[inst #4487] jal x0,292
Register Write to Reg: 0x00 Val: 0x004006C4
[inst #4488] lw x7,32(x8)
Register Write to Reg: 0x07 Val: 0x10010FC4
[inst #4489] addi x0,x0,0
Register Write to Reg: 0x00 Val: 0x00000000
[inst #4490] addi x0,x0,0
Register Write to Reg: 0x00 Val: 0x00000000
[inst #4491] addi x0,x0,0
Register Write to Reg: 0x00 Val: 0x00000000
[inst #4492] lw x7,4(x7)
Register Write to Reg: 0x07 Val: 0x00000000
[inst #4493] addi x0,x0,0
Register Write to Reg: 0x00 Val: 0x00000000
[inst #4494] addi x0,x0,0
Register Write to Reg: 0x00 Val: 0x00000000
[inst #4495] addi x0,x0,0
Register Write to Reg: 0x00 Val: 0x00000000
[inst #4496] slti x7,x7,4
Register Write to Reg: 0x07 Val: 0x00000001
[inst #4497] addi x0,x0,0
Register Write to Reg: 0x00 Val: 0x00000000
[inst #4498] addi x0,x0,0
Register Write to Reg: 0x00 Val: 0x00000000
[inst #4499] addi x0,x0,0
Register Write to Reg: 0x00 Val: 0x00000000
[inst #4500] beq x7,x0,32
[inst #4501] addi x0,x0,0
Register Write to Reg: 0x00 Val: 0x00000000
[inst #4502] addi x0,x0,0
Register Write to Reg: 0x00 Val: 0x00000000
[inst #4503] addi x0,x0,0
Register Write to Reg: 0x00 Val: 0x00000000
[inst #4504] jal x0,-340
Register Write to Reg: 0x00 Val: 0x00400828
[inst #4505] lw x7,32(x8)
Register Write to Reg: 0x07 Val: 0x10010FC4
[inst #4506] addi x0,x0,0
Register Write to Reg: 0x00 Val: 0x00000000
[inst #4507] addi x0,x0,0
Register Write to Reg: 0x00 Val: 0x00000000
[inst #4508] addi x0,x0,0
Register Write to Reg: 0x00 Val: 0x00000000
[inst #4509] lw x28,0(x7)
Register Write to Reg: 0x1C Val: 0x00000003
[inst #4510] lw x7,32(x8)
Register Write to Reg: 0x07 Val: 0x10010FC4
[inst #4511] addi x0,x0,0
Register Write to Reg: 0x00 Val: 0x00000000
[inst #4512] addi x0,x0,0
Register Write to Reg: 0x00 Val: 0x00000000
[inst #4513] addi x0,x0,0
Register Write to Reg: 0x00 Val: 0x00000000
[inst #4514] lw x7,4(x7)
Register Write to Reg: 0x07 Val: 0x00000000
[inst #4515] addi x0,x0,0
Register Write to Reg: 0x00 Val: 0x00000000
[inst #4516] addi x0,x0,0
Register Write to Reg: 0x00 Val: 0x00000000
[inst #4517] addi x0,x0,0
Register Write to Reg: 0x00 Val: 0x00000000
[inst #4518] add x30,x0,x7
Register Write to Reg: 0x1E Val: 0x00000000
[inst #4519] addi x0,x0,0
Register Write to Reg: 0x00 Val: 0x00000000
[inst #4520] addi x0,x0,0
Register Write to Reg: 0x00 Val: 0x00000000
[inst #4521] addi x0,x0,0
Register Write to Reg: 0x00 Val: 0x00000000
[inst #4522] add x29,x0,x28
Register Write to Reg: 0x1D Val: 0x00000003
[inst #4523] auipc x1,0
Register Write to Reg: 0x01 Val: 0x00400718
[inst #4524] sll x0,x0,x0
Register Write to Reg: 0x00 Val: 0x00000000
[inst #4525] sll x0,x0,x0
Register Write to Reg: 0x00 Val: 0x00000000
[inst #4526] sll x0,x0,x0
Register Write to Reg: 0x00 Val: 0x00000000
[inst #4527] addi x1,x1,48
Register Write to Reg: 0x01 Val: 0x00400748
[inst #4528] addi x0,x0,0
Register Write to Reg: 0x00 Val: 0x00000000
[inst #4529] addi x0,x0,0
Register Write to Reg: 0x00 Val: 0x00000000
[inst #4530] addi x0,x0,0
Register Write to Reg: 0x00 Val: 0x00000000
[inst #4531] jal x0,312
Register Write to Reg: 0x00 Val: 0x0040073C
[inst #4532] addi x2,x2,-32
Register Write to Reg: 0x02 Val: 0x10010F68
[inst #4533] addi x0,x0,0
Register Write to Reg: 0x00 Val: 0x00000000
[inst #4534] addi x0,x0,0
Register Write to Reg: 0x00 Val: 0x00000000
[inst #4535] addi x0,x0,0
Register Write to Reg: 0x00 Val: 0x00000000
[inst #4536] sw x8,28(x2)
Memory Write to Addr: 0x10010F84 Val: 0x10010F88
[inst #4537] add x8,x0,x2
Register Write to Reg: 0x08 Val: 0x10010F68
[inst #4538] addi x0,x0,0
Register Write to Reg: 0x00 Val: 0x00000000
[inst #4539] addi x0,x0,0
Register Write to Reg: 0x00 Val: 0x00000000
[inst #4540] addi x0,x0,0
Register Write to Reg: 0x00 Val: 0x00000000
[inst #4541] sw x29,32(x8)
Memory Write to Addr: 0x10010F88 Val: 0x00000003
[inst #4542] sw x30,36(x8)
Memory Write to Addr: 0x10010F8C Val: 0x00000000
[inst #4543] auipc x7,64527
Register Write to Reg: 0x07 Val: 0x1000F89C
[inst #4544] sll x0,x0,x0
Register Write to Reg: 0x00 Val: 0x00000000
[inst #4545] sll x0,x0,x0
Register Write to Reg: 0x00 Val: 0x00000000
[inst #4546] sll x0,x0,x0
Register Write to Reg: 0x00 Val: 0x00000000
[inst #4547] addi x7,x7,1912
Register Write to Reg: 0x07 Val: 0x10010014
[inst #4548] addi x0,x0,0
Register Write to Reg: 0x00 Val: 0x00000000
[inst #4549] addi x0,x0,0
Register Write to Reg: 0x00 Val: 0x00000000
[inst #4550] addi x0,x0,0
Register Write to Reg: 0x00 Val: 0x00000000
[inst #4551] lw x28,32(x8)
Register Write to Reg: 0x1C Val: 0x00000003
[inst #4552] addi x0,x0,0
Register Write to Reg: 0x00 Val: 0x00000000
[inst #4553] addi x0,x0,0
Register Write to Reg: 0x00 Val: 0x00000000
[inst #4554] addi x0,x0,0
Register Write to Reg: 0x00 Val: 0x00000000
[inst #4555] slli x28,x28,2
Register Write to Reg: 0x1C Val: 0x0000000C
[inst #4556] addi x0,x0,0
Register Write to Reg: 0x00 Val: 0x00000000
[inst #4557] addi x0,x0,0
Register Write to Reg: 0x00 Val: 0x00000000
[inst #4558] addi x0,x0,0
Register Write to Reg: 0x00 Val: 0x00000000
[inst #4559] add x7,x28,x7
Register Write to Reg: 0x07 Val: 0x10010020
[inst #4560] addi x0,x0,0
Register Write to Reg: 0x00 Val: 0x00000000
[inst #4561] addi x0,x0,0
Register Write to Reg: 0x00 Val: 0x00000000
[inst #4562] addi x0,x0,0
Register Write to Reg: 0x00 Val: 0x00000000
[inst #4563] lw x7,0(x7)
Register Write to Reg: 0x07 Val: 0x00000003
[inst #4564] addi x0,x0,0
Register Write to Reg: 0x00 Val: 0x00000000
[inst #4565] addi x0,x0,0
Register Write to Reg: 0x00 Val: 0x00000000
[inst #4566] addi x0,x0,0
Register Write to Reg: 0x00 Val: 0x00000000
[inst #4567] sw x7,16(x8)
Memory Write to Addr: 0x10010F78 Val: 0x00000003
[inst #4568] addi x7,x0,1
Register Write to Reg: 0x07 Val: 0x00000001
[inst #4569] addi x0,x0,0
Register Write to Reg: 0x00 Val: 0x00000000
[inst #4570] addi x0,x0,0
Register Write to Reg: 0x00 Val: 0x00000000
[inst #4571] addi x0,x0,0
Register Write to Reg: 0x00 Val: 0x00000000
[inst #4572] sw x7,8(x8)
Memory Write to Addr: 0x10010F70 Val: 0x00000001
[inst #4573] sw x0,12(x8)
Memory Write to Addr: 0x10010F74 Val: 0x00000000
[inst #4574] addi x0,x0,0
Register Write to Reg: 0x00 Val: 0x00000000
[inst #4575] addi x0,x0,0
Register Write to Reg: 0x00 Val: 0x00000000
[inst #4576] addi x0,x0,0
Register Write to Reg: 0x00 Val: 0x00000000
[inst #4577] jal x0,88
Register Write to Reg: 0x00 Val: 0x00400928
[inst #4578] lw x28,12(x8)
Register Write to Reg: 0x1C Val: 0x00000000
[inst #4579] lw x7,36(x8)
Register Write to Reg: 0x07 Val: 0x00000000
[inst #4580] addi x0,x0,0
Register Write to Reg: 0x00 Val: 0x00000000
[inst #4581] addi x0,x0,0
Register Write to Reg: 0x00 Val: 0x00000000
[inst #4582] addi x0,x0,0
Register Write to Reg: 0x00 Val: 0x00000000
[inst #4583] slt x7,x28,x7
Register Write to Reg: 0x07 Val: 0x00000000
[inst #4584] addi x0,x0,0
Register Write to Reg: 0x00 Val: 0x00000000
[inst #4585] addi x0,x0,0
Register Write to Reg: 0x00 Val: 0x00000000
[inst #4586] addi x0,x0,0
Register Write to Reg: 0x00 Val: 0x00000000
[inst #4587] beq x7,x0,32
[inst #4588] lw x28,8(x8)
Register Write to Reg: 0x1C Val: 0x00000001
[inst #4589] lw x7,16(x8)
Register Write to Reg: 0x07 Val: 0x00000003
[inst #4590] addi x0,x0,0
Register Write to Reg: 0x00 Val: 0x00000000
[inst #4591] addi x0,x0,0
Register Write to Reg: 0x00 Val: 0x00000000
[inst #4592] addi x0,x0,0
Register Write to Reg: 0x00 Val: 0x00000000
[inst #4593] and x7,x28,x7
Register Write to Reg: 0x07 Val: 0x00000001
[inst #4594] addi x0,x0,0
Register Write to Reg: 0x00 Val: 0x00000000
[inst #4595] addi x0,x0,0
Register Write to Reg: 0x00 Val: 0x00000000
[inst #4596] addi x0,x0,0
Register Write to Reg: 0x00 Val: 0x00000000
[inst #4597] slt x7,x0,x7
Register Write to Reg: 0x07 Val: 0x00000001
[inst #4598] addi x0,x0,0
Register Write to Reg: 0x00 Val: 0x00000000
[inst #4599] addi x0,x0,0
Register Write to Reg: 0x00 Val: 0x00000000
[inst #4600] addi x0,x0,0
Register Write to Reg: 0x00 Val: 0x00000000
[inst #4601] andi x7,x7,255
Register Write to Reg: 0x07 Val: 0x00000001
[inst #4602] add x2,x0,x8
Register Write to Reg: 0x02 Val: 0x10010F68
[inst #4603] addi x0,x0,0
Register Write to Reg: 0x00 Val: 0x00000000
[inst #4604] addi x0,x0,0
Register Write to Reg: 0x00 Val: 0x00000000
[inst #4605] addi x0,x0,0
Register Write to Reg: 0x00 Val: 0x00000000
[inst #4606] lw x8,28(x2)
Register Write to Reg: 0x08 Val: 0x10010F88
[inst #4607] addi x2,x2,32
Register Write to Reg: 0x02 Val: 0x10010F88
[inst #4608] jalr x0,x1,0
Register Write to Reg: 0x00 Val: 0x00400A14
[inst #4609] addi x0,x0,0
Register Write to Reg: 0x00 Val: 0x00000000
[inst #4610] addi x0,x0,0
Register Write to Reg: 0x00 Val: 0x00000000
[inst #4611] addi x0,x0,0
Register Write to Reg: 0x00 Val: 0x00000000
[inst #4612] beq x7,x0,88
[inst #4613] addi x0,x0,0
Register Write to Reg: 0x00 Val: 0x00000000
[inst #4614] addi x0,x0,0
Register Write to Reg: 0x00 Val: 0x00000000
[inst #4615] addi x0,x0,0
Register Write to Reg: 0x00 Val: 0x00000000
[inst #4616] lw x7,32(x8)
Register Write to Reg: 0x07 Val: 0x10010FC4
[inst #4617] addi x0,x0,0
Register Write to Reg: 0x00 Val: 0x00000000
[inst #4618] addi x0,x0,0
Register Write to Reg: 0x00 Val: 0x00000000
[inst #4619] addi x0,x0,0
Register Write to Reg: 0x00 Val: 0x00000000
[inst #4620] lw x7,4(x7)
Register Write to Reg: 0x07 Val: 0x00000000
[inst #4621] addi x0,x0,0
Register Write to Reg: 0x00 Val: 0x00000000
[inst #4622] addi x0,x0,0
Register Write to Reg: 0x00 Val: 0x00000000
[inst #4623] addi x0,x0,0
Register Write to Reg: 0x00 Val: 0x00000000
[inst #4624] addi x29,x7,1
Register Write to Reg: 0x1D Val: 0x00000001
[inst #4625] lw x28,32(x8)
Register Write to Reg: 0x1C Val: 0x10010FC4
[inst #4626] addi x0,x0,0
Register Write to Reg: 0x00 Val: 0x00000000
[inst #4627] addi x0,x0,0
Register Write to Reg: 0x00 Val: 0x00000000
[inst #4628] addi x0,x0,0
Register Write to Reg: 0x00 Val: 0x00000000
[inst #4629] sw x29,4(x28)
Memory Write to Addr: 0x10010FC8 Val: 0x00000001
[inst #4630] jal x0,156
Register Write to Reg: 0x00 Val: 0x004007A0
[inst #4631] add x2,x0,x8
Register Write to Reg: 0x02 Val: 0x10010F88
[inst #4632] addi x0,x0,0
Register Write to Reg: 0x00 Val: 0x00000000
[inst #4633] addi x0,x0,0
Register Write to Reg: 0x00 Val: 0x00000000
[inst #4634] addi x0,x0,0
Register Write to Reg: 0x00 Val: 0x00000000
[inst #4635] lw x1,28(x2)
Register Write to Reg: 0x01 Val: 0x004005E0
[inst #4636] lw x8,24(x2)
Register Write to Reg: 0x08 Val: 0x10010FA8
[inst #4637] addi x2,x2,32
Register Write to Reg: 0x02 Val: 0x10010FA8
[inst #4638] addi x0,x0,0
Register Write to Reg: 0x00 Val: 0x00000000
[inst #4639] addi x0,x0,0
Register Write to Reg: 0x00 Val: 0x00000000
[inst #4640] addi x0,x0,0
Register Write to Reg: 0x00 Val: 0x00000000
[inst #4641] jalr x0,x1,0
Register Write to Reg: 0x00 Val: 0x00400864
[inst #4642] sw x7,24(x8)
Memory Write to Addr: 0x10010FC0 Val: 0x00000000
[inst #4643] jal x0,-688
Register Write to Reg: 0x00 Val: 0x004005E8
[inst #4644] lw x28,24(x8)
Register Write to Reg: 0x1C Val: 0x00000000
[inst #4645] addi x7,x0,-1
Register Write to Reg: 0x07 Val: 0xFFFFFFFF
[inst #4646] addi x0,x0,0
Register Write to Reg: 0x00 Val: 0x00000000
[inst #4647] addi x0,x0,0
Register Write to Reg: 0x00 Val: 0x00000000
[inst #4648] addi x0,x0,0
Register Write to Reg: 0x00 Val: 0x00000000
[inst #4649] beq x28,x7,32
[inst #4650] addi x0,x0,0
Register Write to Reg: 0x00 Val: 0x00000000
[inst #4651] addi x0,x0,0
Register Write to Reg: 0x00 Val: 0x00000000
[inst #4652] addi x0,x0,0
Register Write to Reg: 0x00 Val: 0x00000000
[inst #4653] jal x0,-260
Register Write to Reg: 0x00 Val: 0x0040035C
[inst #4654] lw x29,24(x8)
Register Write to Reg: 0x1D Val: 0x00000000
[inst #4655] auipc x1,0
Register Write to Reg: 0x01 Val: 0x00400258
[inst #4656] sll x0,x0,x0
Register Write to Reg: 0x00 Val: 0x00000000
[inst #4657] sll x0,x0,x0
Register Write to Reg: 0x00 Val: 0x00000000
[inst #4658] sll x0,x0,x0
Register Write to Reg: 0x00 Val: 0x00000000
[inst #4659] addi x1,x1,48
Register Write to Reg: 0x01 Val: 0x00400288
[inst #4660] addi x0,x0,0
Register Write to Reg: 0x00 Val: 0x00000000
[inst #4661] addi x0,x0,0
Register Write to Reg: 0x00 Val: 0x00000000
[inst #4662] addi x0,x0,0
Register Write to Reg: 0x00 Val: 0x00000000
[inst #4663] jal x0,2316
Register Write to Reg: 0x00 Val: 0x0040027C
[inst #4664] addi x2,x2,-32
Register Write to Reg: 0x02 Val: 0x10010F88
[inst #4665] addi x0,x0,0
Register Write to Reg: 0x00 Val: 0x00000000
[inst #4666] addi x0,x0,0
Register Write to Reg: 0x00 Val: 0x00000000
[inst #4667] addi x0,x0,0
Register Write to Reg: 0x00 Val: 0x00000000
[inst #4668] sw x8,28(x2)
Memory Write to Addr: 0x10010FA4 Val: 0x10010FA8
[inst #4669] add x8,x0,x2
Register Write to Reg: 0x08 Val: 0x10010F88
[inst #4670] addi x0,x0,0
Register Write to Reg: 0x00 Val: 0x00000000
[inst #4671] addi x0,x0,0
Register Write to Reg: 0x00 Val: 0x00000000
[inst #4672] addi x0,x0,0
Register Write to Reg: 0x00 Val: 0x00000000
[inst #4673] sw x29,32(x8)
Memory Write to Addr: 0x10010FA8 Val: 0x00000000
[inst #4674] ori x7,x0,1
Register Write to Reg: 0x07 Val: 0x00000001
[inst #4675] addi x0,x0,0
Register Write to Reg: 0x00 Val: 0x00000000
[inst #4676] addi x0,x0,0
Register Write to Reg: 0x00 Val: 0x00000000
[inst #4677] addi x0,x0,0
Register Write to Reg: 0x00 Val: 0x00000000
[inst #4678] sw x7,8(x8)
Memory Write to Addr: 0x10010F90 Val: 0x00000001
[inst #4679] sw x0,12(x8)
Memory Write to Addr: 0x10010F94 Val: 0x00000000
[inst #4680] jal x0,88
Register Write to Reg: 0x00 Val: 0x00400BC8
[inst #4681] lw x28,12(x8)
Register Write to Reg: 0x1C Val: 0x00000000
[inst #4682] lw x7,32(x8)
Register Write to Reg: 0x07 Val: 0x00000000
[inst #4683] addi x0,x0,0
Register Write to Reg: 0x00 Val: 0x00000000
[inst #4684] addi x0,x0,0
Register Write to Reg: 0x00 Val: 0x00000000
[inst #4685] addi x0,x0,0
Register Write to Reg: 0x00 Val: 0x00000000
[inst #4686] slt x7,x28,x7
Register Write to Reg: 0x07 Val: 0x00000000
[inst #4687] addi x0,x0,0
Register Write to Reg: 0x00 Val: 0x00000000
[inst #4688] addi x0,x0,0
Register Write to Reg: 0x00 Val: 0x00000000
[inst #4689] addi x0,x0,0
Register Write to Reg: 0x00 Val: 0x00000000
[inst #4690] beq x7,x0,32
[inst #4691] auipc x7,64527
Register Write to Reg: 0x07 Val: 0x1000FC60
[inst #4692] sll x0,x0,x0
Register Write to Reg: 0x00 Val: 0x00000000
[inst #4693] sll x0,x0,x0
Register Write to Reg: 0x00 Val: 0x00000000
[inst #4694] sll x0,x0,x0
Register Write to Reg: 0x00 Val: 0x00000000
[inst #4695] addi x7,x7,964
Register Write to Reg: 0x07 Val: 0x10010024
[inst #4696] addi x0,x0,0
Register Write to Reg: 0x00 Val: 0x00000000
[inst #4697] addi x0,x0,0
Register Write to Reg: 0x00 Val: 0x00000000
[inst #4698] addi x0,x0,0
Register Write to Reg: 0x00 Val: 0x00000000
[inst #4699] lw x7,0(x7)
Register Write to Reg: 0x07 Val: 0x01010101
[inst #4700] addi x0,x0,0
Register Write to Reg: 0x00 Val: 0x00000000
[inst #4701] addi x0,x0,0
Register Write to Reg: 0x00 Val: 0x00000000
[inst #4702] addi x0,x0,0
Register Write to Reg: 0x00 Val: 0x00000000
[inst #4703] sw x7,16(x8)
Memory Write to Addr: 0x10010F98 Val: 0x01010101
[inst #4704] lw x28,16(x8)
Register Write to Reg: 0x1C Val: 0x01010101
[inst #4705] lw x7,8(x8)
Register Write to Reg: 0x07 Val: 0x00000001
[inst #4706] addi x0,x0,0
Register Write to Reg: 0x00 Val: 0x00000000
[inst #4707] addi x0,x0,0
Register Write to Reg: 0x00 Val: 0x00000000
[inst #4708] addi x0,x0,0
Register Write to Reg: 0x00 Val: 0x00000000
[inst #4709] and x7,x28,x7
Register Write to Reg: 0x07 Val: 0x00000001
[inst #4710] addi x0,x0,0
Register Write to Reg: 0x00 Val: 0x00000000
[inst #4711] addi x0,x0,0
Register Write to Reg: 0x00 Val: 0x00000000
[inst #4712] addi x0,x0,0
Register Write to Reg: 0x00 Val: 0x00000000
[inst #4713] slt x7,x0,x7
Register Write to Reg: 0x07 Val: 0x00000001
[inst #4714] addi x0,x0,0
Register Write to Reg: 0x00 Val: 0x00000000
[inst #4715] addi x0,x0,0
Register Write to Reg: 0x00 Val: 0x00000000
[inst #4716] addi x0,x0,0
Register Write to Reg: 0x00 Val: 0x00000000
[inst #4717] andi x7,x7,255
Register Write to Reg: 0x07 Val: 0x00000001
[inst #4718] add x2,x0,x8
Register Write to Reg: 0x02 Val: 0x10010F88
[inst #4719] addi x0,x0,0
Register Write to Reg: 0x00 Val: 0x00000000
[inst #4720] addi x0,x0,0
Register Write to Reg: 0x00 Val: 0x00000000
[inst #4721] addi x0,x0,0
Register Write to Reg: 0x00 Val: 0x00000000
[inst #4722] lw x8,28(x2)
Register Write to Reg: 0x08 Val: 0x10010FA8
[inst #4723] addi x2,x2,32
Register Write to Reg: 0x02 Val: 0x10010FA8
[inst #4724] jalr x0,x1,0
Register Write to Reg: 0x00 Val: 0x00400CE8
[inst #4725] xori x7,x7,1
Register Write to Reg: 0x07 Val: 0x00000000
[inst #4726] addi x0,x0,0
Register Write to Reg: 0x00 Val: 0x00000000
[inst #4727] addi x0,x0,0
Register Write to Reg: 0x00 Val: 0x00000000
[inst #4728] addi x0,x0,0
Register Write to Reg: 0x00 Val: 0x00000000
[inst #4729] andi x7,x7,255
Register Write to Reg: 0x07 Val: 0x00000000
[inst #4730] addi x0,x0,0
Register Write to Reg: 0x00 Val: 0x00000000
[inst #4731] addi x0,x0,0
Register Write to Reg: 0x00 Val: 0x00000000
[inst #4732] addi x0,x0,0
Register Write to Reg: 0x00 Val: 0x00000000
[inst #4733] beq x7,x0,68
[inst #4734] addi x7,x8,28
Register Write to Reg: 0x07 Val: 0x10010FC4
[inst #4735] addi x0,x0,0
Register Write to Reg: 0x00 Val: 0x00000000
[inst #4736] addi x0,x0,0
Register Write to Reg: 0x00 Val: 0x00000000
[inst #4737] addi x0,x0,0
Register Write to Reg: 0x00 Val: 0x00000000
[inst #4738] add x29,x0,x7
Register Write to Reg: 0x1D Val: 0x10010FC4
[inst #4739] auipc x1,0
Register Write to Reg: 0x01 Val: 0x00400300
[inst #4740] sll x0,x0,x0
Register Write to Reg: 0x00 Val: 0x00000000
[inst #4741] sll x0,x0,x0
Register Write to Reg: 0x00 Val: 0x00000000
[inst #4742] sll x0,x0,x0
Register Write to Reg: 0x00 Val: 0x00000000
[inst #4743] addi x1,x1,48
Register Write to Reg: 0x01 Val: 0x00400330
[inst #4744] addi x0,x0,0
Register Write to Reg: 0x00 Val: 0x00000000
[inst #4745] addi x0,x0,0
Register Write to Reg: 0x00 Val: 0x00000000
[inst #4746] addi x0,x0,0
Register Write to Reg: 0x00 Val: 0x00000000
[inst #4747] jal x0,884
Register Write to Reg: 0x00 Val: 0x00400324
[inst #4748] addi x2,x2,-32
Register Write to Reg: 0x02 Val: 0x10010F88
[inst #4749] addi x0,x0,0
Register Write to Reg: 0x00 Val: 0x00000000
[inst #4750] addi x0,x0,0
Register Write to Reg: 0x00 Val: 0x00000000
[inst #4751] addi x0,x0,0
Register Write to Reg: 0x00 Val: 0x00000000
[inst #4752] sw x1,28(x2)
Memory Write to Addr: 0x10010FA4 Val: 0x00400330
[inst #4753] sw x8,24(x2)
Memory Write to Addr: 0x10010FA0 Val: 0x10010FA8
[inst #4754] add x8,x0,x2
Register Write to Reg: 0x08 Val: 0x10010F88
[inst #4755] addi x0,x0,0
Register Write to Reg: 0x00 Val: 0x00000000
[inst #4756] addi x0,x0,0
Register Write to Reg: 0x00 Val: 0x00000000
[inst #4757] addi x0,x0,0
Register Write to Reg: 0x00 Val: 0x00000000
[inst #4758] sw x29,32(x8)
Memory Write to Addr: 0x10010FA8 Val: 0x10010FC4
[inst #4759] jal x0,292
Register Write to Reg: 0x00 Val: 0x004006C4
[inst #4760] lw x7,32(x8)
Register Write to Reg: 0x07 Val: 0x10010FC4
[inst #4761] addi x0,x0,0
Register Write to Reg: 0x00 Val: 0x00000000
[inst #4762] addi x0,x0,0
Register Write to Reg: 0x00 Val: 0x00000000
[inst #4763] addi x0,x0,0
Register Write to Reg: 0x00 Val: 0x00000000
[inst #4764] lw x7,4(x7)
Register Write to Reg: 0x07 Val: 0x00000001
[inst #4765] addi x0,x0,0
Register Write to Reg: 0x00 Val: 0x00000000
[inst #4766] addi x0,x0,0
Register Write to Reg: 0x00 Val: 0x00000000
[inst #4767] addi x0,x0,0
Register Write to Reg: 0x00 Val: 0x00000000
[inst #4768] slti x7,x7,4
Register Write to Reg: 0x07 Val: 0x00000001
[inst #4769] addi x0,x0,0
Register Write to Reg: 0x00 Val: 0x00000000
[inst #4770] addi x0,x0,0
Register Write to Reg: 0x00 Val: 0x00000000
[inst #4771] addi x0,x0,0
Register Write to Reg: 0x00 Val: 0x00000000
[inst #4772] beq x7,x0,32
[inst #4773] addi x0,x0,0
Register Write to Reg: 0x00 Val: 0x00000000
[inst #4774] addi x0,x0,0
Register Write to Reg: 0x00 Val: 0x00000000
[inst #4775] addi x0,x0,0
Register Write to Reg: 0x00 Val: 0x00000000
[inst #4776] jal x0,-340
Register Write to Reg: 0x00 Val: 0x00400828
[inst #4777] lw x7,32(x8)
Register Write to Reg: 0x07 Val: 0x10010FC4
[inst #4778] addi x0,x0,0
Register Write to Reg: 0x00 Val: 0x00000000
[inst #4779] addi x0,x0,0
Register Write to Reg: 0x00 Val: 0x00000000
[inst #4780] addi x0,x0,0
Register Write to Reg: 0x00 Val: 0x00000000
[inst #4781] lw x28,0(x7)
Register Write to Reg: 0x1C Val: 0x00000003
[inst #4782] lw x7,32(x8)
Register Write to Reg: 0x07 Val: 0x10010FC4
[inst #4783] addi x0,x0,0
Register Write to Reg: 0x00 Val: 0x00000000
[inst #4784] addi x0,x0,0
Register Write to Reg: 0x00 Val: 0x00000000
[inst #4785] addi x0,x0,0
Register Write to Reg: 0x00 Val: 0x00000000
[inst #4786] lw x7,4(x7)
Register Write to Reg: 0x07 Val: 0x00000001
[inst #4787] addi x0,x0,0
Register Write to Reg: 0x00 Val: 0x00000000
[inst #4788] addi x0,x0,0
Register Write to Reg: 0x00 Val: 0x00000000
[inst #4789] addi x0,x0,0
Register Write to Reg: 0x00 Val: 0x00000000
[inst #4790] add x30,x0,x7
Register Write to Reg: 0x1E Val: 0x00000001
[inst #4791] addi x0,x0,0
Register Write to Reg: 0x00 Val: 0x00000000
[inst #4792] addi x0,x0,0
Register Write to Reg: 0x00 Val: 0x00000000
[inst #4793] addi x0,x0,0
Register Write to Reg: 0x00 Val: 0x00000000
[inst #4794] add x29,x0,x28
Register Write to Reg: 0x1D Val: 0x00000003
[inst #4795] auipc x1,0
Register Write to Reg: 0x01 Val: 0x00400718
[inst #4796] sll x0,x0,x0
Register Write to Reg: 0x00 Val: 0x00000000
[inst #4797] sll x0,x0,x0
Register Write to Reg: 0x00 Val: 0x00000000
[inst #4798] sll x0,x0,x0
Register Write to Reg: 0x00 Val: 0x00000000
[inst #4799] addi x1,x1,48
Register Write to Reg: 0x01 Val: 0x00400748
[inst #4800] addi x0,x0,0
Register Write to Reg: 0x00 Val: 0x00000000
[inst #4801] addi x0,x0,0
Register Write to Reg: 0x00 Val: 0x00000000
[inst #4802] addi x0,x0,0
Register Write to Reg: 0x00 Val: 0x00000000
[inst #4803] jal x0,312
Register Write to Reg: 0x00 Val: 0x0040073C
[inst #4804] addi x2,x2,-32
Register Write to Reg: 0x02 Val: 0x10010F68
[inst #4805] addi x0,x0,0
Register Write to Reg: 0x00 Val: 0x00000000
[inst #4806] addi x0,x0,0
Register Write to Reg: 0x00 Val: 0x00000000
[inst #4807] addi x0,x0,0
Register Write to Reg: 0x00 Val: 0x00000000
[inst #4808] sw x8,28(x2)
Memory Write to Addr: 0x10010F84 Val: 0x10010F88
[inst #4809] add x8,x0,x2
Register Write to Reg: 0x08 Val: 0x10010F68
[inst #4810] addi x0,x0,0
Register Write to Reg: 0x00 Val: 0x00000000
[inst #4811] addi x0,x0,0
Register Write to Reg: 0x00 Val: 0x00000000
[inst #4812] addi x0,x0,0
Register Write to Reg: 0x00 Val: 0x00000000
[inst #4813] sw x29,32(x8)
Memory Write to Addr: 0x10010F88 Val: 0x00000003
[inst #4814] sw x30,36(x8)
Memory Write to Addr: 0x10010F8C Val: 0x00000001
[inst #4815] auipc x7,64527
Register Write to Reg: 0x07 Val: 0x1000F89C
[inst #4816] sll x0,x0,x0
Register Write to Reg: 0x00 Val: 0x00000000
[inst #4817] sll x0,x0,x0
Register Write to Reg: 0x00 Val: 0x00000000
[inst #4818] sll x0,x0,x0
Register Write to Reg: 0x00 Val: 0x00000000
[inst #4819] addi x7,x7,1912
Register Write to Reg: 0x07 Val: 0x10010014
[inst #4820] addi x0,x0,0
Register Write to Reg: 0x00 Val: 0x00000000
[inst #4821] addi x0,x0,0
Register Write to Reg: 0x00 Val: 0x00000000
[inst #4822] addi x0,x0,0
Register Write to Reg: 0x00 Val: 0x00000000
[inst #4823] lw x28,32(x8)
Register Write to Reg: 0x1C Val: 0x00000003
[inst #4824] addi x0,x0,0
Register Write to Reg: 0x00 Val: 0x00000000
[inst #4825] addi x0,x0,0
Register Write to Reg: 0x00 Val: 0x00000000
[inst #4826] addi x0,x0,0
Register Write to Reg: 0x00 Val: 0x00000000
[inst #4827] slli x28,x28,2
Register Write to Reg: 0x1C Val: 0x0000000C
[inst #4828] addi x0,x0,0
Register Write to Reg: 0x00 Val: 0x00000000
[inst #4829] addi x0,x0,0
Register Write to Reg: 0x00 Val: 0x00000000
[inst #4830] addi x0,x0,0
Register Write to Reg: 0x00 Val: 0x00000000
[inst #4831] add x7,x28,x7
Register Write to Reg: 0x07 Val: 0x10010020
[inst #4832] addi x0,x0,0
Register Write to Reg: 0x00 Val: 0x00000000
[inst #4833] addi x0,x0,0
Register Write to Reg: 0x00 Val: 0x00000000
[inst #4834] addi x0,x0,0
Register Write to Reg: 0x00 Val: 0x00000000
[inst #4835] lw x7,0(x7)
Register Write to Reg: 0x07 Val: 0x00000003
[inst #4836] addi x0,x0,0
Register Write to Reg: 0x00 Val: 0x00000000
[inst #4837] addi x0,x0,0
Register Write to Reg: 0x00 Val: 0x00000000
[inst #4838] addi x0,x0,0
Register Write to Reg: 0x00 Val: 0x00000000
[inst #4839] sw x7,16(x8)
Memory Write to Addr: 0x10010F78 Val: 0x00000003
[inst #4840] addi x7,x0,1
Register Write to Reg: 0x07 Val: 0x00000001
[inst #4841] addi x0,x0,0
Register Write to Reg: 0x00 Val: 0x00000000
[inst #4842] addi x0,x0,0
Register Write to Reg: 0x00 Val: 0x00000000
[inst #4843] addi x0,x0,0
Register Write to Reg: 0x00 Val: 0x00000000
[inst #4844] sw x7,8(x8)
Memory Write to Addr: 0x10010F70 Val: 0x00000001
[inst #4845] sw x0,12(x8)
Memory Write to Addr: 0x10010F74 Val: 0x00000000
[inst #4846] addi x0,x0,0
Register Write to Reg: 0x00 Val: 0x00000000
[inst #4847] addi x0,x0,0
Register Write to Reg: 0x00 Val: 0x00000000
[inst #4848] addi x0,x0,0
Register Write to Reg: 0x00 Val: 0x00000000
[inst #4849] jal x0,88
Register Write to Reg: 0x00 Val: 0x00400928
[inst #4850] lw x28,12(x8)
Register Write to Reg: 0x1C Val: 0x00000000
[inst #4851] lw x7,36(x8)
Register Write to Reg: 0x07 Val: 0x00000001
[inst #4852] addi x0,x0,0
Register Write to Reg: 0x00 Val: 0x00000000
[inst #4853] addi x0,x0,0
Register Write to Reg: 0x00 Val: 0x00000000
[inst #4854] addi x0,x0,0
Register Write to Reg: 0x00 Val: 0x00000000
[inst #4855] slt x7,x28,x7
Register Write to Reg: 0x07 Val: 0x00000001
[inst #4856] addi x0,x0,0
Register Write to Reg: 0x00 Val: 0x00000000
[inst #4857] addi x0,x0,0
Register Write to Reg: 0x00 Val: 0x00000000
[inst #4858] addi x0,x0,0
Register Write to Reg: 0x00 Val: 0x00000000
[inst #4859] beq x7,x0,32
[inst #4860] addi x0,x0,0
Register Write to Reg: 0x00 Val: 0x00000000
[inst #4861] addi x0,x0,0
Register Write to Reg: 0x00 Val: 0x00000000
[inst #4862] addi x0,x0,0
Register Write to Reg: 0x00 Val: 0x00000000
[inst #4863] jal x0,-124
Register Write to Reg: 0x00 Val: 0x004009B4
[inst #4864] lw x7,8(x8)
Register Write to Reg: 0x07 Val: 0x00000001
[inst #4865] addi x0,x0,0
Register Write to Reg: 0x00 Val: 0x00000000
[inst #4866] addi x0,x0,0
Register Write to Reg: 0x00 Val: 0x00000000
[inst #4867] addi x0,x0,0
Register Write to Reg: 0x00 Val: 0x00000000
[inst #4868] slli x7,x7,1
Register Write to Reg: 0x07 Val: 0x00000002
[inst #4869] addi x0,x0,0
Register Write to Reg: 0x00 Val: 0x00000000
[inst #4870] addi x0,x0,0
Register Write to Reg: 0x00 Val: 0x00000000
[inst #4871] addi x0,x0,0
Register Write to Reg: 0x00 Val: 0x00000000
[inst #4872] sw x7,8(x8)
Memory Write to Addr: 0x10010F70 Val: 0x00000002
[inst #4873] lw x7,12(x8)
Register Write to Reg: 0x07 Val: 0x00000000
[inst #4874] addi x0,x0,0
Register Write to Reg: 0x00 Val: 0x00000000
[inst #4875] addi x0,x0,0
Register Write to Reg: 0x00 Val: 0x00000000
[inst #4876] addi x0,x0,0
Register Write to Reg: 0x00 Val: 0x00000000
[inst #4877] addi x7,x7,1
Register Write to Reg: 0x07 Val: 0x00000001
[inst #4878] addi x0,x0,0
Register Write to Reg: 0x00 Val: 0x00000000
[inst #4879] addi x0,x0,0
Register Write to Reg: 0x00 Val: 0x00000000
[inst #4880] addi x0,x0,0
Register Write to Reg: 0x00 Val: 0x00000000
[inst #4881] sw x7,12(x8)
Memory Write to Addr: 0x10010F74 Val: 0x00000001
[inst #4882] lw x28,12(x8)
Register Write to Reg: 0x1C Val: 0x00000001
[inst #4883] lw x7,36(x8)
Register Write to Reg: 0x07 Val: 0x00000001
[inst #4884] addi x0,x0,0
Register Write to Reg: 0x00 Val: 0x00000000
[inst #4885] addi x0,x0,0
Register Write to Reg: 0x00 Val: 0x00000000
[inst #4886] addi x0,x0,0
Register Write to Reg: 0x00 Val: 0x00000000
[inst #4887] slt x7,x28,x7
Register Write to Reg: 0x07 Val: 0x00000000
[inst #4888] addi x0,x0,0
Register Write to Reg: 0x00 Val: 0x00000000
[inst #4889] addi x0,x0,0
Register Write to Reg: 0x00 Val: 0x00000000
[inst #4890] addi x0,x0,0
Register Write to Reg: 0x00 Val: 0x00000000
[inst #4891] beq x7,x0,32
[inst #4892] lw x28,8(x8)
Register Write to Reg: 0x1C Val: 0x00000002
[inst #4893] lw x7,16(x8)
Register Write to Reg: 0x07 Val: 0x00000003
[inst #4894] addi x0,x0,0
Register Write to Reg: 0x00 Val: 0x00000000
[inst #4895] addi x0,x0,0
Register Write to Reg: 0x00 Val: 0x00000000
[inst #4896] addi x0,x0,0
Register Write to Reg: 0x00 Val: 0x00000000
[inst #4897] and x7,x28,x7
Register Write to Reg: 0x07 Val: 0x00000002
[inst #4898] addi x0,x0,0
Register Write to Reg: 0x00 Val: 0x00000000
[inst #4899] addi x0,x0,0
Register Write to Reg: 0x00 Val: 0x00000000
[inst #4900] addi x0,x0,0
Register Write to Reg: 0x00 Val: 0x00000000
[inst #4901] slt x7,x0,x7
Register Write to Reg: 0x07 Val: 0x00000001
[inst #4902] addi x0,x0,0
Register Write to Reg: 0x00 Val: 0x00000000
[inst #4903] addi x0,x0,0
Register Write to Reg: 0x00 Val: 0x00000000
[inst #4904] addi x0,x0,0
Register Write to Reg: 0x00 Val: 0x00000000
[inst #4905] andi x7,x7,255
Register Write to Reg: 0x07 Val: 0x00000001
[inst #4906] add x2,x0,x8
Register Write to Reg: 0x02 Val: 0x10010F68
[inst #4907] addi x0,x0,0
Register Write to Reg: 0x00 Val: 0x00000000
[inst #4908] addi x0,x0,0
Register Write to Reg: 0x00 Val: 0x00000000
[inst #4909] addi x0,x0,0
Register Write to Reg: 0x00 Val: 0x00000000
[inst #4910] lw x8,28(x2)
Register Write to Reg: 0x08 Val: 0x10010F88
[inst #4911] addi x2,x2,32
Register Write to Reg: 0x02 Val: 0x10010F88
[inst #4912] jalr x0,x1,0
Register Write to Reg: 0x00 Val: 0x00400A14
[inst #4913] addi x0,x0,0
Register Write to Reg: 0x00 Val: 0x00000000
[inst #4914] addi x0,x0,0
Register Write to Reg: 0x00 Val: 0x00000000
[inst #4915] addi x0,x0,0
Register Write to Reg: 0x00 Val: 0x00000000
[inst #4916] beq x7,x0,88
[inst #4917] addi x0,x0,0
Register Write to Reg: 0x00 Val: 0x00000000
[inst #4918] addi x0,x0,0
Register Write to Reg: 0x00 Val: 0x00000000
[inst #4919] addi x0,x0,0
Register Write to Reg: 0x00 Val: 0x00000000
[inst #4920] lw x7,32(x8)
Register Write to Reg: 0x07 Val: 0x10010FC4
[inst #4921] addi x0,x0,0
Register Write to Reg: 0x00 Val: 0x00000000
[inst #4922] addi x0,x0,0
Register Write to Reg: 0x00 Val: 0x00000000
[inst #4923] addi x0,x0,0
Register Write to Reg: 0x00 Val: 0x00000000
[inst #4924] lw x7,4(x7)
Register Write to Reg: 0x07 Val: 0x00000001
[inst #4925] addi x0,x0,0
Register Write to Reg: 0x00 Val: 0x00000000
[inst #4926] addi x0,x0,0
Register Write to Reg: 0x00 Val: 0x00000000
[inst #4927] addi x0,x0,0
Register Write to Reg: 0x00 Val: 0x00000000
[inst #4928] addi x29,x7,1
Register Write to Reg: 0x1D Val: 0x00000002
[inst #4929] lw x28,32(x8)
Register Write to Reg: 0x1C Val: 0x10010FC4
[inst #4930] addi x0,x0,0
Register Write to Reg: 0x00 Val: 0x00000000
[inst #4931] addi x0,x0,0
Register Write to Reg: 0x00 Val: 0x00000000
[inst #4932] addi x0,x0,0
Register Write to Reg: 0x00 Val: 0x00000000
[inst #4933] sw x29,4(x28)
Memory Write to Addr: 0x10010FC8 Val: 0x00000002
[inst #4934] jal x0,156
Register Write to Reg: 0x00 Val: 0x004007A0
[inst #4935] add x2,x0,x8
Register Write to Reg: 0x02 Val: 0x10010F88
[inst #4936] addi x0,x0,0
Register Write to Reg: 0x00 Val: 0x00000000
[inst #4937] addi x0,x0,0
Register Write to Reg: 0x00 Val: 0x00000000
[inst #4938] addi x0,x0,0
Register Write to Reg: 0x00 Val: 0x00000000
[inst #4939] lw x1,28(x2)
Register Write to Reg: 0x01 Val: 0x00400330
[inst #4940] lw x8,24(x2)
Register Write to Reg: 0x08 Val: 0x10010FA8
[inst #4941] addi x2,x2,32
Register Write to Reg: 0x02 Val: 0x10010FA8
[inst #4942] addi x0,x0,0
Register Write to Reg: 0x00 Val: 0x00000000
[inst #4943] addi x0,x0,0
Register Write to Reg: 0x00 Val: 0x00000000
[inst #4944] addi x0,x0,0
Register Write to Reg: 0x00 Val: 0x00000000
[inst #4945] jalr x0,x1,0
Register Write to Reg: 0x00 Val: 0x00400864
[inst #4946] sw x7,24(x8)
Memory Write to Addr: 0x10010FC0 Val: 0x00000001
[inst #4947] lw x28,24(x8)
Register Write to Reg: 0x1C Val: 0x00000001
[inst #4948] addi x7,x0,-1
Register Write to Reg: 0x07 Val: 0xFFFFFFFF
[inst #4949] addi x0,x0,0
Register Write to Reg: 0x00 Val: 0x00000000
[inst #4950] addi x0,x0,0
Register Write to Reg: 0x00 Val: 0x00000000
[inst #4951] addi x0,x0,0
Register Write to Reg: 0x00 Val: 0x00000000
[inst #4952] beq x28,x7,32
[inst #4953] addi x0,x0,0
Register Write to Reg: 0x00 Val: 0x00000000
[inst #4954] addi x0,x0,0
Register Write to Reg: 0x00 Val: 0x00000000
[inst #4955] addi x0,x0,0
Register Write to Reg: 0x00 Val: 0x00000000
[inst #4956] jal x0,-260
Register Write to Reg: 0x00 Val: 0x0040035C
[inst #4957] lw x29,24(x8)
Register Write to Reg: 0x1D Val: 0x00000001
[inst #4958] auipc x1,0
Register Write to Reg: 0x01 Val: 0x00400258
[inst #4959] sll x0,x0,x0
Register Write to Reg: 0x00 Val: 0x00000000
[inst #4960] sll x0,x0,x0
Register Write to Reg: 0x00 Val: 0x00000000
[inst #4961] sll x0,x0,x0
Register Write to Reg: 0x00 Val: 0x00000000
[inst #4962] addi x1,x1,48
Register Write to Reg: 0x01 Val: 0x00400288
[inst #4963] addi x0,x0,0
Register Write to Reg: 0x00 Val: 0x00000000
[inst #4964] addi x0,x0,0
Register Write to Reg: 0x00 Val: 0x00000000
[inst #4965] addi x0,x0,0
Register Write to Reg: 0x00 Val: 0x00000000
[inst #4966] jal x0,2316
Register Write to Reg: 0x00 Val: 0x0040027C
[inst #4967] addi x2,x2,-32
Register Write to Reg: 0x02 Val: 0x10010F88
[inst #4968] addi x0,x0,0
Register Write to Reg: 0x00 Val: 0x00000000
[inst #4969] addi x0,x0,0
Register Write to Reg: 0x00 Val: 0x00000000
[inst #4970] addi x0,x0,0
Register Write to Reg: 0x00 Val: 0x00000000
[inst #4971] sw x8,28(x2)
Memory Write to Addr: 0x10010FA4 Val: 0x10010FA8
[inst #4972] add x8,x0,x2
Register Write to Reg: 0x08 Val: 0x10010F88
[inst #4973] addi x0,x0,0
Register Write to Reg: 0x00 Val: 0x00000000
[inst #4974] addi x0,x0,0
Register Write to Reg: 0x00 Val: 0x00000000
[inst #4975] addi x0,x0,0
Register Write to Reg: 0x00 Val: 0x00000000
[inst #4976] sw x29,32(x8)
Memory Write to Addr: 0x10010FA8 Val: 0x00000001
[inst #4977] ori x7,x0,1
Register Write to Reg: 0x07 Val: 0x00000001
[inst #4978] addi x0,x0,0
Register Write to Reg: 0x00 Val: 0x00000000
[inst #4979] addi x0,x0,0
Register Write to Reg: 0x00 Val: 0x00000000
[inst #4980] addi x0,x0,0
Register Write to Reg: 0x00 Val: 0x00000000
[inst #4981] sw x7,8(x8)
Memory Write to Addr: 0x10010F90 Val: 0x00000001
[inst #4982] sw x0,12(x8)
Memory Write to Addr: 0x10010F94 Val: 0x00000000
[inst #4983] jal x0,88
Register Write to Reg: 0x00 Val: 0x00400BC8
[inst #4984] lw x28,12(x8)
Register Write to Reg: 0x1C Val: 0x00000000
[inst #4985] lw x7,32(x8)
Register Write to Reg: 0x07 Val: 0x00000001
[inst #4986] addi x0,x0,0
Register Write to Reg: 0x00 Val: 0x00000000
[inst #4987] addi x0,x0,0
Register Write to Reg: 0x00 Val: 0x00000000
[inst #4988] addi x0,x0,0
Register Write to Reg: 0x00 Val: 0x00000000
[inst #4989] slt x7,x28,x7
Register Write to Reg: 0x07 Val: 0x00000001
[inst #4990] addi x0,x0,0
Register Write to Reg: 0x00 Val: 0x00000000
[inst #4991] addi x0,x0,0
Register Write to Reg: 0x00 Val: 0x00000000
[inst #4992] addi x0,x0,0
Register Write to Reg: 0x00 Val: 0x00000000
[inst #4993] beq x7,x0,32
[inst #4994] addi x0,x0,0
Register Write to Reg: 0x00 Val: 0x00000000
[inst #4995] addi x0,x0,0
Register Write to Reg: 0x00 Val: 0x00000000
[inst #4996] addi x0,x0,0
Register Write to Reg: 0x00 Val: 0x00000000
[inst #4997] jal x0,-124
Register Write to Reg: 0x00 Val: 0x00400C54
[inst #4998] lw x7,8(x8)
Register Write to Reg: 0x07 Val: 0x00000001
[inst #4999] addi x0,x0,0
Register Write to Reg: 0x00 Val: 0x00000000
[inst #5000] addi x0,x0,0
Register Write to Reg: 0x00 Val: 0x00000000
[inst #5001] addi x0,x0,0
Register Write to Reg: 0x00 Val: 0x00000000
[inst #5002] slli x7,x7,8
Register Write to Reg: 0x07 Val: 0x00000100
[inst #5003] addi x0,x0,0
Register Write to Reg: 0x00 Val: 0x00000000
[inst #5004] addi x0,x0,0
Register Write to Reg: 0x00 Val: 0x00000000
[inst #5005] addi x0,x0,0
Register Write to Reg: 0x00 Val: 0x00000000
[inst #5006] sw x7,8(x8)
Memory Write to Addr: 0x10010F90 Val: 0x00000100
[inst #5007] lw x7,12(x8)
Register Write to Reg: 0x07 Val: 0x00000000
[inst #5008] addi x0,x0,0
Register Write to Reg: 0x00 Val: 0x00000000
[inst #5009] addi x0,x0,0
Register Write to Reg: 0x00 Val: 0x00000000
[inst #5010] addi x0,x0,0
Register Write to Reg: 0x00 Val: 0x00000000
[inst #5011] addi x7,x7,1
Register Write to Reg: 0x07 Val: 0x00000001
[inst #5012] addi x0,x0,0
Register Write to Reg: 0x00 Val: 0x00000000
[inst #5013] addi x0,x0,0
Register Write to Reg: 0x00 Val: 0x00000000
[inst #5014] addi x0,x0,0
Register Write to Reg: 0x00 Val: 0x00000000
[inst #5015] sw x7,12(x8)
Memory Write to Addr: 0x10010F94 Val: 0x00000001
[inst #5016] lw x28,12(x8)
Register Write to Reg: 0x1C Val: 0x00000001
[inst #5017] lw x7,32(x8)
Register Write to Reg: 0x07 Val: 0x00000001
[inst #5018] addi x0,x0,0
Register Write to Reg: 0x00 Val: 0x00000000
[inst #5019] addi x0,x0,0
Register Write to Reg: 0x00 Val: 0x00000000
[inst #5020] addi x0,x0,0
Register Write to Reg: 0x00 Val: 0x00000000
[inst #5021] slt x7,x28,x7
Register Write to Reg: 0x07 Val: 0x00000000
[inst #5022] addi x0,x0,0
Register Write to Reg: 0x00 Val: 0x00000000
[inst #5023] addi x0,x0,0
Register Write to Reg: 0x00 Val: 0x00000000
[inst #5024] addi x0,x0,0
Register Write to Reg: 0x00 Val: 0x00000000
[inst #5025] beq x7,x0,32
[inst #5026] auipc x7,64527
Register Write to Reg: 0x07 Val: 0x1000FC60
[inst #5027] sll x0,x0,x0
Register Write to Reg: 0x00 Val: 0x00000000
[inst #5028] sll x0,x0,x0
Register Write to Reg: 0x00 Val: 0x00000000
[inst #5029] sll x0,x0,x0
Register Write to Reg: 0x00 Val: 0x00000000
[inst #5030] addi x7,x7,964
Register Write to Reg: 0x07 Val: 0x10010024
[inst #5031] addi x0,x0,0
Register Write to Reg: 0x00 Val: 0x00000000
[inst #5032] addi x0,x0,0
Register Write to Reg: 0x00 Val: 0x00000000
[inst #5033] addi x0,x0,0
Register Write to Reg: 0x00 Val: 0x00000000
[inst #5034] lw x7,0(x7)
Register Write to Reg: 0x07 Val: 0x01010101
[inst #5035] addi x0,x0,0
Register Write to Reg: 0x00 Val: 0x00000000
[inst #5036] addi x0,x0,0
Register Write to Reg: 0x00 Val: 0x00000000
[inst #5037] addi x0,x0,0
Register Write to Reg: 0x00 Val: 0x00000000
[inst #5038] sw x7,16(x8)
Memory Write to Addr: 0x10010F98 Val: 0x01010101
[inst #5039] lw x28,16(x8)
Register Write to Reg: 0x1C Val: 0x01010101
[inst #5040] lw x7,8(x8)
Register Write to Reg: 0x07 Val: 0x00000100
[inst #5041] addi x0,x0,0
Register Write to Reg: 0x00 Val: 0x00000000
[inst #5042] addi x0,x0,0
Register Write to Reg: 0x00 Val: 0x00000000
[inst #5043] addi x0,x0,0
Register Write to Reg: 0x00 Val: 0x00000000
[inst #5044] and x7,x28,x7
Register Write to Reg: 0x07 Val: 0x00000100
[inst #5045] addi x0,x0,0
Register Write to Reg: 0x00 Val: 0x00000000
[inst #5046] addi x0,x0,0
Register Write to Reg: 0x00 Val: 0x00000000
[inst #5047] addi x0,x0,0
Register Write to Reg: 0x00 Val: 0x00000000
[inst #5048] slt x7,x0,x7
Register Write to Reg: 0x07 Val: 0x00000001
[inst #5049] addi x0,x0,0
Register Write to Reg: 0x00 Val: 0x00000000
[inst #5050] addi x0,x0,0
Register Write to Reg: 0x00 Val: 0x00000000
[inst #5051] addi x0,x0,0
Register Write to Reg: 0x00 Val: 0x00000000
[inst #5052] andi x7,x7,255
Register Write to Reg: 0x07 Val: 0x00000001
[inst #5053] add x2,x0,x8
Register Write to Reg: 0x02 Val: 0x10010F88
[inst #5054] addi x0,x0,0
Register Write to Reg: 0x00 Val: 0x00000000
[inst #5055] addi x0,x0,0
Register Write to Reg: 0x00 Val: 0x00000000
[inst #5056] addi x0,x0,0
Register Write to Reg: 0x00 Val: 0x00000000
[inst #5057] lw x8,28(x2)
Register Write to Reg: 0x08 Val: 0x10010FA8
[inst #5058] addi x2,x2,32
Register Write to Reg: 0x02 Val: 0x10010FA8
[inst #5059] jalr x0,x1,0
Register Write to Reg: 0x00 Val: 0x00400CE8
[inst #5060] xori x7,x7,1
Register Write to Reg: 0x07 Val: 0x00000000
[inst #5061] addi x0,x0,0
Register Write to Reg: 0x00 Val: 0x00000000
[inst #5062] addi x0,x0,0
Register Write to Reg: 0x00 Val: 0x00000000
[inst #5063] addi x0,x0,0
Register Write to Reg: 0x00 Val: 0x00000000
[inst #5064] andi x7,x7,255
Register Write to Reg: 0x07 Val: 0x00000000
[inst #5065] addi x0,x0,0
Register Write to Reg: 0x00 Val: 0x00000000
[inst #5066] addi x0,x0,0
Register Write to Reg: 0x00 Val: 0x00000000
[inst #5067] addi x0,x0,0
Register Write to Reg: 0x00 Val: 0x00000000
[inst #5068] beq x7,x0,68
[inst #5069] addi x7,x8,28
Register Write to Reg: 0x07 Val: 0x10010FC4
[inst #5070] addi x0,x0,0
Register Write to Reg: 0x00 Val: 0x00000000
[inst #5071] addi x0,x0,0
Register Write to Reg: 0x00 Val: 0x00000000
[inst #5072] addi x0,x0,0
Register Write to Reg: 0x00 Val: 0x00000000
[inst #5073] add x29,x0,x7
Register Write to Reg: 0x1D Val: 0x10010FC4
[inst #5074] auipc x1,0
Register Write to Reg: 0x01 Val: 0x00400300
[inst #5075] sll x0,x0,x0
Register Write to Reg: 0x00 Val: 0x00000000
[inst #5076] sll x0,x0,x0
Register Write to Reg: 0x00 Val: 0x00000000
[inst #5077] sll x0,x0,x0
Register Write to Reg: 0x00 Val: 0x00000000
[inst #5078] addi x1,x1,48
Register Write to Reg: 0x01 Val: 0x00400330
[inst #5079] addi x0,x0,0
Register Write to Reg: 0x00 Val: 0x00000000
[inst #5080] addi x0,x0,0
Register Write to Reg: 0x00 Val: 0x00000000
[inst #5081] addi x0,x0,0
Register Write to Reg: 0x00 Val: 0x00000000
[inst #5082] jal x0,884
Register Write to Reg: 0x00 Val: 0x00400324
[inst #5083] addi x2,x2,-32
Register Write to Reg: 0x02 Val: 0x10010F88
[inst #5084] addi x0,x0,0
Register Write to Reg: 0x00 Val: 0x00000000
[inst #5085] addi x0,x0,0
Register Write to Reg: 0x00 Val: 0x00000000
[inst #5086] addi x0,x0,0
Register Write to Reg: 0x00 Val: 0x00000000
[inst #5087] sw x1,28(x2)
Memory Write to Addr: 0x10010FA4 Val: 0x00400330
[inst #5088] sw x8,24(x2)
Memory Write to Addr: 0x10010FA0 Val: 0x10010FA8
[inst #5089] add x8,x0,x2
Register Write to Reg: 0x08 Val: 0x10010F88
[inst #5090] addi x0,x0,0
Register Write to Reg: 0x00 Val: 0x00000000
[inst #5091] addi x0,x0,0
Register Write to Reg: 0x00 Val: 0x00000000
[inst #5092] addi x0,x0,0
Register Write to Reg: 0x00 Val: 0x00000000
[inst #5093] sw x29,32(x8)
Memory Write to Addr: 0x10010FA8 Val: 0x10010FC4
[inst #5094] jal x0,292
Register Write to Reg: 0x00 Val: 0x004006C4
[inst #5095] lw x7,32(x8)
Register Write to Reg: 0x07 Val: 0x10010FC4
[inst #5096] addi x0,x0,0
Register Write to Reg: 0x00 Val: 0x00000000
[inst #5097] addi x0,x0,0
Register Write to Reg: 0x00 Val: 0x00000000
[inst #5098] addi x0,x0,0
Register Write to Reg: 0x00 Val: 0x00000000
[inst #5099] lw x7,4(x7)
Register Write to Reg: 0x07 Val: 0x00000002
[inst #5100] addi x0,x0,0
Register Write to Reg: 0x00 Val: 0x00000000
[inst #5101] addi x0,x0,0
Register Write to Reg: 0x00 Val: 0x00000000
[inst #5102] addi x0,x0,0
Register Write to Reg: 0x00 Val: 0x00000000
[inst #5103] slti x7,x7,4
Register Write to Reg: 0x07 Val: 0x00000001
[inst #5104] addi x0,x0,0
Register Write to Reg: 0x00 Val: 0x00000000
[inst #5105] addi x0,x0,0
Register Write to Reg: 0x00 Val: 0x00000000
[inst #5106] addi x0,x0,0
Register Write to Reg: 0x00 Val: 0x00000000
[inst #5107] beq x7,x0,32
[inst #5108] addi x0,x0,0
Register Write to Reg: 0x00 Val: 0x00000000
[inst #5109] addi x0,x0,0
Register Write to Reg: 0x00 Val: 0x00000000
[inst #5110] addi x0,x0,0
Register Write to Reg: 0x00 Val: 0x00000000
[inst #5111] jal x0,-340
Register Write to Reg: 0x00 Val: 0x00400828
[inst #5112] lw x7,32(x8)
Register Write to Reg: 0x07 Val: 0x10010FC4
[inst #5113] addi x0,x0,0
Register Write to Reg: 0x00 Val: 0x00000000
[inst #5114] addi x0,x0,0
Register Write to Reg: 0x00 Val: 0x00000000
[inst #5115] addi x0,x0,0
Register Write to Reg: 0x00 Val: 0x00000000
[inst #5116] lw x28,0(x7)
Register Write to Reg: 0x1C Val: 0x00000003
[inst #5117] lw x7,32(x8)
Register Write to Reg: 0x07 Val: 0x10010FC4
[inst #5118] addi x0,x0,0
Register Write to Reg: 0x00 Val: 0x00000000
[inst #5119] addi x0,x0,0
Register Write to Reg: 0x00 Val: 0x00000000
[inst #5120] addi x0,x0,0
Register Write to Reg: 0x00 Val: 0x00000000
[inst #5121] lw x7,4(x7)
Register Write to Reg: 0x07 Val: 0x00000002
[inst #5122] addi x0,x0,0
Register Write to Reg: 0x00 Val: 0x00000000
[inst #5123] addi x0,x0,0
Register Write to Reg: 0x00 Val: 0x00000000
[inst #5124] addi x0,x0,0
Register Write to Reg: 0x00 Val: 0x00000000
[inst #5125] add x30,x0,x7
Register Write to Reg: 0x1E Val: 0x00000002
[inst #5126] addi x0,x0,0
Register Write to Reg: 0x00 Val: 0x00000000
[inst #5127] addi x0,x0,0
Register Write to Reg: 0x00 Val: 0x00000000
[inst #5128] addi x0,x0,0
Register Write to Reg: 0x00 Val: 0x00000000
[inst #5129] add x29,x0,x28
Register Write to Reg: 0x1D Val: 0x00000003
[inst #5130] auipc x1,0
Register Write to Reg: 0x01 Val: 0x00400718
[inst #5131] sll x0,x0,x0
Register Write to Reg: 0x00 Val: 0x00000000
[inst #5132] sll x0,x0,x0
Register Write to Reg: 0x00 Val: 0x00000000
[inst #5133] sll x0,x0,x0
Register Write to Reg: 0x00 Val: 0x00000000
[inst #5134] addi x1,x1,48
Register Write to Reg: 0x01 Val: 0x00400748
[inst #5135] addi x0,x0,0
Register Write to Reg: 0x00 Val: 0x00000000
[inst #5136] addi x0,x0,0
Register Write to Reg: 0x00 Val: 0x00000000
[inst #5137] addi x0,x0,0
Register Write to Reg: 0x00 Val: 0x00000000
[inst #5138] jal x0,312
Register Write to Reg: 0x00 Val: 0x0040073C
[inst #5139] addi x2,x2,-32
Register Write to Reg: 0x02 Val: 0x10010F68
[inst #5140] addi x0,x0,0
Register Write to Reg: 0x00 Val: 0x00000000
[inst #5141] addi x0,x0,0
Register Write to Reg: 0x00 Val: 0x00000000
[inst #5142] addi x0,x0,0
Register Write to Reg: 0x00 Val: 0x00000000
[inst #5143] sw x8,28(x2)
Memory Write to Addr: 0x10010F84 Val: 0x10010F88
[inst #5144] add x8,x0,x2
Register Write to Reg: 0x08 Val: 0x10010F68
[inst #5145] addi x0,x0,0
Register Write to Reg: 0x00 Val: 0x00000000
[inst #5146] addi x0,x0,0
Register Write to Reg: 0x00 Val: 0x00000000
[inst #5147] addi x0,x0,0
Register Write to Reg: 0x00 Val: 0x00000000
[inst #5148] sw x29,32(x8)
Memory Write to Addr: 0x10010F88 Val: 0x00000003
[inst #5149] sw x30,36(x8)
Memory Write to Addr: 0x10010F8C Val: 0x00000002
[inst #5150] auipc x7,64527
Register Write to Reg: 0x07 Val: 0x1000F89C
[inst #5151] sll x0,x0,x0
Register Write to Reg: 0x00 Val: 0x00000000
[inst #5152] sll x0,x0,x0
Register Write to Reg: 0x00 Val: 0x00000000
[inst #5153] sll x0,x0,x0
Register Write to Reg: 0x00 Val: 0x00000000
[inst #5154] addi x7,x7,1912
Register Write to Reg: 0x07 Val: 0x10010014
[inst #5155] addi x0,x0,0
Register Write to Reg: 0x00 Val: 0x00000000
[inst #5156] addi x0,x0,0
Register Write to Reg: 0x00 Val: 0x00000000
[inst #5157] addi x0,x0,0
Register Write to Reg: 0x00 Val: 0x00000000
[inst #5158] lw x28,32(x8)
Register Write to Reg: 0x1C Val: 0x00000003
[inst #5159] addi x0,x0,0
Register Write to Reg: 0x00 Val: 0x00000000
[inst #5160] addi x0,x0,0
Register Write to Reg: 0x00 Val: 0x00000000
[inst #5161] addi x0,x0,0
Register Write to Reg: 0x00 Val: 0x00000000
[inst #5162] slli x28,x28,2
Register Write to Reg: 0x1C Val: 0x0000000C
[inst #5163] addi x0,x0,0
Register Write to Reg: 0x00 Val: 0x00000000
[inst #5164] addi x0,x0,0
Register Write to Reg: 0x00 Val: 0x00000000
[inst #5165] addi x0,x0,0
Register Write to Reg: 0x00 Val: 0x00000000
[inst #5166] add x7,x28,x7
Register Write to Reg: 0x07 Val: 0x10010020
[inst #5167] addi x0,x0,0
Register Write to Reg: 0x00 Val: 0x00000000
[inst #5168] addi x0,x0,0
Register Write to Reg: 0x00 Val: 0x00000000
[inst #5169] addi x0,x0,0
Register Write to Reg: 0x00 Val: 0x00000000
[inst #5170] lw x7,0(x7)
Register Write to Reg: 0x07 Val: 0x00000003
[inst #5171] addi x0,x0,0
Register Write to Reg: 0x00 Val: 0x00000000
[inst #5172] addi x0,x0,0
Register Write to Reg: 0x00 Val: 0x00000000
[inst #5173] addi x0,x0,0
Register Write to Reg: 0x00 Val: 0x00000000
[inst #5174] sw x7,16(x8)
Memory Write to Addr: 0x10010F78 Val: 0x00000003
[inst #5175] addi x7,x0,1
Register Write to Reg: 0x07 Val: 0x00000001
[inst #5176] addi x0,x0,0
Register Write to Reg: 0x00 Val: 0x00000000
[inst #5177] addi x0,x0,0
Register Write to Reg: 0x00 Val: 0x00000000
[inst #5178] addi x0,x0,0
Register Write to Reg: 0x00 Val: 0x00000000
[inst #5179] sw x7,8(x8)
Memory Write to Addr: 0x10010F70 Val: 0x00000001
[inst #5180] sw x0,12(x8)
Memory Write to Addr: 0x10010F74 Val: 0x00000000
[inst #5181] addi x0,x0,0
Register Write to Reg: 0x00 Val: 0x00000000
[inst #5182] addi x0,x0,0
Register Write to Reg: 0x00 Val: 0x00000000
[inst #5183] addi x0,x0,0
Register Write to Reg: 0x00 Val: 0x00000000
[inst #5184] jal x0,88
Register Write to Reg: 0x00 Val: 0x00400928
[inst #5185] lw x28,12(x8)
Register Write to Reg: 0x1C Val: 0x00000000
[inst #5186] lw x7,36(x8)
Register Write to Reg: 0x07 Val: 0x00000002
[inst #5187] addi x0,x0,0
Register Write to Reg: 0x00 Val: 0x00000000
[inst #5188] addi x0,x0,0
Register Write to Reg: 0x00 Val: 0x00000000
[inst #5189] addi x0,x0,0
Register Write to Reg: 0x00 Val: 0x00000000
[inst #5190] slt x7,x28,x7
Register Write to Reg: 0x07 Val: 0x00000001
[inst #5191] addi x0,x0,0
Register Write to Reg: 0x00 Val: 0x00000000
[inst #5192] addi x0,x0,0
Register Write to Reg: 0x00 Val: 0x00000000
[inst #5193] addi x0,x0,0
Register Write to Reg: 0x00 Val: 0x00000000
[inst #5194] beq x7,x0,32
[inst #5195] addi x0,x0,0
Register Write to Reg: 0x00 Val: 0x00000000
[inst #5196] addi x0,x0,0
Register Write to Reg: 0x00 Val: 0x00000000
[inst #5197] addi x0,x0,0
Register Write to Reg: 0x00 Val: 0x00000000
[inst #5198] jal x0,-124
Register Write to Reg: 0x00 Val: 0x004009B4
[inst #5199] lw x7,8(x8)
Register Write to Reg: 0x07 Val: 0x00000001
[inst #5200] addi x0,x0,0
Register Write to Reg: 0x00 Val: 0x00000000
[inst #5201] addi x0,x0,0
Register Write to Reg: 0x00 Val: 0x00000000
[inst #5202] addi x0,x0,0
Register Write to Reg: 0x00 Val: 0x00000000
[inst #5203] slli x7,x7,1
Register Write to Reg: 0x07 Val: 0x00000002
[inst #5204] addi x0,x0,0
Register Write to Reg: 0x00 Val: 0x00000000
[inst #5205] addi x0,x0,0
Register Write to Reg: 0x00 Val: 0x00000000
[inst #5206] addi x0,x0,0
Register Write to Reg: 0x00 Val: 0x00000000
[inst #5207] sw x7,8(x8)
Memory Write to Addr: 0x10010F70 Val: 0x00000002
[inst #5208] lw x7,12(x8)
Register Write to Reg: 0x07 Val: 0x00000000
[inst #5209] addi x0,x0,0
Register Write to Reg: 0x00 Val: 0x00000000
[inst #5210] addi x0,x0,0
Register Write to Reg: 0x00 Val: 0x00000000
[inst #5211] addi x0,x0,0
Register Write to Reg: 0x00 Val: 0x00000000
[inst #5212] addi x7,x7,1
Register Write to Reg: 0x07 Val: 0x00000001
[inst #5213] addi x0,x0,0
Register Write to Reg: 0x00 Val: 0x00000000
[inst #5214] addi x0,x0,0
Register Write to Reg: 0x00 Val: 0x00000000
[inst #5215] addi x0,x0,0
Register Write to Reg: 0x00 Val: 0x00000000
[inst #5216] sw x7,12(x8)
Memory Write to Addr: 0x10010F74 Val: 0x00000001
[inst #5217] lw x28,12(x8)
Register Write to Reg: 0x1C Val: 0x00000001
[inst #5218] lw x7,36(x8)
Register Write to Reg: 0x07 Val: 0x00000002
[inst #5219] addi x0,x0,0
Register Write to Reg: 0x00 Val: 0x00000000
[inst #5220] addi x0,x0,0
Register Write to Reg: 0x00 Val: 0x00000000
[inst #5221] addi x0,x0,0
Register Write to Reg: 0x00 Val: 0x00000000
[inst #5222] slt x7,x28,x7
Register Write to Reg: 0x07 Val: 0x00000001
[inst #5223] addi x0,x0,0
Register Write to Reg: 0x00 Val: 0x00000000
[inst #5224] addi x0,x0,0
Register Write to Reg: 0x00 Val: 0x00000000
[inst #5225] addi x0,x0,0
Register Write to Reg: 0x00 Val: 0x00000000
[inst #5226] beq x7,x0,32
[inst #5227] addi x0,x0,0
Register Write to Reg: 0x00 Val: 0x00000000
[inst #5228] addi x0,x0,0
Register Write to Reg: 0x00 Val: 0x00000000
[inst #5229] addi x0,x0,0
Register Write to Reg: 0x00 Val: 0x00000000
[inst #5230] jal x0,-124
Register Write to Reg: 0x00 Val: 0x004009B4
[inst #5231] lw x7,8(x8)
Register Write to Reg: 0x07 Val: 0x00000002
[inst #5232] addi x0,x0,0
Register Write to Reg: 0x00 Val: 0x00000000
[inst #5233] addi x0,x0,0
Register Write to Reg: 0x00 Val: 0x00000000
[inst #5234] addi x0,x0,0
Register Write to Reg: 0x00 Val: 0x00000000
[inst #5235] slli x7,x7,1
Register Write to Reg: 0x07 Val: 0x00000004
[inst #5236] addi x0,x0,0
Register Write to Reg: 0x00 Val: 0x00000000
[inst #5237] addi x0,x0,0
Register Write to Reg: 0x00 Val: 0x00000000
[inst #5238] addi x0,x0,0
Register Write to Reg: 0x00 Val: 0x00000000
[inst #5239] sw x7,8(x8)
Memory Write to Addr: 0x10010F70 Val: 0x00000004
[inst #5240] lw x7,12(x8)
Register Write to Reg: 0x07 Val: 0x00000001
[inst #5241] addi x0,x0,0
Register Write to Reg: 0x00 Val: 0x00000000
[inst #5242] addi x0,x0,0
Register Write to Reg: 0x00 Val: 0x00000000
[inst #5243] addi x0,x0,0
Register Write to Reg: 0x00 Val: 0x00000000
[inst #5244] addi x7,x7,1
Register Write to Reg: 0x07 Val: 0x00000002
[inst #5245] addi x0,x0,0
Register Write to Reg: 0x00 Val: 0x00000000
[inst #5246] addi x0,x0,0
Register Write to Reg: 0x00 Val: 0x00000000
[inst #5247] addi x0,x0,0
Register Write to Reg: 0x00 Val: 0x00000000
[inst #5248] sw x7,12(x8)
Memory Write to Addr: 0x10010F74 Val: 0x00000002
[inst #5249] lw x28,12(x8)
Register Write to Reg: 0x1C Val: 0x00000002
[inst #5250] lw x7,36(x8)
Register Write to Reg: 0x07 Val: 0x00000002
[inst #5251] addi x0,x0,0
Register Write to Reg: 0x00 Val: 0x00000000
[inst #5252] addi x0,x0,0
Register Write to Reg: 0x00 Val: 0x00000000
[inst #5253] addi x0,x0,0
Register Write to Reg: 0x00 Val: 0x00000000
[inst #5254] slt x7,x28,x7
Register Write to Reg: 0x07 Val: 0x00000000
[inst #5255] addi x0,x0,0
Register Write to Reg: 0x00 Val: 0x00000000
[inst #5256] addi x0,x0,0
Register Write to Reg: 0x00 Val: 0x00000000
[inst #5257] addi x0,x0,0
Register Write to Reg: 0x00 Val: 0x00000000
[inst #5258] beq x7,x0,32
[inst #5259] lw x28,8(x8)
Register Write to Reg: 0x1C Val: 0x00000004
[inst #5260] lw x7,16(x8)
Register Write to Reg: 0x07 Val: 0x00000003
[inst #5261] addi x0,x0,0
Register Write to Reg: 0x00 Val: 0x00000000
[inst #5262] addi x0,x0,0
Register Write to Reg: 0x00 Val: 0x00000000
[inst #5263] addi x0,x0,0
Register Write to Reg: 0x00 Val: 0x00000000
[inst #5264] and x7,x28,x7
Register Write to Reg: 0x07 Val: 0x00000000
[inst #5265] addi x0,x0,0
Register Write to Reg: 0x00 Val: 0x00000000
[inst #5266] addi x0,x0,0
Register Write to Reg: 0x00 Val: 0x00000000
[inst #5267] addi x0,x0,0
Register Write to Reg: 0x00 Val: 0x00000000
[inst #5268] slt x7,x0,x7
Register Write to Reg: 0x07 Val: 0x00000000
[inst #5269] addi x0,x0,0
Register Write to Reg: 0x00 Val: 0x00000000
[inst #5270] addi x0,x0,0
Register Write to Reg: 0x00 Val: 0x00000000
[inst #5271] addi x0,x0,0
Register Write to Reg: 0x00 Val: 0x00000000
[inst #5272] andi x7,x7,255
Register Write to Reg: 0x07 Val: 0x00000000
[inst #5273] add x2,x0,x8
Register Write to Reg: 0x02 Val: 0x10010F68
[inst #5274] addi x0,x0,0
Register Write to Reg: 0x00 Val: 0x00000000
[inst #5275] addi x0,x0,0
Register Write to Reg: 0x00 Val: 0x00000000
[inst #5276] addi x0,x0,0
Register Write to Reg: 0x00 Val: 0x00000000
[inst #5277] lw x8,28(x2)
Register Write to Reg: 0x08 Val: 0x10010F88
[inst #5278] addi x2,x2,32
Register Write to Reg: 0x02 Val: 0x10010F88
[inst #5279] jalr x0,x1,0
Register Write to Reg: 0x00 Val: 0x00400A14
[inst #5280] addi x0,x0,0
Register Write to Reg: 0x00 Val: 0x00000000
[inst #5281] addi x0,x0,0
Register Write to Reg: 0x00 Val: 0x00000000
[inst #5282] addi x0,x0,0
Register Write to Reg: 0x00 Val: 0x00000000
[inst #5283] beq x7,x0,88
[inst #5284] lw x7,32(x8)
Register Write to Reg: 0x07 Val: 0x10010FC4
[inst #5285] addi x0,x0,0
Register Write to Reg: 0x00 Val: 0x00000000
[inst #5286] addi x0,x0,0
Register Write to Reg: 0x00 Val: 0x00000000
[inst #5287] addi x0,x0,0
Register Write to Reg: 0x00 Val: 0x00000000
[inst #5288] lw x7,4(x7)
Register Write to Reg: 0x07 Val: 0x00000002
[inst #5289] addi x0,x0,0
Register Write to Reg: 0x00 Val: 0x00000000
[inst #5290] addi x0,x0,0
Register Write to Reg: 0x00 Val: 0x00000000
[inst #5291] addi x0,x0,0
Register Write to Reg: 0x00 Val: 0x00000000
[inst #5292] addi x28,x7,1
Register Write to Reg: 0x1C Val: 0x00000003
[inst #5293] lw x7,32(x8)
Register Write to Reg: 0x07 Val: 0x10010FC4
[inst #5294] addi x0,x0,0
Register Write to Reg: 0x00 Val: 0x00000000
[inst #5295] addi x0,x0,0
Register Write to Reg: 0x00 Val: 0x00000000
[inst #5296] addi x0,x0,0
Register Write to Reg: 0x00 Val: 0x00000000
[inst #5297] sw x28,4(x7)
Memory Write to Addr: 0x10010FC8 Val: 0x00000003
[inst #5298] lw x7,32(x8)
Register Write to Reg: 0x07 Val: 0x10010FC4
[inst #5299] addi x0,x0,0
Register Write to Reg: 0x00 Val: 0x00000000
[inst #5300] addi x0,x0,0
Register Write to Reg: 0x00 Val: 0x00000000
[inst #5301] addi x0,x0,0
Register Write to Reg: 0x00 Val: 0x00000000
[inst #5302] lw x7,4(x7)
Register Write to Reg: 0x07 Val: 0x00000003
[inst #5303] addi x0,x0,0
Register Write to Reg: 0x00 Val: 0x00000000
[inst #5304] addi x0,x0,0
Register Write to Reg: 0x00 Val: 0x00000000
[inst #5305] addi x0,x0,0
Register Write to Reg: 0x00 Val: 0x00000000
[inst #5306] slti x7,x7,4
Register Write to Reg: 0x07 Val: 0x00000001
[inst #5307] addi x0,x0,0
Register Write to Reg: 0x00 Val: 0x00000000
[inst #5308] addi x0,x0,0
Register Write to Reg: 0x00 Val: 0x00000000
[inst #5309] addi x0,x0,0
Register Write to Reg: 0x00 Val: 0x00000000
[inst #5310] beq x7,x0,32
[inst #5311] addi x0,x0,0
Register Write to Reg: 0x00 Val: 0x00000000
[inst #5312] addi x0,x0,0
Register Write to Reg: 0x00 Val: 0x00000000
[inst #5313] addi x0,x0,0
Register Write to Reg: 0x00 Val: 0x00000000
[inst #5314] jal x0,-340
Register Write to Reg: 0x00 Val: 0x00400828
[inst #5315] lw x7,32(x8)
Register Write to Reg: 0x07 Val: 0x10010FC4
[inst #5316] addi x0,x0,0
Register Write to Reg: 0x00 Val: 0x00000000
[inst #5317] addi x0,x0,0
Register Write to Reg: 0x00 Val: 0x00000000
[inst #5318] addi x0,x0,0
Register Write to Reg: 0x00 Val: 0x00000000
[inst #5319] lw x28,0(x7)
Register Write to Reg: 0x1C Val: 0x00000003
[inst #5320] lw x7,32(x8)
Register Write to Reg: 0x07 Val: 0x10010FC4
[inst #5321] addi x0,x0,0
Register Write to Reg: 0x00 Val: 0x00000000
[inst #5322] addi x0,x0,0
Register Write to Reg: 0x00 Val: 0x00000000
[inst #5323] addi x0,x0,0
Register Write to Reg: 0x00 Val: 0x00000000
[inst #5324] lw x7,4(x7)
Register Write to Reg: 0x07 Val: 0x00000003
[inst #5325] addi x0,x0,0
Register Write to Reg: 0x00 Val: 0x00000000
[inst #5326] addi x0,x0,0
Register Write to Reg: 0x00 Val: 0x00000000
[inst #5327] addi x0,x0,0
Register Write to Reg: 0x00 Val: 0x00000000
[inst #5328] add x30,x0,x7
Register Write to Reg: 0x1E Val: 0x00000003
[inst #5329] addi x0,x0,0
Register Write to Reg: 0x00 Val: 0x00000000
[inst #5330] addi x0,x0,0
Register Write to Reg: 0x00 Val: 0x00000000
[inst #5331] addi x0,x0,0
Register Write to Reg: 0x00 Val: 0x00000000
[inst #5332] add x29,x0,x28
Register Write to Reg: 0x1D Val: 0x00000003
[inst #5333] auipc x1,0
Register Write to Reg: 0x01 Val: 0x00400718
[inst #5334] sll x0,x0,x0
Register Write to Reg: 0x00 Val: 0x00000000
[inst #5335] sll x0,x0,x0
Register Write to Reg: 0x00 Val: 0x00000000
[inst #5336] sll x0,x0,x0
Register Write to Reg: 0x00 Val: 0x00000000
[inst #5337] addi x1,x1,48
Register Write to Reg: 0x01 Val: 0x00400748
[inst #5338] addi x0,x0,0
Register Write to Reg: 0x00 Val: 0x00000000
[inst #5339] addi x0,x0,0
Register Write to Reg: 0x00 Val: 0x00000000
[inst #5340] addi x0,x0,0
Register Write to Reg: 0x00 Val: 0x00000000
[inst #5341] jal x0,312
Register Write to Reg: 0x00 Val: 0x0040073C
[inst #5342] addi x2,x2,-32
Register Write to Reg: 0x02 Val: 0x10010F68
[inst #5343] addi x0,x0,0
Register Write to Reg: 0x00 Val: 0x00000000
[inst #5344] addi x0,x0,0
Register Write to Reg: 0x00 Val: 0x00000000
[inst #5345] addi x0,x0,0
Register Write to Reg: 0x00 Val: 0x00000000
[inst #5346] sw x8,28(x2)
Memory Write to Addr: 0x10010F84 Val: 0x10010F88
[inst #5347] add x8,x0,x2
Register Write to Reg: 0x08 Val: 0x10010F68
[inst #5348] addi x0,x0,0
Register Write to Reg: 0x00 Val: 0x00000000
[inst #5349] addi x0,x0,0
Register Write to Reg: 0x00 Val: 0x00000000
[inst #5350] addi x0,x0,0
Register Write to Reg: 0x00 Val: 0x00000000
[inst #5351] sw x29,32(x8)
Memory Write to Addr: 0x10010F88 Val: 0x00000003
[inst #5352] sw x30,36(x8)
Memory Write to Addr: 0x10010F8C Val: 0x00000003
[inst #5353] auipc x7,64527
Register Write to Reg: 0x07 Val: 0x1000F89C
[inst #5354] sll x0,x0,x0
Register Write to Reg: 0x00 Val: 0x00000000
[inst #5355] sll x0,x0,x0
Register Write to Reg: 0x00 Val: 0x00000000
[inst #5356] sll x0,x0,x0
Register Write to Reg: 0x00 Val: 0x00000000
[inst #5357] addi x7,x7,1912
Register Write to Reg: 0x07 Val: 0x10010014
[inst #5358] addi x0,x0,0
Register Write to Reg: 0x00 Val: 0x00000000
[inst #5359] addi x0,x0,0
Register Write to Reg: 0x00 Val: 0x00000000
[inst #5360] addi x0,x0,0
Register Write to Reg: 0x00 Val: 0x00000000
[inst #5361] lw x28,32(x8)
Register Write to Reg: 0x1C Val: 0x00000003
[inst #5362] addi x0,x0,0
Register Write to Reg: 0x00 Val: 0x00000000
[inst #5363] addi x0,x0,0
Register Write to Reg: 0x00 Val: 0x00000000
[inst #5364] addi x0,x0,0
Register Write to Reg: 0x00 Val: 0x00000000
[inst #5365] slli x28,x28,2
Register Write to Reg: 0x1C Val: 0x0000000C
[inst #5366] addi x0,x0,0
Register Write to Reg: 0x00 Val: 0x00000000
[inst #5367] addi x0,x0,0
Register Write to Reg: 0x00 Val: 0x00000000
[inst #5368] addi x0,x0,0
Register Write to Reg: 0x00 Val: 0x00000000
[inst #5369] add x7,x28,x7
Register Write to Reg: 0x07 Val: 0x10010020
[inst #5370] addi x0,x0,0
Register Write to Reg: 0x00 Val: 0x00000000
[inst #5371] addi x0,x0,0
Register Write to Reg: 0x00 Val: 0x00000000
[inst #5372] addi x0,x0,0
Register Write to Reg: 0x00 Val: 0x00000000
[inst #5373] lw x7,0(x7)
Register Write to Reg: 0x07 Val: 0x00000003
[inst #5374] addi x0,x0,0
Register Write to Reg: 0x00 Val: 0x00000000
[inst #5375] addi x0,x0,0
Register Write to Reg: 0x00 Val: 0x00000000
[inst #5376] addi x0,x0,0
Register Write to Reg: 0x00 Val: 0x00000000
[inst #5377] sw x7,16(x8)
Memory Write to Addr: 0x10010F78 Val: 0x00000003
[inst #5378] addi x7,x0,1
Register Write to Reg: 0x07 Val: 0x00000001
[inst #5379] addi x0,x0,0
Register Write to Reg: 0x00 Val: 0x00000000
[inst #5380] addi x0,x0,0
Register Write to Reg: 0x00 Val: 0x00000000
[inst #5381] addi x0,x0,0
Register Write to Reg: 0x00 Val: 0x00000000
[inst #5382] sw x7,8(x8)
Memory Write to Addr: 0x10010F70 Val: 0x00000001
[inst #5383] sw x0,12(x8)
Memory Write to Addr: 0x10010F74 Val: 0x00000000
[inst #5384] addi x0,x0,0
Register Write to Reg: 0x00 Val: 0x00000000
[inst #5385] addi x0,x0,0
Register Write to Reg: 0x00 Val: 0x00000000
[inst #5386] addi x0,x0,0
Register Write to Reg: 0x00 Val: 0x00000000
[inst #5387] jal x0,88
Register Write to Reg: 0x00 Val: 0x00400928
[inst #5388] lw x28,12(x8)
Register Write to Reg: 0x1C Val: 0x00000000
[inst #5389] lw x7,36(x8)
Register Write to Reg: 0x07 Val: 0x00000003
[inst #5390] addi x0,x0,0
Register Write to Reg: 0x00 Val: 0x00000000
[inst #5391] addi x0,x0,0
Register Write to Reg: 0x00 Val: 0x00000000
[inst #5392] addi x0,x0,0
Register Write to Reg: 0x00 Val: 0x00000000
[inst #5393] slt x7,x28,x7
Register Write to Reg: 0x07 Val: 0x00000001
[inst #5394] addi x0,x0,0
Register Write to Reg: 0x00 Val: 0x00000000
[inst #5395] addi x0,x0,0
Register Write to Reg: 0x00 Val: 0x00000000
[inst #5396] addi x0,x0,0
Register Write to Reg: 0x00 Val: 0x00000000
[inst #5397] beq x7,x0,32
[inst #5398] addi x0,x0,0
Register Write to Reg: 0x00 Val: 0x00000000
[inst #5399] addi x0,x0,0
Register Write to Reg: 0x00 Val: 0x00000000
[inst #5400] addi x0,x0,0
Register Write to Reg: 0x00 Val: 0x00000000
[inst #5401] jal x0,-124
Register Write to Reg: 0x00 Val: 0x004009B4
[inst #5402] lw x7,8(x8)
Register Write to Reg: 0x07 Val: 0x00000001
[inst #5403] addi x0,x0,0
Register Write to Reg: 0x00 Val: 0x00000000
[inst #5404] addi x0,x0,0
Register Write to Reg: 0x00 Val: 0x00000000
[inst #5405] addi x0,x0,0
Register Write to Reg: 0x00 Val: 0x00000000
[inst #5406] slli x7,x7,1
Register Write to Reg: 0x07 Val: 0x00000002
[inst #5407] addi x0,x0,0
Register Write to Reg: 0x00 Val: 0x00000000
[inst #5408] addi x0,x0,0
Register Write to Reg: 0x00 Val: 0x00000000
[inst #5409] addi x0,x0,0
Register Write to Reg: 0x00 Val: 0x00000000
[inst #5410] sw x7,8(x8)
Memory Write to Addr: 0x10010F70 Val: 0x00000002
[inst #5411] lw x7,12(x8)
Register Write to Reg: 0x07 Val: 0x00000000
[inst #5412] addi x0,x0,0
Register Write to Reg: 0x00 Val: 0x00000000
[inst #5413] addi x0,x0,0
Register Write to Reg: 0x00 Val: 0x00000000
[inst #5414] addi x0,x0,0
Register Write to Reg: 0x00 Val: 0x00000000
[inst #5415] addi x7,x7,1
Register Write to Reg: 0x07 Val: 0x00000001
[inst #5416] addi x0,x0,0
Register Write to Reg: 0x00 Val: 0x00000000
[inst #5417] addi x0,x0,0
Register Write to Reg: 0x00 Val: 0x00000000
[inst #5418] addi x0,x0,0
Register Write to Reg: 0x00 Val: 0x00000000
[inst #5419] sw x7,12(x8)
Memory Write to Addr: 0x10010F74 Val: 0x00000001
[inst #5420] lw x28,12(x8)
Register Write to Reg: 0x1C Val: 0x00000001
[inst #5421] lw x7,36(x8)
Register Write to Reg: 0x07 Val: 0x00000003
[inst #5422] addi x0,x0,0
Register Write to Reg: 0x00 Val: 0x00000000
[inst #5423] addi x0,x0,0
Register Write to Reg: 0x00 Val: 0x00000000
[inst #5424] addi x0,x0,0
Register Write to Reg: 0x00 Val: 0x00000000
[inst #5425] slt x7,x28,x7
Register Write to Reg: 0x07 Val: 0x00000001
[inst #5426] addi x0,x0,0
Register Write to Reg: 0x00 Val: 0x00000000
[inst #5427] addi x0,x0,0
Register Write to Reg: 0x00 Val: 0x00000000
[inst #5428] addi x0,x0,0
Register Write to Reg: 0x00 Val: 0x00000000
[inst #5429] beq x7,x0,32
[inst #5430] addi x0,x0,0
Register Write to Reg: 0x00 Val: 0x00000000
[inst #5431] addi x0,x0,0
Register Write to Reg: 0x00 Val: 0x00000000
[inst #5432] addi x0,x0,0
Register Write to Reg: 0x00 Val: 0x00000000
[inst #5433] jal x0,-124
Register Write to Reg: 0x00 Val: 0x004009B4
[inst #5434] lw x7,8(x8)
Register Write to Reg: 0x07 Val: 0x00000002
[inst #5435] addi x0,x0,0
Register Write to Reg: 0x00 Val: 0x00000000
[inst #5436] addi x0,x0,0
Register Write to Reg: 0x00 Val: 0x00000000
[inst #5437] addi x0,x0,0
Register Write to Reg: 0x00 Val: 0x00000000
[inst #5438] slli x7,x7,1
Register Write to Reg: 0x07 Val: 0x00000004
[inst #5439] addi x0,x0,0
Register Write to Reg: 0x00 Val: 0x00000000
[inst #5440] addi x0,x0,0
Register Write to Reg: 0x00 Val: 0x00000000
[inst #5441] addi x0,x0,0
Register Write to Reg: 0x00 Val: 0x00000000
[inst #5442] sw x7,8(x8)
Memory Write to Addr: 0x10010F70 Val: 0x00000004
[inst #5443] lw x7,12(x8)
Register Write to Reg: 0x07 Val: 0x00000001
[inst #5444] addi x0,x0,0
Register Write to Reg: 0x00 Val: 0x00000000
[inst #5445] addi x0,x0,0
Register Write to Reg: 0x00 Val: 0x00000000
[inst #5446] addi x0,x0,0
Register Write to Reg: 0x00 Val: 0x00000000
[inst #5447] addi x7,x7,1
Register Write to Reg: 0x07 Val: 0x00000002
[inst #5448] addi x0,x0,0
Register Write to Reg: 0x00 Val: 0x00000000
[inst #5449] addi x0,x0,0
Register Write to Reg: 0x00 Val: 0x00000000
[inst #5450] addi x0,x0,0
Register Write to Reg: 0x00 Val: 0x00000000
[inst #5451] sw x7,12(x8)
Memory Write to Addr: 0x10010F74 Val: 0x00000002
[inst #5452] lw x28,12(x8)
Register Write to Reg: 0x1C Val: 0x00000002
[inst #5453] lw x7,36(x8)
Register Write to Reg: 0x07 Val: 0x00000003
[inst #5454] addi x0,x0,0
Register Write to Reg: 0x00 Val: 0x00000000
[inst #5455] addi x0,x0,0
Register Write to Reg: 0x00 Val: 0x00000000
[inst #5456] addi x0,x0,0
Register Write to Reg: 0x00 Val: 0x00000000
[inst #5457] slt x7,x28,x7
Register Write to Reg: 0x07 Val: 0x00000001
[inst #5458] addi x0,x0,0
Register Write to Reg: 0x00 Val: 0x00000000
[inst #5459] addi x0,x0,0
Register Write to Reg: 0x00 Val: 0x00000000
[inst #5460] addi x0,x0,0
Register Write to Reg: 0x00 Val: 0x00000000
[inst #5461] beq x7,x0,32
[inst #5462] addi x0,x0,0
Register Write to Reg: 0x00 Val: 0x00000000
[inst #5463] addi x0,x0,0
Register Write to Reg: 0x00 Val: 0x00000000
[inst #5464] addi x0,x0,0
Register Write to Reg: 0x00 Val: 0x00000000
[inst #5465] jal x0,-124
Register Write to Reg: 0x00 Val: 0x004009B4
[inst #5466] lw x7,8(x8)
Register Write to Reg: 0x07 Val: 0x00000004
[inst #5467] addi x0,x0,0
Register Write to Reg: 0x00 Val: 0x00000000
[inst #5468] addi x0,x0,0
Register Write to Reg: 0x00 Val: 0x00000000
[inst #5469] addi x0,x0,0
Register Write to Reg: 0x00 Val: 0x00000000
[inst #5470] slli x7,x7,1
Register Write to Reg: 0x07 Val: 0x00000008
[inst #5471] addi x0,x0,0
Register Write to Reg: 0x00 Val: 0x00000000
[inst #5472] addi x0,x0,0
Register Write to Reg: 0x00 Val: 0x00000000
[inst #5473] addi x0,x0,0
Register Write to Reg: 0x00 Val: 0x00000000
[inst #5474] sw x7,8(x8)
Memory Write to Addr: 0x10010F70 Val: 0x00000008
[inst #5475] lw x7,12(x8)
Register Write to Reg: 0x07 Val: 0x00000002
[inst #5476] addi x0,x0,0
Register Write to Reg: 0x00 Val: 0x00000000
[inst #5477] addi x0,x0,0
Register Write to Reg: 0x00 Val: 0x00000000
[inst #5478] addi x0,x0,0
Register Write to Reg: 0x00 Val: 0x00000000
[inst #5479] addi x7,x7,1
Register Write to Reg: 0x07 Val: 0x00000003
[inst #5480] addi x0,x0,0
Register Write to Reg: 0x00 Val: 0x00000000
[inst #5481] addi x0,x0,0
Register Write to Reg: 0x00 Val: 0x00000000
[inst #5482] addi x0,x0,0
Register Write to Reg: 0x00 Val: 0x00000000
[inst #5483] sw x7,12(x8)
Memory Write to Addr: 0x10010F74 Val: 0x00000003
[inst #5484] lw x28,12(x8)
Register Write to Reg: 0x1C Val: 0x00000003
[inst #5485] lw x7,36(x8)
Register Write to Reg: 0x07 Val: 0x00000003
[inst #5486] addi x0,x0,0
Register Write to Reg: 0x00 Val: 0x00000000
[inst #5487] addi x0,x0,0
Register Write to Reg: 0x00 Val: 0x00000000
[inst #5488] addi x0,x0,0
Register Write to Reg: 0x00 Val: 0x00000000
[inst #5489] slt x7,x28,x7
Register Write to Reg: 0x07 Val: 0x00000000
[inst #5490] addi x0,x0,0
Register Write to Reg: 0x00 Val: 0x00000000
[inst #5491] addi x0,x0,0
Register Write to Reg: 0x00 Val: 0x00000000
[inst #5492] addi x0,x0,0
Register Write to Reg: 0x00 Val: 0x00000000
[inst #5493] beq x7,x0,32
[inst #5494] lw x28,8(x8)
Register Write to Reg: 0x1C Val: 0x00000008
[inst #5495] lw x7,16(x8)
Register Write to Reg: 0x07 Val: 0x00000003
[inst #5496] addi x0,x0,0
Register Write to Reg: 0x00 Val: 0x00000000
[inst #5497] addi x0,x0,0
Register Write to Reg: 0x00 Val: 0x00000000
[inst #5498] addi x0,x0,0
Register Write to Reg: 0x00 Val: 0x00000000
[inst #5499] and x7,x28,x7
Register Write to Reg: 0x07 Val: 0x00000000
[inst #5500] addi x0,x0,0
Register Write to Reg: 0x00 Val: 0x00000000
[inst #5501] addi x0,x0,0
Register Write to Reg: 0x00 Val: 0x00000000
[inst #5502] addi x0,x0,0
Register Write to Reg: 0x00 Val: 0x00000000
[inst #5503] slt x7,x0,x7
Register Write to Reg: 0x07 Val: 0x00000000
[inst #5504] addi x0,x0,0
Register Write to Reg: 0x00 Val: 0x00000000
[inst #5505] addi x0,x0,0
Register Write to Reg: 0x00 Val: 0x00000000
[inst #5506] addi x0,x0,0
Register Write to Reg: 0x00 Val: 0x00000000
[inst #5507] andi x7,x7,255
Register Write to Reg: 0x07 Val: 0x00000000
[inst #5508] add x2,x0,x8
Register Write to Reg: 0x02 Val: 0x10010F68
[inst #5509] addi x0,x0,0
Register Write to Reg: 0x00 Val: 0x00000000
[inst #5510] addi x0,x0,0
Register Write to Reg: 0x00 Val: 0x00000000
[inst #5511] addi x0,x0,0
Register Write to Reg: 0x00 Val: 0x00000000
[inst #5512] lw x8,28(x2)
Register Write to Reg: 0x08 Val: 0x10010F88
[inst #5513] addi x2,x2,32
Register Write to Reg: 0x02 Val: 0x10010F88
[inst #5514] jalr x0,x1,0
Register Write to Reg: 0x00 Val: 0x00400A14
[inst #5515] addi x0,x0,0
Register Write to Reg: 0x00 Val: 0x00000000
[inst #5516] addi x0,x0,0
Register Write to Reg: 0x00 Val: 0x00000000
[inst #5517] addi x0,x0,0
Register Write to Reg: 0x00 Val: 0x00000000
[inst #5518] beq x7,x0,88
[inst #5519] lw x7,32(x8)
Register Write to Reg: 0x07 Val: 0x10010FC4
[inst #5520] addi x0,x0,0
Register Write to Reg: 0x00 Val: 0x00000000
[inst #5521] addi x0,x0,0
Register Write to Reg: 0x00 Val: 0x00000000
[inst #5522] addi x0,x0,0
Register Write to Reg: 0x00 Val: 0x00000000
[inst #5523] lw x7,4(x7)
Register Write to Reg: 0x07 Val: 0x00000003
[inst #5524] addi x0,x0,0
Register Write to Reg: 0x00 Val: 0x00000000
[inst #5525] addi x0,x0,0
Register Write to Reg: 0x00 Val: 0x00000000
[inst #5526] addi x0,x0,0
Register Write to Reg: 0x00 Val: 0x00000000
[inst #5527] addi x28,x7,1
Register Write to Reg: 0x1C Val: 0x00000004
[inst #5528] lw x7,32(x8)
Register Write to Reg: 0x07 Val: 0x10010FC4
[inst #5529] addi x0,x0,0
Register Write to Reg: 0x00 Val: 0x00000000
[inst #5530] addi x0,x0,0
Register Write to Reg: 0x00 Val: 0x00000000
[inst #5531] addi x0,x0,0
Register Write to Reg: 0x00 Val: 0x00000000
[inst #5532] sw x28,4(x7)
Memory Write to Addr: 0x10010FC8 Val: 0x00000004
[inst #5533] lw x7,32(x8)
Register Write to Reg: 0x07 Val: 0x10010FC4
[inst #5534] addi x0,x0,0
Register Write to Reg: 0x00 Val: 0x00000000
[inst #5535] addi x0,x0,0
Register Write to Reg: 0x00 Val: 0x00000000
[inst #5536] addi x0,x0,0
Register Write to Reg: 0x00 Val: 0x00000000
[inst #5537] lw x7,4(x7)
Register Write to Reg: 0x07 Val: 0x00000004
[inst #5538] addi x0,x0,0
Register Write to Reg: 0x00 Val: 0x00000000
[inst #5539] addi x0,x0,0
Register Write to Reg: 0x00 Val: 0x00000000
[inst #5540] addi x0,x0,0
Register Write to Reg: 0x00 Val: 0x00000000
[inst #5541] slti x7,x7,4
Register Write to Reg: 0x07 Val: 0x00000000
[inst #5542] addi x0,x0,0
Register Write to Reg: 0x00 Val: 0x00000000
[inst #5543] addi x0,x0,0
Register Write to Reg: 0x00 Val: 0x00000000
[inst #5544] addi x0,x0,0
Register Write to Reg: 0x00 Val: 0x00000000
[inst #5545] beq x7,x0,32
[inst #5546] addi x7,x0,-1
Register Write to Reg: 0x07 Val: 0xFFFFFFFF
[inst #5547] add x2,x0,x8
Register Write to Reg: 0x02 Val: 0x10010F88
[inst #5548] addi x0,x0,0
Register Write to Reg: 0x00 Val: 0x00000000
[inst #5549] addi x0,x0,0
Register Write to Reg: 0x00 Val: 0x00000000
[inst #5550] addi x0,x0,0
Register Write to Reg: 0x00 Val: 0x00000000
[inst #5551] lw x1,28(x2)
Register Write to Reg: 0x01 Val: 0x00400330
[inst #5552] lw x8,24(x2)
Register Write to Reg: 0x08 Val: 0x10010FA8
[inst #5553] addi x2,x2,32
Register Write to Reg: 0x02 Val: 0x10010FA8
[inst #5554] addi x0,x0,0
Register Write to Reg: 0x00 Val: 0x00000000
[inst #5555] addi x0,x0,0
Register Write to Reg: 0x00 Val: 0x00000000
[inst #5556] addi x0,x0,0
Register Write to Reg: 0x00 Val: 0x00000000
[inst #5557] jalr x0,x1,0
Register Write to Reg: 0x00 Val: 0x00400864
[inst #5558] sw x7,24(x8)
Memory Write to Addr: 0x10010FC0 Val: 0xFFFFFFFF
[inst #5559] lw x28,24(x8)
Register Write to Reg: 0x1C Val: 0xFFFFFFFF
[inst #5560] addi x7,x0,-1
Register Write to Reg: 0x07 Val: 0xFFFFFFFF
[inst #5561] addi x0,x0,0
Register Write to Reg: 0x00 Val: 0x00000000
[inst #5562] addi x0,x0,0
Register Write to Reg: 0x00 Val: 0x00000000
[inst #5563] addi x0,x0,0
Register Write to Reg: 0x00 Val: 0x00000000
[inst #5564] beq x28,x7,32
[inst #5565] auipc x7,64528
Register Write to Reg: 0x07 Val: 0x10010368
[inst #5566] sll x0,x0,x0
Register Write to Reg: 0x00 Val: 0x00000000
[inst #5567] sll x0,x0,x0
Register Write to Reg: 0x00 Val: 0x00000000
[inst #5568] sll x0,x0,x0
Register Write to Reg: 0x00 Val: 0x00000000
[inst #5569] addi x7,x7,-832
Register Write to Reg: 0x07 Val: 0x10010028
[inst #5570] addi x0,x0,0
Register Write to Reg: 0x00 Val: 0x00000000
[inst #5571] addi x0,x0,0
Register Write to Reg: 0x00 Val: 0x00000000
[inst #5572] addi x0,x0,0
Register Write to Reg: 0x00 Val: 0x00000000
[inst #5573] lw x7,0(x7)
Register Write to Reg: 0x07 Val: 0x00000000
[inst #5574] addi x0,x0,0
Register Write to Reg: 0x00 Val: 0x00000000
[inst #5575] addi x0,x0,0
Register Write to Reg: 0x00 Val: 0x00000000
[inst #5576] addi x0,x0,0
Register Write to Reg: 0x00 Val: 0x00000000
[inst #5577] addi x29,x7,-1
Register Write to Reg: 0x1D Val: 0xFFFFFFFF
[inst #5578] auipc x28,64528
Register Write to Reg: 0x1C Val: 0x1001039C
[inst #5579] sll x0,x0,x0
Register Write to Reg: 0x00 Val: 0x00000000
[inst #5580] sll x0,x0,x0
Register Write to Reg: 0x00 Val: 0x00000000
[inst #5581] sll x0,x0,x0
Register Write to Reg: 0x00 Val: 0x00000000
[inst #5582] addi x28,x28,-884
Register Write to Reg: 0x1C Val: 0x10010028
[inst #5583] addi x0,x0,0
Register Write to Reg: 0x00 Val: 0x00000000
[inst #5584] addi x0,x0,0
Register Write to Reg: 0x00 Val: 0x00000000
[inst #5585] addi x0,x0,0
Register Write to Reg: 0x00 Val: 0x00000000
[inst #5586] sw x29,0(x28)
Memory Write to Addr: 0x10010028 Val: 0xFFFFFFFF
[inst #5587] auipc x29,64528
Register Write to Reg: 0x1D Val: 0x100103C0
[inst #5588] sll x0,x0,x0
Register Write to Reg: 0x00 Val: 0x00000000
[inst #5589] sll x0,x0,x0
Register Write to Reg: 0x00 Val: 0x00000000
[inst #5590] sll x0,x0,x0
Register Write to Reg: 0x00 Val: 0x00000000
[inst #5591] addi x29,x29,-960
Register Write to Reg: 0x1D Val: 0x10010000
[inst #5592] addi x0,x0,0
Register Write to Reg: 0x00 Val: 0x00000000
[inst #5593] addi x0,x0,0
Register Write to Reg: 0x00 Val: 0x00000000
[inst #5594] addi x0,x0,0
Register Write to Reg: 0x00 Val: 0x00000000
[inst #5595] slli x28,x7,2
Register Write to Reg: 0x1C Val: 0x00000000
[inst #5596] addi x0,x0,0
Register Write to Reg: 0x00 Val: 0x00000000
[inst #5597] addi x0,x0,0
Register Write to Reg: 0x00 Val: 0x00000000
[inst #5598] addi x0,x0,0
Register Write to Reg: 0x00 Val: 0x00000000
[inst #5599] srli x28,x28,1
Register Write to Reg: 0x1C Val: 0x00000000
[inst #5600] addi x0,x0,0
Register Write to Reg: 0x00 Val: 0x00000000
[inst #5601] addi x0,x0,0
Register Write to Reg: 0x00 Val: 0x00000000
[inst #5602] addi x0,x0,0
Register Write to Reg: 0x00 Val: 0x00000000
[inst #5603] srai x28,x28,1
Register Write to Reg: 0x1C Val: 0x00000000
[inst #5604] addi x0,x0,0
Register Write to Reg: 0x00 Val: 0x00000000
[inst #5605] addi x0,x0,0
Register Write to Reg: 0x00 Val: 0x00000000
[inst #5606] addi x0,x0,0
Register Write to Reg: 0x00 Val: 0x00000000
[inst #5607] slli x28,x28,2
Register Write to Reg: 0x1C Val: 0x00000000
[inst #5608] addi x0,x0,0
Register Write to Reg: 0x00 Val: 0x00000000
[inst #5609] addi x0,x0,0
Register Write to Reg: 0x00 Val: 0x00000000
[inst #5610] addi x0,x0,0
Register Write to Reg: 0x00 Val: 0x00000000
[inst #5611] xor x31,x1,x7
Register Write to Reg: 0x1F Val: 0x00400330
[inst #5612] addi x0,x0,0
Register Write to Reg: 0x00 Val: 0x00000000
[inst #5613] addi x0,x0,0
Register Write to Reg: 0x00 Val: 0x00000000
[inst #5614] addi x0,x0,0
Register Write to Reg: 0x00 Val: 0x00000000
[inst #5615] or x31,x1,x7
Register Write to Reg: 0x1F Val: 0x00400330
[inst #5616] addi x0,x0,0
Register Write to Reg: 0x00 Val: 0x00000000
[inst #5617] addi x0,x0,0
Register Write to Reg: 0x00 Val: 0x00000000
[inst #5618] addi x0,x0,0
Register Write to Reg: 0x00 Val: 0x00000000
[inst #5619] sub x31,x0,x31
Register Write to Reg: 0x1F Val: 0xFFBFFCD0
[inst #5620] auipc x7,64528
Register Write to Reg: 0x07 Val: 0x10010444
[inst #5621] sll x0,x0,x0
Register Write to Reg: 0x00 Val: 0x00000000
[inst #5622] sll x0,x0,x0
Register Write to Reg: 0x00 Val: 0x00000000
[inst #5623] sll x0,x0,x0
Register Write to Reg: 0x00 Val: 0x00000000
[inst #5624] addi x7,x7,-1092
Register Write to Reg: 0x07 Val: 0x10010000
[inst #5625] addi x0,x0,0
Register Write to Reg: 0x00 Val: 0x00000000
[inst #5626] addi x0,x0,0
Register Write to Reg: 0x00 Val: 0x00000000
[inst #5627] addi x0,x0,0
Register Write to Reg: 0x00 Val: 0x00000000
[inst #5628] lui x11,15
Register Write to Reg: 0x0B Val: 0x0000F000
[inst #5629] addi x0,x0,0
Register Write to Reg: 0x00 Val: 0x00000000
[inst #5630] addi x0,x0,0
Register Write to Reg: 0x00 Val: 0x00000000
[inst #5631] addi x0,x0,0
Register Write to Reg: 0x00 Val: 0x00000000
[inst #5632] addi x11,x11,15
Register Write to Reg: 0x0B Val: 0x0000F00F
[inst #5633] addi x0,x0,0
Register Write to Reg: 0x00 Val: 0x00000000
[inst #5634] addi x0,x0,0
Register Write to Reg: 0x00 Val: 0x00000000
[inst #5635] addi x0,x0,0
Register Write to Reg: 0x00 Val: 0x00000000
[inst #5636] and x31,x7,x11
Register Write to Reg: 0x1F Val: 0x00000000
[inst #5637] addi x0,x0,0
Register Write to Reg: 0x00 Val: 0x00000000
[inst #5638] addi x0,x0,0
Register Write to Reg: 0x00 Val: 0x00000000
[inst #5639] addi x0,x0,0
Register Write to Reg: 0x00 Val: 0x00000000
[inst #5640] add x7,x29,x31
Register Write to Reg: 0x07 Val: 0x10010000
[inst #5641] addi x0,x0,0
Register Write to Reg: 0x00 Val: 0x00000000
[inst #5642] addi x0,x0,0
Register Write to Reg: 0x00 Val: 0x00000000
[inst #5643] addi x0,x0,0
Register Write to Reg: 0x00 Val: 0x00000000
[inst #5644] add x7,x28,x7
Register Write to Reg: 0x07 Val: 0x10010000
[inst #5645] lw x28,48(x8)
Register Write to Reg: 0x1C Val: 0x00000003
[inst #5646] addi x0,x0,0
Register Write to Reg: 0x00 Val: 0x00000000
[inst #5647] addi x0,x0,0
Register Write to Reg: 0x00 Val: 0x00000000
[inst #5648] addi x0,x0,0
Register Write to Reg: 0x00 Val: 0x00000000
[inst #5649] sw x28,0(x7)
Memory Write to Addr: 0x10010000 Val: 0x00000003
[inst #5650] add x2,x0,x8
Register Write to Reg: 0x02 Val: 0x10010FA8
[inst #5651] addi x0,x0,0
Register Write to Reg: 0x00 Val: 0x00000000
[inst #5652] addi x0,x0,0
Register Write to Reg: 0x00 Val: 0x00000000
[inst #5653] addi x0,x0,0
Register Write to Reg: 0x00 Val: 0x00000000
[inst #5654] lw x1,44(x2)
Register Write to Reg: 0x01 Val: 0x00400148
[inst #5655] lw x8,40(x2)
Register Write to Reg: 0x08 Val: 0x10010FD8
[inst #5656] addi x2,x2,48
Register Write to Reg: 0x02 Val: 0x10010FD8
[inst #5657] addi x0,x0,0
Register Write to Reg: 0x00 Val: 0x00000000
[inst #5658] addi x0,x0,0
Register Write to Reg: 0x00 Val: 0x00000000
[inst #5659] addi x0,x0,0
Register Write to Reg: 0x00 Val: 0x00000000
[inst #5660] jalr x0,x1,0
Register Write to Reg: 0x00 Val: 0x004004E8
[inst #5661] lw x7,24(x8)
Register Write to Reg: 0x07 Val: 0x00000003
[inst #5662] addi x0,x0,0
Register Write to Reg: 0x00 Val: 0x00000000
[inst #5663] addi x0,x0,0
Register Write to Reg: 0x00 Val: 0x00000000
[inst #5664] addi x0,x0,0
Register Write to Reg: 0x00 Val: 0x00000000
[inst #5665] addi x7,x7,1
Register Write to Reg: 0x07 Val: 0x00000004
[inst #5666] addi x0,x0,0
Register Write to Reg: 0x00 Val: 0x00000000
[inst #5667] addi x0,x0,0
Register Write to Reg: 0x00 Val: 0x00000000
[inst #5668] addi x0,x0,0
Register Write to Reg: 0x00 Val: 0x00000000
[inst #5669] sw x7,24(x8)
Memory Write to Addr: 0x10010FF0 Val: 0x00000004
[inst #5670] lw x7,24(x8)
Register Write to Reg: 0x07 Val: 0x00000004
[inst #5671] addi x0,x0,0
Register Write to Reg: 0x00 Val: 0x00000000
[inst #5672] addi x0,x0,0
Register Write to Reg: 0x00 Val: 0x00000000
[inst #5673] addi x0,x0,0
Register Write to Reg: 0x00 Val: 0x00000000
[inst #5674] slti x7,x7,4
Register Write to Reg: 0x07 Val: 0x00000000
[inst #5675] addi x0,x0,0
Register Write to Reg: 0x00 Val: 0x00000000
[inst #5676] addi x0,x0,0
Register Write to Reg: 0x00 Val: 0x00000000
[inst #5677] addi x0,x0,0
Register Write to Reg: 0x00 Val: 0x00000000
[inst #5678] beq x7,x0,32
[inst #5679] sw x0,28(x8)
Memory Write to Addr: 0x10010FF4 Val: 0x00000000
[inst #5680] jal x0,52
Register Write to Reg: 0x00 Val: 0x004001B4
[inst #5681] lw x7,28(x8)
Register Write to Reg: 0x07 Val: 0x00000000
[inst #5682] addi x0,x0,0
Register Write to Reg: 0x00 Val: 0x00000000
[inst #5683] addi x0,x0,0
Register Write to Reg: 0x00 Val: 0x00000000
[inst #5684] addi x0,x0,0
Register Write to Reg: 0x00 Val: 0x00000000
[inst #5685] slti x7,x7,4
Register Write to Reg: 0x07 Val: 0x00000001
[inst #5686] addi x0,x0,0
Register Write to Reg: 0x00 Val: 0x00000000
[inst #5687] addi x0,x0,0
Register Write to Reg: 0x00 Val: 0x00000000
[inst #5688] addi x0,x0,0
Register Write to Reg: 0x00 Val: 0x00000000
[inst #5689] xori x7,x7,1
Register Write to Reg: 0x07 Val: 0x00000000
[inst #5690] addi x0,x0,0
Register Write to Reg: 0x00 Val: 0x00000000
[inst #5691] addi x0,x0,0
Register Write to Reg: 0x00 Val: 0x00000000
[inst #5692] addi x0,x0,0
Register Write to Reg: 0x00 Val: 0x00000000
[inst #5693] beq x7,x0,-84
[inst #5694] lw x7,28(x8)
Register Write to Reg: 0x07 Val: 0x00000000
[inst #5695] addi x0,x0,0
Register Write to Reg: 0x00 Val: 0x00000000
[inst #5696] addi x0,x0,0
Register Write to Reg: 0x00 Val: 0x00000000
[inst #5697] addi x0,x0,0
Register Write to Reg: 0x00 Val: 0x00000000
[inst #5698] addi x7,x7,1
Register Write to Reg: 0x07 Val: 0x00000001
[inst #5699] addi x0,x0,0
Register Write to Reg: 0x00 Val: 0x00000000
[inst #5700] addi x0,x0,0
Register Write to Reg: 0x00 Val: 0x00000000
[inst #5701] addi x0,x0,0
Register Write to Reg: 0x00 Val: 0x00000000
[inst #5702] sw x7,28(x8)
Memory Write to Addr: 0x10010FF4 Val: 0x00000001
[inst #5703] lw x7,28(x8)
Register Write to Reg: 0x07 Val: 0x00000001
[inst #5704] addi x0,x0,0
Register Write to Reg: 0x00 Val: 0x00000000
[inst #5705] addi x0,x0,0
Register Write to Reg: 0x00 Val: 0x00000000
[inst #5706] addi x0,x0,0
Register Write to Reg: 0x00 Val: 0x00000000
[inst #5707] slti x7,x7,4
Register Write to Reg: 0x07 Val: 0x00000001
[inst #5708] addi x0,x0,0
Register Write to Reg: 0x00 Val: 0x00000000
[inst #5709] addi x0,x0,0
Register Write to Reg: 0x00 Val: 0x00000000
[inst #5710] addi x0,x0,0
Register Write to Reg: 0x00 Val: 0x00000000
[inst #5711] xori x7,x7,1
Register Write to Reg: 0x07 Val: 0x00000000
[inst #5712] addi x0,x0,0
Register Write to Reg: 0x00 Val: 0x00000000
[inst #5713] addi x0,x0,0
Register Write to Reg: 0x00 Val: 0x00000000
[inst #5714] addi x0,x0,0
Register Write to Reg: 0x00 Val: 0x00000000
[inst #5715] beq x7,x0,-84
[inst #5716] lw x7,28(x8)
Register Write to Reg: 0x07 Val: 0x00000001
[inst #5717] addi x0,x0,0
Register Write to Reg: 0x00 Val: 0x00000000
[inst #5718] addi x0,x0,0
Register Write to Reg: 0x00 Val: 0x00000000
[inst #5719] addi x0,x0,0
Register Write to Reg: 0x00 Val: 0x00000000
[inst #5720] addi x7,x7,1
Register Write to Reg: 0x07 Val: 0x00000002
[inst #5721] addi x0,x0,0
Register Write to Reg: 0x00 Val: 0x00000000
[inst #5722] addi x0,x0,0
Register Write to Reg: 0x00 Val: 0x00000000
[inst #5723] addi x0,x0,0
Register Write to Reg: 0x00 Val: 0x00000000
[inst #5724] sw x7,28(x8)
Memory Write to Addr: 0x10010FF4 Val: 0x00000002
[inst #5725] lw x7,28(x8)
Register Write to Reg: 0x07 Val: 0x00000002
[inst #5726] addi x0,x0,0
Register Write to Reg: 0x00 Val: 0x00000000
[inst #5727] addi x0,x0,0
Register Write to Reg: 0x00 Val: 0x00000000
[inst #5728] addi x0,x0,0
Register Write to Reg: 0x00 Val: 0x00000000
[inst #5729] slti x7,x7,4
Register Write to Reg: 0x07 Val: 0x00000001
[inst #5730] addi x0,x0,0
Register Write to Reg: 0x00 Val: 0x00000000
[inst #5731] addi x0,x0,0
Register Write to Reg: 0x00 Val: 0x00000000
[inst #5732] addi x0,x0,0
Register Write to Reg: 0x00 Val: 0x00000000
[inst #5733] xori x7,x7,1
Register Write to Reg: 0x07 Val: 0x00000000
[inst #5734] addi x0,x0,0
Register Write to Reg: 0x00 Val: 0x00000000
[inst #5735] addi x0,x0,0
Register Write to Reg: 0x00 Val: 0x00000000
[inst #5736] addi x0,x0,0
Register Write to Reg: 0x00 Val: 0x00000000
[inst #5737] beq x7,x0,-84
[inst #5738] lw x7,28(x8)
Register Write to Reg: 0x07 Val: 0x00000002
[inst #5739] addi x0,x0,0
Register Write to Reg: 0x00 Val: 0x00000000
[inst #5740] addi x0,x0,0
Register Write to Reg: 0x00 Val: 0x00000000
[inst #5741] addi x0,x0,0
Register Write to Reg: 0x00 Val: 0x00000000
[inst #5742] addi x7,x7,1
Register Write to Reg: 0x07 Val: 0x00000003
[inst #5743] addi x0,x0,0
Register Write to Reg: 0x00 Val: 0x00000000
[inst #5744] addi x0,x0,0
Register Write to Reg: 0x00 Val: 0x00000000
[inst #5745] addi x0,x0,0
Register Write to Reg: 0x00 Val: 0x00000000
[inst #5746] sw x7,28(x8)
Memory Write to Addr: 0x10010FF4 Val: 0x00000003
[inst #5747] lw x7,28(x8)
Register Write to Reg: 0x07 Val: 0x00000003
[inst #5748] addi x0,x0,0
Register Write to Reg: 0x00 Val: 0x00000000
[inst #5749] addi x0,x0,0
Register Write to Reg: 0x00 Val: 0x00000000
[inst #5750] addi x0,x0,0
Register Write to Reg: 0x00 Val: 0x00000000
[inst #5751] slti x7,x7,4
Register Write to Reg: 0x07 Val: 0x00000001
[inst #5752] addi x0,x0,0
Register Write to Reg: 0x00 Val: 0x00000000
[inst #5753] addi x0,x0,0
Register Write to Reg: 0x00 Val: 0x00000000
[inst #5754] addi x0,x0,0
Register Write to Reg: 0x00 Val: 0x00000000
[inst #5755] xori x7,x7,1
Register Write to Reg: 0x07 Val: 0x00000000
[inst #5756] addi x0,x0,0
Register Write to Reg: 0x00 Val: 0x00000000
[inst #5757] addi x0,x0,0
Register Write to Reg: 0x00 Val: 0x00000000
[inst #5758] addi x0,x0,0
Register Write to Reg: 0x00 Val: 0x00000000
[inst #5759] beq x7,x0,-84
[inst #5760] lw x7,28(x8)
Register Write to Reg: 0x07 Val: 0x00000003
[inst #5761] addi x0,x0,0
Register Write to Reg: 0x00 Val: 0x00000000
[inst #5762] addi x0,x0,0
Register Write to Reg: 0x00 Val: 0x00000000
[inst #5763] addi x0,x0,0
Register Write to Reg: 0x00 Val: 0x00000000
[inst #5764] addi x7,x7,1
Register Write to Reg: 0x07 Val: 0x00000004
[inst #5765] addi x0,x0,0
Register Write to Reg: 0x00 Val: 0x00000000
[inst #5766] addi x0,x0,0
Register Write to Reg: 0x00 Val: 0x00000000
[inst #5767] addi x0,x0,0
Register Write to Reg: 0x00 Val: 0x00000000
[inst #5768] sw x7,28(x8)
Memory Write to Addr: 0x10010FF4 Val: 0x00000004
[inst #5769] lw x7,28(x8)
Register Write to Reg: 0x07 Val: 0x00000004
[inst #5770] addi x0,x0,0
Register Write to Reg: 0x00 Val: 0x00000000
[inst #5771] addi x0,x0,0
Register Write to Reg: 0x00 Val: 0x00000000
[inst #5772] addi x0,x0,0
Register Write to Reg: 0x00 Val: 0x00000000
[inst #5773] slti x7,x7,4
Register Write to Reg: 0x07 Val: 0x00000000
[inst #5774] addi x0,x0,0
Register Write to Reg: 0x00 Val: 0x00000000
[inst #5775] addi x0,x0,0
Register Write to Reg: 0x00 Val: 0x00000000
[inst #5776] addi x0,x0,0
Register Write to Reg: 0x00 Val: 0x00000000
[inst #5777] xori x7,x7,1
Register Write to Reg: 0x07 Val: 0x00000001
[inst #5778] addi x0,x0,0
Register Write to Reg: 0x00 Val: 0x00000000
[inst #5779] addi x0,x0,0
Register Write to Reg: 0x00 Val: 0x00000000
[inst #5780] addi x0,x0,0
Register Write to Reg: 0x00 Val: 0x00000000
[inst #5781] beq x7,x0,-84
[inst #5782] addi x0,x0,0
Register Write to Reg: 0x00 Val: 0x00000000
[inst #5783] addi x0,x0,0
Register Write to Reg: 0x00 Val: 0x00000000
[inst #5784] addi x0,x0,0
Register Write to Reg: 0x00 Val: 0x00000000
[inst #5785] add x7,x0,x0
Register Write to Reg: 0x07 Val: 0x00000000
[inst #5786] add x2,x0,x8
Register Write to Reg: 0x02 Val: 0x10010FD8
[inst #5787] addi x0,x0,0
Register Write to Reg: 0x00 Val: 0x00000000
[inst #5788] addi x0,x0,0
Register Write to Reg: 0x00 Val: 0x00000000
[inst #5789] addi x0,x0,0
Register Write to Reg: 0x00 Val: 0x00000000
[inst #5790] lw x1,36(x2)
Register Write to Reg: 0x01 Val: 0x00400060
[inst #5791] lw x8,32(x2)
Register Write to Reg: 0x08 Val: 0x00000000
[inst #5792] addi x2,x2,40
Register Write to Reg: 0x02 Val: 0x10011000
[inst #5793] jalr x0,x1,0
Register Write to Reg: 0x00 Val: 0x00400248
[inst #5794] jal x0,3220
Register Write to Reg: 0x00 Val: 0x00400064
[inst #5795] wfi 

Program terminated by dropping off the bottom.
