[inst #1] lui x10,65552
Register Write to Reg: 0x0A Val: 0x10010000
[inst #2] addi x0,x0,0
Register Write to Reg: 0x00 Val: 0x00000000
[inst #3] addi x0,x0,0
Register Write to Reg: 0x00 Val: 0x00000000
[inst #4] addi x0,x0,0
Register Write to Reg: 0x00 Val: 0x00000000
[inst #5] addi x10,x10,0
Register Write to Reg: 0x0A Val: 0x10010000
[inst #6] lui x5,65552
Register Write to Reg: 0x05 Val: 0x10010000
[inst #7] addi x0,x0,0
Register Write to Reg: 0x00 Val: 0x00000000
[inst #8] addi x0,x0,0
Register Write to Reg: 0x00 Val: 0x00000000
[inst #9] addi x0,x0,0
Register Write to Reg: 0x00 Val: 0x00000000
[inst #10] lw x11,32(x5)
Register Write to Reg: 0x0B Val: 0x00000008
[inst #11] addi x0,x0,0
Register Write to Reg: 0x00 Val: 0x00000000
[inst #12] addi x0,x0,0
Register Write to Reg: 0x00 Val: 0x00000000
[inst #13] addi x0,x0,0
Register Write to Reg: 0x00 Val: 0x00000000
[inst #14] jal x1,36
Register Write to Reg: 0x01 Val: 0x00400038
[inst #15] addi x0,x0,0
Register Write to Reg: 0x00 Val: 0x00000000
[inst #16] addi x0,x0,0
Register Write to Reg: 0x00 Val: 0x00000000
[inst #17] addi x0,x0,0
Register Write to Reg: 0x00 Val: 0x00000000
[inst #18] addi x0,x0,0
Register Write to Reg: 0x00 Val: 0x00000000
[inst #19] addi x0,x0,0
Register Write to Reg: 0x00 Val: 0x00000000
[inst #20] addi x0,x0,0
Register Write to Reg: 0x00 Val: 0x00000000
[inst #21] addi x5,x0,1
Register Write to Reg: 0x05 Val: 0x00000001
[inst #22] addi x0,x0,0
Register Write to Reg: 0x00 Val: 0x00000000
[inst #23] addi x0,x0,0
Register Write to Reg: 0x00 Val: 0x00000000
[inst #24] addi x0,x0,0
Register Write to Reg: 0x00 Val: 0x00000000
[inst #25] bge x5,x11,560
[inst #26] addi x0,x0,0
Register Write to Reg: 0x00 Val: 0x00000000
[inst #27] addi x0,x0,0
Register Write to Reg: 0x00 Val: 0x00000000
[inst #28] addi x0,x0,0
Register Write to Reg: 0x00 Val: 0x00000000
[inst #29] addi x2,x2,-32
Register Write to Reg: 0x02 Val: 0x7FFFEFDC
[inst #30] addi x0,x0,0
Register Write to Reg: 0x00 Val: 0x00000000
[inst #31] addi x0,x0,0
Register Write to Reg: 0x00 Val: 0x00000000
[inst #32] addi x0,x0,0
Register Write to Reg: 0x00 Val: 0x00000000
[inst #33] sw x1,28(x2)
Memory Write to Addr: 0x7FFFEFF8 Val: 0x00400038
[inst #34] sw x8,24(x2)
Memory Write to Addr: 0x7FFFEFF4 Val: 0x00000000
[inst #35] sw x9,20(x2)
Memory Write to Addr: 0x7FFFEFF0 Val: 0x00000000
[inst #36] sw x18,16(x2)
Memory Write to Addr: 0x7FFFEFEC Val: 0x00000000
[inst #37] addi x0,x0,0
Register Write to Reg: 0x00 Val: 0x00000000
[inst #38] addi x8,x10,0
Register Write to Reg: 0x08 Val: 0x10010000
[inst #39] addi x9,x11,0
Register Write to Reg: 0x09 Val: 0x00000008
[inst #40] addi x0,x0,0
Register Write to Reg: 0x00 Val: 0x00000000
[inst #41] addi x0,x0,0
Register Write to Reg: 0x00 Val: 0x00000000
[inst #42] addi x0,x0,0
Register Write to Reg: 0x00 Val: 0x00000000
[inst #43] srai x18,x9,1
Register Write to Reg: 0x12 Val: 0x00000004
[inst #44] addi x0,x0,0
Register Write to Reg: 0x00 Val: 0x00000000
[inst #45] add x10,x0,x8
Register Write to Reg: 0x0A Val: 0x10010000
[inst #46] addi x0,x0,0
Register Write to Reg: 0x00 Val: 0x00000000
[inst #47] add x11,x0,x18
Register Write to Reg: 0x0B Val: 0x00000004
[inst #48] jal x1,-132
Register Write to Reg: 0x01 Val: 0x004000E0
[inst #49] addi x0,x0,0
Register Write to Reg: 0x00 Val: 0x00000000
[inst #50] addi x0,x0,0
Register Write to Reg: 0x00 Val: 0x00000000
[inst #51] addi x0,x0,0
Register Write to Reg: 0x00 Val: 0x00000000
[inst #52] addi x0,x0,0
Register Write to Reg: 0x00 Val: 0x00000000
[inst #53] addi x0,x0,0
Register Write to Reg: 0x00 Val: 0x00000000
[inst #54] addi x0,x0,0
Register Write to Reg: 0x00 Val: 0x00000000
[inst #55] addi x5,x0,1
Register Write to Reg: 0x05 Val: 0x00000001
[inst #56] addi x0,x0,0
Register Write to Reg: 0x00 Val: 0x00000000
[inst #57] addi x0,x0,0
Register Write to Reg: 0x00 Val: 0x00000000
[inst #58] addi x0,x0,0
Register Write to Reg: 0x00 Val: 0x00000000
[inst #59] bge x5,x11,560
[inst #60] addi x0,x0,0
Register Write to Reg: 0x00 Val: 0x00000000
[inst #61] addi x0,x0,0
Register Write to Reg: 0x00 Val: 0x00000000
[inst #62] addi x0,x0,0
Register Write to Reg: 0x00 Val: 0x00000000
[inst #63] addi x2,x2,-32
Register Write to Reg: 0x02 Val: 0x7FFFEFBC
[inst #64] addi x0,x0,0
Register Write to Reg: 0x00 Val: 0x00000000
[inst #65] addi x0,x0,0
Register Write to Reg: 0x00 Val: 0x00000000
[inst #66] addi x0,x0,0
Register Write to Reg: 0x00 Val: 0x00000000
[inst #67] sw x1,28(x2)
Memory Write to Addr: 0x7FFFEFD8 Val: 0x004000E0
[inst #68] sw x8,24(x2)
Memory Write to Addr: 0x7FFFEFD4 Val: 0x10010000
[inst #69] sw x9,20(x2)
Memory Write to Addr: 0x7FFFEFD0 Val: 0x00000008
[inst #70] sw x18,16(x2)
Memory Write to Addr: 0x7FFFEFCC Val: 0x00000004
[inst #71] addi x0,x0,0
Register Write to Reg: 0x00 Val: 0x00000000
[inst #72] addi x8,x10,0
Register Write to Reg: 0x08 Val: 0x10010000
[inst #73] addi x9,x11,0
Register Write to Reg: 0x09 Val: 0x00000004
[inst #74] addi x0,x0,0
Register Write to Reg: 0x00 Val: 0x00000000
[inst #75] addi x0,x0,0
Register Write to Reg: 0x00 Val: 0x00000000
[inst #76] addi x0,x0,0
Register Write to Reg: 0x00 Val: 0x00000000
[inst #77] srai x18,x9,1
Register Write to Reg: 0x12 Val: 0x00000002
[inst #78] addi x0,x0,0
Register Write to Reg: 0x00 Val: 0x00000000
[inst #79] add x10,x0,x8
Register Write to Reg: 0x0A Val: 0x10010000
[inst #80] addi x0,x0,0
Register Write to Reg: 0x00 Val: 0x00000000
[inst #81] add x11,x0,x18
Register Write to Reg: 0x0B Val: 0x00000002
[inst #82] jal x1,-132
Register Write to Reg: 0x01 Val: 0x004000E0
[inst #83] addi x0,x0,0
Register Write to Reg: 0x00 Val: 0x00000000
[inst #84] addi x0,x0,0
Register Write to Reg: 0x00 Val: 0x00000000
[inst #85] addi x0,x0,0
Register Write to Reg: 0x00 Val: 0x00000000
[inst #86] addi x0,x0,0
Register Write to Reg: 0x00 Val: 0x00000000
[inst #87] addi x0,x0,0
Register Write to Reg: 0x00 Val: 0x00000000
[inst #88] addi x0,x0,0
Register Write to Reg: 0x00 Val: 0x00000000
[inst #89] addi x5,x0,1
Register Write to Reg: 0x05 Val: 0x00000001
[inst #90] addi x0,x0,0
Register Write to Reg: 0x00 Val: 0x00000000
[inst #91] addi x0,x0,0
Register Write to Reg: 0x00 Val: 0x00000000
[inst #92] addi x0,x0,0
Register Write to Reg: 0x00 Val: 0x00000000
[inst #93] bge x5,x11,560
[inst #94] addi x0,x0,0
Register Write to Reg: 0x00 Val: 0x00000000
[inst #95] addi x0,x0,0
Register Write to Reg: 0x00 Val: 0x00000000
[inst #96] addi x0,x0,0
Register Write to Reg: 0x00 Val: 0x00000000
[inst #97] addi x2,x2,-32
Register Write to Reg: 0x02 Val: 0x7FFFEF9C
[inst #98] addi x0,x0,0
Register Write to Reg: 0x00 Val: 0x00000000
[inst #99] addi x0,x0,0
Register Write to Reg: 0x00 Val: 0x00000000
[inst #100] addi x0,x0,0
Register Write to Reg: 0x00 Val: 0x00000000
[inst #101] sw x1,28(x2)
Memory Write to Addr: 0x7FFFEFB8 Val: 0x004000E0
[inst #102] sw x8,24(x2)
Memory Write to Addr: 0x7FFFEFB4 Val: 0x10010000
[inst #103] sw x9,20(x2)
Memory Write to Addr: 0x7FFFEFB0 Val: 0x00000004
[inst #104] sw x18,16(x2)
Memory Write to Addr: 0x7FFFEFAC Val: 0x00000002
[inst #105] addi x0,x0,0
Register Write to Reg: 0x00 Val: 0x00000000
[inst #106] addi x8,x10,0
Register Write to Reg: 0x08 Val: 0x10010000
[inst #107] addi x9,x11,0
Register Write to Reg: 0x09 Val: 0x00000002
[inst #108] addi x0,x0,0
Register Write to Reg: 0x00 Val: 0x00000000
[inst #109] addi x0,x0,0
Register Write to Reg: 0x00 Val: 0x00000000
[inst #110] addi x0,x0,0
Register Write to Reg: 0x00 Val: 0x00000000
[inst #111] srai x18,x9,1
Register Write to Reg: 0x12 Val: 0x00000001
[inst #112] addi x0,x0,0
Register Write to Reg: 0x00 Val: 0x00000000
[inst #113] add x10,x0,x8
Register Write to Reg: 0x0A Val: 0x10010000
[inst #114] addi x0,x0,0
Register Write to Reg: 0x00 Val: 0x00000000
[inst #115] add x11,x0,x18
Register Write to Reg: 0x0B Val: 0x00000001
[inst #116] jal x1,-132
Register Write to Reg: 0x01 Val: 0x004000E0
[inst #117] addi x0,x0,0
Register Write to Reg: 0x00 Val: 0x00000000
[inst #118] addi x0,x0,0
Register Write to Reg: 0x00 Val: 0x00000000
[inst #119] addi x0,x0,0
Register Write to Reg: 0x00 Val: 0x00000000
[inst #120] addi x0,x0,0
Register Write to Reg: 0x00 Val: 0x00000000
[inst #121] addi x0,x0,0
Register Write to Reg: 0x00 Val: 0x00000000
[inst #122] addi x0,x0,0
Register Write to Reg: 0x00 Val: 0x00000000
[inst #123] addi x5,x0,1
Register Write to Reg: 0x05 Val: 0x00000001
[inst #124] addi x0,x0,0
Register Write to Reg: 0x00 Val: 0x00000000
[inst #125] addi x0,x0,0
Register Write to Reg: 0x00 Val: 0x00000000
[inst #126] addi x0,x0,0
Register Write to Reg: 0x00 Val: 0x00000000
[inst #127] bge x5,x11,560
[inst #128] jalr x0,x1,0
Register Write to Reg: 0x00 Val: 0x004002B4
[inst #129] addi x0,x0,0
Register Write to Reg: 0x00 Val: 0x00000000
[inst #130] addi x0,x0,0
Register Write to Reg: 0x00 Val: 0x00000000
[inst #131] addi x0,x0,0
Register Write to Reg: 0x00 Val: 0x00000000
[inst #132] sub x5,x9,x18
Register Write to Reg: 0x05 Val: 0x00000001
[inst #133] slli x6,x18,2
Register Write to Reg: 0x06 Val: 0x00000004
[inst #134] addi x0,x0,0
Register Write to Reg: 0x00 Val: 0x00000000
[inst #135] addi x0,x0,0
Register Write to Reg: 0x00 Val: 0x00000000
[inst #136] addi x0,x0,0
Register Write to Reg: 0x00 Val: 0x00000000
[inst #137] add x7,x8,x6
Register Write to Reg: 0x07 Val: 0x10010004
[inst #138] addi x0,x0,0
Register Write to Reg: 0x00 Val: 0x00000000
[inst #139] addi x0,x0,0
Register Write to Reg: 0x00 Val: 0x00000000
[inst #140] addi x0,x0,0
Register Write to Reg: 0x00 Val: 0x00000000
[inst #141] add x10,x0,x7
Register Write to Reg: 0x0A Val: 0x10010004
[inst #142] add x11,x0,x5
Register Write to Reg: 0x0B Val: 0x00000001
[inst #143] jal x1,-192
Register Write to Reg: 0x01 Val: 0x0040011C
[inst #144] addi x0,x0,0
Register Write to Reg: 0x00 Val: 0x00000000
[inst #145] addi x0,x0,0
Register Write to Reg: 0x00 Val: 0x00000000
[inst #146] addi x0,x0,0
Register Write to Reg: 0x00 Val: 0x00000000
[inst #147] addi x0,x0,0
Register Write to Reg: 0x00 Val: 0x00000000
[inst #148] addi x0,x0,0
Register Write to Reg: 0x00 Val: 0x00000000
[inst #149] addi x0,x0,0
Register Write to Reg: 0x00 Val: 0x00000000
[inst #150] addi x5,x0,1
Register Write to Reg: 0x05 Val: 0x00000001
[inst #151] addi x0,x0,0
Register Write to Reg: 0x00 Val: 0x00000000
[inst #152] addi x0,x0,0
Register Write to Reg: 0x00 Val: 0x00000000
[inst #153] addi x0,x0,0
Register Write to Reg: 0x00 Val: 0x00000000
[inst #154] bge x5,x11,560
[inst #155] jalr x0,x1,0
Register Write to Reg: 0x00 Val: 0x004002B4
[inst #156] addi x0,x0,0
Register Write to Reg: 0x00 Val: 0x00000000
[inst #157] addi x0,x0,0
Register Write to Reg: 0x00 Val: 0x00000000
[inst #158] addi x0,x0,0
Register Write to Reg: 0x00 Val: 0x00000000
[inst #159] slli x5,x9,2
Register Write to Reg: 0x05 Val: 0x00000008
[inst #160] addi x0,x0,0
Register Write to Reg: 0x00 Val: 0x00000000
[inst #161] addi x0,x0,0
Register Write to Reg: 0x00 Val: 0x00000000
[inst #162] addi x0,x0,0
Register Write to Reg: 0x00 Val: 0x00000000
[inst #163] sub x2,x2,x5
Register Write to Reg: 0x02 Val: 0x7FFFEF94
[inst #164] addi x0,x0,0
Register Write to Reg: 0x00 Val: 0x00000000
[inst #165] addi x0,x0,0
Register Write to Reg: 0x00 Val: 0x00000000
[inst #166] addi x0,x0,0
Register Write to Reg: 0x00 Val: 0x00000000
[inst #167] add x6,x0,x2
Register Write to Reg: 0x06 Val: 0x7FFFEF94
[inst #168] slli x7,x18,2
Register Write to Reg: 0x07 Val: 0x00000004
[inst #169] addi x0,x0,0
Register Write to Reg: 0x00 Val: 0x00000000
[inst #170] addi x0,x0,0
Register Write to Reg: 0x00 Val: 0x00000000
[inst #171] addi x0,x0,0
Register Write to Reg: 0x00 Val: 0x00000000
[inst #172] add x28,x6,x7
Register Write to Reg: 0x1C Val: 0x7FFFEF98
[inst #173] addi x29,x0,0
Register Write to Reg: 0x1D Val: 0x00000000
[inst #174] addi x0,x0,0
Register Write to Reg: 0x00 Val: 0x00000000
[inst #175] addi x0,x0,0
Register Write to Reg: 0x00 Val: 0x00000000
[inst #176] addi x0,x0,0
Register Write to Reg: 0x00 Val: 0x00000000
[inst #177] bge x29,x18,100
[inst #178] addi x0,x0,0
Register Write to Reg: 0x00 Val: 0x00000000
[inst #179] addi x0,x0,0
Register Write to Reg: 0x00 Val: 0x00000000
[inst #180] addi x0,x0,0
Register Write to Reg: 0x00 Val: 0x00000000
[inst #181] slli x30,x29,2
Register Write to Reg: 0x1E Val: 0x00000000
[inst #182] addi x0,x0,0
Register Write to Reg: 0x00 Val: 0x00000000
[inst #183] addi x0,x0,0
Register Write to Reg: 0x00 Val: 0x00000000
[inst #184] addi x0,x0,0
Register Write to Reg: 0x00 Val: 0x00000000
[inst #185] add x31,x8,x30
Register Write to Reg: 0x1F Val: 0x10010000
[inst #186] addi x0,x0,0
Register Write to Reg: 0x00 Val: 0x00000000
[inst #187] addi x0,x0,0
Register Write to Reg: 0x00 Val: 0x00000000
[inst #188] addi x0,x0,0
Register Write to Reg: 0x00 Val: 0x00000000
[inst #189] lw x10,0(x31)
Register Write to Reg: 0x0A Val: 0x00000026
[inst #190] add x31,x6,x30
Register Write to Reg: 0x1F Val: 0x7FFFEF94
[inst #191] addi x0,x0,0
Register Write to Reg: 0x00 Val: 0x00000000
[inst #192] addi x0,x0,0
Register Write to Reg: 0x00 Val: 0x00000000
[inst #193] addi x0,x0,0
Register Write to Reg: 0x00 Val: 0x00000000
[inst #194] sw x10,0(x31)
Memory Write to Addr: 0x7FFFEF94 Val: 0x00000026
[inst #195] addi x29,x29,1
Register Write to Reg: 0x1D Val: 0x00000001
[inst #196] addi x0,x0,0
Register Write to Reg: 0x00 Val: 0x00000000
[inst #197] addi x0,x0,0
Register Write to Reg: 0x00 Val: 0x00000000
[inst #198] jal x0,-96
Register Write to Reg: 0x00 Val: 0x004001C8
[inst #199] addi x0,x0,0
Register Write to Reg: 0x00 Val: 0x00000000
[inst #200] addi x0,x0,0
Register Write to Reg: 0x00 Val: 0x00000000
[inst #201] addi x0,x0,0
Register Write to Reg: 0x00 Val: 0x00000000
[inst #202] bge x29,x18,100
[inst #203] sub x5,x9,x18
Register Write to Reg: 0x05 Val: 0x00000001
[inst #204] addi x29,x0,0
Register Write to Reg: 0x1D Val: 0x00000000
[inst #205] bge x29,x5,124
[inst #206] addi x0,x0,0
Register Write to Reg: 0x00 Val: 0x00000000
[inst #207] addi x0,x0,0
Register Write to Reg: 0x00 Val: 0x00000000
[inst #208] addi x0,x0,0
Register Write to Reg: 0x00 Val: 0x00000000
[inst #209] add x30,x18,x29
Register Write to Reg: 0x1E Val: 0x00000001
[inst #210] addi x0,x0,0
Register Write to Reg: 0x00 Val: 0x00000000
[inst #211] addi x0,x0,0
Register Write to Reg: 0x00 Val: 0x00000000
[inst #212] addi x0,x0,0
Register Write to Reg: 0x00 Val: 0x00000000
[inst #213] slli x30,x30,2
Register Write to Reg: 0x1E Val: 0x00000004
[inst #214] addi x0,x0,0
Register Write to Reg: 0x00 Val: 0x00000000
[inst #215] addi x0,x0,0
Register Write to Reg: 0x00 Val: 0x00000000
[inst #216] addi x0,x0,0
Register Write to Reg: 0x00 Val: 0x00000000
[inst #217] add x31,x8,x30
Register Write to Reg: 0x1F Val: 0x10010004
[inst #218] addi x0,x0,0
Register Write to Reg: 0x00 Val: 0x00000000
[inst #219] addi x0,x0,0
Register Write to Reg: 0x00 Val: 0x00000000
[inst #220] addi x0,x0,0
Register Write to Reg: 0x00 Val: 0x00000000
[inst #221] lw x10,0(x31)
Register Write to Reg: 0x0A Val: 0x0000001B
[inst #222] slli x30,x29,2
Register Write to Reg: 0x1E Val: 0x00000000
[inst #223] addi x0,x0,0
Register Write to Reg: 0x00 Val: 0x00000000
[inst #224] addi x0,x0,0
Register Write to Reg: 0x00 Val: 0x00000000
[inst #225] addi x0,x0,0
Register Write to Reg: 0x00 Val: 0x00000000
[inst #226] add x31,x28,x30
Register Write to Reg: 0x1F Val: 0x7FFFEF98
[inst #227] addi x0,x0,0
Register Write to Reg: 0x00 Val: 0x00000000
[inst #228] addi x0,x0,0
Register Write to Reg: 0x00 Val: 0x00000000
[inst #229] addi x0,x0,0
Register Write to Reg: 0x00 Val: 0x00000000
[inst #230] sw x10,0(x31)
Memory Write to Addr: 0x7FFFEF98 Val: 0x0000001B
[inst #231] addi x29,x29,1
Register Write to Reg: 0x1D Val: 0x00000001
[inst #232] jal x0,-108
Register Write to Reg: 0x00 Val: 0x0040024C
[inst #233] bge x29,x5,124
[inst #234] add x10,x0,x8
Register Write to Reg: 0x0A Val: 0x10010000
[inst #235] add x11,x0,x6
Register Write to Reg: 0x0B Val: 0x7FFFEF94
[inst #236] add x12,x0,x28
Register Write to Reg: 0x0C Val: 0x7FFFEF98
[inst #237] add x13,x0,x18
Register Write to Reg: 0x0D Val: 0x00000001
[inst #238] sub x14,x9,x18
Register Write to Reg: 0x0E Val: 0x00000001
[inst #239] jal x1,84
Register Write to Reg: 0x01 Val: 0x00400270
[inst #240] addi x2,x2,-32
Register Write to Reg: 0x02 Val: 0x7FFFEF74
[inst #241] addi x0,x0,0
Register Write to Reg: 0x00 Val: 0x00000000
[inst #242] addi x0,x0,0
Register Write to Reg: 0x00 Val: 0x00000000
[inst #243] addi x0,x0,0
Register Write to Reg: 0x00 Val: 0x00000000
[inst #244] sw x1,28(x2)
Memory Write to Addr: 0x7FFFEF90 Val: 0x00400270
[inst #245] sw x8,24(x2)
Memory Write to Addr: 0x7FFFEF8C Val: 0x10010000
[inst #246] sw x18,20(x2)
Memory Write to Addr: 0x7FFFEF88 Val: 0x00000001
[inst #247] sw x19,16(x2)
Memory Write to Addr: 0x7FFFEF84 Val: 0x00000000
[inst #248] sw x20,12(x2)
Memory Write to Addr: 0x7FFFEF80 Val: 0x00000000
[inst #249] sw x21,8(x2)
Memory Write to Addr: 0x7FFFEF7C Val: 0x00000000
[inst #250] sw x22,4(x2)
Memory Write to Addr: 0x7FFFEF78 Val: 0x00000000
[inst #251] sw x23,0(x2)
Memory Write to Addr: 0x7FFFEF74 Val: 0x00000000
[inst #252] add x8,x0,x10
Register Write to Reg: 0x08 Val: 0x10010000
[inst #253] add x19,x0,x11
Register Write to Reg: 0x13 Val: 0x7FFFEF94
[inst #254] add x20,x0,x12
Register Write to Reg: 0x14 Val: 0x7FFFEF98
[inst #255] add x18,x0,x13
Register Write to Reg: 0x12 Val: 0x00000001
[inst #256] addi x21,x0,0
Register Write to Reg: 0x15 Val: 0x00000000
[inst #257] addi x22,x0,0
Register Write to Reg: 0x16 Val: 0x00000000
[inst #258] addi x29,x0,0
Register Write to Reg: 0x1D Val: 0x00000000
[inst #259] bge x21,x18,360
[inst #260] addi x0,x0,0
Register Write to Reg: 0x00 Val: 0x00000000
[inst #261] addi x0,x0,0
Register Write to Reg: 0x00 Val: 0x00000000
[inst #262] addi x0,x0,0
Register Write to Reg: 0x00 Val: 0x00000000
[inst #263] bge x22,x14,232
[inst #264] addi x0,x0,0
Register Write to Reg: 0x00 Val: 0x00000000
[inst #265] addi x0,x0,0
Register Write to Reg: 0x00 Val: 0x00000000
[inst #266] addi x0,x0,0
Register Write to Reg: 0x00 Val: 0x00000000
[inst #267] slli x5,x21,2
Register Write to Reg: 0x05 Val: 0x00000000
[inst #268] addi x0,x0,0
Register Write to Reg: 0x00 Val: 0x00000000
[inst #269] addi x0,x0,0
Register Write to Reg: 0x00 Val: 0x00000000
[inst #270] addi x0,x0,0
Register Write to Reg: 0x00 Val: 0x00000000
[inst #271] add x6,x19,x5
Register Write to Reg: 0x06 Val: 0x7FFFEF94
[inst #272] addi x0,x0,0
Register Write to Reg: 0x00 Val: 0x00000000
[inst #273] addi x0,x0,0
Register Write to Reg: 0x00 Val: 0x00000000
[inst #274] addi x0,x0,0
Register Write to Reg: 0x00 Val: 0x00000000
[inst #275] lw x7,0(x6)
Register Write to Reg: 0x07 Val: 0x00000026
[inst #276] slli x5,x22,2
Register Write to Reg: 0x05 Val: 0x00000000
[inst #277] addi x0,x0,0
Register Write to Reg: 0x00 Val: 0x00000000
[inst #278] addi x0,x0,0
Register Write to Reg: 0x00 Val: 0x00000000
[inst #279] addi x0,x0,0
Register Write to Reg: 0x00 Val: 0x00000000
[inst #280] add x6,x20,x5
Register Write to Reg: 0x06 Val: 0x7FFFEF98
[inst #281] addi x0,x0,0
Register Write to Reg: 0x00 Val: 0x00000000
[inst #282] addi x0,x0,0
Register Write to Reg: 0x00 Val: 0x00000000
[inst #283] addi x0,x0,0
Register Write to Reg: 0x00 Val: 0x00000000
[inst #284] lw x28,0(x6)
Register Write to Reg: 0x1C Val: 0x0000001B
[inst #285] addi x0,x0,0
Register Write to Reg: 0x00 Val: 0x00000000
[inst #286] addi x0,x0,0
Register Write to Reg: 0x00 Val: 0x00000000
[inst #287] addi x0,x0,0
Register Write to Reg: 0x00 Val: 0x00000000
[inst #288] blt x28,x7,72
[inst #289] slli x5,x23,2
Register Write to Reg: 0x05 Val: 0x00000000
[inst #290] addi x0,x0,0
Register Write to Reg: 0x00 Val: 0x00000000
[inst #291] addi x0,x0,0
Register Write to Reg: 0x00 Val: 0x00000000
[inst #292] addi x0,x0,0
Register Write to Reg: 0x00 Val: 0x00000000
[inst #293] add x6,x8,x5
Register Write to Reg: 0x06 Val: 0x10010000
[inst #294] addi x0,x0,0
Register Write to Reg: 0x00 Val: 0x00000000
[inst #295] addi x0,x0,0
Register Write to Reg: 0x00 Val: 0x00000000
[inst #296] addi x0,x0,0
Register Write to Reg: 0x00 Val: 0x00000000
[inst #297] sw x28,0(x6)
Memory Write to Addr: 0x10010000 Val: 0x0000001B
[inst #298] addi x22,x22,1
Register Write to Reg: 0x16 Val: 0x00000001
[inst #299] addi x23,x23,1
Register Write to Reg: 0x17 Val: 0x00000001
[inst #300] jal x0,-232
Register Write to Reg: 0x00 Val: 0x004003F8
[inst #301] bge x21,x18,360
[inst #302] addi x0,x0,0
Register Write to Reg: 0x00 Val: 0x00000000
[inst #303] addi x0,x0,0
Register Write to Reg: 0x00 Val: 0x00000000
[inst #304] addi x0,x0,0
Register Write to Reg: 0x00 Val: 0x00000000
[inst #305] bge x22,x14,232
[inst #306] bge x21,x18,224
[inst #307] addi x0,x0,0
Register Write to Reg: 0x00 Val: 0x00000000
[inst #308] addi x0,x0,0
Register Write to Reg: 0x00 Val: 0x00000000
[inst #309] addi x0,x0,0
Register Write to Reg: 0x00 Val: 0x00000000
[inst #310] slli x5,x21,2
Register Write to Reg: 0x05 Val: 0x00000000
[inst #311] addi x0,x0,0
Register Write to Reg: 0x00 Val: 0x00000000
[inst #312] addi x0,x0,0
Register Write to Reg: 0x00 Val: 0x00000000
[inst #313] addi x0,x0,0
Register Write to Reg: 0x00 Val: 0x00000000
[inst #314] add x6,x19,x5
Register Write to Reg: 0x06 Val: 0x7FFFEF94
[inst #315] addi x0,x0,0
Register Write to Reg: 0x00 Val: 0x00000000
[inst #316] addi x0,x0,0
Register Write to Reg: 0x00 Val: 0x00000000
[inst #317] addi x0,x0,0
Register Write to Reg: 0x00 Val: 0x00000000
[inst #318] lw x7,0(x6)
Register Write to Reg: 0x07 Val: 0x00000026
[inst #319] slli x5,x23,2
Register Write to Reg: 0x05 Val: 0x00000004
[inst #320] addi x0,x0,0
Register Write to Reg: 0x00 Val: 0x00000000
[inst #321] addi x0,x0,0
Register Write to Reg: 0x00 Val: 0x00000000
[inst #322] addi x0,x0,0
Register Write to Reg: 0x00 Val: 0x00000000
[inst #323] add x6,x8,x5
Register Write to Reg: 0x06 Val: 0x10010004
[inst #324] addi x0,x0,0
Register Write to Reg: 0x00 Val: 0x00000000
[inst #325] addi x0,x0,0
Register Write to Reg: 0x00 Val: 0x00000000
[inst #326] addi x0,x0,0
Register Write to Reg: 0x00 Val: 0x00000000
[inst #327] sw x7,0(x6)
Memory Write to Addr: 0x10010004 Val: 0x00000026
[inst #328] addi x21,x21,1
Register Write to Reg: 0x15 Val: 0x00000001
[inst #329] addi x23,x23,1
Register Write to Reg: 0x17 Val: 0x00000002
[inst #330] jal x0,-96
Register Write to Reg: 0x00 Val: 0x00400468
[inst #331] bge x21,x18,224
[inst #332] lw x1,28(x2)
Register Write to Reg: 0x01 Val: 0x00400270
[inst #333] lw x8,24(x2)
Register Write to Reg: 0x08 Val: 0x10010000
[inst #334] lw x18,20(x2)
Register Write to Reg: 0x12 Val: 0x00000001
[inst #335] lw x19,16(x2)
Register Write to Reg: 0x13 Val: 0x00000000
[inst #336] lw x20,12(x2)
Register Write to Reg: 0x14 Val: 0x00000000
[inst #337] lw x21,8(x2)
Register Write to Reg: 0x15 Val: 0x00000000
[inst #338] lw x22,4(x2)
Register Write to Reg: 0x16 Val: 0x00000000
[inst #339] lw x23,0(x2)
Register Write to Reg: 0x17 Val: 0x00000000
[inst #340] addi x2,x2,32
Register Write to Reg: 0x02 Val: 0x7FFFEF94
[inst #341] jalr x0,x1,0
Register Write to Reg: 0x00 Val: 0x0040050C
[inst #342] addi x0,x0,0
Register Write to Reg: 0x00 Val: 0x00000000
[inst #343] addi x0,x0,0
Register Write to Reg: 0x00 Val: 0x00000000
[inst #344] addi x0,x0,0
Register Write to Reg: 0x00 Val: 0x00000000
[inst #345] slli x5,x9,2
Register Write to Reg: 0x05 Val: 0x00000008
[inst #346] addi x0,x0,0
Register Write to Reg: 0x00 Val: 0x00000000
[inst #347] addi x0,x0,0
Register Write to Reg: 0x00 Val: 0x00000000
[inst #348] addi x0,x0,0
Register Write to Reg: 0x00 Val: 0x00000000
[inst #349] add x2,x2,x5
Register Write to Reg: 0x02 Val: 0x7FFFEF9C
[inst #350] addi x0,x0,0
Register Write to Reg: 0x00 Val: 0x00000000
[inst #351] addi x0,x0,0
Register Write to Reg: 0x00 Val: 0x00000000
[inst #352] addi x0,x0,0
Register Write to Reg: 0x00 Val: 0x00000000
[inst #353] lw x1,28(x2)
Register Write to Reg: 0x01 Val: 0x004000E0
[inst #354] lw x8,24(x2)
Register Write to Reg: 0x08 Val: 0x10010000
[inst #355] lw x9,20(x2)
Register Write to Reg: 0x09 Val: 0x00000004
[inst #356] lw x18,16(x2)
Register Write to Reg: 0x12 Val: 0x00000002
[inst #357] addi x2,x2,32
Register Write to Reg: 0x02 Val: 0x7FFFEFBC
[inst #358] jalr x0,x1,0
Register Write to Reg: 0x00 Val: 0x004002B4
[inst #359] addi x0,x0,0
Register Write to Reg: 0x00 Val: 0x00000000
[inst #360] addi x0,x0,0
Register Write to Reg: 0x00 Val: 0x00000000
[inst #361] addi x0,x0,0
Register Write to Reg: 0x00 Val: 0x00000000
[inst #362] sub x5,x9,x18
Register Write to Reg: 0x05 Val: 0x00000002
[inst #363] slli x6,x18,2
Register Write to Reg: 0x06 Val: 0x00000008
[inst #364] addi x0,x0,0
Register Write to Reg: 0x00 Val: 0x00000000
[inst #365] addi x0,x0,0
Register Write to Reg: 0x00 Val: 0x00000000
[inst #366] addi x0,x0,0
Register Write to Reg: 0x00 Val: 0x00000000
[inst #367] add x7,x8,x6
Register Write to Reg: 0x07 Val: 0x10010008
[inst #368] addi x0,x0,0
Register Write to Reg: 0x00 Val: 0x00000000
[inst #369] addi x0,x0,0
Register Write to Reg: 0x00 Val: 0x00000000
[inst #370] addi x0,x0,0
Register Write to Reg: 0x00 Val: 0x00000000
[inst #371] add x10,x0,x7
Register Write to Reg: 0x0A Val: 0x10010008
[inst #372] add x11,x0,x5
Register Write to Reg: 0x0B Val: 0x00000002
[inst #373] jal x1,-192
Register Write to Reg: 0x01 Val: 0x0040011C
[inst #374] addi x0,x0,0
Register Write to Reg: 0x00 Val: 0x00000000
[inst #375] addi x0,x0,0
Register Write to Reg: 0x00 Val: 0x00000000
[inst #376] addi x0,x0,0
Register Write to Reg: 0x00 Val: 0x00000000
[inst #377] addi x0,x0,0
Register Write to Reg: 0x00 Val: 0x00000000
[inst #378] addi x0,x0,0
Register Write to Reg: 0x00 Val: 0x00000000
[inst #379] addi x0,x0,0
Register Write to Reg: 0x00 Val: 0x00000000
[inst #380] addi x5,x0,1
Register Write to Reg: 0x05 Val: 0x00000001
[inst #381] addi x0,x0,0
Register Write to Reg: 0x00 Val: 0x00000000
[inst #382] addi x0,x0,0
Register Write to Reg: 0x00 Val: 0x00000000
[inst #383] addi x0,x0,0
Register Write to Reg: 0x00 Val: 0x00000000
[inst #384] bge x5,x11,560
[inst #385] addi x0,x0,0
Register Write to Reg: 0x00 Val: 0x00000000
[inst #386] addi x0,x0,0
Register Write to Reg: 0x00 Val: 0x00000000
[inst #387] addi x0,x0,0
Register Write to Reg: 0x00 Val: 0x00000000
[inst #388] addi x2,x2,-32
Register Write to Reg: 0x02 Val: 0x7FFFEF9C
[inst #389] addi x0,x0,0
Register Write to Reg: 0x00 Val: 0x00000000
[inst #390] addi x0,x0,0
Register Write to Reg: 0x00 Val: 0x00000000
[inst #391] addi x0,x0,0
Register Write to Reg: 0x00 Val: 0x00000000
[inst #392] sw x1,28(x2)
Memory Write to Addr: 0x7FFFEFB8 Val: 0x0040011C
[inst #393] sw x8,24(x2)
Memory Write to Addr: 0x7FFFEFB4 Val: 0x10010000
[inst #394] sw x9,20(x2)
Memory Write to Addr: 0x7FFFEFB0 Val: 0x00000004
[inst #395] sw x18,16(x2)
Memory Write to Addr: 0x7FFFEFAC Val: 0x00000002
[inst #396] addi x0,x0,0
Register Write to Reg: 0x00 Val: 0x00000000
[inst #397] addi x8,x10,0
Register Write to Reg: 0x08 Val: 0x10010008
[inst #398] addi x9,x11,0
Register Write to Reg: 0x09 Val: 0x00000002
[inst #399] addi x0,x0,0
Register Write to Reg: 0x00 Val: 0x00000000
[inst #400] addi x0,x0,0
Register Write to Reg: 0x00 Val: 0x00000000
[inst #401] addi x0,x0,0
Register Write to Reg: 0x00 Val: 0x00000000
[inst #402] srai x18,x9,1
Register Write to Reg: 0x12 Val: 0x00000001
[inst #403] addi x0,x0,0
Register Write to Reg: 0x00 Val: 0x00000000
[inst #404] add x10,x0,x8
Register Write to Reg: 0x0A Val: 0x10010008
[inst #405] addi x0,x0,0
Register Write to Reg: 0x00 Val: 0x00000000
[inst #406] add x11,x0,x18
Register Write to Reg: 0x0B Val: 0x00000001
[inst #407] jal x1,-132
Register Write to Reg: 0x01 Val: 0x004000E0
[inst #408] addi x0,x0,0
Register Write to Reg: 0x00 Val: 0x00000000
[inst #409] addi x0,x0,0
Register Write to Reg: 0x00 Val: 0x00000000
[inst #410] addi x0,x0,0
Register Write to Reg: 0x00 Val: 0x00000000
[inst #411] addi x0,x0,0
Register Write to Reg: 0x00 Val: 0x00000000
[inst #412] addi x0,x0,0
Register Write to Reg: 0x00 Val: 0x00000000
[inst #413] addi x0,x0,0
Register Write to Reg: 0x00 Val: 0x00000000
[inst #414] addi x5,x0,1
Register Write to Reg: 0x05 Val: 0x00000001
[inst #415] addi x0,x0,0
Register Write to Reg: 0x00 Val: 0x00000000
[inst #416] addi x0,x0,0
Register Write to Reg: 0x00 Val: 0x00000000
[inst #417] addi x0,x0,0
Register Write to Reg: 0x00 Val: 0x00000000
[inst #418] bge x5,x11,560
[inst #419] jalr x0,x1,0
Register Write to Reg: 0x00 Val: 0x004002B4
[inst #420] addi x0,x0,0
Register Write to Reg: 0x00 Val: 0x00000000
[inst #421] addi x0,x0,0
Register Write to Reg: 0x00 Val: 0x00000000
[inst #422] addi x0,x0,0
Register Write to Reg: 0x00 Val: 0x00000000
[inst #423] sub x5,x9,x18
Register Write to Reg: 0x05 Val: 0x00000001
[inst #424] slli x6,x18,2
Register Write to Reg: 0x06 Val: 0x00000004
[inst #425] addi x0,x0,0
Register Write to Reg: 0x00 Val: 0x00000000
[inst #426] addi x0,x0,0
Register Write to Reg: 0x00 Val: 0x00000000
[inst #427] addi x0,x0,0
Register Write to Reg: 0x00 Val: 0x00000000
[inst #428] add x7,x8,x6
Register Write to Reg: 0x07 Val: 0x1001000C
[inst #429] addi x0,x0,0
Register Write to Reg: 0x00 Val: 0x00000000
[inst #430] addi x0,x0,0
Register Write to Reg: 0x00 Val: 0x00000000
[inst #431] addi x0,x0,0
Register Write to Reg: 0x00 Val: 0x00000000
[inst #432] add x10,x0,x7
Register Write to Reg: 0x0A Val: 0x1001000C
[inst #433] add x11,x0,x5
Register Write to Reg: 0x0B Val: 0x00000001
[inst #434] jal x1,-192
Register Write to Reg: 0x01 Val: 0x0040011C
[inst #435] addi x0,x0,0
Register Write to Reg: 0x00 Val: 0x00000000
[inst #436] addi x0,x0,0
Register Write to Reg: 0x00 Val: 0x00000000
[inst #437] addi x0,x0,0
Register Write to Reg: 0x00 Val: 0x00000000
[inst #438] addi x0,x0,0
Register Write to Reg: 0x00 Val: 0x00000000
[inst #439] addi x0,x0,0
Register Write to Reg: 0x00 Val: 0x00000000
[inst #440] addi x0,x0,0
Register Write to Reg: 0x00 Val: 0x00000000
[inst #441] addi x5,x0,1
Register Write to Reg: 0x05 Val: 0x00000001
[inst #442] addi x0,x0,0
Register Write to Reg: 0x00 Val: 0x00000000
[inst #443] addi x0,x0,0
Register Write to Reg: 0x00 Val: 0x00000000
[inst #444] addi x0,x0,0
Register Write to Reg: 0x00 Val: 0x00000000
[inst #445] bge x5,x11,560
[inst #446] jalr x0,x1,0
Register Write to Reg: 0x00 Val: 0x004002B4
[inst #447] addi x0,x0,0
Register Write to Reg: 0x00 Val: 0x00000000
[inst #448] addi x0,x0,0
Register Write to Reg: 0x00 Val: 0x00000000
[inst #449] addi x0,x0,0
Register Write to Reg: 0x00 Val: 0x00000000
[inst #450] slli x5,x9,2
Register Write to Reg: 0x05 Val: 0x00000008
[inst #451] addi x0,x0,0
Register Write to Reg: 0x00 Val: 0x00000000
[inst #452] addi x0,x0,0
Register Write to Reg: 0x00 Val: 0x00000000
[inst #453] addi x0,x0,0
Register Write to Reg: 0x00 Val: 0x00000000
[inst #454] sub x2,x2,x5
Register Write to Reg: 0x02 Val: 0x7FFFEF94
[inst #455] addi x0,x0,0
Register Write to Reg: 0x00 Val: 0x00000000
[inst #456] addi x0,x0,0
Register Write to Reg: 0x00 Val: 0x00000000
[inst #457] addi x0,x0,0
Register Write to Reg: 0x00 Val: 0x00000000
[inst #458] add x6,x0,x2
Register Write to Reg: 0x06 Val: 0x7FFFEF94
[inst #459] slli x7,x18,2
Register Write to Reg: 0x07 Val: 0x00000004
[inst #460] addi x0,x0,0
Register Write to Reg: 0x00 Val: 0x00000000
[inst #461] addi x0,x0,0
Register Write to Reg: 0x00 Val: 0x00000000
[inst #462] addi x0,x0,0
Register Write to Reg: 0x00 Val: 0x00000000
[inst #463] add x28,x6,x7
Register Write to Reg: 0x1C Val: 0x7FFFEF98
[inst #464] addi x29,x0,0
Register Write to Reg: 0x1D Val: 0x00000000
[inst #465] addi x0,x0,0
Register Write to Reg: 0x00 Val: 0x00000000
[inst #466] addi x0,x0,0
Register Write to Reg: 0x00 Val: 0x00000000
[inst #467] addi x0,x0,0
Register Write to Reg: 0x00 Val: 0x00000000
[inst #468] bge x29,x18,100
[inst #469] addi x0,x0,0
Register Write to Reg: 0x00 Val: 0x00000000
[inst #470] addi x0,x0,0
Register Write to Reg: 0x00 Val: 0x00000000
[inst #471] addi x0,x0,0
Register Write to Reg: 0x00 Val: 0x00000000
[inst #472] slli x30,x29,2
Register Write to Reg: 0x1E Val: 0x00000000
[inst #473] addi x0,x0,0
Register Write to Reg: 0x00 Val: 0x00000000
[inst #474] addi x0,x0,0
Register Write to Reg: 0x00 Val: 0x00000000
[inst #475] addi x0,x0,0
Register Write to Reg: 0x00 Val: 0x00000000
[inst #476] add x31,x8,x30
Register Write to Reg: 0x1F Val: 0x10010008
[inst #477] addi x0,x0,0
Register Write to Reg: 0x00 Val: 0x00000000
[inst #478] addi x0,x0,0
Register Write to Reg: 0x00 Val: 0x00000000
[inst #479] addi x0,x0,0
Register Write to Reg: 0x00 Val: 0x00000000
[inst #480] lw x10,0(x31)
Register Write to Reg: 0x0A Val: 0x0000002B
[inst #481] add x31,x6,x30
Register Write to Reg: 0x1F Val: 0x7FFFEF94
[inst #482] addi x0,x0,0
Register Write to Reg: 0x00 Val: 0x00000000
[inst #483] addi x0,x0,0
Register Write to Reg: 0x00 Val: 0x00000000
[inst #484] addi x0,x0,0
Register Write to Reg: 0x00 Val: 0x00000000
[inst #485] sw x10,0(x31)
Memory Write to Addr: 0x7FFFEF94 Val: 0x0000002B
[inst #486] addi x29,x29,1
Register Write to Reg: 0x1D Val: 0x00000001
[inst #487] addi x0,x0,0
Register Write to Reg: 0x00 Val: 0x00000000
[inst #488] addi x0,x0,0
Register Write to Reg: 0x00 Val: 0x00000000
[inst #489] jal x0,-96
Register Write to Reg: 0x00 Val: 0x004001C8
[inst #490] addi x0,x0,0
Register Write to Reg: 0x00 Val: 0x00000000
[inst #491] addi x0,x0,0
Register Write to Reg: 0x00 Val: 0x00000000
[inst #492] addi x0,x0,0
Register Write to Reg: 0x00 Val: 0x00000000
[inst #493] bge x29,x18,100
[inst #494] sub x5,x9,x18
Register Write to Reg: 0x05 Val: 0x00000001
[inst #495] addi x29,x0,0
Register Write to Reg: 0x1D Val: 0x00000000
[inst #496] bge x29,x5,124
[inst #497] addi x0,x0,0
Register Write to Reg: 0x00 Val: 0x00000000
[inst #498] addi x0,x0,0
Register Write to Reg: 0x00 Val: 0x00000000
[inst #499] addi x0,x0,0
Register Write to Reg: 0x00 Val: 0x00000000
[inst #500] add x30,x18,x29
Register Write to Reg: 0x1E Val: 0x00000001
[inst #501] addi x0,x0,0
Register Write to Reg: 0x00 Val: 0x00000000
[inst #502] addi x0,x0,0
Register Write to Reg: 0x00 Val: 0x00000000
[inst #503] addi x0,x0,0
Register Write to Reg: 0x00 Val: 0x00000000
[inst #504] slli x30,x30,2
Register Write to Reg: 0x1E Val: 0x00000004
[inst #505] addi x0,x0,0
Register Write to Reg: 0x00 Val: 0x00000000
[inst #506] addi x0,x0,0
Register Write to Reg: 0x00 Val: 0x00000000
[inst #507] addi x0,x0,0
Register Write to Reg: 0x00 Val: 0x00000000
[inst #508] add x31,x8,x30
Register Write to Reg: 0x1F Val: 0x1001000C
[inst #509] addi x0,x0,0
Register Write to Reg: 0x00 Val: 0x00000000
[inst #510] addi x0,x0,0
Register Write to Reg: 0x00 Val: 0x00000000
[inst #511] addi x0,x0,0
Register Write to Reg: 0x00 Val: 0x00000000
[inst #512] lw x10,0(x31)
Register Write to Reg: 0x0A Val: 0x00000003
[inst #513] slli x30,x29,2
Register Write to Reg: 0x1E Val: 0x00000000
[inst #514] addi x0,x0,0
Register Write to Reg: 0x00 Val: 0x00000000
[inst #515] addi x0,x0,0
Register Write to Reg: 0x00 Val: 0x00000000
[inst #516] addi x0,x0,0
Register Write to Reg: 0x00 Val: 0x00000000
[inst #517] add x31,x28,x30
Register Write to Reg: 0x1F Val: 0x7FFFEF98
[inst #518] addi x0,x0,0
Register Write to Reg: 0x00 Val: 0x00000000
[inst #519] addi x0,x0,0
Register Write to Reg: 0x00 Val: 0x00000000
[inst #520] addi x0,x0,0
Register Write to Reg: 0x00 Val: 0x00000000
[inst #521] sw x10,0(x31)
Memory Write to Addr: 0x7FFFEF98 Val: 0x00000003
[inst #522] addi x29,x29,1
Register Write to Reg: 0x1D Val: 0x00000001
[inst #523] jal x0,-108
Register Write to Reg: 0x00 Val: 0x0040024C
[inst #524] bge x29,x5,124
[inst #525] add x10,x0,x8
Register Write to Reg: 0x0A Val: 0x10010008
[inst #526] add x11,x0,x6
Register Write to Reg: 0x0B Val: 0x7FFFEF94
[inst #527] add x12,x0,x28
Register Write to Reg: 0x0C Val: 0x7FFFEF98
[inst #528] add x13,x0,x18
Register Write to Reg: 0x0D Val: 0x00000001
[inst #529] sub x14,x9,x18
Register Write to Reg: 0x0E Val: 0x00000001
[inst #530] jal x1,84
Register Write to Reg: 0x01 Val: 0x00400270
[inst #531] addi x2,x2,-32
Register Write to Reg: 0x02 Val: 0x7FFFEF74
[inst #532] addi x0,x0,0
Register Write to Reg: 0x00 Val: 0x00000000
[inst #533] addi x0,x0,0
Register Write to Reg: 0x00 Val: 0x00000000
[inst #534] addi x0,x0,0
Register Write to Reg: 0x00 Val: 0x00000000
[inst #535] sw x1,28(x2)
Memory Write to Addr: 0x7FFFEF90 Val: 0x00400270
[inst #536] sw x8,24(x2)
Memory Write to Addr: 0x7FFFEF8C Val: 0x10010008
[inst #537] sw x18,20(x2)
Memory Write to Addr: 0x7FFFEF88 Val: 0x00000001
[inst #538] sw x19,16(x2)
Memory Write to Addr: 0x7FFFEF84 Val: 0x00000000
[inst #539] sw x20,12(x2)
Memory Write to Addr: 0x7FFFEF80 Val: 0x00000000
[inst #540] sw x21,8(x2)
Memory Write to Addr: 0x7FFFEF7C Val: 0x00000000
[inst #541] sw x22,4(x2)
Memory Write to Addr: 0x7FFFEF78 Val: 0x00000000
[inst #542] sw x23,0(x2)
Memory Write to Addr: 0x7FFFEF74 Val: 0x00000000
[inst #543] add x8,x0,x10
Register Write to Reg: 0x08 Val: 0x10010008
[inst #544] add x19,x0,x11
Register Write to Reg: 0x13 Val: 0x7FFFEF94
[inst #545] add x20,x0,x12
Register Write to Reg: 0x14 Val: 0x7FFFEF98
[inst #546] add x18,x0,x13
Register Write to Reg: 0x12 Val: 0x00000001
[inst #547] addi x21,x0,0
Register Write to Reg: 0x15 Val: 0x00000000
[inst #548] addi x22,x0,0
Register Write to Reg: 0x16 Val: 0x00000000
[inst #549] addi x29,x0,0
Register Write to Reg: 0x1D Val: 0x00000000
[inst #550] bge x21,x18,360
[inst #551] addi x0,x0,0
Register Write to Reg: 0x00 Val: 0x00000000
[inst #552] addi x0,x0,0
Register Write to Reg: 0x00 Val: 0x00000000
[inst #553] addi x0,x0,0
Register Write to Reg: 0x00 Val: 0x00000000
[inst #554] bge x22,x14,232
[inst #555] addi x0,x0,0
Register Write to Reg: 0x00 Val: 0x00000000
[inst #556] addi x0,x0,0
Register Write to Reg: 0x00 Val: 0x00000000
[inst #557] addi x0,x0,0
Register Write to Reg: 0x00 Val: 0x00000000
[inst #558] slli x5,x21,2
Register Write to Reg: 0x05 Val: 0x00000000
[inst #559] addi x0,x0,0
Register Write to Reg: 0x00 Val: 0x00000000
[inst #560] addi x0,x0,0
Register Write to Reg: 0x00 Val: 0x00000000
[inst #561] addi x0,x0,0
Register Write to Reg: 0x00 Val: 0x00000000
[inst #562] add x6,x19,x5
Register Write to Reg: 0x06 Val: 0x7FFFEF94
[inst #563] addi x0,x0,0
Register Write to Reg: 0x00 Val: 0x00000000
[inst #564] addi x0,x0,0
Register Write to Reg: 0x00 Val: 0x00000000
[inst #565] addi x0,x0,0
Register Write to Reg: 0x00 Val: 0x00000000
[inst #566] lw x7,0(x6)
Register Write to Reg: 0x07 Val: 0x0000002B
[inst #567] slli x5,x22,2
Register Write to Reg: 0x05 Val: 0x00000000
[inst #568] addi x0,x0,0
Register Write to Reg: 0x00 Val: 0x00000000
[inst #569] addi x0,x0,0
Register Write to Reg: 0x00 Val: 0x00000000
[inst #570] addi x0,x0,0
Register Write to Reg: 0x00 Val: 0x00000000
[inst #571] add x6,x20,x5
Register Write to Reg: 0x06 Val: 0x7FFFEF98
[inst #572] addi x0,x0,0
Register Write to Reg: 0x00 Val: 0x00000000
[inst #573] addi x0,x0,0
Register Write to Reg: 0x00 Val: 0x00000000
[inst #574] addi x0,x0,0
Register Write to Reg: 0x00 Val: 0x00000000
[inst #575] lw x28,0(x6)
Register Write to Reg: 0x1C Val: 0x00000003
[inst #576] addi x0,x0,0
Register Write to Reg: 0x00 Val: 0x00000000
[inst #577] addi x0,x0,0
Register Write to Reg: 0x00 Val: 0x00000000
[inst #578] addi x0,x0,0
Register Write to Reg: 0x00 Val: 0x00000000
[inst #579] blt x28,x7,72
[inst #580] slli x5,x23,2
Register Write to Reg: 0x05 Val: 0x00000000
[inst #581] addi x0,x0,0
Register Write to Reg: 0x00 Val: 0x00000000
[inst #582] addi x0,x0,0
Register Write to Reg: 0x00 Val: 0x00000000
[inst #583] addi x0,x0,0
Register Write to Reg: 0x00 Val: 0x00000000
[inst #584] add x6,x8,x5
Register Write to Reg: 0x06 Val: 0x10010008
[inst #585] addi x0,x0,0
Register Write to Reg: 0x00 Val: 0x00000000
[inst #586] addi x0,x0,0
Register Write to Reg: 0x00 Val: 0x00000000
[inst #587] addi x0,x0,0
Register Write to Reg: 0x00 Val: 0x00000000
[inst #588] sw x28,0(x6)
Memory Write to Addr: 0x10010008 Val: 0x00000003
[inst #589] addi x22,x22,1
Register Write to Reg: 0x16 Val: 0x00000001
[inst #590] addi x23,x23,1
Register Write to Reg: 0x17 Val: 0x00000001
[inst #591] jal x0,-232
Register Write to Reg: 0x00 Val: 0x004003F8
[inst #592] bge x21,x18,360
[inst #593] addi x0,x0,0
Register Write to Reg: 0x00 Val: 0x00000000
[inst #594] addi x0,x0,0
Register Write to Reg: 0x00 Val: 0x00000000
[inst #595] addi x0,x0,0
Register Write to Reg: 0x00 Val: 0x00000000
[inst #596] bge x22,x14,232
[inst #597] bge x21,x18,224
[inst #598] addi x0,x0,0
Register Write to Reg: 0x00 Val: 0x00000000
[inst #599] addi x0,x0,0
Register Write to Reg: 0x00 Val: 0x00000000
[inst #600] addi x0,x0,0
Register Write to Reg: 0x00 Val: 0x00000000
[inst #601] slli x5,x21,2
Register Write to Reg: 0x05 Val: 0x00000000
[inst #602] addi x0,x0,0
Register Write to Reg: 0x00 Val: 0x00000000
[inst #603] addi x0,x0,0
Register Write to Reg: 0x00 Val: 0x00000000
[inst #604] addi x0,x0,0
Register Write to Reg: 0x00 Val: 0x00000000
[inst #605] add x6,x19,x5
Register Write to Reg: 0x06 Val: 0x7FFFEF94
[inst #606] addi x0,x0,0
Register Write to Reg: 0x00 Val: 0x00000000
[inst #607] addi x0,x0,0
Register Write to Reg: 0x00 Val: 0x00000000
[inst #608] addi x0,x0,0
Register Write to Reg: 0x00 Val: 0x00000000
[inst #609] lw x7,0(x6)
Register Write to Reg: 0x07 Val: 0x0000002B
[inst #610] slli x5,x23,2
Register Write to Reg: 0x05 Val: 0x00000004
[inst #611] addi x0,x0,0
Register Write to Reg: 0x00 Val: 0x00000000
[inst #612] addi x0,x0,0
Register Write to Reg: 0x00 Val: 0x00000000
[inst #613] addi x0,x0,0
Register Write to Reg: 0x00 Val: 0x00000000
[inst #614] add x6,x8,x5
Register Write to Reg: 0x06 Val: 0x1001000C
[inst #615] addi x0,x0,0
Register Write to Reg: 0x00 Val: 0x00000000
[inst #616] addi x0,x0,0
Register Write to Reg: 0x00 Val: 0x00000000
[inst #617] addi x0,x0,0
Register Write to Reg: 0x00 Val: 0x00000000
[inst #618] sw x7,0(x6)
Memory Write to Addr: 0x1001000C Val: 0x0000002B
[inst #619] addi x21,x21,1
Register Write to Reg: 0x15 Val: 0x00000001
[inst #620] addi x23,x23,1
Register Write to Reg: 0x17 Val: 0x00000002
[inst #621] jal x0,-96
Register Write to Reg: 0x00 Val: 0x00400468
[inst #622] bge x21,x18,224
[inst #623] lw x1,28(x2)
Register Write to Reg: 0x01 Val: 0x00400270
[inst #624] lw x8,24(x2)
Register Write to Reg: 0x08 Val: 0x10010008
[inst #625] lw x18,20(x2)
Register Write to Reg: 0x12 Val: 0x00000001
[inst #626] lw x19,16(x2)
Register Write to Reg: 0x13 Val: 0x00000000
[inst #627] lw x20,12(x2)
Register Write to Reg: 0x14 Val: 0x00000000
[inst #628] lw x21,8(x2)
Register Write to Reg: 0x15 Val: 0x00000000
[inst #629] lw x22,4(x2)
Register Write to Reg: 0x16 Val: 0x00000000
[inst #630] lw x23,0(x2)
Register Write to Reg: 0x17 Val: 0x00000000
[inst #631] addi x2,x2,32
Register Write to Reg: 0x02 Val: 0x7FFFEF94
[inst #632] jalr x0,x1,0
Register Write to Reg: 0x00 Val: 0x0040050C
[inst #633] addi x0,x0,0
Register Write to Reg: 0x00 Val: 0x00000000
[inst #634] addi x0,x0,0
Register Write to Reg: 0x00 Val: 0x00000000
[inst #635] addi x0,x0,0
Register Write to Reg: 0x00 Val: 0x00000000
[inst #636] slli x5,x9,2
Register Write to Reg: 0x05 Val: 0x00000008
[inst #637] addi x0,x0,0
Register Write to Reg: 0x00 Val: 0x00000000
[inst #638] addi x0,x0,0
Register Write to Reg: 0x00 Val: 0x00000000
[inst #639] addi x0,x0,0
Register Write to Reg: 0x00 Val: 0x00000000
[inst #640] add x2,x2,x5
Register Write to Reg: 0x02 Val: 0x7FFFEF9C
[inst #641] addi x0,x0,0
Register Write to Reg: 0x00 Val: 0x00000000
[inst #642] addi x0,x0,0
Register Write to Reg: 0x00 Val: 0x00000000
[inst #643] addi x0,x0,0
Register Write to Reg: 0x00 Val: 0x00000000
[inst #644] lw x1,28(x2)
Register Write to Reg: 0x01 Val: 0x0040011C
[inst #645] lw x8,24(x2)
Register Write to Reg: 0x08 Val: 0x10010000
[inst #646] lw x9,20(x2)
Register Write to Reg: 0x09 Val: 0x00000004
[inst #647] lw x18,16(x2)
Register Write to Reg: 0x12 Val: 0x00000002
[inst #648] addi x2,x2,32
Register Write to Reg: 0x02 Val: 0x7FFFEFBC
[inst #649] jalr x0,x1,0
Register Write to Reg: 0x00 Val: 0x004002B4
[inst #650] addi x0,x0,0
Register Write to Reg: 0x00 Val: 0x00000000
[inst #651] addi x0,x0,0
Register Write to Reg: 0x00 Val: 0x00000000
[inst #652] addi x0,x0,0
Register Write to Reg: 0x00 Val: 0x00000000
[inst #653] slli x5,x9,2
Register Write to Reg: 0x05 Val: 0x00000010
[inst #654] addi x0,x0,0
Register Write to Reg: 0x00 Val: 0x00000000
[inst #655] addi x0,x0,0
Register Write to Reg: 0x00 Val: 0x00000000
[inst #656] addi x0,x0,0
Register Write to Reg: 0x00 Val: 0x00000000
[inst #657] sub x2,x2,x5
Register Write to Reg: 0x02 Val: 0x7FFFEFAC
[inst #658] addi x0,x0,0
Register Write to Reg: 0x00 Val: 0x00000000
[inst #659] addi x0,x0,0
Register Write to Reg: 0x00 Val: 0x00000000
[inst #660] addi x0,x0,0
Register Write to Reg: 0x00 Val: 0x00000000
[inst #661] add x6,x0,x2
Register Write to Reg: 0x06 Val: 0x7FFFEFAC
[inst #662] slli x7,x18,2
Register Write to Reg: 0x07 Val: 0x00000008
[inst #663] addi x0,x0,0
Register Write to Reg: 0x00 Val: 0x00000000
[inst #664] addi x0,x0,0
Register Write to Reg: 0x00 Val: 0x00000000
[inst #665] addi x0,x0,0
Register Write to Reg: 0x00 Val: 0x00000000
[inst #666] add x28,x6,x7
Register Write to Reg: 0x1C Val: 0x7FFFEFB4
[inst #667] addi x29,x0,0
Register Write to Reg: 0x1D Val: 0x00000000
[inst #668] addi x0,x0,0
Register Write to Reg: 0x00 Val: 0x00000000
[inst #669] addi x0,x0,0
Register Write to Reg: 0x00 Val: 0x00000000
[inst #670] addi x0,x0,0
Register Write to Reg: 0x00 Val: 0x00000000
[inst #671] bge x29,x18,100
[inst #672] addi x0,x0,0
Register Write to Reg: 0x00 Val: 0x00000000
[inst #673] addi x0,x0,0
Register Write to Reg: 0x00 Val: 0x00000000
[inst #674] addi x0,x0,0
Register Write to Reg: 0x00 Val: 0x00000000
[inst #675] slli x30,x29,2
Register Write to Reg: 0x1E Val: 0x00000000
[inst #676] addi x0,x0,0
Register Write to Reg: 0x00 Val: 0x00000000
[inst #677] addi x0,x0,0
Register Write to Reg: 0x00 Val: 0x00000000
[inst #678] addi x0,x0,0
Register Write to Reg: 0x00 Val: 0x00000000
[inst #679] add x31,x8,x30
Register Write to Reg: 0x1F Val: 0x10010000
[inst #680] addi x0,x0,0
Register Write to Reg: 0x00 Val: 0x00000000
[inst #681] addi x0,x0,0
Register Write to Reg: 0x00 Val: 0x00000000
[inst #682] addi x0,x0,0
Register Write to Reg: 0x00 Val: 0x00000000
[inst #683] lw x10,0(x31)
Register Write to Reg: 0x0A Val: 0x0000001B
[inst #684] add x31,x6,x30
Register Write to Reg: 0x1F Val: 0x7FFFEFAC
[inst #685] addi x0,x0,0
Register Write to Reg: 0x00 Val: 0x00000000
[inst #686] addi x0,x0,0
Register Write to Reg: 0x00 Val: 0x00000000
[inst #687] addi x0,x0,0
Register Write to Reg: 0x00 Val: 0x00000000
[inst #688] sw x10,0(x31)
Memory Write to Addr: 0x7FFFEFAC Val: 0x0000001B
[inst #689] addi x29,x29,1
Register Write to Reg: 0x1D Val: 0x00000001
[inst #690] addi x0,x0,0
Register Write to Reg: 0x00 Val: 0x00000000
[inst #691] addi x0,x0,0
Register Write to Reg: 0x00 Val: 0x00000000
[inst #692] jal x0,-96
Register Write to Reg: 0x00 Val: 0x004001C8
[inst #693] addi x0,x0,0
Register Write to Reg: 0x00 Val: 0x00000000
[inst #694] addi x0,x0,0
Register Write to Reg: 0x00 Val: 0x00000000
[inst #695] addi x0,x0,0
Register Write to Reg: 0x00 Val: 0x00000000
[inst #696] bge x29,x18,100
[inst #697] addi x0,x0,0
Register Write to Reg: 0x00 Val: 0x00000000
[inst #698] addi x0,x0,0
Register Write to Reg: 0x00 Val: 0x00000000
[inst #699] addi x0,x0,0
Register Write to Reg: 0x00 Val: 0x00000000
[inst #700] slli x30,x29,2
Register Write to Reg: 0x1E Val: 0x00000004
[inst #701] addi x0,x0,0
Register Write to Reg: 0x00 Val: 0x00000000
[inst #702] addi x0,x0,0
Register Write to Reg: 0x00 Val: 0x00000000
[inst #703] addi x0,x0,0
Register Write to Reg: 0x00 Val: 0x00000000
[inst #704] add x31,x8,x30
Register Write to Reg: 0x1F Val: 0x10010004
[inst #705] addi x0,x0,0
Register Write to Reg: 0x00 Val: 0x00000000
[inst #706] addi x0,x0,0
Register Write to Reg: 0x00 Val: 0x00000000
[inst #707] addi x0,x0,0
Register Write to Reg: 0x00 Val: 0x00000000
[inst #708] lw x10,0(x31)
Register Write to Reg: 0x0A Val: 0x00000026
[inst #709] add x31,x6,x30
Register Write to Reg: 0x1F Val: 0x7FFFEFB0
[inst #710] addi x0,x0,0
Register Write to Reg: 0x00 Val: 0x00000000
[inst #711] addi x0,x0,0
Register Write to Reg: 0x00 Val: 0x00000000
[inst #712] addi x0,x0,0
Register Write to Reg: 0x00 Val: 0x00000000
[inst #713] sw x10,0(x31)
Memory Write to Addr: 0x7FFFEFB0 Val: 0x00000026
[inst #714] addi x29,x29,1
Register Write to Reg: 0x1D Val: 0x00000002
[inst #715] addi x0,x0,0
Register Write to Reg: 0x00 Val: 0x00000000
[inst #716] addi x0,x0,0
Register Write to Reg: 0x00 Val: 0x00000000
[inst #717] jal x0,-96
Register Write to Reg: 0x00 Val: 0x004001C8
[inst #718] addi x0,x0,0
Register Write to Reg: 0x00 Val: 0x00000000
[inst #719] addi x0,x0,0
Register Write to Reg: 0x00 Val: 0x00000000
[inst #720] addi x0,x0,0
Register Write to Reg: 0x00 Val: 0x00000000
[inst #721] bge x29,x18,100
[inst #722] sub x5,x9,x18
Register Write to Reg: 0x05 Val: 0x00000002
[inst #723] addi x29,x0,0
Register Write to Reg: 0x1D Val: 0x00000000
[inst #724] bge x29,x5,124
[inst #725] addi x0,x0,0
Register Write to Reg: 0x00 Val: 0x00000000
[inst #726] addi x0,x0,0
Register Write to Reg: 0x00 Val: 0x00000000
[inst #727] addi x0,x0,0
Register Write to Reg: 0x00 Val: 0x00000000
[inst #728] add x30,x18,x29
Register Write to Reg: 0x1E Val: 0x00000002
[inst #729] addi x0,x0,0
Register Write to Reg: 0x00 Val: 0x00000000
[inst #730] addi x0,x0,0
Register Write to Reg: 0x00 Val: 0x00000000
[inst #731] addi x0,x0,0
Register Write to Reg: 0x00 Val: 0x00000000
[inst #732] slli x30,x30,2
Register Write to Reg: 0x1E Val: 0x00000008
[inst #733] addi x0,x0,0
Register Write to Reg: 0x00 Val: 0x00000000
[inst #734] addi x0,x0,0
Register Write to Reg: 0x00 Val: 0x00000000
[inst #735] addi x0,x0,0
Register Write to Reg: 0x00 Val: 0x00000000
[inst #736] add x31,x8,x30
Register Write to Reg: 0x1F Val: 0x10010008
[inst #737] addi x0,x0,0
Register Write to Reg: 0x00 Val: 0x00000000
[inst #738] addi x0,x0,0
Register Write to Reg: 0x00 Val: 0x00000000
[inst #739] addi x0,x0,0
Register Write to Reg: 0x00 Val: 0x00000000
[inst #740] lw x10,0(x31)
Register Write to Reg: 0x0A Val: 0x00000003
[inst #741] slli x30,x29,2
Register Write to Reg: 0x1E Val: 0x00000000
[inst #742] addi x0,x0,0
Register Write to Reg: 0x00 Val: 0x00000000
[inst #743] addi x0,x0,0
Register Write to Reg: 0x00 Val: 0x00000000
[inst #744] addi x0,x0,0
Register Write to Reg: 0x00 Val: 0x00000000
[inst #745] add x31,x28,x30
Register Write to Reg: 0x1F Val: 0x7FFFEFB4
[inst #746] addi x0,x0,0
Register Write to Reg: 0x00 Val: 0x00000000
[inst #747] addi x0,x0,0
Register Write to Reg: 0x00 Val: 0x00000000
[inst #748] addi x0,x0,0
Register Write to Reg: 0x00 Val: 0x00000000
[inst #749] sw x10,0(x31)
Memory Write to Addr: 0x7FFFEFB4 Val: 0x00000003
[inst #750] addi x29,x29,1
Register Write to Reg: 0x1D Val: 0x00000001
[inst #751] jal x0,-108
Register Write to Reg: 0x00 Val: 0x0040024C
[inst #752] bge x29,x5,124
[inst #753] addi x0,x0,0
Register Write to Reg: 0x00 Val: 0x00000000
[inst #754] addi x0,x0,0
Register Write to Reg: 0x00 Val: 0x00000000
[inst #755] addi x0,x0,0
Register Write to Reg: 0x00 Val: 0x00000000
[inst #756] add x30,x18,x29
Register Write to Reg: 0x1E Val: 0x00000003
[inst #757] addi x0,x0,0
Register Write to Reg: 0x00 Val: 0x00000000
[inst #758] addi x0,x0,0
Register Write to Reg: 0x00 Val: 0x00000000
[inst #759] addi x0,x0,0
Register Write to Reg: 0x00 Val: 0x00000000
[inst #760] slli x30,x30,2
Register Write to Reg: 0x1E Val: 0x0000000C
[inst #761] addi x0,x0,0
Register Write to Reg: 0x00 Val: 0x00000000
[inst #762] addi x0,x0,0
Register Write to Reg: 0x00 Val: 0x00000000
[inst #763] addi x0,x0,0
Register Write to Reg: 0x00 Val: 0x00000000
[inst #764] add x31,x8,x30
Register Write to Reg: 0x1F Val: 0x1001000C
[inst #765] addi x0,x0,0
Register Write to Reg: 0x00 Val: 0x00000000
[inst #766] addi x0,x0,0
Register Write to Reg: 0x00 Val: 0x00000000
[inst #767] addi x0,x0,0
Register Write to Reg: 0x00 Val: 0x00000000
[inst #768] lw x10,0(x31)
Register Write to Reg: 0x0A Val: 0x0000002B
[inst #769] slli x30,x29,2
Register Write to Reg: 0x1E Val: 0x00000004
[inst #770] addi x0,x0,0
Register Write to Reg: 0x00 Val: 0x00000000
[inst #771] addi x0,x0,0
Register Write to Reg: 0x00 Val: 0x00000000
[inst #772] addi x0,x0,0
Register Write to Reg: 0x00 Val: 0x00000000
[inst #773] add x31,x28,x30
Register Write to Reg: 0x1F Val: 0x7FFFEFB8
[inst #774] addi x0,x0,0
Register Write to Reg: 0x00 Val: 0x00000000
[inst #775] addi x0,x0,0
Register Write to Reg: 0x00 Val: 0x00000000
[inst #776] addi x0,x0,0
Register Write to Reg: 0x00 Val: 0x00000000
[inst #777] sw x10,0(x31)
Memory Write to Addr: 0x7FFFEFB8 Val: 0x0000002B
[inst #778] addi x29,x29,1
Register Write to Reg: 0x1D Val: 0x00000002
[inst #779] jal x0,-108
Register Write to Reg: 0x00 Val: 0x0040024C
[inst #780] bge x29,x5,124
[inst #781] add x10,x0,x8
Register Write to Reg: 0x0A Val: 0x10010000
[inst #782] add x11,x0,x6
Register Write to Reg: 0x0B Val: 0x7FFFEFAC
[inst #783] add x12,x0,x28
Register Write to Reg: 0x0C Val: 0x7FFFEFB4
[inst #784] add x13,x0,x18
Register Write to Reg: 0x0D Val: 0x00000002
[inst #785] sub x14,x9,x18
Register Write to Reg: 0x0E Val: 0x00000002
[inst #786] jal x1,84
Register Write to Reg: 0x01 Val: 0x00400270
[inst #787] addi x2,x2,-32
Register Write to Reg: 0x02 Val: 0x7FFFEF8C
[inst #788] addi x0,x0,0
Register Write to Reg: 0x00 Val: 0x00000000
[inst #789] addi x0,x0,0
Register Write to Reg: 0x00 Val: 0x00000000
[inst #790] addi x0,x0,0
Register Write to Reg: 0x00 Val: 0x00000000
[inst #791] sw x1,28(x2)
Memory Write to Addr: 0x7FFFEFA8 Val: 0x00400270
[inst #792] sw x8,24(x2)
Memory Write to Addr: 0x7FFFEFA4 Val: 0x10010000
[inst #793] sw x18,20(x2)
Memory Write to Addr: 0x7FFFEFA0 Val: 0x00000002
[inst #794] sw x19,16(x2)
Memory Write to Addr: 0x7FFFEF9C Val: 0x00000000
[inst #795] sw x20,12(x2)
Memory Write to Addr: 0x7FFFEF98 Val: 0x00000000
[inst #796] sw x21,8(x2)
Memory Write to Addr: 0x7FFFEF94 Val: 0x00000000
[inst #797] sw x22,4(x2)
Memory Write to Addr: 0x7FFFEF90 Val: 0x00000000
[inst #798] sw x23,0(x2)
Memory Write to Addr: 0x7FFFEF8C Val: 0x00000000
[inst #799] add x8,x0,x10
Register Write to Reg: 0x08 Val: 0x10010000
[inst #800] add x19,x0,x11
Register Write to Reg: 0x13 Val: 0x7FFFEFAC
[inst #801] add x20,x0,x12
Register Write to Reg: 0x14 Val: 0x7FFFEFB4
[inst #802] add x18,x0,x13
Register Write to Reg: 0x12 Val: 0x00000002
[inst #803] addi x21,x0,0
Register Write to Reg: 0x15 Val: 0x00000000
[inst #804] addi x22,x0,0
Register Write to Reg: 0x16 Val: 0x00000000
[inst #805] addi x29,x0,0
Register Write to Reg: 0x1D Val: 0x00000000
[inst #806] bge x21,x18,360
[inst #807] addi x0,x0,0
Register Write to Reg: 0x00 Val: 0x00000000
[inst #808] addi x0,x0,0
Register Write to Reg: 0x00 Val: 0x00000000
[inst #809] addi x0,x0,0
Register Write to Reg: 0x00 Val: 0x00000000
[inst #810] bge x22,x14,232
[inst #811] addi x0,x0,0
Register Write to Reg: 0x00 Val: 0x00000000
[inst #812] addi x0,x0,0
Register Write to Reg: 0x00 Val: 0x00000000
[inst #813] addi x0,x0,0
Register Write to Reg: 0x00 Val: 0x00000000
[inst #814] slli x5,x21,2
Register Write to Reg: 0x05 Val: 0x00000000
[inst #815] addi x0,x0,0
Register Write to Reg: 0x00 Val: 0x00000000
[inst #816] addi x0,x0,0
Register Write to Reg: 0x00 Val: 0x00000000
[inst #817] addi x0,x0,0
Register Write to Reg: 0x00 Val: 0x00000000
[inst #818] add x6,x19,x5
Register Write to Reg: 0x06 Val: 0x7FFFEFAC
[inst #819] addi x0,x0,0
Register Write to Reg: 0x00 Val: 0x00000000
[inst #820] addi x0,x0,0
Register Write to Reg: 0x00 Val: 0x00000000
[inst #821] addi x0,x0,0
Register Write to Reg: 0x00 Val: 0x00000000
[inst #822] lw x7,0(x6)
Register Write to Reg: 0x07 Val: 0x0000001B
[inst #823] slli x5,x22,2
Register Write to Reg: 0x05 Val: 0x00000000
[inst #824] addi x0,x0,0
Register Write to Reg: 0x00 Val: 0x00000000
[inst #825] addi x0,x0,0
Register Write to Reg: 0x00 Val: 0x00000000
[inst #826] addi x0,x0,0
Register Write to Reg: 0x00 Val: 0x00000000
[inst #827] add x6,x20,x5
Register Write to Reg: 0x06 Val: 0x7FFFEFB4
[inst #828] addi x0,x0,0
Register Write to Reg: 0x00 Val: 0x00000000
[inst #829] addi x0,x0,0
Register Write to Reg: 0x00 Val: 0x00000000
[inst #830] addi x0,x0,0
Register Write to Reg: 0x00 Val: 0x00000000
[inst #831] lw x28,0(x6)
Register Write to Reg: 0x1C Val: 0x00000003
[inst #832] addi x0,x0,0
Register Write to Reg: 0x00 Val: 0x00000000
[inst #833] addi x0,x0,0
Register Write to Reg: 0x00 Val: 0x00000000
[inst #834] addi x0,x0,0
Register Write to Reg: 0x00 Val: 0x00000000
[inst #835] blt x28,x7,72
[inst #836] slli x5,x23,2
Register Write to Reg: 0x05 Val: 0x00000000
[inst #837] addi x0,x0,0
Register Write to Reg: 0x00 Val: 0x00000000
[inst #838] addi x0,x0,0
Register Write to Reg: 0x00 Val: 0x00000000
[inst #839] addi x0,x0,0
Register Write to Reg: 0x00 Val: 0x00000000
[inst #840] add x6,x8,x5
Register Write to Reg: 0x06 Val: 0x10010000
[inst #841] addi x0,x0,0
Register Write to Reg: 0x00 Val: 0x00000000
[inst #842] addi x0,x0,0
Register Write to Reg: 0x00 Val: 0x00000000
[inst #843] addi x0,x0,0
Register Write to Reg: 0x00 Val: 0x00000000
[inst #844] sw x28,0(x6)
Memory Write to Addr: 0x10010000 Val: 0x00000003
[inst #845] addi x22,x22,1
Register Write to Reg: 0x16 Val: 0x00000001
[inst #846] addi x23,x23,1
Register Write to Reg: 0x17 Val: 0x00000001
[inst #847] jal x0,-232
Register Write to Reg: 0x00 Val: 0x004003F8
[inst #848] bge x21,x18,360
[inst #849] addi x0,x0,0
Register Write to Reg: 0x00 Val: 0x00000000
[inst #850] addi x0,x0,0
Register Write to Reg: 0x00 Val: 0x00000000
[inst #851] addi x0,x0,0
Register Write to Reg: 0x00 Val: 0x00000000
[inst #852] bge x22,x14,232
[inst #853] addi x0,x0,0
Register Write to Reg: 0x00 Val: 0x00000000
[inst #854] addi x0,x0,0
Register Write to Reg: 0x00 Val: 0x00000000
[inst #855] addi x0,x0,0
Register Write to Reg: 0x00 Val: 0x00000000
[inst #856] slli x5,x21,2
Register Write to Reg: 0x05 Val: 0x00000000
[inst #857] addi x0,x0,0
Register Write to Reg: 0x00 Val: 0x00000000
[inst #858] addi x0,x0,0
Register Write to Reg: 0x00 Val: 0x00000000
[inst #859] addi x0,x0,0
Register Write to Reg: 0x00 Val: 0x00000000
[inst #860] add x6,x19,x5
Register Write to Reg: 0x06 Val: 0x7FFFEFAC
[inst #861] addi x0,x0,0
Register Write to Reg: 0x00 Val: 0x00000000
[inst #862] addi x0,x0,0
Register Write to Reg: 0x00 Val: 0x00000000
[inst #863] addi x0,x0,0
Register Write to Reg: 0x00 Val: 0x00000000
[inst #864] lw x7,0(x6)
Register Write to Reg: 0x07 Val: 0x0000001B
[inst #865] slli x5,x22,2
Register Write to Reg: 0x05 Val: 0x00000004
[inst #866] addi x0,x0,0
Register Write to Reg: 0x00 Val: 0x00000000
[inst #867] addi x0,x0,0
Register Write to Reg: 0x00 Val: 0x00000000
[inst #868] addi x0,x0,0
Register Write to Reg: 0x00 Val: 0x00000000
[inst #869] add x6,x20,x5
Register Write to Reg: 0x06 Val: 0x7FFFEFB8
[inst #870] addi x0,x0,0
Register Write to Reg: 0x00 Val: 0x00000000
[inst #871] addi x0,x0,0
Register Write to Reg: 0x00 Val: 0x00000000
[inst #872] addi x0,x0,0
Register Write to Reg: 0x00 Val: 0x00000000
[inst #873] lw x28,0(x6)
Register Write to Reg: 0x1C Val: 0x0000002B
[inst #874] addi x0,x0,0
Register Write to Reg: 0x00 Val: 0x00000000
[inst #875] addi x0,x0,0
Register Write to Reg: 0x00 Val: 0x00000000
[inst #876] addi x0,x0,0
Register Write to Reg: 0x00 Val: 0x00000000
[inst #877] blt x28,x7,72
[inst #878] addi x0,x0,0
Register Write to Reg: 0x00 Val: 0x00000000
[inst #879] addi x0,x0,0
Register Write to Reg: 0x00 Val: 0x00000000
[inst #880] addi x0,x0,0
Register Write to Reg: 0x00 Val: 0x00000000
[inst #881] slli x5,x23,2
Register Write to Reg: 0x05 Val: 0x00000004
[inst #882] addi x0,x0,0
Register Write to Reg: 0x00 Val: 0x00000000
[inst #883] addi x0,x0,0
Register Write to Reg: 0x00 Val: 0x00000000
[inst #884] addi x0,x0,0
Register Write to Reg: 0x00 Val: 0x00000000
[inst #885] add x6,x8,x5
Register Write to Reg: 0x06 Val: 0x10010004
[inst #886] addi x0,x0,0
Register Write to Reg: 0x00 Val: 0x00000000
[inst #887] addi x0,x0,0
Register Write to Reg: 0x00 Val: 0x00000000
[inst #888] addi x0,x0,0
Register Write to Reg: 0x00 Val: 0x00000000
[inst #889] sw x7,0(x6)
Memory Write to Addr: 0x10010004 Val: 0x0000001B
[inst #890] addi x21,x21,1
Register Write to Reg: 0x15 Val: 0x00000001
[inst #891] jal x0,56
Register Write to Reg: 0x00 Val: 0x004003BC
[inst #892] addi x23,x23,1
Register Write to Reg: 0x17 Val: 0x00000002
[inst #893] jal x0,-232
Register Write to Reg: 0x00 Val: 0x004003F8
[inst #894] bge x21,x18,360
[inst #895] addi x0,x0,0
Register Write to Reg: 0x00 Val: 0x00000000
[inst #896] addi x0,x0,0
Register Write to Reg: 0x00 Val: 0x00000000
[inst #897] addi x0,x0,0
Register Write to Reg: 0x00 Val: 0x00000000
[inst #898] bge x22,x14,232
[inst #899] addi x0,x0,0
Register Write to Reg: 0x00 Val: 0x00000000
[inst #900] addi x0,x0,0
Register Write to Reg: 0x00 Val: 0x00000000
[inst #901] addi x0,x0,0
Register Write to Reg: 0x00 Val: 0x00000000
[inst #902] slli x5,x21,2
Register Write to Reg: 0x05 Val: 0x00000004
[inst #903] addi x0,x0,0
Register Write to Reg: 0x00 Val: 0x00000000
[inst #904] addi x0,x0,0
Register Write to Reg: 0x00 Val: 0x00000000
[inst #905] addi x0,x0,0
Register Write to Reg: 0x00 Val: 0x00000000
[inst #906] add x6,x19,x5
Register Write to Reg: 0x06 Val: 0x7FFFEFB0
[inst #907] addi x0,x0,0
Register Write to Reg: 0x00 Val: 0x00000000
[inst #908] addi x0,x0,0
Register Write to Reg: 0x00 Val: 0x00000000
[inst #909] addi x0,x0,0
Register Write to Reg: 0x00 Val: 0x00000000
[inst #910] lw x7,0(x6)
Register Write to Reg: 0x07 Val: 0x00000026
[inst #911] slli x5,x22,2
Register Write to Reg: 0x05 Val: 0x00000004
[inst #912] addi x0,x0,0
Register Write to Reg: 0x00 Val: 0x00000000
[inst #913] addi x0,x0,0
Register Write to Reg: 0x00 Val: 0x00000000
[inst #914] addi x0,x0,0
Register Write to Reg: 0x00 Val: 0x00000000
[inst #915] add x6,x20,x5
Register Write to Reg: 0x06 Val: 0x7FFFEFB8
[inst #916] addi x0,x0,0
Register Write to Reg: 0x00 Val: 0x00000000
[inst #917] addi x0,x0,0
Register Write to Reg: 0x00 Val: 0x00000000
[inst #918] addi x0,x0,0
Register Write to Reg: 0x00 Val: 0x00000000
[inst #919] lw x28,0(x6)
Register Write to Reg: 0x1C Val: 0x0000002B
[inst #920] addi x0,x0,0
Register Write to Reg: 0x00 Val: 0x00000000
[inst #921] addi x0,x0,0
Register Write to Reg: 0x00 Val: 0x00000000
[inst #922] addi x0,x0,0
Register Write to Reg: 0x00 Val: 0x00000000
[inst #923] blt x28,x7,72
[inst #924] addi x0,x0,0
Register Write to Reg: 0x00 Val: 0x00000000
[inst #925] addi x0,x0,0
Register Write to Reg: 0x00 Val: 0x00000000
[inst #926] addi x0,x0,0
Register Write to Reg: 0x00 Val: 0x00000000
[inst #927] slli x5,x23,2
Register Write to Reg: 0x05 Val: 0x00000008
[inst #928] addi x0,x0,0
Register Write to Reg: 0x00 Val: 0x00000000
[inst #929] addi x0,x0,0
Register Write to Reg: 0x00 Val: 0x00000000
[inst #930] addi x0,x0,0
Register Write to Reg: 0x00 Val: 0x00000000
[inst #931] add x6,x8,x5
Register Write to Reg: 0x06 Val: 0x10010008
[inst #932] addi x0,x0,0
Register Write to Reg: 0x00 Val: 0x00000000
[inst #933] addi x0,x0,0
Register Write to Reg: 0x00 Val: 0x00000000
[inst #934] addi x0,x0,0
Register Write to Reg: 0x00 Val: 0x00000000
[inst #935] sw x7,0(x6)
Memory Write to Addr: 0x10010008 Val: 0x00000026
[inst #936] addi x21,x21,1
Register Write to Reg: 0x15 Val: 0x00000002
[inst #937] jal x0,56
Register Write to Reg: 0x00 Val: 0x004003BC
[inst #938] addi x23,x23,1
Register Write to Reg: 0x17 Val: 0x00000003
[inst #939] jal x0,-232
Register Write to Reg: 0x00 Val: 0x004003F8
[inst #940] bge x21,x18,360
[inst #941] bge x22,x14,112
[inst #942] addi x0,x0,0
Register Write to Reg: 0x00 Val: 0x00000000
[inst #943] addi x0,x0,0
Register Write to Reg: 0x00 Val: 0x00000000
[inst #944] addi x0,x0,0
Register Write to Reg: 0x00 Val: 0x00000000
[inst #945] slli x5,x22,2
Register Write to Reg: 0x05 Val: 0x00000004
[inst #946] addi x0,x0,0
Register Write to Reg: 0x00 Val: 0x00000000
[inst #947] addi x0,x0,0
Register Write to Reg: 0x00 Val: 0x00000000
[inst #948] addi x0,x0,0
Register Write to Reg: 0x00 Val: 0x00000000
[inst #949] add x6,x20,x5
Register Write to Reg: 0x06 Val: 0x7FFFEFB8
[inst #950] addi x0,x0,0
Register Write to Reg: 0x00 Val: 0x00000000
[inst #951] addi x0,x0,0
Register Write to Reg: 0x00 Val: 0x00000000
[inst #952] addi x0,x0,0
Register Write to Reg: 0x00 Val: 0x00000000
[inst #953] lw x28,0(x6)
Register Write to Reg: 0x1C Val: 0x0000002B
[inst #954] slli x5,x23,2
Register Write to Reg: 0x05 Val: 0x0000000C
[inst #955] addi x0,x0,0
Register Write to Reg: 0x00 Val: 0x00000000
[inst #956] addi x0,x0,0
Register Write to Reg: 0x00 Val: 0x00000000
[inst #957] addi x0,x0,0
Register Write to Reg: 0x00 Val: 0x00000000
[inst #958] add x6,x8,x5
Register Write to Reg: 0x06 Val: 0x1001000C
[inst #959] addi x0,x0,0
Register Write to Reg: 0x00 Val: 0x00000000
[inst #960] addi x0,x0,0
Register Write to Reg: 0x00 Val: 0x00000000
[inst #961] addi x0,x0,0
Register Write to Reg: 0x00 Val: 0x00000000
[inst #962] sw x28,0(x6)
Memory Write to Addr: 0x1001000C Val: 0x0000002B
[inst #963] addi x22,x22,1
Register Write to Reg: 0x16 Val: 0x00000002
[inst #964] addi x23,x23,1
Register Write to Reg: 0x17 Val: 0x00000004
[inst #965] jal x0,-96
Register Write to Reg: 0x00 Val: 0x004004D8
[inst #966] bge x22,x14,112
[inst #967] lw x1,28(x2)
Register Write to Reg: 0x01 Val: 0x00400270
[inst #968] lw x8,24(x2)
Register Write to Reg: 0x08 Val: 0x10010000
[inst #969] lw x18,20(x2)
Register Write to Reg: 0x12 Val: 0x00000002
[inst #970] lw x19,16(x2)
Register Write to Reg: 0x13 Val: 0x00000000
[inst #971] lw x20,12(x2)
Register Write to Reg: 0x14 Val: 0x00000000
[inst #972] lw x21,8(x2)
Register Write to Reg: 0x15 Val: 0x00000000
[inst #973] lw x22,4(x2)
Register Write to Reg: 0x16 Val: 0x00000000
[inst #974] lw x23,0(x2)
Register Write to Reg: 0x17 Val: 0x00000000
[inst #975] addi x2,x2,32
Register Write to Reg: 0x02 Val: 0x7FFFEFAC
[inst #976] jalr x0,x1,0
Register Write to Reg: 0x00 Val: 0x0040050C
[inst #977] addi x0,x0,0
Register Write to Reg: 0x00 Val: 0x00000000
[inst #978] addi x0,x0,0
Register Write to Reg: 0x00 Val: 0x00000000
[inst #979] addi x0,x0,0
Register Write to Reg: 0x00 Val: 0x00000000
[inst #980] slli x5,x9,2
Register Write to Reg: 0x05 Val: 0x00000010
[inst #981] addi x0,x0,0
Register Write to Reg: 0x00 Val: 0x00000000
[inst #982] addi x0,x0,0
Register Write to Reg: 0x00 Val: 0x00000000
[inst #983] addi x0,x0,0
Register Write to Reg: 0x00 Val: 0x00000000
[inst #984] add x2,x2,x5
Register Write to Reg: 0x02 Val: 0x7FFFEFBC
[inst #985] addi x0,x0,0
Register Write to Reg: 0x00 Val: 0x00000000
[inst #986] addi x0,x0,0
Register Write to Reg: 0x00 Val: 0x00000000
[inst #987] addi x0,x0,0
Register Write to Reg: 0x00 Val: 0x00000000
[inst #988] lw x1,28(x2)
Register Write to Reg: 0x01 Val: 0x004000E0
[inst #989] lw x8,24(x2)
Register Write to Reg: 0x08 Val: 0x10010000
[inst #990] lw x9,20(x2)
Register Write to Reg: 0x09 Val: 0x00000008
[inst #991] lw x18,16(x2)
Register Write to Reg: 0x12 Val: 0x00000004
[inst #992] addi x2,x2,32
Register Write to Reg: 0x02 Val: 0x7FFFEFDC
[inst #993] jalr x0,x1,0
Register Write to Reg: 0x00 Val: 0x004002B4
[inst #994] addi x0,x0,0
Register Write to Reg: 0x00 Val: 0x00000000
[inst #995] addi x0,x0,0
Register Write to Reg: 0x00 Val: 0x00000000
[inst #996] addi x0,x0,0
Register Write to Reg: 0x00 Val: 0x00000000
[inst #997] sub x5,x9,x18
Register Write to Reg: 0x05 Val: 0x00000004
[inst #998] slli x6,x18,2
Register Write to Reg: 0x06 Val: 0x00000010
[inst #999] addi x0,x0,0
Register Write to Reg: 0x00 Val: 0x00000000
[inst #1000] addi x0,x0,0
Register Write to Reg: 0x00 Val: 0x00000000
[inst #1001] addi x0,x0,0
Register Write to Reg: 0x00 Val: 0x00000000
[inst #1002] add x7,x8,x6
Register Write to Reg: 0x07 Val: 0x10010010
[inst #1003] addi x0,x0,0
Register Write to Reg: 0x00 Val: 0x00000000
[inst #1004] addi x0,x0,0
Register Write to Reg: 0x00 Val: 0x00000000
[inst #1005] addi x0,x0,0
Register Write to Reg: 0x00 Val: 0x00000000
[inst #1006] add x10,x0,x7
Register Write to Reg: 0x0A Val: 0x10010010
[inst #1007] add x11,x0,x5
Register Write to Reg: 0x0B Val: 0x00000004
[inst #1008] jal x1,-192
Register Write to Reg: 0x01 Val: 0x0040011C
[inst #1009] addi x0,x0,0
Register Write to Reg: 0x00 Val: 0x00000000
[inst #1010] addi x0,x0,0
Register Write to Reg: 0x00 Val: 0x00000000
[inst #1011] addi x0,x0,0
Register Write to Reg: 0x00 Val: 0x00000000
[inst #1012] addi x0,x0,0
Register Write to Reg: 0x00 Val: 0x00000000
[inst #1013] addi x0,x0,0
Register Write to Reg: 0x00 Val: 0x00000000
[inst #1014] addi x0,x0,0
Register Write to Reg: 0x00 Val: 0x00000000
[inst #1015] addi x5,x0,1
Register Write to Reg: 0x05 Val: 0x00000001
[inst #1016] addi x0,x0,0
Register Write to Reg: 0x00 Val: 0x00000000
[inst #1017] addi x0,x0,0
Register Write to Reg: 0x00 Val: 0x00000000
[inst #1018] addi x0,x0,0
Register Write to Reg: 0x00 Val: 0x00000000
[inst #1019] bge x5,x11,560
[inst #1020] addi x0,x0,0
Register Write to Reg: 0x00 Val: 0x00000000
[inst #1021] addi x0,x0,0
Register Write to Reg: 0x00 Val: 0x00000000
[inst #1022] addi x0,x0,0
Register Write to Reg: 0x00 Val: 0x00000000
[inst #1023] addi x2,x2,-32
Register Write to Reg: 0x02 Val: 0x7FFFEFBC
[inst #1024] addi x0,x0,0
Register Write to Reg: 0x00 Val: 0x00000000
[inst #1025] addi x0,x0,0
Register Write to Reg: 0x00 Val: 0x00000000
[inst #1026] addi x0,x0,0
Register Write to Reg: 0x00 Val: 0x00000000
[inst #1027] sw x1,28(x2)
Memory Write to Addr: 0x7FFFEFD8 Val: 0x0040011C
[inst #1028] sw x8,24(x2)
Memory Write to Addr: 0x7FFFEFD4 Val: 0x10010000
[inst #1029] sw x9,20(x2)
Memory Write to Addr: 0x7FFFEFD0 Val: 0x00000008
[inst #1030] sw x18,16(x2)
Memory Write to Addr: 0x7FFFEFCC Val: 0x00000004
[inst #1031] addi x0,x0,0
Register Write to Reg: 0x00 Val: 0x00000000
[inst #1032] addi x8,x10,0
Register Write to Reg: 0x08 Val: 0x10010010
[inst #1033] addi x9,x11,0
Register Write to Reg: 0x09 Val: 0x00000004
[inst #1034] addi x0,x0,0
Register Write to Reg: 0x00 Val: 0x00000000
[inst #1035] addi x0,x0,0
Register Write to Reg: 0x00 Val: 0x00000000
[inst #1036] addi x0,x0,0
Register Write to Reg: 0x00 Val: 0x00000000
[inst #1037] srai x18,x9,1
Register Write to Reg: 0x12 Val: 0x00000002
[inst #1038] addi x0,x0,0
Register Write to Reg: 0x00 Val: 0x00000000
[inst #1039] add x10,x0,x8
Register Write to Reg: 0x0A Val: 0x10010010
[inst #1040] addi x0,x0,0
Register Write to Reg: 0x00 Val: 0x00000000
[inst #1041] add x11,x0,x18
Register Write to Reg: 0x0B Val: 0x00000002
[inst #1042] jal x1,-132
Register Write to Reg: 0x01 Val: 0x004000E0
[inst #1043] addi x0,x0,0
Register Write to Reg: 0x00 Val: 0x00000000
[inst #1044] addi x0,x0,0
Register Write to Reg: 0x00 Val: 0x00000000
[inst #1045] addi x0,x0,0
Register Write to Reg: 0x00 Val: 0x00000000
[inst #1046] addi x0,x0,0
Register Write to Reg: 0x00 Val: 0x00000000
[inst #1047] addi x0,x0,0
Register Write to Reg: 0x00 Val: 0x00000000
[inst #1048] addi x0,x0,0
Register Write to Reg: 0x00 Val: 0x00000000
[inst #1049] addi x5,x0,1
Register Write to Reg: 0x05 Val: 0x00000001
[inst #1050] addi x0,x0,0
Register Write to Reg: 0x00 Val: 0x00000000
[inst #1051] addi x0,x0,0
Register Write to Reg: 0x00 Val: 0x00000000
[inst #1052] addi x0,x0,0
Register Write to Reg: 0x00 Val: 0x00000000
[inst #1053] bge x5,x11,560
[inst #1054] addi x0,x0,0
Register Write to Reg: 0x00 Val: 0x00000000
[inst #1055] addi x0,x0,0
Register Write to Reg: 0x00 Val: 0x00000000
[inst #1056] addi x0,x0,0
Register Write to Reg: 0x00 Val: 0x00000000
[inst #1057] addi x2,x2,-32
Register Write to Reg: 0x02 Val: 0x7FFFEF9C
[inst #1058] addi x0,x0,0
Register Write to Reg: 0x00 Val: 0x00000000
[inst #1059] addi x0,x0,0
Register Write to Reg: 0x00 Val: 0x00000000
[inst #1060] addi x0,x0,0
Register Write to Reg: 0x00 Val: 0x00000000
[inst #1061] sw x1,28(x2)
Memory Write to Addr: 0x7FFFEFB8 Val: 0x004000E0
[inst #1062] sw x8,24(x2)
Memory Write to Addr: 0x7FFFEFB4 Val: 0x10010010
[inst #1063] sw x9,20(x2)
Memory Write to Addr: 0x7FFFEFB0 Val: 0x00000004
[inst #1064] sw x18,16(x2)
Memory Write to Addr: 0x7FFFEFAC Val: 0x00000002
[inst #1065] addi x0,x0,0
Register Write to Reg: 0x00 Val: 0x00000000
[inst #1066] addi x8,x10,0
Register Write to Reg: 0x08 Val: 0x10010010
[inst #1067] addi x9,x11,0
Register Write to Reg: 0x09 Val: 0x00000002
[inst #1068] addi x0,x0,0
Register Write to Reg: 0x00 Val: 0x00000000
[inst #1069] addi x0,x0,0
Register Write to Reg: 0x00 Val: 0x00000000
[inst #1070] addi x0,x0,0
Register Write to Reg: 0x00 Val: 0x00000000
[inst #1071] srai x18,x9,1
Register Write to Reg: 0x12 Val: 0x00000001
[inst #1072] addi x0,x0,0
Register Write to Reg: 0x00 Val: 0x00000000
[inst #1073] add x10,x0,x8
Register Write to Reg: 0x0A Val: 0x10010010
[inst #1074] addi x0,x0,0
Register Write to Reg: 0x00 Val: 0x00000000
[inst #1075] add x11,x0,x18
Register Write to Reg: 0x0B Val: 0x00000001
[inst #1076] jal x1,-132
Register Write to Reg: 0x01 Val: 0x004000E0
[inst #1077] addi x0,x0,0
Register Write to Reg: 0x00 Val: 0x00000000
[inst #1078] addi x0,x0,0
Register Write to Reg: 0x00 Val: 0x00000000
[inst #1079] addi x0,x0,0
Register Write to Reg: 0x00 Val: 0x00000000
[inst #1080] addi x0,x0,0
Register Write to Reg: 0x00 Val: 0x00000000
[inst #1081] addi x0,x0,0
Register Write to Reg: 0x00 Val: 0x00000000
[inst #1082] addi x0,x0,0
Register Write to Reg: 0x00 Val: 0x00000000
[inst #1083] addi x5,x0,1
Register Write to Reg: 0x05 Val: 0x00000001
[inst #1084] addi x0,x0,0
Register Write to Reg: 0x00 Val: 0x00000000
[inst #1085] addi x0,x0,0
Register Write to Reg: 0x00 Val: 0x00000000
[inst #1086] addi x0,x0,0
Register Write to Reg: 0x00 Val: 0x00000000
[inst #1087] bge x5,x11,560
[inst #1088] jalr x0,x1,0
Register Write to Reg: 0x00 Val: 0x004002B4
[inst #1089] addi x0,x0,0
Register Write to Reg: 0x00 Val: 0x00000000
[inst #1090] addi x0,x0,0
Register Write to Reg: 0x00 Val: 0x00000000
[inst #1091] addi x0,x0,0
Register Write to Reg: 0x00 Val: 0x00000000
[inst #1092] sub x5,x9,x18
Register Write to Reg: 0x05 Val: 0x00000001
[inst #1093] slli x6,x18,2
Register Write to Reg: 0x06 Val: 0x00000004
[inst #1094] addi x0,x0,0
Register Write to Reg: 0x00 Val: 0x00000000
[inst #1095] addi x0,x0,0
Register Write to Reg: 0x00 Val: 0x00000000
[inst #1096] addi x0,x0,0
Register Write to Reg: 0x00 Val: 0x00000000
[inst #1097] add x7,x8,x6
Register Write to Reg: 0x07 Val: 0x10010014
[inst #1098] addi x0,x0,0
Register Write to Reg: 0x00 Val: 0x00000000
[inst #1099] addi x0,x0,0
Register Write to Reg: 0x00 Val: 0x00000000
[inst #1100] addi x0,x0,0
Register Write to Reg: 0x00 Val: 0x00000000
[inst #1101] add x10,x0,x7
Register Write to Reg: 0x0A Val: 0x10010014
[inst #1102] add x11,x0,x5
Register Write to Reg: 0x0B Val: 0x00000001
[inst #1103] jal x1,-192
Register Write to Reg: 0x01 Val: 0x0040011C
[inst #1104] addi x0,x0,0
Register Write to Reg: 0x00 Val: 0x00000000
[inst #1105] addi x0,x0,0
Register Write to Reg: 0x00 Val: 0x00000000
[inst #1106] addi x0,x0,0
Register Write to Reg: 0x00 Val: 0x00000000
[inst #1107] addi x0,x0,0
Register Write to Reg: 0x00 Val: 0x00000000
[inst #1108] addi x0,x0,0
Register Write to Reg: 0x00 Val: 0x00000000
[inst #1109] addi x0,x0,0
Register Write to Reg: 0x00 Val: 0x00000000
[inst #1110] addi x5,x0,1
Register Write to Reg: 0x05 Val: 0x00000001
[inst #1111] addi x0,x0,0
Register Write to Reg: 0x00 Val: 0x00000000
[inst #1112] addi x0,x0,0
Register Write to Reg: 0x00 Val: 0x00000000
[inst #1113] addi x0,x0,0
Register Write to Reg: 0x00 Val: 0x00000000
[inst #1114] bge x5,x11,560
[inst #1115] jalr x0,x1,0
Register Write to Reg: 0x00 Val: 0x004002B4
[inst #1116] addi x0,x0,0
Register Write to Reg: 0x00 Val: 0x00000000
[inst #1117] addi x0,x0,0
Register Write to Reg: 0x00 Val: 0x00000000
[inst #1118] addi x0,x0,0
Register Write to Reg: 0x00 Val: 0x00000000
[inst #1119] slli x5,x9,2
Register Write to Reg: 0x05 Val: 0x00000008
[inst #1120] addi x0,x0,0
Register Write to Reg: 0x00 Val: 0x00000000
[inst #1121] addi x0,x0,0
Register Write to Reg: 0x00 Val: 0x00000000
[inst #1122] addi x0,x0,0
Register Write to Reg: 0x00 Val: 0x00000000
[inst #1123] sub x2,x2,x5
Register Write to Reg: 0x02 Val: 0x7FFFEF94
[inst #1124] addi x0,x0,0
Register Write to Reg: 0x00 Val: 0x00000000
[inst #1125] addi x0,x0,0
Register Write to Reg: 0x00 Val: 0x00000000
[inst #1126] addi x0,x0,0
Register Write to Reg: 0x00 Val: 0x00000000
[inst #1127] add x6,x0,x2
Register Write to Reg: 0x06 Val: 0x7FFFEF94
[inst #1128] slli x7,x18,2
Register Write to Reg: 0x07 Val: 0x00000004
[inst #1129] addi x0,x0,0
Register Write to Reg: 0x00 Val: 0x00000000
[inst #1130] addi x0,x0,0
Register Write to Reg: 0x00 Val: 0x00000000
[inst #1131] addi x0,x0,0
Register Write to Reg: 0x00 Val: 0x00000000
[inst #1132] add x28,x6,x7
Register Write to Reg: 0x1C Val: 0x7FFFEF98
[inst #1133] addi x29,x0,0
Register Write to Reg: 0x1D Val: 0x00000000
[inst #1134] addi x0,x0,0
Register Write to Reg: 0x00 Val: 0x00000000
[inst #1135] addi x0,x0,0
Register Write to Reg: 0x00 Val: 0x00000000
[inst #1136] addi x0,x0,0
Register Write to Reg: 0x00 Val: 0x00000000
[inst #1137] bge x29,x18,100
[inst #1138] addi x0,x0,0
Register Write to Reg: 0x00 Val: 0x00000000
[inst #1139] addi x0,x0,0
Register Write to Reg: 0x00 Val: 0x00000000
[inst #1140] addi x0,x0,0
Register Write to Reg: 0x00 Val: 0x00000000
[inst #1141] slli x30,x29,2
Register Write to Reg: 0x1E Val: 0x00000000
[inst #1142] addi x0,x0,0
Register Write to Reg: 0x00 Val: 0x00000000
[inst #1143] addi x0,x0,0
Register Write to Reg: 0x00 Val: 0x00000000
[inst #1144] addi x0,x0,0
Register Write to Reg: 0x00 Val: 0x00000000
[inst #1145] add x31,x8,x30
Register Write to Reg: 0x1F Val: 0x10010010
[inst #1146] addi x0,x0,0
Register Write to Reg: 0x00 Val: 0x00000000
[inst #1147] addi x0,x0,0
Register Write to Reg: 0x00 Val: 0x00000000
[inst #1148] addi x0,x0,0
Register Write to Reg: 0x00 Val: 0x00000000
[inst #1149] lw x10,0(x31)
Register Write to Reg: 0x0A Val: 0x00000009
[inst #1150] add x31,x6,x30
Register Write to Reg: 0x1F Val: 0x7FFFEF94
[inst #1151] addi x0,x0,0
Register Write to Reg: 0x00 Val: 0x00000000
[inst #1152] addi x0,x0,0
Register Write to Reg: 0x00 Val: 0x00000000
[inst #1153] addi x0,x0,0
Register Write to Reg: 0x00 Val: 0x00000000
[inst #1154] sw x10,0(x31)
Memory Write to Addr: 0x7FFFEF94 Val: 0x00000009
[inst #1155] addi x29,x29,1
Register Write to Reg: 0x1D Val: 0x00000001
[inst #1156] addi x0,x0,0
Register Write to Reg: 0x00 Val: 0x00000000
[inst #1157] addi x0,x0,0
Register Write to Reg: 0x00 Val: 0x00000000
[inst #1158] jal x0,-96
Register Write to Reg: 0x00 Val: 0x004001C8
[inst #1159] addi x0,x0,0
Register Write to Reg: 0x00 Val: 0x00000000
[inst #1160] addi x0,x0,0
Register Write to Reg: 0x00 Val: 0x00000000
[inst #1161] addi x0,x0,0
Register Write to Reg: 0x00 Val: 0x00000000
[inst #1162] bge x29,x18,100
[inst #1163] sub x5,x9,x18
Register Write to Reg: 0x05 Val: 0x00000001
[inst #1164] addi x29,x0,0
Register Write to Reg: 0x1D Val: 0x00000000
[inst #1165] bge x29,x5,124
[inst #1166] addi x0,x0,0
Register Write to Reg: 0x00 Val: 0x00000000
[inst #1167] addi x0,x0,0
Register Write to Reg: 0x00 Val: 0x00000000
[inst #1168] addi x0,x0,0
Register Write to Reg: 0x00 Val: 0x00000000
[inst #1169] add x30,x18,x29
Register Write to Reg: 0x1E Val: 0x00000001
[inst #1170] addi x0,x0,0
Register Write to Reg: 0x00 Val: 0x00000000
[inst #1171] addi x0,x0,0
Register Write to Reg: 0x00 Val: 0x00000000
[inst #1172] addi x0,x0,0
Register Write to Reg: 0x00 Val: 0x00000000
[inst #1173] slli x30,x30,2
Register Write to Reg: 0x1E Val: 0x00000004
[inst #1174] addi x0,x0,0
Register Write to Reg: 0x00 Val: 0x00000000
[inst #1175] addi x0,x0,0
Register Write to Reg: 0x00 Val: 0x00000000
[inst #1176] addi x0,x0,0
Register Write to Reg: 0x00 Val: 0x00000000
[inst #1177] add x31,x8,x30
Register Write to Reg: 0x1F Val: 0x10010014
[inst #1178] addi x0,x0,0
Register Write to Reg: 0x00 Val: 0x00000000
[inst #1179] addi x0,x0,0
Register Write to Reg: 0x00 Val: 0x00000000
[inst #1180] addi x0,x0,0
Register Write to Reg: 0x00 Val: 0x00000000
[inst #1181] lw x10,0(x31)
Register Write to Reg: 0x0A Val: 0x00000052
[inst #1182] slli x30,x29,2
Register Write to Reg: 0x1E Val: 0x00000000
[inst #1183] addi x0,x0,0
Register Write to Reg: 0x00 Val: 0x00000000
[inst #1184] addi x0,x0,0
Register Write to Reg: 0x00 Val: 0x00000000
[inst #1185] addi x0,x0,0
Register Write to Reg: 0x00 Val: 0x00000000
[inst #1186] add x31,x28,x30
Register Write to Reg: 0x1F Val: 0x7FFFEF98
[inst #1187] addi x0,x0,0
Register Write to Reg: 0x00 Val: 0x00000000
[inst #1188] addi x0,x0,0
Register Write to Reg: 0x00 Val: 0x00000000
[inst #1189] addi x0,x0,0
Register Write to Reg: 0x00 Val: 0x00000000
[inst #1190] sw x10,0(x31)
Memory Write to Addr: 0x7FFFEF98 Val: 0x00000052
[inst #1191] addi x29,x29,1
Register Write to Reg: 0x1D Val: 0x00000001
[inst #1192] jal x0,-108
Register Write to Reg: 0x00 Val: 0x0040024C
[inst #1193] bge x29,x5,124
[inst #1194] add x10,x0,x8
Register Write to Reg: 0x0A Val: 0x10010010
[inst #1195] add x11,x0,x6
Register Write to Reg: 0x0B Val: 0x7FFFEF94
[inst #1196] add x12,x0,x28
Register Write to Reg: 0x0C Val: 0x7FFFEF98
[inst #1197] add x13,x0,x18
Register Write to Reg: 0x0D Val: 0x00000001
[inst #1198] sub x14,x9,x18
Register Write to Reg: 0x0E Val: 0x00000001
[inst #1199] jal x1,84
Register Write to Reg: 0x01 Val: 0x00400270
[inst #1200] addi x2,x2,-32
Register Write to Reg: 0x02 Val: 0x7FFFEF74
[inst #1201] addi x0,x0,0
Register Write to Reg: 0x00 Val: 0x00000000
[inst #1202] addi x0,x0,0
Register Write to Reg: 0x00 Val: 0x00000000
[inst #1203] addi x0,x0,0
Register Write to Reg: 0x00 Val: 0x00000000
[inst #1204] sw x1,28(x2)
Memory Write to Addr: 0x7FFFEF90 Val: 0x00400270
[inst #1205] sw x8,24(x2)
Memory Write to Addr: 0x7FFFEF8C Val: 0x10010010
[inst #1206] sw x18,20(x2)
Memory Write to Addr: 0x7FFFEF88 Val: 0x00000001
[inst #1207] sw x19,16(x2)
Memory Write to Addr: 0x7FFFEF84 Val: 0x00000000
[inst #1208] sw x20,12(x2)
Memory Write to Addr: 0x7FFFEF80 Val: 0x00000000
[inst #1209] sw x21,8(x2)
Memory Write to Addr: 0x7FFFEF7C Val: 0x00000000
[inst #1210] sw x22,4(x2)
Memory Write to Addr: 0x7FFFEF78 Val: 0x00000000
[inst #1211] sw x23,0(x2)
Memory Write to Addr: 0x7FFFEF74 Val: 0x00000000
[inst #1212] add x8,x0,x10
Register Write to Reg: 0x08 Val: 0x10010010
[inst #1213] add x19,x0,x11
Register Write to Reg: 0x13 Val: 0x7FFFEF94
[inst #1214] add x20,x0,x12
Register Write to Reg: 0x14 Val: 0x7FFFEF98
[inst #1215] add x18,x0,x13
Register Write to Reg: 0x12 Val: 0x00000001
[inst #1216] addi x21,x0,0
Register Write to Reg: 0x15 Val: 0x00000000
[inst #1217] addi x22,x0,0
Register Write to Reg: 0x16 Val: 0x00000000
[inst #1218] addi x29,x0,0
Register Write to Reg: 0x1D Val: 0x00000000
[inst #1219] bge x21,x18,360
[inst #1220] addi x0,x0,0
Register Write to Reg: 0x00 Val: 0x00000000
[inst #1221] addi x0,x0,0
Register Write to Reg: 0x00 Val: 0x00000000
[inst #1222] addi x0,x0,0
Register Write to Reg: 0x00 Val: 0x00000000
[inst #1223] bge x22,x14,232
[inst #1224] addi x0,x0,0
Register Write to Reg: 0x00 Val: 0x00000000
[inst #1225] addi x0,x0,0
Register Write to Reg: 0x00 Val: 0x00000000
[inst #1226] addi x0,x0,0
Register Write to Reg: 0x00 Val: 0x00000000
[inst #1227] slli x5,x21,2
Register Write to Reg: 0x05 Val: 0x00000000
[inst #1228] addi x0,x0,0
Register Write to Reg: 0x00 Val: 0x00000000
[inst #1229] addi x0,x0,0
Register Write to Reg: 0x00 Val: 0x00000000
[inst #1230] addi x0,x0,0
Register Write to Reg: 0x00 Val: 0x00000000
[inst #1231] add x6,x19,x5
Register Write to Reg: 0x06 Val: 0x7FFFEF94
[inst #1232] addi x0,x0,0
Register Write to Reg: 0x00 Val: 0x00000000
[inst #1233] addi x0,x0,0
Register Write to Reg: 0x00 Val: 0x00000000
[inst #1234] addi x0,x0,0
Register Write to Reg: 0x00 Val: 0x00000000
[inst #1235] lw x7,0(x6)
Register Write to Reg: 0x07 Val: 0x00000009
[inst #1236] slli x5,x22,2
Register Write to Reg: 0x05 Val: 0x00000000
[inst #1237] addi x0,x0,0
Register Write to Reg: 0x00 Val: 0x00000000
[inst #1238] addi x0,x0,0
Register Write to Reg: 0x00 Val: 0x00000000
[inst #1239] addi x0,x0,0
Register Write to Reg: 0x00 Val: 0x00000000
[inst #1240] add x6,x20,x5
Register Write to Reg: 0x06 Val: 0x7FFFEF98
[inst #1241] addi x0,x0,0
Register Write to Reg: 0x00 Val: 0x00000000
[inst #1242] addi x0,x0,0
Register Write to Reg: 0x00 Val: 0x00000000
[inst #1243] addi x0,x0,0
Register Write to Reg: 0x00 Val: 0x00000000
[inst #1244] lw x28,0(x6)
Register Write to Reg: 0x1C Val: 0x00000052
[inst #1245] addi x0,x0,0
Register Write to Reg: 0x00 Val: 0x00000000
[inst #1246] addi x0,x0,0
Register Write to Reg: 0x00 Val: 0x00000000
[inst #1247] addi x0,x0,0
Register Write to Reg: 0x00 Val: 0x00000000
[inst #1248] blt x28,x7,72
[inst #1249] addi x0,x0,0
Register Write to Reg: 0x00 Val: 0x00000000
[inst #1250] addi x0,x0,0
Register Write to Reg: 0x00 Val: 0x00000000
[inst #1251] addi x0,x0,0
Register Write to Reg: 0x00 Val: 0x00000000
[inst #1252] slli x5,x23,2
Register Write to Reg: 0x05 Val: 0x00000000
[inst #1253] addi x0,x0,0
Register Write to Reg: 0x00 Val: 0x00000000
[inst #1254] addi x0,x0,0
Register Write to Reg: 0x00 Val: 0x00000000
[inst #1255] addi x0,x0,0
Register Write to Reg: 0x00 Val: 0x00000000
[inst #1256] add x6,x8,x5
Register Write to Reg: 0x06 Val: 0x10010010
[inst #1257] addi x0,x0,0
Register Write to Reg: 0x00 Val: 0x00000000
[inst #1258] addi x0,x0,0
Register Write to Reg: 0x00 Val: 0x00000000
[inst #1259] addi x0,x0,0
Register Write to Reg: 0x00 Val: 0x00000000
[inst #1260] sw x7,0(x6)
Memory Write to Addr: 0x10010010 Val: 0x00000009
[inst #1261] addi x21,x21,1
Register Write to Reg: 0x15 Val: 0x00000001
[inst #1262] jal x0,56
Register Write to Reg: 0x00 Val: 0x004003BC
[inst #1263] addi x23,x23,1
Register Write to Reg: 0x17 Val: 0x00000001
[inst #1264] jal x0,-232
Register Write to Reg: 0x00 Val: 0x004003F8
[inst #1265] bge x21,x18,360
[inst #1266] bge x22,x14,112
[inst #1267] addi x0,x0,0
Register Write to Reg: 0x00 Val: 0x00000000
[inst #1268] addi x0,x0,0
Register Write to Reg: 0x00 Val: 0x00000000
[inst #1269] addi x0,x0,0
Register Write to Reg: 0x00 Val: 0x00000000
[inst #1270] slli x5,x22,2
Register Write to Reg: 0x05 Val: 0x00000000
[inst #1271] addi x0,x0,0
Register Write to Reg: 0x00 Val: 0x00000000
[inst #1272] addi x0,x0,0
Register Write to Reg: 0x00 Val: 0x00000000
[inst #1273] addi x0,x0,0
Register Write to Reg: 0x00 Val: 0x00000000
[inst #1274] add x6,x20,x5
Register Write to Reg: 0x06 Val: 0x7FFFEF98
[inst #1275] addi x0,x0,0
Register Write to Reg: 0x00 Val: 0x00000000
[inst #1276] addi x0,x0,0
Register Write to Reg: 0x00 Val: 0x00000000
[inst #1277] addi x0,x0,0
Register Write to Reg: 0x00 Val: 0x00000000
[inst #1278] lw x28,0(x6)
Register Write to Reg: 0x1C Val: 0x00000052
[inst #1279] slli x5,x23,2
Register Write to Reg: 0x05 Val: 0x00000004
[inst #1280] addi x0,x0,0
Register Write to Reg: 0x00 Val: 0x00000000
[inst #1281] addi x0,x0,0
Register Write to Reg: 0x00 Val: 0x00000000
[inst #1282] addi x0,x0,0
Register Write to Reg: 0x00 Val: 0x00000000
[inst #1283] add x6,x8,x5
Register Write to Reg: 0x06 Val: 0x10010014
[inst #1284] addi x0,x0,0
Register Write to Reg: 0x00 Val: 0x00000000
[inst #1285] addi x0,x0,0
Register Write to Reg: 0x00 Val: 0x00000000
[inst #1286] addi x0,x0,0
Register Write to Reg: 0x00 Val: 0x00000000
[inst #1287] sw x28,0(x6)
Memory Write to Addr: 0x10010014 Val: 0x00000052
[inst #1288] addi x22,x22,1
Register Write to Reg: 0x16 Val: 0x00000001
[inst #1289] addi x23,x23,1
Register Write to Reg: 0x17 Val: 0x00000002
[inst #1290] jal x0,-96
Register Write to Reg: 0x00 Val: 0x004004D8
[inst #1291] bge x22,x14,112
[inst #1292] lw x1,28(x2)
Register Write to Reg: 0x01 Val: 0x00400270
[inst #1293] lw x8,24(x2)
Register Write to Reg: 0x08 Val: 0x10010010
[inst #1294] lw x18,20(x2)
Register Write to Reg: 0x12 Val: 0x00000001
[inst #1295] lw x19,16(x2)
Register Write to Reg: 0x13 Val: 0x00000000
[inst #1296] lw x20,12(x2)
Register Write to Reg: 0x14 Val: 0x00000000
[inst #1297] lw x21,8(x2)
Register Write to Reg: 0x15 Val: 0x00000000
[inst #1298] lw x22,4(x2)
Register Write to Reg: 0x16 Val: 0x00000000
[inst #1299] lw x23,0(x2)
Register Write to Reg: 0x17 Val: 0x00000000
[inst #1300] addi x2,x2,32
Register Write to Reg: 0x02 Val: 0x7FFFEF94
[inst #1301] jalr x0,x1,0
Register Write to Reg: 0x00 Val: 0x0040050C
[inst #1302] addi x0,x0,0
Register Write to Reg: 0x00 Val: 0x00000000
[inst #1303] addi x0,x0,0
Register Write to Reg: 0x00 Val: 0x00000000
[inst #1304] addi x0,x0,0
Register Write to Reg: 0x00 Val: 0x00000000
[inst #1305] slli x5,x9,2
Register Write to Reg: 0x05 Val: 0x00000008
[inst #1306] addi x0,x0,0
Register Write to Reg: 0x00 Val: 0x00000000
[inst #1307] addi x0,x0,0
Register Write to Reg: 0x00 Val: 0x00000000
[inst #1308] addi x0,x0,0
Register Write to Reg: 0x00 Val: 0x00000000
[inst #1309] add x2,x2,x5
Register Write to Reg: 0x02 Val: 0x7FFFEF9C
[inst #1310] addi x0,x0,0
Register Write to Reg: 0x00 Val: 0x00000000
[inst #1311] addi x0,x0,0
Register Write to Reg: 0x00 Val: 0x00000000
[inst #1312] addi x0,x0,0
Register Write to Reg: 0x00 Val: 0x00000000
[inst #1313] lw x1,28(x2)
Register Write to Reg: 0x01 Val: 0x004000E0
[inst #1314] lw x8,24(x2)
Register Write to Reg: 0x08 Val: 0x10010010
[inst #1315] lw x9,20(x2)
Register Write to Reg: 0x09 Val: 0x00000004
[inst #1316] lw x18,16(x2)
Register Write to Reg: 0x12 Val: 0x00000002
[inst #1317] addi x2,x2,32
Register Write to Reg: 0x02 Val: 0x7FFFEFBC
[inst #1318] jalr x0,x1,0
Register Write to Reg: 0x00 Val: 0x004002B4
[inst #1319] addi x0,x0,0
Register Write to Reg: 0x00 Val: 0x00000000
[inst #1320] addi x0,x0,0
Register Write to Reg: 0x00 Val: 0x00000000
[inst #1321] addi x0,x0,0
Register Write to Reg: 0x00 Val: 0x00000000
[inst #1322] sub x5,x9,x18
Register Write to Reg: 0x05 Val: 0x00000002
[inst #1323] slli x6,x18,2
Register Write to Reg: 0x06 Val: 0x00000008
[inst #1324] addi x0,x0,0
Register Write to Reg: 0x00 Val: 0x00000000
[inst #1325] addi x0,x0,0
Register Write to Reg: 0x00 Val: 0x00000000
[inst #1326] addi x0,x0,0
Register Write to Reg: 0x00 Val: 0x00000000
[inst #1327] add x7,x8,x6
Register Write to Reg: 0x07 Val: 0x10010018
[inst #1328] addi x0,x0,0
Register Write to Reg: 0x00 Val: 0x00000000
[inst #1329] addi x0,x0,0
Register Write to Reg: 0x00 Val: 0x00000000
[inst #1330] addi x0,x0,0
Register Write to Reg: 0x00 Val: 0x00000000
[inst #1331] add x10,x0,x7
Register Write to Reg: 0x0A Val: 0x10010018
[inst #1332] add x11,x0,x5
Register Write to Reg: 0x0B Val: 0x00000002
[inst #1333] jal x1,-192
Register Write to Reg: 0x01 Val: 0x0040011C
[inst #1334] addi x0,x0,0
Register Write to Reg: 0x00 Val: 0x00000000
[inst #1335] addi x0,x0,0
Register Write to Reg: 0x00 Val: 0x00000000
[inst #1336] addi x0,x0,0
Register Write to Reg: 0x00 Val: 0x00000000
[inst #1337] addi x0,x0,0
Register Write to Reg: 0x00 Val: 0x00000000
[inst #1338] addi x0,x0,0
Register Write to Reg: 0x00 Val: 0x00000000
[inst #1339] addi x0,x0,0
Register Write to Reg: 0x00 Val: 0x00000000
[inst #1340] addi x5,x0,1
Register Write to Reg: 0x05 Val: 0x00000001
[inst #1341] addi x0,x0,0
Register Write to Reg: 0x00 Val: 0x00000000
[inst #1342] addi x0,x0,0
Register Write to Reg: 0x00 Val: 0x00000000
[inst #1343] addi x0,x0,0
Register Write to Reg: 0x00 Val: 0x00000000
[inst #1344] bge x5,x11,560
[inst #1345] addi x0,x0,0
Register Write to Reg: 0x00 Val: 0x00000000
[inst #1346] addi x0,x0,0
Register Write to Reg: 0x00 Val: 0x00000000
[inst #1347] addi x0,x0,0
Register Write to Reg: 0x00 Val: 0x00000000
[inst #1348] addi x2,x2,-32
Register Write to Reg: 0x02 Val: 0x7FFFEF9C
[inst #1349] addi x0,x0,0
Register Write to Reg: 0x00 Val: 0x00000000
[inst #1350] addi x0,x0,0
Register Write to Reg: 0x00 Val: 0x00000000
[inst #1351] addi x0,x0,0
Register Write to Reg: 0x00 Val: 0x00000000
[inst #1352] sw x1,28(x2)
Memory Write to Addr: 0x7FFFEFB8 Val: 0x0040011C
[inst #1353] sw x8,24(x2)
Memory Write to Addr: 0x7FFFEFB4 Val: 0x10010010
[inst #1354] sw x9,20(x2)
Memory Write to Addr: 0x7FFFEFB0 Val: 0x00000004
[inst #1355] sw x18,16(x2)
Memory Write to Addr: 0x7FFFEFAC Val: 0x00000002
[inst #1356] addi x0,x0,0
Register Write to Reg: 0x00 Val: 0x00000000
[inst #1357] addi x8,x10,0
Register Write to Reg: 0x08 Val: 0x10010018
[inst #1358] addi x9,x11,0
Register Write to Reg: 0x09 Val: 0x00000002
[inst #1359] addi x0,x0,0
Register Write to Reg: 0x00 Val: 0x00000000
[inst #1360] addi x0,x0,0
Register Write to Reg: 0x00 Val: 0x00000000
[inst #1361] addi x0,x0,0
Register Write to Reg: 0x00 Val: 0x00000000
[inst #1362] srai x18,x9,1
Register Write to Reg: 0x12 Val: 0x00000001
[inst #1363] addi x0,x0,0
Register Write to Reg: 0x00 Val: 0x00000000
[inst #1364] add x10,x0,x8
Register Write to Reg: 0x0A Val: 0x10010018
[inst #1365] addi x0,x0,0
Register Write to Reg: 0x00 Val: 0x00000000
[inst #1366] add x11,x0,x18
Register Write to Reg: 0x0B Val: 0x00000001
[inst #1367] jal x1,-132
Register Write to Reg: 0x01 Val: 0x004000E0
[inst #1368] addi x0,x0,0
Register Write to Reg: 0x00 Val: 0x00000000
[inst #1369] addi x0,x0,0
Register Write to Reg: 0x00 Val: 0x00000000
[inst #1370] addi x0,x0,0
Register Write to Reg: 0x00 Val: 0x00000000
[inst #1371] addi x0,x0,0
Register Write to Reg: 0x00 Val: 0x00000000
[inst #1372] addi x0,x0,0
Register Write to Reg: 0x00 Val: 0x00000000
[inst #1373] addi x0,x0,0
Register Write to Reg: 0x00 Val: 0x00000000
[inst #1374] addi x5,x0,1
Register Write to Reg: 0x05 Val: 0x00000001
[inst #1375] addi x0,x0,0
Register Write to Reg: 0x00 Val: 0x00000000
[inst #1376] addi x0,x0,0
Register Write to Reg: 0x00 Val: 0x00000000
[inst #1377] addi x0,x0,0
Register Write to Reg: 0x00 Val: 0x00000000
[inst #1378] bge x5,x11,560
[inst #1379] jalr x0,x1,0
Register Write to Reg: 0x00 Val: 0x004002B4
[inst #1380] addi x0,x0,0
Register Write to Reg: 0x00 Val: 0x00000000
[inst #1381] addi x0,x0,0
Register Write to Reg: 0x00 Val: 0x00000000
[inst #1382] addi x0,x0,0
Register Write to Reg: 0x00 Val: 0x00000000
[inst #1383] sub x5,x9,x18
Register Write to Reg: 0x05 Val: 0x00000001
[inst #1384] slli x6,x18,2
Register Write to Reg: 0x06 Val: 0x00000004
[inst #1385] addi x0,x0,0
Register Write to Reg: 0x00 Val: 0x00000000
[inst #1386] addi x0,x0,0
Register Write to Reg: 0x00 Val: 0x00000000
[inst #1387] addi x0,x0,0
Register Write to Reg: 0x00 Val: 0x00000000
[inst #1388] add x7,x8,x6
Register Write to Reg: 0x07 Val: 0x1001001C
[inst #1389] addi x0,x0,0
Register Write to Reg: 0x00 Val: 0x00000000
[inst #1390] addi x0,x0,0
Register Write to Reg: 0x00 Val: 0x00000000
[inst #1391] addi x0,x0,0
Register Write to Reg: 0x00 Val: 0x00000000
[inst #1392] add x10,x0,x7
Register Write to Reg: 0x0A Val: 0x1001001C
[inst #1393] add x11,x0,x5
Register Write to Reg: 0x0B Val: 0x00000001
[inst #1394] jal x1,-192
Register Write to Reg: 0x01 Val: 0x0040011C
[inst #1395] addi x0,x0,0
Register Write to Reg: 0x00 Val: 0x00000000
[inst #1396] addi x0,x0,0
Register Write to Reg: 0x00 Val: 0x00000000
[inst #1397] addi x0,x0,0
Register Write to Reg: 0x00 Val: 0x00000000
[inst #1398] addi x0,x0,0
Register Write to Reg: 0x00 Val: 0x00000000
[inst #1399] addi x0,x0,0
Register Write to Reg: 0x00 Val: 0x00000000
[inst #1400] addi x0,x0,0
Register Write to Reg: 0x00 Val: 0x00000000
[inst #1401] addi x5,x0,1
Register Write to Reg: 0x05 Val: 0x00000001
[inst #1402] addi x0,x0,0
Register Write to Reg: 0x00 Val: 0x00000000
[inst #1403] addi x0,x0,0
Register Write to Reg: 0x00 Val: 0x00000000
[inst #1404] addi x0,x0,0
Register Write to Reg: 0x00 Val: 0x00000000
[inst #1405] bge x5,x11,560
[inst #1406] jalr x0,x1,0
Register Write to Reg: 0x00 Val: 0x004002B4
[inst #1407] addi x0,x0,0
Register Write to Reg: 0x00 Val: 0x00000000
[inst #1408] addi x0,x0,0
Register Write to Reg: 0x00 Val: 0x00000000
[inst #1409] addi x0,x0,0
Register Write to Reg: 0x00 Val: 0x00000000
[inst #1410] slli x5,x9,2
Register Write to Reg: 0x05 Val: 0x00000008
[inst #1411] addi x0,x0,0
Register Write to Reg: 0x00 Val: 0x00000000
[inst #1412] addi x0,x0,0
Register Write to Reg: 0x00 Val: 0x00000000
[inst #1413] addi x0,x0,0
Register Write to Reg: 0x00 Val: 0x00000000
[inst #1414] sub x2,x2,x5
Register Write to Reg: 0x02 Val: 0x7FFFEF94
[inst #1415] addi x0,x0,0
Register Write to Reg: 0x00 Val: 0x00000000
[inst #1416] addi x0,x0,0
Register Write to Reg: 0x00 Val: 0x00000000
[inst #1417] addi x0,x0,0
Register Write to Reg: 0x00 Val: 0x00000000
[inst #1418] add x6,x0,x2
Register Write to Reg: 0x06 Val: 0x7FFFEF94
[inst #1419] slli x7,x18,2
Register Write to Reg: 0x07 Val: 0x00000004
[inst #1420] addi x0,x0,0
Register Write to Reg: 0x00 Val: 0x00000000
[inst #1421] addi x0,x0,0
Register Write to Reg: 0x00 Val: 0x00000000
[inst #1422] addi x0,x0,0
Register Write to Reg: 0x00 Val: 0x00000000
[inst #1423] add x28,x6,x7
Register Write to Reg: 0x1C Val: 0x7FFFEF98
[inst #1424] addi x29,x0,0
Register Write to Reg: 0x1D Val: 0x00000000
[inst #1425] addi x0,x0,0
Register Write to Reg: 0x00 Val: 0x00000000
[inst #1426] addi x0,x0,0
Register Write to Reg: 0x00 Val: 0x00000000
[inst #1427] addi x0,x0,0
Register Write to Reg: 0x00 Val: 0x00000000
[inst #1428] bge x29,x18,100
[inst #1429] addi x0,x0,0
Register Write to Reg: 0x00 Val: 0x00000000
[inst #1430] addi x0,x0,0
Register Write to Reg: 0x00 Val: 0x00000000
[inst #1431] addi x0,x0,0
Register Write to Reg: 0x00 Val: 0x00000000
[inst #1432] slli x30,x29,2
Register Write to Reg: 0x1E Val: 0x00000000
[inst #1433] addi x0,x0,0
Register Write to Reg: 0x00 Val: 0x00000000
[inst #1434] addi x0,x0,0
Register Write to Reg: 0x00 Val: 0x00000000
[inst #1435] addi x0,x0,0
Register Write to Reg: 0x00 Val: 0x00000000
[inst #1436] add x31,x8,x30
Register Write to Reg: 0x1F Val: 0x10010018
[inst #1437] addi x0,x0,0
Register Write to Reg: 0x00 Val: 0x00000000
[inst #1438] addi x0,x0,0
Register Write to Reg: 0x00 Val: 0x00000000
[inst #1439] addi x0,x0,0
Register Write to Reg: 0x00 Val: 0x00000000
[inst #1440] lw x10,0(x31)
Register Write to Reg: 0x0A Val: 0x0000000A
[inst #1441] add x31,x6,x30
Register Write to Reg: 0x1F Val: 0x7FFFEF94
[inst #1442] addi x0,x0,0
Register Write to Reg: 0x00 Val: 0x00000000
[inst #1443] addi x0,x0,0
Register Write to Reg: 0x00 Val: 0x00000000
[inst #1444] addi x0,x0,0
Register Write to Reg: 0x00 Val: 0x00000000
[inst #1445] sw x10,0(x31)
Memory Write to Addr: 0x7FFFEF94 Val: 0x0000000A
[inst #1446] addi x29,x29,1
Register Write to Reg: 0x1D Val: 0x00000001
[inst #1447] addi x0,x0,0
Register Write to Reg: 0x00 Val: 0x00000000
[inst #1448] addi x0,x0,0
Register Write to Reg: 0x00 Val: 0x00000000
[inst #1449] jal x0,-96
Register Write to Reg: 0x00 Val: 0x004001C8
[inst #1450] addi x0,x0,0
Register Write to Reg: 0x00 Val: 0x00000000
[inst #1451] addi x0,x0,0
Register Write to Reg: 0x00 Val: 0x00000000
[inst #1452] addi x0,x0,0
Register Write to Reg: 0x00 Val: 0x00000000
[inst #1453] bge x29,x18,100
[inst #1454] sub x5,x9,x18
Register Write to Reg: 0x05 Val: 0x00000001
[inst #1455] addi x29,x0,0
Register Write to Reg: 0x1D Val: 0x00000000
[inst #1456] bge x29,x5,124
[inst #1457] addi x0,x0,0
Register Write to Reg: 0x00 Val: 0x00000000
[inst #1458] addi x0,x0,0
Register Write to Reg: 0x00 Val: 0x00000000
[inst #1459] addi x0,x0,0
Register Write to Reg: 0x00 Val: 0x00000000
[inst #1460] add x30,x18,x29
Register Write to Reg: 0x1E Val: 0x00000001
[inst #1461] addi x0,x0,0
Register Write to Reg: 0x00 Val: 0x00000000
[inst #1462] addi x0,x0,0
Register Write to Reg: 0x00 Val: 0x00000000
[inst #1463] addi x0,x0,0
Register Write to Reg: 0x00 Val: 0x00000000
[inst #1464] slli x30,x30,2
Register Write to Reg: 0x1E Val: 0x00000004
[inst #1465] addi x0,x0,0
Register Write to Reg: 0x00 Val: 0x00000000
[inst #1466] addi x0,x0,0
Register Write to Reg: 0x00 Val: 0x00000000
[inst #1467] addi x0,x0,0
Register Write to Reg: 0x00 Val: 0x00000000
[inst #1468] add x31,x8,x30
Register Write to Reg: 0x1F Val: 0x1001001C
[inst #1469] addi x0,x0,0
Register Write to Reg: 0x00 Val: 0x00000000
[inst #1470] addi x0,x0,0
Register Write to Reg: 0x00 Val: 0x00000000
[inst #1471] addi x0,x0,0
Register Write to Reg: 0x00 Val: 0x00000000
[inst #1472] lw x10,0(x31)
Register Write to Reg: 0x0A Val: 0xFFFFFFFB
[inst #1473] slli x30,x29,2
Register Write to Reg: 0x1E Val: 0x00000000
[inst #1474] addi x0,x0,0
Register Write to Reg: 0x00 Val: 0x00000000
[inst #1475] addi x0,x0,0
Register Write to Reg: 0x00 Val: 0x00000000
[inst #1476] addi x0,x0,0
Register Write to Reg: 0x00 Val: 0x00000000
[inst #1477] add x31,x28,x30
Register Write to Reg: 0x1F Val: 0x7FFFEF98
[inst #1478] addi x0,x0,0
Register Write to Reg: 0x00 Val: 0x00000000
[inst #1479] addi x0,x0,0
Register Write to Reg: 0x00 Val: 0x00000000
[inst #1480] addi x0,x0,0
Register Write to Reg: 0x00 Val: 0x00000000
[inst #1481] sw x10,0(x31)
Memory Write to Addr: 0x7FFFEF98 Val: 0xFFFFFFFB
[inst #1482] addi x29,x29,1
Register Write to Reg: 0x1D Val: 0x00000001
[inst #1483] jal x0,-108
Register Write to Reg: 0x00 Val: 0x0040024C
[inst #1484] bge x29,x5,124
[inst #1485] add x10,x0,x8
Register Write to Reg: 0x0A Val: 0x10010018
[inst #1486] add x11,x0,x6
Register Write to Reg: 0x0B Val: 0x7FFFEF94
[inst #1487] add x12,x0,x28
Register Write to Reg: 0x0C Val: 0x7FFFEF98
[inst #1488] add x13,x0,x18
Register Write to Reg: 0x0D Val: 0x00000001
[inst #1489] sub x14,x9,x18
Register Write to Reg: 0x0E Val: 0x00000001
[inst #1490] jal x1,84
Register Write to Reg: 0x01 Val: 0x00400270
[inst #1491] addi x2,x2,-32
Register Write to Reg: 0x02 Val: 0x7FFFEF74
[inst #1492] addi x0,x0,0
Register Write to Reg: 0x00 Val: 0x00000000
[inst #1493] addi x0,x0,0
Register Write to Reg: 0x00 Val: 0x00000000
[inst #1494] addi x0,x0,0
Register Write to Reg: 0x00 Val: 0x00000000
[inst #1495] sw x1,28(x2)
Memory Write to Addr: 0x7FFFEF90 Val: 0x00400270
[inst #1496] sw x8,24(x2)
Memory Write to Addr: 0x7FFFEF8C Val: 0x10010018
[inst #1497] sw x18,20(x2)
Memory Write to Addr: 0x7FFFEF88 Val: 0x00000001
[inst #1498] sw x19,16(x2)
Memory Write to Addr: 0x7FFFEF84 Val: 0x00000000
[inst #1499] sw x20,12(x2)
Memory Write to Addr: 0x7FFFEF80 Val: 0x00000000
[inst #1500] sw x21,8(x2)
Memory Write to Addr: 0x7FFFEF7C Val: 0x00000000
[inst #1501] sw x22,4(x2)
Memory Write to Addr: 0x7FFFEF78 Val: 0x00000000
[inst #1502] sw x23,0(x2)
Memory Write to Addr: 0x7FFFEF74 Val: 0x00000000
[inst #1503] add x8,x0,x10
Register Write to Reg: 0x08 Val: 0x10010018
[inst #1504] add x19,x0,x11
Register Write to Reg: 0x13 Val: 0x7FFFEF94
[inst #1505] add x20,x0,x12
Register Write to Reg: 0x14 Val: 0x7FFFEF98
[inst #1506] add x18,x0,x13
Register Write to Reg: 0x12 Val: 0x00000001
[inst #1507] addi x21,x0,0
Register Write to Reg: 0x15 Val: 0x00000000
[inst #1508] addi x22,x0,0
Register Write to Reg: 0x16 Val: 0x00000000
[inst #1509] addi x29,x0,0
Register Write to Reg: 0x1D Val: 0x00000000
[inst #1510] bge x21,x18,360
[inst #1511] addi x0,x0,0
Register Write to Reg: 0x00 Val: 0x00000000
[inst #1512] addi x0,x0,0
Register Write to Reg: 0x00 Val: 0x00000000
[inst #1513] addi x0,x0,0
Register Write to Reg: 0x00 Val: 0x00000000
[inst #1514] bge x22,x14,232
[inst #1515] addi x0,x0,0
Register Write to Reg: 0x00 Val: 0x00000000
[inst #1516] addi x0,x0,0
Register Write to Reg: 0x00 Val: 0x00000000
[inst #1517] addi x0,x0,0
Register Write to Reg: 0x00 Val: 0x00000000
[inst #1518] slli x5,x21,2
Register Write to Reg: 0x05 Val: 0x00000000
[inst #1519] addi x0,x0,0
Register Write to Reg: 0x00 Val: 0x00000000
[inst #1520] addi x0,x0,0
Register Write to Reg: 0x00 Val: 0x00000000
[inst #1521] addi x0,x0,0
Register Write to Reg: 0x00 Val: 0x00000000
[inst #1522] add x6,x19,x5
Register Write to Reg: 0x06 Val: 0x7FFFEF94
[inst #1523] addi x0,x0,0
Register Write to Reg: 0x00 Val: 0x00000000
[inst #1524] addi x0,x0,0
Register Write to Reg: 0x00 Val: 0x00000000
[inst #1525] addi x0,x0,0
Register Write to Reg: 0x00 Val: 0x00000000
[inst #1526] lw x7,0(x6)
Register Write to Reg: 0x07 Val: 0x0000000A
[inst #1527] slli x5,x22,2
Register Write to Reg: 0x05 Val: 0x00000000
[inst #1528] addi x0,x0,0
Register Write to Reg: 0x00 Val: 0x00000000
[inst #1529] addi x0,x0,0
Register Write to Reg: 0x00 Val: 0x00000000
[inst #1530] addi x0,x0,0
Register Write to Reg: 0x00 Val: 0x00000000
[inst #1531] add x6,x20,x5
Register Write to Reg: 0x06 Val: 0x7FFFEF98
[inst #1532] addi x0,x0,0
Register Write to Reg: 0x00 Val: 0x00000000
[inst #1533] addi x0,x0,0
Register Write to Reg: 0x00 Val: 0x00000000
[inst #1534] addi x0,x0,0
Register Write to Reg: 0x00 Val: 0x00000000
[inst #1535] lw x28,0(x6)
Register Write to Reg: 0x1C Val: 0xFFFFFFFB
[inst #1536] addi x0,x0,0
Register Write to Reg: 0x00 Val: 0x00000000
[inst #1537] addi x0,x0,0
Register Write to Reg: 0x00 Val: 0x00000000
[inst #1538] addi x0,x0,0
Register Write to Reg: 0x00 Val: 0x00000000
[inst #1539] blt x28,x7,72
[inst #1540] slli x5,x23,2
Register Write to Reg: 0x05 Val: 0x00000000
[inst #1541] addi x0,x0,0
Register Write to Reg: 0x00 Val: 0x00000000
[inst #1542] addi x0,x0,0
Register Write to Reg: 0x00 Val: 0x00000000
[inst #1543] addi x0,x0,0
Register Write to Reg: 0x00 Val: 0x00000000
[inst #1544] add x6,x8,x5
Register Write to Reg: 0x06 Val: 0x10010018
[inst #1545] addi x0,x0,0
Register Write to Reg: 0x00 Val: 0x00000000
[inst #1546] addi x0,x0,0
Register Write to Reg: 0x00 Val: 0x00000000
[inst #1547] addi x0,x0,0
Register Write to Reg: 0x00 Val: 0x00000000
[inst #1548] sw x28,0(x6)
Memory Write to Addr: 0x10010018 Val: 0xFFFFFFFB
[inst #1549] addi x22,x22,1
Register Write to Reg: 0x16 Val: 0x00000001
[inst #1550] addi x23,x23,1
Register Write to Reg: 0x17 Val: 0x00000001
[inst #1551] jal x0,-232
Register Write to Reg: 0x00 Val: 0x004003F8
[inst #1552] bge x21,x18,360
[inst #1553] addi x0,x0,0
Register Write to Reg: 0x00 Val: 0x00000000
[inst #1554] addi x0,x0,0
Register Write to Reg: 0x00 Val: 0x00000000
[inst #1555] addi x0,x0,0
Register Write to Reg: 0x00 Val: 0x00000000
[inst #1556] bge x22,x14,232
[inst #1557] bge x21,x18,224
[inst #1558] addi x0,x0,0
Register Write to Reg: 0x00 Val: 0x00000000
[inst #1559] addi x0,x0,0
Register Write to Reg: 0x00 Val: 0x00000000
[inst #1560] addi x0,x0,0
Register Write to Reg: 0x00 Val: 0x00000000
[inst #1561] slli x5,x21,2
Register Write to Reg: 0x05 Val: 0x00000000
[inst #1562] addi x0,x0,0
Register Write to Reg: 0x00 Val: 0x00000000
[inst #1563] addi x0,x0,0
Register Write to Reg: 0x00 Val: 0x00000000
[inst #1564] addi x0,x0,0
Register Write to Reg: 0x00 Val: 0x00000000
[inst #1565] add x6,x19,x5
Register Write to Reg: 0x06 Val: 0x7FFFEF94
[inst #1566] addi x0,x0,0
Register Write to Reg: 0x00 Val: 0x00000000
[inst #1567] addi x0,x0,0
Register Write to Reg: 0x00 Val: 0x00000000
[inst #1568] addi x0,x0,0
Register Write to Reg: 0x00 Val: 0x00000000
[inst #1569] lw x7,0(x6)
Register Write to Reg: 0x07 Val: 0x0000000A
[inst #1570] slli x5,x23,2
Register Write to Reg: 0x05 Val: 0x00000004
[inst #1571] addi x0,x0,0
Register Write to Reg: 0x00 Val: 0x00000000
[inst #1572] addi x0,x0,0
Register Write to Reg: 0x00 Val: 0x00000000
[inst #1573] addi x0,x0,0
Register Write to Reg: 0x00 Val: 0x00000000
[inst #1574] add x6,x8,x5
Register Write to Reg: 0x06 Val: 0x1001001C
[inst #1575] addi x0,x0,0
Register Write to Reg: 0x00 Val: 0x00000000
[inst #1576] addi x0,x0,0
Register Write to Reg: 0x00 Val: 0x00000000
[inst #1577] addi x0,x0,0
Register Write to Reg: 0x00 Val: 0x00000000
[inst #1578] sw x7,0(x6)
Memory Write to Addr: 0x1001001C Val: 0x0000000A
[inst #1579] addi x21,x21,1
Register Write to Reg: 0x15 Val: 0x00000001
[inst #1580] addi x23,x23,1
Register Write to Reg: 0x17 Val: 0x00000002
[inst #1581] jal x0,-96
Register Write to Reg: 0x00 Val: 0x00400468
[inst #1582] bge x21,x18,224
[inst #1583] lw x1,28(x2)
Register Write to Reg: 0x01 Val: 0x00400270
[inst #1584] lw x8,24(x2)
Register Write to Reg: 0x08 Val: 0x10010018
[inst #1585] lw x18,20(x2)
Register Write to Reg: 0x12 Val: 0x00000001
[inst #1586] lw x19,16(x2)
Register Write to Reg: 0x13 Val: 0x00000000
[inst #1587] lw x20,12(x2)
Register Write to Reg: 0x14 Val: 0x00000000
[inst #1588] lw x21,8(x2)
Register Write to Reg: 0x15 Val: 0x00000000
[inst #1589] lw x22,4(x2)
Register Write to Reg: 0x16 Val: 0x00000000
[inst #1590] lw x23,0(x2)
Register Write to Reg: 0x17 Val: 0x00000000
[inst #1591] addi x2,x2,32
Register Write to Reg: 0x02 Val: 0x7FFFEF94
[inst #1592] jalr x0,x1,0
Register Write to Reg: 0x00 Val: 0x0040050C
[inst #1593] addi x0,x0,0
Register Write to Reg: 0x00 Val: 0x00000000
[inst #1594] addi x0,x0,0
Register Write to Reg: 0x00 Val: 0x00000000
[inst #1595] addi x0,x0,0
Register Write to Reg: 0x00 Val: 0x00000000
[inst #1596] slli x5,x9,2
Register Write to Reg: 0x05 Val: 0x00000008
[inst #1597] addi x0,x0,0
Register Write to Reg: 0x00 Val: 0x00000000
[inst #1598] addi x0,x0,0
Register Write to Reg: 0x00 Val: 0x00000000
[inst #1599] addi x0,x0,0
Register Write to Reg: 0x00 Val: 0x00000000
[inst #1600] add x2,x2,x5
Register Write to Reg: 0x02 Val: 0x7FFFEF9C
[inst #1601] addi x0,x0,0
Register Write to Reg: 0x00 Val: 0x00000000
[inst #1602] addi x0,x0,0
Register Write to Reg: 0x00 Val: 0x00000000
[inst #1603] addi x0,x0,0
Register Write to Reg: 0x00 Val: 0x00000000
[inst #1604] lw x1,28(x2)
Register Write to Reg: 0x01 Val: 0x0040011C
[inst #1605] lw x8,24(x2)
Register Write to Reg: 0x08 Val: 0x10010010
[inst #1606] lw x9,20(x2)
Register Write to Reg: 0x09 Val: 0x00000004
[inst #1607] lw x18,16(x2)
Register Write to Reg: 0x12 Val: 0x00000002
[inst #1608] addi x2,x2,32
Register Write to Reg: 0x02 Val: 0x7FFFEFBC
[inst #1609] jalr x0,x1,0
Register Write to Reg: 0x00 Val: 0x004002B4
[inst #1610] addi x0,x0,0
Register Write to Reg: 0x00 Val: 0x00000000
[inst #1611] addi x0,x0,0
Register Write to Reg: 0x00 Val: 0x00000000
[inst #1612] addi x0,x0,0
Register Write to Reg: 0x00 Val: 0x00000000
[inst #1613] slli x5,x9,2
Register Write to Reg: 0x05 Val: 0x00000010
[inst #1614] addi x0,x0,0
Register Write to Reg: 0x00 Val: 0x00000000
[inst #1615] addi x0,x0,0
Register Write to Reg: 0x00 Val: 0x00000000
[inst #1616] addi x0,x0,0
Register Write to Reg: 0x00 Val: 0x00000000
[inst #1617] sub x2,x2,x5
Register Write to Reg: 0x02 Val: 0x7FFFEFAC
[inst #1618] addi x0,x0,0
Register Write to Reg: 0x00 Val: 0x00000000
[inst #1619] addi x0,x0,0
Register Write to Reg: 0x00 Val: 0x00000000
[inst #1620] addi x0,x0,0
Register Write to Reg: 0x00 Val: 0x00000000
[inst #1621] add x6,x0,x2
Register Write to Reg: 0x06 Val: 0x7FFFEFAC
[inst #1622] slli x7,x18,2
Register Write to Reg: 0x07 Val: 0x00000008
[inst #1623] addi x0,x0,0
Register Write to Reg: 0x00 Val: 0x00000000
[inst #1624] addi x0,x0,0
Register Write to Reg: 0x00 Val: 0x00000000
[inst #1625] addi x0,x0,0
Register Write to Reg: 0x00 Val: 0x00000000
[inst #1626] add x28,x6,x7
Register Write to Reg: 0x1C Val: 0x7FFFEFB4
[inst #1627] addi x29,x0,0
Register Write to Reg: 0x1D Val: 0x00000000
[inst #1628] addi x0,x0,0
Register Write to Reg: 0x00 Val: 0x00000000
[inst #1629] addi x0,x0,0
Register Write to Reg: 0x00 Val: 0x00000000
[inst #1630] addi x0,x0,0
Register Write to Reg: 0x00 Val: 0x00000000
[inst #1631] bge x29,x18,100
[inst #1632] addi x0,x0,0
Register Write to Reg: 0x00 Val: 0x00000000
[inst #1633] addi x0,x0,0
Register Write to Reg: 0x00 Val: 0x00000000
[inst #1634] addi x0,x0,0
Register Write to Reg: 0x00 Val: 0x00000000
[inst #1635] slli x30,x29,2
Register Write to Reg: 0x1E Val: 0x00000000
[inst #1636] addi x0,x0,0
Register Write to Reg: 0x00 Val: 0x00000000
[inst #1637] addi x0,x0,0
Register Write to Reg: 0x00 Val: 0x00000000
[inst #1638] addi x0,x0,0
Register Write to Reg: 0x00 Val: 0x00000000
[inst #1639] add x31,x8,x30
Register Write to Reg: 0x1F Val: 0x10010010
[inst #1640] addi x0,x0,0
Register Write to Reg: 0x00 Val: 0x00000000
[inst #1641] addi x0,x0,0
Register Write to Reg: 0x00 Val: 0x00000000
[inst #1642] addi x0,x0,0
Register Write to Reg: 0x00 Val: 0x00000000
[inst #1643] lw x10,0(x31)
Register Write to Reg: 0x0A Val: 0x00000009
[inst #1644] add x31,x6,x30
Register Write to Reg: 0x1F Val: 0x7FFFEFAC
[inst #1645] addi x0,x0,0
Register Write to Reg: 0x00 Val: 0x00000000
[inst #1646] addi x0,x0,0
Register Write to Reg: 0x00 Val: 0x00000000
[inst #1647] addi x0,x0,0
Register Write to Reg: 0x00 Val: 0x00000000
[inst #1648] sw x10,0(x31)
Memory Write to Addr: 0x7FFFEFAC Val: 0x00000009
[inst #1649] addi x29,x29,1
Register Write to Reg: 0x1D Val: 0x00000001
[inst #1650] addi x0,x0,0
Register Write to Reg: 0x00 Val: 0x00000000
[inst #1651] addi x0,x0,0
Register Write to Reg: 0x00 Val: 0x00000000
[inst #1652] jal x0,-96
Register Write to Reg: 0x00 Val: 0x004001C8
[inst #1653] addi x0,x0,0
Register Write to Reg: 0x00 Val: 0x00000000
[inst #1654] addi x0,x0,0
Register Write to Reg: 0x00 Val: 0x00000000
[inst #1655] addi x0,x0,0
Register Write to Reg: 0x00 Val: 0x00000000
[inst #1656] bge x29,x18,100
[inst #1657] addi x0,x0,0
Register Write to Reg: 0x00 Val: 0x00000000
[inst #1658] addi x0,x0,0
Register Write to Reg: 0x00 Val: 0x00000000
[inst #1659] addi x0,x0,0
Register Write to Reg: 0x00 Val: 0x00000000
[inst #1660] slli x30,x29,2
Register Write to Reg: 0x1E Val: 0x00000004
[inst #1661] addi x0,x0,0
Register Write to Reg: 0x00 Val: 0x00000000
[inst #1662] addi x0,x0,0
Register Write to Reg: 0x00 Val: 0x00000000
[inst #1663] addi x0,x0,0
Register Write to Reg: 0x00 Val: 0x00000000
[inst #1664] add x31,x8,x30
Register Write to Reg: 0x1F Val: 0x10010014
[inst #1665] addi x0,x0,0
Register Write to Reg: 0x00 Val: 0x00000000
[inst #1666] addi x0,x0,0
Register Write to Reg: 0x00 Val: 0x00000000
[inst #1667] addi x0,x0,0
Register Write to Reg: 0x00 Val: 0x00000000
[inst #1668] lw x10,0(x31)
Register Write to Reg: 0x0A Val: 0x00000052
[inst #1669] add x31,x6,x30
Register Write to Reg: 0x1F Val: 0x7FFFEFB0
[inst #1670] addi x0,x0,0
Register Write to Reg: 0x00 Val: 0x00000000
[inst #1671] addi x0,x0,0
Register Write to Reg: 0x00 Val: 0x00000000
[inst #1672] addi x0,x0,0
Register Write to Reg: 0x00 Val: 0x00000000
[inst #1673] sw x10,0(x31)
Memory Write to Addr: 0x7FFFEFB0 Val: 0x00000052
[inst #1674] addi x29,x29,1
Register Write to Reg: 0x1D Val: 0x00000002
[inst #1675] addi x0,x0,0
Register Write to Reg: 0x00 Val: 0x00000000
[inst #1676] addi x0,x0,0
Register Write to Reg: 0x00 Val: 0x00000000
[inst #1677] jal x0,-96
Register Write to Reg: 0x00 Val: 0x004001C8
[inst #1678] addi x0,x0,0
Register Write to Reg: 0x00 Val: 0x00000000
[inst #1679] addi x0,x0,0
Register Write to Reg: 0x00 Val: 0x00000000
[inst #1680] addi x0,x0,0
Register Write to Reg: 0x00 Val: 0x00000000
[inst #1681] bge x29,x18,100
[inst #1682] sub x5,x9,x18
Register Write to Reg: 0x05 Val: 0x00000002
[inst #1683] addi x29,x0,0
Register Write to Reg: 0x1D Val: 0x00000000
[inst #1684] bge x29,x5,124
[inst #1685] addi x0,x0,0
Register Write to Reg: 0x00 Val: 0x00000000
[inst #1686] addi x0,x0,0
Register Write to Reg: 0x00 Val: 0x00000000
[inst #1687] addi x0,x0,0
Register Write to Reg: 0x00 Val: 0x00000000
[inst #1688] add x30,x18,x29
Register Write to Reg: 0x1E Val: 0x00000002
[inst #1689] addi x0,x0,0
Register Write to Reg: 0x00 Val: 0x00000000
[inst #1690] addi x0,x0,0
Register Write to Reg: 0x00 Val: 0x00000000
[inst #1691] addi x0,x0,0
Register Write to Reg: 0x00 Val: 0x00000000
[inst #1692] slli x30,x30,2
Register Write to Reg: 0x1E Val: 0x00000008
[inst #1693] addi x0,x0,0
Register Write to Reg: 0x00 Val: 0x00000000
[inst #1694] addi x0,x0,0
Register Write to Reg: 0x00 Val: 0x00000000
[inst #1695] addi x0,x0,0
Register Write to Reg: 0x00 Val: 0x00000000
[inst #1696] add x31,x8,x30
Register Write to Reg: 0x1F Val: 0x10010018
[inst #1697] addi x0,x0,0
Register Write to Reg: 0x00 Val: 0x00000000
[inst #1698] addi x0,x0,0
Register Write to Reg: 0x00 Val: 0x00000000
[inst #1699] addi x0,x0,0
Register Write to Reg: 0x00 Val: 0x00000000
[inst #1700] lw x10,0(x31)
Register Write to Reg: 0x0A Val: 0xFFFFFFFB
[inst #1701] slli x30,x29,2
Register Write to Reg: 0x1E Val: 0x00000000
[inst #1702] addi x0,x0,0
Register Write to Reg: 0x00 Val: 0x00000000
[inst #1703] addi x0,x0,0
Register Write to Reg: 0x00 Val: 0x00000000
[inst #1704] addi x0,x0,0
Register Write to Reg: 0x00 Val: 0x00000000
[inst #1705] add x31,x28,x30
Register Write to Reg: 0x1F Val: 0x7FFFEFB4
[inst #1706] addi x0,x0,0
Register Write to Reg: 0x00 Val: 0x00000000
[inst #1707] addi x0,x0,0
Register Write to Reg: 0x00 Val: 0x00000000
[inst #1708] addi x0,x0,0
Register Write to Reg: 0x00 Val: 0x00000000
[inst #1709] sw x10,0(x31)
Memory Write to Addr: 0x7FFFEFB4 Val: 0xFFFFFFFB
[inst #1710] addi x29,x29,1
Register Write to Reg: 0x1D Val: 0x00000001
[inst #1711] jal x0,-108
Register Write to Reg: 0x00 Val: 0x0040024C
[inst #1712] bge x29,x5,124
[inst #1713] addi x0,x0,0
Register Write to Reg: 0x00 Val: 0x00000000
[inst #1714] addi x0,x0,0
Register Write to Reg: 0x00 Val: 0x00000000
[inst #1715] addi x0,x0,0
Register Write to Reg: 0x00 Val: 0x00000000
[inst #1716] add x30,x18,x29
Register Write to Reg: 0x1E Val: 0x00000003
[inst #1717] addi x0,x0,0
Register Write to Reg: 0x00 Val: 0x00000000
[inst #1718] addi x0,x0,0
Register Write to Reg: 0x00 Val: 0x00000000
[inst #1719] addi x0,x0,0
Register Write to Reg: 0x00 Val: 0x00000000
[inst #1720] slli x30,x30,2
Register Write to Reg: 0x1E Val: 0x0000000C
[inst #1721] addi x0,x0,0
Register Write to Reg: 0x00 Val: 0x00000000
[inst #1722] addi x0,x0,0
Register Write to Reg: 0x00 Val: 0x00000000
[inst #1723] addi x0,x0,0
Register Write to Reg: 0x00 Val: 0x00000000
[inst #1724] add x31,x8,x30
Register Write to Reg: 0x1F Val: 0x1001001C
[inst #1725] addi x0,x0,0
Register Write to Reg: 0x00 Val: 0x00000000
[inst #1726] addi x0,x0,0
Register Write to Reg: 0x00 Val: 0x00000000
[inst #1727] addi x0,x0,0
Register Write to Reg: 0x00 Val: 0x00000000
[inst #1728] lw x10,0(x31)
Register Write to Reg: 0x0A Val: 0x0000000A
[inst #1729] slli x30,x29,2
Register Write to Reg: 0x1E Val: 0x00000004
[inst #1730] addi x0,x0,0
Register Write to Reg: 0x00 Val: 0x00000000
[inst #1731] addi x0,x0,0
Register Write to Reg: 0x00 Val: 0x00000000
[inst #1732] addi x0,x0,0
Register Write to Reg: 0x00 Val: 0x00000000
[inst #1733] add x31,x28,x30
Register Write to Reg: 0x1F Val: 0x7FFFEFB8
[inst #1734] addi x0,x0,0
Register Write to Reg: 0x00 Val: 0x00000000
[inst #1735] addi x0,x0,0
Register Write to Reg: 0x00 Val: 0x00000000
[inst #1736] addi x0,x0,0
Register Write to Reg: 0x00 Val: 0x00000000
[inst #1737] sw x10,0(x31)
Memory Write to Addr: 0x7FFFEFB8 Val: 0x0000000A
[inst #1738] addi x29,x29,1
Register Write to Reg: 0x1D Val: 0x00000002
[inst #1739] jal x0,-108
Register Write to Reg: 0x00 Val: 0x0040024C
[inst #1740] bge x29,x5,124
[inst #1741] add x10,x0,x8
Register Write to Reg: 0x0A Val: 0x10010010
[inst #1742] add x11,x0,x6
Register Write to Reg: 0x0B Val: 0x7FFFEFAC
[inst #1743] add x12,x0,x28
Register Write to Reg: 0x0C Val: 0x7FFFEFB4
[inst #1744] add x13,x0,x18
Register Write to Reg: 0x0D Val: 0x00000002
[inst #1745] sub x14,x9,x18
Register Write to Reg: 0x0E Val: 0x00000002
[inst #1746] jal x1,84
Register Write to Reg: 0x01 Val: 0x00400270
[inst #1747] addi x2,x2,-32
Register Write to Reg: 0x02 Val: 0x7FFFEF8C
[inst #1748] addi x0,x0,0
Register Write to Reg: 0x00 Val: 0x00000000
[inst #1749] addi x0,x0,0
Register Write to Reg: 0x00 Val: 0x00000000
[inst #1750] addi x0,x0,0
Register Write to Reg: 0x00 Val: 0x00000000
[inst #1751] sw x1,28(x2)
Memory Write to Addr: 0x7FFFEFA8 Val: 0x00400270
[inst #1752] sw x8,24(x2)
Memory Write to Addr: 0x7FFFEFA4 Val: 0x10010010
[inst #1753] sw x18,20(x2)
Memory Write to Addr: 0x7FFFEFA0 Val: 0x00000002
[inst #1754] sw x19,16(x2)
Memory Write to Addr: 0x7FFFEF9C Val: 0x00000000
[inst #1755] sw x20,12(x2)
Memory Write to Addr: 0x7FFFEF98 Val: 0x00000000
[inst #1756] sw x21,8(x2)
Memory Write to Addr: 0x7FFFEF94 Val: 0x00000000
[inst #1757] sw x22,4(x2)
Memory Write to Addr: 0x7FFFEF90 Val: 0x00000000
[inst #1758] sw x23,0(x2)
Memory Write to Addr: 0x7FFFEF8C Val: 0x00000000
[inst #1759] add x8,x0,x10
Register Write to Reg: 0x08 Val: 0x10010010
[inst #1760] add x19,x0,x11
Register Write to Reg: 0x13 Val: 0x7FFFEFAC
[inst #1761] add x20,x0,x12
Register Write to Reg: 0x14 Val: 0x7FFFEFB4
[inst #1762] add x18,x0,x13
Register Write to Reg: 0x12 Val: 0x00000002
[inst #1763] addi x21,x0,0
Register Write to Reg: 0x15 Val: 0x00000000
[inst #1764] addi x22,x0,0
Register Write to Reg: 0x16 Val: 0x00000000
[inst #1765] addi x29,x0,0
Register Write to Reg: 0x1D Val: 0x00000000
[inst #1766] bge x21,x18,360
[inst #1767] addi x0,x0,0
Register Write to Reg: 0x00 Val: 0x00000000
[inst #1768] addi x0,x0,0
Register Write to Reg: 0x00 Val: 0x00000000
[inst #1769] addi x0,x0,0
Register Write to Reg: 0x00 Val: 0x00000000
[inst #1770] bge x22,x14,232
[inst #1771] addi x0,x0,0
Register Write to Reg: 0x00 Val: 0x00000000
[inst #1772] addi x0,x0,0
Register Write to Reg: 0x00 Val: 0x00000000
[inst #1773] addi x0,x0,0
Register Write to Reg: 0x00 Val: 0x00000000
[inst #1774] slli x5,x21,2
Register Write to Reg: 0x05 Val: 0x00000000
[inst #1775] addi x0,x0,0
Register Write to Reg: 0x00 Val: 0x00000000
[inst #1776] addi x0,x0,0
Register Write to Reg: 0x00 Val: 0x00000000
[inst #1777] addi x0,x0,0
Register Write to Reg: 0x00 Val: 0x00000000
[inst #1778] add x6,x19,x5
Register Write to Reg: 0x06 Val: 0x7FFFEFAC
[inst #1779] addi x0,x0,0
Register Write to Reg: 0x00 Val: 0x00000000
[inst #1780] addi x0,x0,0
Register Write to Reg: 0x00 Val: 0x00000000
[inst #1781] addi x0,x0,0
Register Write to Reg: 0x00 Val: 0x00000000
[inst #1782] lw x7,0(x6)
Register Write to Reg: 0x07 Val: 0x00000009
[inst #1783] slli x5,x22,2
Register Write to Reg: 0x05 Val: 0x00000000
[inst #1784] addi x0,x0,0
Register Write to Reg: 0x00 Val: 0x00000000
[inst #1785] addi x0,x0,0
Register Write to Reg: 0x00 Val: 0x00000000
[inst #1786] addi x0,x0,0
Register Write to Reg: 0x00 Val: 0x00000000
[inst #1787] add x6,x20,x5
Register Write to Reg: 0x06 Val: 0x7FFFEFB4
[inst #1788] addi x0,x0,0
Register Write to Reg: 0x00 Val: 0x00000000
[inst #1789] addi x0,x0,0
Register Write to Reg: 0x00 Val: 0x00000000
[inst #1790] addi x0,x0,0
Register Write to Reg: 0x00 Val: 0x00000000
[inst #1791] lw x28,0(x6)
Register Write to Reg: 0x1C Val: 0xFFFFFFFB
[inst #1792] addi x0,x0,0
Register Write to Reg: 0x00 Val: 0x00000000
[inst #1793] addi x0,x0,0
Register Write to Reg: 0x00 Val: 0x00000000
[inst #1794] addi x0,x0,0
Register Write to Reg: 0x00 Val: 0x00000000
[inst #1795] blt x28,x7,72
[inst #1796] slli x5,x23,2
Register Write to Reg: 0x05 Val: 0x00000000
[inst #1797] addi x0,x0,0
Register Write to Reg: 0x00 Val: 0x00000000
[inst #1798] addi x0,x0,0
Register Write to Reg: 0x00 Val: 0x00000000
[inst #1799] addi x0,x0,0
Register Write to Reg: 0x00 Val: 0x00000000
[inst #1800] add x6,x8,x5
Register Write to Reg: 0x06 Val: 0x10010010
[inst #1801] addi x0,x0,0
Register Write to Reg: 0x00 Val: 0x00000000
[inst #1802] addi x0,x0,0
Register Write to Reg: 0x00 Val: 0x00000000
[inst #1803] addi x0,x0,0
Register Write to Reg: 0x00 Val: 0x00000000
[inst #1804] sw x28,0(x6)
Memory Write to Addr: 0x10010010 Val: 0xFFFFFFFB
[inst #1805] addi x22,x22,1
Register Write to Reg: 0x16 Val: 0x00000001
[inst #1806] addi x23,x23,1
Register Write to Reg: 0x17 Val: 0x00000001
[inst #1807] jal x0,-232
Register Write to Reg: 0x00 Val: 0x004003F8
[inst #1808] bge x21,x18,360
[inst #1809] addi x0,x0,0
Register Write to Reg: 0x00 Val: 0x00000000
[inst #1810] addi x0,x0,0
Register Write to Reg: 0x00 Val: 0x00000000
[inst #1811] addi x0,x0,0
Register Write to Reg: 0x00 Val: 0x00000000
[inst #1812] bge x22,x14,232
[inst #1813] addi x0,x0,0
Register Write to Reg: 0x00 Val: 0x00000000
[inst #1814] addi x0,x0,0
Register Write to Reg: 0x00 Val: 0x00000000
[inst #1815] addi x0,x0,0
Register Write to Reg: 0x00 Val: 0x00000000
[inst #1816] slli x5,x21,2
Register Write to Reg: 0x05 Val: 0x00000000
[inst #1817] addi x0,x0,0
Register Write to Reg: 0x00 Val: 0x00000000
[inst #1818] addi x0,x0,0
Register Write to Reg: 0x00 Val: 0x00000000
[inst #1819] addi x0,x0,0
Register Write to Reg: 0x00 Val: 0x00000000
[inst #1820] add x6,x19,x5
Register Write to Reg: 0x06 Val: 0x7FFFEFAC
[inst #1821] addi x0,x0,0
Register Write to Reg: 0x00 Val: 0x00000000
[inst #1822] addi x0,x0,0
Register Write to Reg: 0x00 Val: 0x00000000
[inst #1823] addi x0,x0,0
Register Write to Reg: 0x00 Val: 0x00000000
[inst #1824] lw x7,0(x6)
Register Write to Reg: 0x07 Val: 0x00000009
[inst #1825] slli x5,x22,2
Register Write to Reg: 0x05 Val: 0x00000004
[inst #1826] addi x0,x0,0
Register Write to Reg: 0x00 Val: 0x00000000
[inst #1827] addi x0,x0,0
Register Write to Reg: 0x00 Val: 0x00000000
[inst #1828] addi x0,x0,0
Register Write to Reg: 0x00 Val: 0x00000000
[inst #1829] add x6,x20,x5
Register Write to Reg: 0x06 Val: 0x7FFFEFB8
[inst #1830] addi x0,x0,0
Register Write to Reg: 0x00 Val: 0x00000000
[inst #1831] addi x0,x0,0
Register Write to Reg: 0x00 Val: 0x00000000
[inst #1832] addi x0,x0,0
Register Write to Reg: 0x00 Val: 0x00000000
[inst #1833] lw x28,0(x6)
Register Write to Reg: 0x1C Val: 0x0000000A
[inst #1834] addi x0,x0,0
Register Write to Reg: 0x00 Val: 0x00000000
[inst #1835] addi x0,x0,0
Register Write to Reg: 0x00 Val: 0x00000000
[inst #1836] addi x0,x0,0
Register Write to Reg: 0x00 Val: 0x00000000
[inst #1837] blt x28,x7,72
[inst #1838] addi x0,x0,0
Register Write to Reg: 0x00 Val: 0x00000000
[inst #1839] addi x0,x0,0
Register Write to Reg: 0x00 Val: 0x00000000
[inst #1840] addi x0,x0,0
Register Write to Reg: 0x00 Val: 0x00000000
[inst #1841] slli x5,x23,2
Register Write to Reg: 0x05 Val: 0x00000004
[inst #1842] addi x0,x0,0
Register Write to Reg: 0x00 Val: 0x00000000
[inst #1843] addi x0,x0,0
Register Write to Reg: 0x00 Val: 0x00000000
[inst #1844] addi x0,x0,0
Register Write to Reg: 0x00 Val: 0x00000000
[inst #1845] add x6,x8,x5
Register Write to Reg: 0x06 Val: 0x10010014
[inst #1846] addi x0,x0,0
Register Write to Reg: 0x00 Val: 0x00000000
[inst #1847] addi x0,x0,0
Register Write to Reg: 0x00 Val: 0x00000000
[inst #1848] addi x0,x0,0
Register Write to Reg: 0x00 Val: 0x00000000
[inst #1849] sw x7,0(x6)
Memory Write to Addr: 0x10010014 Val: 0x00000009
[inst #1850] addi x21,x21,1
Register Write to Reg: 0x15 Val: 0x00000001
[inst #1851] jal x0,56
Register Write to Reg: 0x00 Val: 0x004003BC
[inst #1852] addi x23,x23,1
Register Write to Reg: 0x17 Val: 0x00000002
[inst #1853] jal x0,-232
Register Write to Reg: 0x00 Val: 0x004003F8
[inst #1854] bge x21,x18,360
[inst #1855] addi x0,x0,0
Register Write to Reg: 0x00 Val: 0x00000000
[inst #1856] addi x0,x0,0
Register Write to Reg: 0x00 Val: 0x00000000
[inst #1857] addi x0,x0,0
Register Write to Reg: 0x00 Val: 0x00000000
[inst #1858] bge x22,x14,232
[inst #1859] addi x0,x0,0
Register Write to Reg: 0x00 Val: 0x00000000
[inst #1860] addi x0,x0,0
Register Write to Reg: 0x00 Val: 0x00000000
[inst #1861] addi x0,x0,0
Register Write to Reg: 0x00 Val: 0x00000000
[inst #1862] slli x5,x21,2
Register Write to Reg: 0x05 Val: 0x00000004
[inst #1863] addi x0,x0,0
Register Write to Reg: 0x00 Val: 0x00000000
[inst #1864] addi x0,x0,0
Register Write to Reg: 0x00 Val: 0x00000000
[inst #1865] addi x0,x0,0
Register Write to Reg: 0x00 Val: 0x00000000
[inst #1866] add x6,x19,x5
Register Write to Reg: 0x06 Val: 0x7FFFEFB0
[inst #1867] addi x0,x0,0
Register Write to Reg: 0x00 Val: 0x00000000
[inst #1868] addi x0,x0,0
Register Write to Reg: 0x00 Val: 0x00000000
[inst #1869] addi x0,x0,0
Register Write to Reg: 0x00 Val: 0x00000000
[inst #1870] lw x7,0(x6)
Register Write to Reg: 0x07 Val: 0x00000052
[inst #1871] slli x5,x22,2
Register Write to Reg: 0x05 Val: 0x00000004
[inst #1872] addi x0,x0,0
Register Write to Reg: 0x00 Val: 0x00000000
[inst #1873] addi x0,x0,0
Register Write to Reg: 0x00 Val: 0x00000000
[inst #1874] addi x0,x0,0
Register Write to Reg: 0x00 Val: 0x00000000
[inst #1875] add x6,x20,x5
Register Write to Reg: 0x06 Val: 0x7FFFEFB8
[inst #1876] addi x0,x0,0
Register Write to Reg: 0x00 Val: 0x00000000
[inst #1877] addi x0,x0,0
Register Write to Reg: 0x00 Val: 0x00000000
[inst #1878] addi x0,x0,0
Register Write to Reg: 0x00 Val: 0x00000000
[inst #1879] lw x28,0(x6)
Register Write to Reg: 0x1C Val: 0x0000000A
[inst #1880] addi x0,x0,0
Register Write to Reg: 0x00 Val: 0x00000000
[inst #1881] addi x0,x0,0
Register Write to Reg: 0x00 Val: 0x00000000
[inst #1882] addi x0,x0,0
Register Write to Reg: 0x00 Val: 0x00000000
[inst #1883] blt x28,x7,72
[inst #1884] slli x5,x23,2
Register Write to Reg: 0x05 Val: 0x00000008
[inst #1885] addi x0,x0,0
Register Write to Reg: 0x00 Val: 0x00000000
[inst #1886] addi x0,x0,0
Register Write to Reg: 0x00 Val: 0x00000000
[inst #1887] addi x0,x0,0
Register Write to Reg: 0x00 Val: 0x00000000
[inst #1888] add x6,x8,x5
Register Write to Reg: 0x06 Val: 0x10010018
[inst #1889] addi x0,x0,0
Register Write to Reg: 0x00 Val: 0x00000000
[inst #1890] addi x0,x0,0
Register Write to Reg: 0x00 Val: 0x00000000
[inst #1891] addi x0,x0,0
Register Write to Reg: 0x00 Val: 0x00000000
[inst #1892] sw x28,0(x6)
Memory Write to Addr: 0x10010018 Val: 0x0000000A
[inst #1893] addi x22,x22,1
Register Write to Reg: 0x16 Val: 0x00000002
[inst #1894] addi x23,x23,1
Register Write to Reg: 0x17 Val: 0x00000003
[inst #1895] jal x0,-232
Register Write to Reg: 0x00 Val: 0x004003F8
[inst #1896] bge x21,x18,360
[inst #1897] addi x0,x0,0
Register Write to Reg: 0x00 Val: 0x00000000
[inst #1898] addi x0,x0,0
Register Write to Reg: 0x00 Val: 0x00000000
[inst #1899] addi x0,x0,0
Register Write to Reg: 0x00 Val: 0x00000000
[inst #1900] bge x22,x14,232
[inst #1901] bge x21,x18,224
[inst #1902] addi x0,x0,0
Register Write to Reg: 0x00 Val: 0x00000000
[inst #1903] addi x0,x0,0
Register Write to Reg: 0x00 Val: 0x00000000
[inst #1904] addi x0,x0,0
Register Write to Reg: 0x00 Val: 0x00000000
[inst #1905] slli x5,x21,2
Register Write to Reg: 0x05 Val: 0x00000004
[inst #1906] addi x0,x0,0
Register Write to Reg: 0x00 Val: 0x00000000
[inst #1907] addi x0,x0,0
Register Write to Reg: 0x00 Val: 0x00000000
[inst #1908] addi x0,x0,0
Register Write to Reg: 0x00 Val: 0x00000000
[inst #1909] add x6,x19,x5
Register Write to Reg: 0x06 Val: 0x7FFFEFB0
[inst #1910] addi x0,x0,0
Register Write to Reg: 0x00 Val: 0x00000000
[inst #1911] addi x0,x0,0
Register Write to Reg: 0x00 Val: 0x00000000
[inst #1912] addi x0,x0,0
Register Write to Reg: 0x00 Val: 0x00000000
[inst #1913] lw x7,0(x6)
Register Write to Reg: 0x07 Val: 0x00000052
[inst #1914] slli x5,x23,2
Register Write to Reg: 0x05 Val: 0x0000000C
[inst #1915] addi x0,x0,0
Register Write to Reg: 0x00 Val: 0x00000000
[inst #1916] addi x0,x0,0
Register Write to Reg: 0x00 Val: 0x00000000
[inst #1917] addi x0,x0,0
Register Write to Reg: 0x00 Val: 0x00000000
[inst #1918] add x6,x8,x5
Register Write to Reg: 0x06 Val: 0x1001001C
[inst #1919] addi x0,x0,0
Register Write to Reg: 0x00 Val: 0x00000000
[inst #1920] addi x0,x0,0
Register Write to Reg: 0x00 Val: 0x00000000
[inst #1921] addi x0,x0,0
Register Write to Reg: 0x00 Val: 0x00000000
[inst #1922] sw x7,0(x6)
Memory Write to Addr: 0x1001001C Val: 0x00000052
[inst #1923] addi x21,x21,1
Register Write to Reg: 0x15 Val: 0x00000002
[inst #1924] addi x23,x23,1
Register Write to Reg: 0x17 Val: 0x00000004
[inst #1925] jal x0,-96
Register Write to Reg: 0x00 Val: 0x00400468
[inst #1926] bge x21,x18,224
[inst #1927] lw x1,28(x2)
Register Write to Reg: 0x01 Val: 0x00400270
[inst #1928] lw x8,24(x2)
Register Write to Reg: 0x08 Val: 0x10010010
[inst #1929] lw x18,20(x2)
Register Write to Reg: 0x12 Val: 0x00000002
[inst #1930] lw x19,16(x2)
Register Write to Reg: 0x13 Val: 0x00000000
[inst #1931] lw x20,12(x2)
Register Write to Reg: 0x14 Val: 0x00000000
[inst #1932] lw x21,8(x2)
Register Write to Reg: 0x15 Val: 0x00000000
[inst #1933] lw x22,4(x2)
Register Write to Reg: 0x16 Val: 0x00000000
[inst #1934] lw x23,0(x2)
Register Write to Reg: 0x17 Val: 0x00000000
[inst #1935] addi x2,x2,32
Register Write to Reg: 0x02 Val: 0x7FFFEFAC
[inst #1936] jalr x0,x1,0
Register Write to Reg: 0x00 Val: 0x0040050C
[inst #1937] addi x0,x0,0
Register Write to Reg: 0x00 Val: 0x00000000
[inst #1938] addi x0,x0,0
Register Write to Reg: 0x00 Val: 0x00000000
[inst #1939] addi x0,x0,0
Register Write to Reg: 0x00 Val: 0x00000000
[inst #1940] slli x5,x9,2
Register Write to Reg: 0x05 Val: 0x00000010
[inst #1941] addi x0,x0,0
Register Write to Reg: 0x00 Val: 0x00000000
[inst #1942] addi x0,x0,0
Register Write to Reg: 0x00 Val: 0x00000000
[inst #1943] addi x0,x0,0
Register Write to Reg: 0x00 Val: 0x00000000
[inst #1944] add x2,x2,x5
Register Write to Reg: 0x02 Val: 0x7FFFEFBC
[inst #1945] addi x0,x0,0
Register Write to Reg: 0x00 Val: 0x00000000
[inst #1946] addi x0,x0,0
Register Write to Reg: 0x00 Val: 0x00000000
[inst #1947] addi x0,x0,0
Register Write to Reg: 0x00 Val: 0x00000000
[inst #1948] lw x1,28(x2)
Register Write to Reg: 0x01 Val: 0x0040011C
[inst #1949] lw x8,24(x2)
Register Write to Reg: 0x08 Val: 0x10010000
[inst #1950] lw x9,20(x2)
Register Write to Reg: 0x09 Val: 0x00000008
[inst #1951] lw x18,16(x2)
Register Write to Reg: 0x12 Val: 0x00000004
[inst #1952] addi x2,x2,32
Register Write to Reg: 0x02 Val: 0x7FFFEFDC
[inst #1953] jalr x0,x1,0
Register Write to Reg: 0x00 Val: 0x004002B4
[inst #1954] addi x0,x0,0
Register Write to Reg: 0x00 Val: 0x00000000
[inst #1955] addi x0,x0,0
Register Write to Reg: 0x00 Val: 0x00000000
[inst #1956] addi x0,x0,0
Register Write to Reg: 0x00 Val: 0x00000000
[inst #1957] slli x5,x9,2
Register Write to Reg: 0x05 Val: 0x00000020
[inst #1958] addi x0,x0,0
Register Write to Reg: 0x00 Val: 0x00000000
[inst #1959] addi x0,x0,0
Register Write to Reg: 0x00 Val: 0x00000000
[inst #1960] addi x0,x0,0
Register Write to Reg: 0x00 Val: 0x00000000
[inst #1961] sub x2,x2,x5
Register Write to Reg: 0x02 Val: 0x7FFFEFBC
[inst #1962] addi x0,x0,0
Register Write to Reg: 0x00 Val: 0x00000000
[inst #1963] addi x0,x0,0
Register Write to Reg: 0x00 Val: 0x00000000
[inst #1964] addi x0,x0,0
Register Write to Reg: 0x00 Val: 0x00000000
[inst #1965] add x6,x0,x2
Register Write to Reg: 0x06 Val: 0x7FFFEFBC
[inst #1966] slli x7,x18,2
Register Write to Reg: 0x07 Val: 0x00000010
[inst #1967] addi x0,x0,0
Register Write to Reg: 0x00 Val: 0x00000000
[inst #1968] addi x0,x0,0
Register Write to Reg: 0x00 Val: 0x00000000
[inst #1969] addi x0,x0,0
Register Write to Reg: 0x00 Val: 0x00000000
[inst #1970] add x28,x6,x7
Register Write to Reg: 0x1C Val: 0x7FFFEFCC
[inst #1971] addi x29,x0,0
Register Write to Reg: 0x1D Val: 0x00000000
[inst #1972] addi x0,x0,0
Register Write to Reg: 0x00 Val: 0x00000000
[inst #1973] addi x0,x0,0
Register Write to Reg: 0x00 Val: 0x00000000
[inst #1974] addi x0,x0,0
Register Write to Reg: 0x00 Val: 0x00000000
[inst #1975] bge x29,x18,100
[inst #1976] addi x0,x0,0
Register Write to Reg: 0x00 Val: 0x00000000
[inst #1977] addi x0,x0,0
Register Write to Reg: 0x00 Val: 0x00000000
[inst #1978] addi x0,x0,0
Register Write to Reg: 0x00 Val: 0x00000000
[inst #1979] slli x30,x29,2
Register Write to Reg: 0x1E Val: 0x00000000
[inst #1980] addi x0,x0,0
Register Write to Reg: 0x00 Val: 0x00000000
[inst #1981] addi x0,x0,0
Register Write to Reg: 0x00 Val: 0x00000000
[inst #1982] addi x0,x0,0
Register Write to Reg: 0x00 Val: 0x00000000
[inst #1983] add x31,x8,x30
Register Write to Reg: 0x1F Val: 0x10010000
[inst #1984] addi x0,x0,0
Register Write to Reg: 0x00 Val: 0x00000000
[inst #1985] addi x0,x0,0
Register Write to Reg: 0x00 Val: 0x00000000
[inst #1986] addi x0,x0,0
Register Write to Reg: 0x00 Val: 0x00000000
[inst #1987] lw x10,0(x31)
Register Write to Reg: 0x0A Val: 0x00000003
[inst #1988] add x31,x6,x30
Register Write to Reg: 0x1F Val: 0x7FFFEFBC
[inst #1989] addi x0,x0,0
Register Write to Reg: 0x00 Val: 0x00000000
[inst #1990] addi x0,x0,0
Register Write to Reg: 0x00 Val: 0x00000000
[inst #1991] addi x0,x0,0
Register Write to Reg: 0x00 Val: 0x00000000
[inst #1992] sw x10,0(x31)
Memory Write to Addr: 0x7FFFEFBC Val: 0x00000003
[inst #1993] addi x29,x29,1
Register Write to Reg: 0x1D Val: 0x00000001
[inst #1994] addi x0,x0,0
Register Write to Reg: 0x00 Val: 0x00000000
[inst #1995] addi x0,x0,0
Register Write to Reg: 0x00 Val: 0x00000000
[inst #1996] jal x0,-96
Register Write to Reg: 0x00 Val: 0x004001C8
[inst #1997] addi x0,x0,0
Register Write to Reg: 0x00 Val: 0x00000000
[inst #1998] addi x0,x0,0
Register Write to Reg: 0x00 Val: 0x00000000
[inst #1999] addi x0,x0,0
Register Write to Reg: 0x00 Val: 0x00000000
[inst #2000] bge x29,x18,100
[inst #2001] addi x0,x0,0
Register Write to Reg: 0x00 Val: 0x00000000
[inst #2002] addi x0,x0,0
Register Write to Reg: 0x00 Val: 0x00000000
[inst #2003] addi x0,x0,0
Register Write to Reg: 0x00 Val: 0x00000000
[inst #2004] slli x30,x29,2
Register Write to Reg: 0x1E Val: 0x00000004
[inst #2005] addi x0,x0,0
Register Write to Reg: 0x00 Val: 0x00000000
[inst #2006] addi x0,x0,0
Register Write to Reg: 0x00 Val: 0x00000000
[inst #2007] addi x0,x0,0
Register Write to Reg: 0x00 Val: 0x00000000
[inst #2008] add x31,x8,x30
Register Write to Reg: 0x1F Val: 0x10010004
[inst #2009] addi x0,x0,0
Register Write to Reg: 0x00 Val: 0x00000000
[inst #2010] addi x0,x0,0
Register Write to Reg: 0x00 Val: 0x00000000
[inst #2011] addi x0,x0,0
Register Write to Reg: 0x00 Val: 0x00000000
[inst #2012] lw x10,0(x31)
Register Write to Reg: 0x0A Val: 0x0000001B
[inst #2013] add x31,x6,x30
Register Write to Reg: 0x1F Val: 0x7FFFEFC0
[inst #2014] addi x0,x0,0
Register Write to Reg: 0x00 Val: 0x00000000
[inst #2015] addi x0,x0,0
Register Write to Reg: 0x00 Val: 0x00000000
[inst #2016] addi x0,x0,0
Register Write to Reg: 0x00 Val: 0x00000000
[inst #2017] sw x10,0(x31)
Memory Write to Addr: 0x7FFFEFC0 Val: 0x0000001B
[inst #2018] addi x29,x29,1
Register Write to Reg: 0x1D Val: 0x00000002
[inst #2019] addi x0,x0,0
Register Write to Reg: 0x00 Val: 0x00000000
[inst #2020] addi x0,x0,0
Register Write to Reg: 0x00 Val: 0x00000000
[inst #2021] jal x0,-96
Register Write to Reg: 0x00 Val: 0x004001C8
[inst #2022] addi x0,x0,0
Register Write to Reg: 0x00 Val: 0x00000000
[inst #2023] addi x0,x0,0
Register Write to Reg: 0x00 Val: 0x00000000
[inst #2024] addi x0,x0,0
Register Write to Reg: 0x00 Val: 0x00000000
[inst #2025] bge x29,x18,100
[inst #2026] addi x0,x0,0
Register Write to Reg: 0x00 Val: 0x00000000
[inst #2027] addi x0,x0,0
Register Write to Reg: 0x00 Val: 0x00000000
[inst #2028] addi x0,x0,0
Register Write to Reg: 0x00 Val: 0x00000000
[inst #2029] slli x30,x29,2
Register Write to Reg: 0x1E Val: 0x00000008
[inst #2030] addi x0,x0,0
Register Write to Reg: 0x00 Val: 0x00000000
[inst #2031] addi x0,x0,0
Register Write to Reg: 0x00 Val: 0x00000000
[inst #2032] addi x0,x0,0
Register Write to Reg: 0x00 Val: 0x00000000
[inst #2033] add x31,x8,x30
Register Write to Reg: 0x1F Val: 0x10010008
[inst #2034] addi x0,x0,0
Register Write to Reg: 0x00 Val: 0x00000000
[inst #2035] addi x0,x0,0
Register Write to Reg: 0x00 Val: 0x00000000
[inst #2036] addi x0,x0,0
Register Write to Reg: 0x00 Val: 0x00000000
[inst #2037] lw x10,0(x31)
Register Write to Reg: 0x0A Val: 0x00000026
[inst #2038] add x31,x6,x30
Register Write to Reg: 0x1F Val: 0x7FFFEFC4
[inst #2039] addi x0,x0,0
Register Write to Reg: 0x00 Val: 0x00000000
[inst #2040] addi x0,x0,0
Register Write to Reg: 0x00 Val: 0x00000000
[inst #2041] addi x0,x0,0
Register Write to Reg: 0x00 Val: 0x00000000
[inst #2042] sw x10,0(x31)
Memory Write to Addr: 0x7FFFEFC4 Val: 0x00000026
[inst #2043] addi x29,x29,1
Register Write to Reg: 0x1D Val: 0x00000003
[inst #2044] addi x0,x0,0
Register Write to Reg: 0x00 Val: 0x00000000
[inst #2045] addi x0,x0,0
Register Write to Reg: 0x00 Val: 0x00000000
[inst #2046] jal x0,-96
Register Write to Reg: 0x00 Val: 0x004001C8
[inst #2047] addi x0,x0,0
Register Write to Reg: 0x00 Val: 0x00000000
[inst #2048] addi x0,x0,0
Register Write to Reg: 0x00 Val: 0x00000000
[inst #2049] addi x0,x0,0
Register Write to Reg: 0x00 Val: 0x00000000
[inst #2050] bge x29,x18,100
[inst #2051] addi x0,x0,0
Register Write to Reg: 0x00 Val: 0x00000000
[inst #2052] addi x0,x0,0
Register Write to Reg: 0x00 Val: 0x00000000
[inst #2053] addi x0,x0,0
Register Write to Reg: 0x00 Val: 0x00000000
[inst #2054] slli x30,x29,2
Register Write to Reg: 0x1E Val: 0x0000000C
[inst #2055] addi x0,x0,0
Register Write to Reg: 0x00 Val: 0x00000000
[inst #2056] addi x0,x0,0
Register Write to Reg: 0x00 Val: 0x00000000
[inst #2057] addi x0,x0,0
Register Write to Reg: 0x00 Val: 0x00000000
[inst #2058] add x31,x8,x30
Register Write to Reg: 0x1F Val: 0x1001000C
[inst #2059] addi x0,x0,0
Register Write to Reg: 0x00 Val: 0x00000000
[inst #2060] addi x0,x0,0
Register Write to Reg: 0x00 Val: 0x00000000
[inst #2061] addi x0,x0,0
Register Write to Reg: 0x00 Val: 0x00000000
[inst #2062] lw x10,0(x31)
Register Write to Reg: 0x0A Val: 0x0000002B
[inst #2063] add x31,x6,x30
Register Write to Reg: 0x1F Val: 0x7FFFEFC8
[inst #2064] addi x0,x0,0
Register Write to Reg: 0x00 Val: 0x00000000
[inst #2065] addi x0,x0,0
Register Write to Reg: 0x00 Val: 0x00000000
[inst #2066] addi x0,x0,0
Register Write to Reg: 0x00 Val: 0x00000000
[inst #2067] sw x10,0(x31)
Memory Write to Addr: 0x7FFFEFC8 Val: 0x0000002B
[inst #2068] addi x29,x29,1
Register Write to Reg: 0x1D Val: 0x00000004
[inst #2069] addi x0,x0,0
Register Write to Reg: 0x00 Val: 0x00000000
[inst #2070] addi x0,x0,0
Register Write to Reg: 0x00 Val: 0x00000000
[inst #2071] jal x0,-96
Register Write to Reg: 0x00 Val: 0x004001C8
[inst #2072] addi x0,x0,0
Register Write to Reg: 0x00 Val: 0x00000000
[inst #2073] addi x0,x0,0
Register Write to Reg: 0x00 Val: 0x00000000
[inst #2074] addi x0,x0,0
Register Write to Reg: 0x00 Val: 0x00000000
[inst #2075] bge x29,x18,100
[inst #2076] sub x5,x9,x18
Register Write to Reg: 0x05 Val: 0x00000004
[inst #2077] addi x29,x0,0
Register Write to Reg: 0x1D Val: 0x00000000
[inst #2078] bge x29,x5,124
[inst #2079] addi x0,x0,0
Register Write to Reg: 0x00 Val: 0x00000000
[inst #2080] addi x0,x0,0
Register Write to Reg: 0x00 Val: 0x00000000
[inst #2081] addi x0,x0,0
Register Write to Reg: 0x00 Val: 0x00000000
[inst #2082] add x30,x18,x29
Register Write to Reg: 0x1E Val: 0x00000004
[inst #2083] addi x0,x0,0
Register Write to Reg: 0x00 Val: 0x00000000
[inst #2084] addi x0,x0,0
Register Write to Reg: 0x00 Val: 0x00000000
[inst #2085] addi x0,x0,0
Register Write to Reg: 0x00 Val: 0x00000000
[inst #2086] slli x30,x30,2
Register Write to Reg: 0x1E Val: 0x00000010
[inst #2087] addi x0,x0,0
Register Write to Reg: 0x00 Val: 0x00000000
[inst #2088] addi x0,x0,0
Register Write to Reg: 0x00 Val: 0x00000000
[inst #2089] addi x0,x0,0
Register Write to Reg: 0x00 Val: 0x00000000
[inst #2090] add x31,x8,x30
Register Write to Reg: 0x1F Val: 0x10010010
[inst #2091] addi x0,x0,0
Register Write to Reg: 0x00 Val: 0x00000000
[inst #2092] addi x0,x0,0
Register Write to Reg: 0x00 Val: 0x00000000
[inst #2093] addi x0,x0,0
Register Write to Reg: 0x00 Val: 0x00000000
[inst #2094] lw x10,0(x31)
Register Write to Reg: 0x0A Val: 0xFFFFFFFB
[inst #2095] slli x30,x29,2
Register Write to Reg: 0x1E Val: 0x00000000
[inst #2096] addi x0,x0,0
Register Write to Reg: 0x00 Val: 0x00000000
[inst #2097] addi x0,x0,0
Register Write to Reg: 0x00 Val: 0x00000000
[inst #2098] addi x0,x0,0
Register Write to Reg: 0x00 Val: 0x00000000
[inst #2099] add x31,x28,x30
Register Write to Reg: 0x1F Val: 0x7FFFEFCC
[inst #2100] addi x0,x0,0
Register Write to Reg: 0x00 Val: 0x00000000
[inst #2101] addi x0,x0,0
Register Write to Reg: 0x00 Val: 0x00000000
[inst #2102] addi x0,x0,0
Register Write to Reg: 0x00 Val: 0x00000000
[inst #2103] sw x10,0(x31)
Memory Write to Addr: 0x7FFFEFCC Val: 0xFFFFFFFB
[inst #2104] addi x29,x29,1
Register Write to Reg: 0x1D Val: 0x00000001
[inst #2105] jal x0,-108
Register Write to Reg: 0x00 Val: 0x0040024C
[inst #2106] bge x29,x5,124
[inst #2107] addi x0,x0,0
Register Write to Reg: 0x00 Val: 0x00000000
[inst #2108] addi x0,x0,0
Register Write to Reg: 0x00 Val: 0x00000000
[inst #2109] addi x0,x0,0
Register Write to Reg: 0x00 Val: 0x00000000
[inst #2110] add x30,x18,x29
Register Write to Reg: 0x1E Val: 0x00000005
[inst #2111] addi x0,x0,0
Register Write to Reg: 0x00 Val: 0x00000000
[inst #2112] addi x0,x0,0
Register Write to Reg: 0x00 Val: 0x00000000
[inst #2113] addi x0,x0,0
Register Write to Reg: 0x00 Val: 0x00000000
[inst #2114] slli x30,x30,2
Register Write to Reg: 0x1E Val: 0x00000014
[inst #2115] addi x0,x0,0
Register Write to Reg: 0x00 Val: 0x00000000
[inst #2116] addi x0,x0,0
Register Write to Reg: 0x00 Val: 0x00000000
[inst #2117] addi x0,x0,0
Register Write to Reg: 0x00 Val: 0x00000000
[inst #2118] add x31,x8,x30
Register Write to Reg: 0x1F Val: 0x10010014
[inst #2119] addi x0,x0,0
Register Write to Reg: 0x00 Val: 0x00000000
[inst #2120] addi x0,x0,0
Register Write to Reg: 0x00 Val: 0x00000000
[inst #2121] addi x0,x0,0
Register Write to Reg: 0x00 Val: 0x00000000
[inst #2122] lw x10,0(x31)
Register Write to Reg: 0x0A Val: 0x00000009
[inst #2123] slli x30,x29,2
Register Write to Reg: 0x1E Val: 0x00000004
[inst #2124] addi x0,x0,0
Register Write to Reg: 0x00 Val: 0x00000000
[inst #2125] addi x0,x0,0
Register Write to Reg: 0x00 Val: 0x00000000
[inst #2126] addi x0,x0,0
Register Write to Reg: 0x00 Val: 0x00000000
[inst #2127] add x31,x28,x30
Register Write to Reg: 0x1F Val: 0x7FFFEFD0
[inst #2128] addi x0,x0,0
Register Write to Reg: 0x00 Val: 0x00000000
[inst #2129] addi x0,x0,0
Register Write to Reg: 0x00 Val: 0x00000000
[inst #2130] addi x0,x0,0
Register Write to Reg: 0x00 Val: 0x00000000
[inst #2131] sw x10,0(x31)
Memory Write to Addr: 0x7FFFEFD0 Val: 0x00000009
[inst #2132] addi x29,x29,1
Register Write to Reg: 0x1D Val: 0x00000002
[inst #2133] jal x0,-108
Register Write to Reg: 0x00 Val: 0x0040024C
[inst #2134] bge x29,x5,124
[inst #2135] addi x0,x0,0
Register Write to Reg: 0x00 Val: 0x00000000
[inst #2136] addi x0,x0,0
Register Write to Reg: 0x00 Val: 0x00000000
[inst #2137] addi x0,x0,0
Register Write to Reg: 0x00 Val: 0x00000000
[inst #2138] add x30,x18,x29
Register Write to Reg: 0x1E Val: 0x00000006
[inst #2139] addi x0,x0,0
Register Write to Reg: 0x00 Val: 0x00000000
[inst #2140] addi x0,x0,0
Register Write to Reg: 0x00 Val: 0x00000000
[inst #2141] addi x0,x0,0
Register Write to Reg: 0x00 Val: 0x00000000
[inst #2142] slli x30,x30,2
Register Write to Reg: 0x1E Val: 0x00000018
[inst #2143] addi x0,x0,0
Register Write to Reg: 0x00 Val: 0x00000000
[inst #2144] addi x0,x0,0
Register Write to Reg: 0x00 Val: 0x00000000
[inst #2145] addi x0,x0,0
Register Write to Reg: 0x00 Val: 0x00000000
[inst #2146] add x31,x8,x30
Register Write to Reg: 0x1F Val: 0x10010018
[inst #2147] addi x0,x0,0
Register Write to Reg: 0x00 Val: 0x00000000
[inst #2148] addi x0,x0,0
Register Write to Reg: 0x00 Val: 0x00000000
[inst #2149] addi x0,x0,0
Register Write to Reg: 0x00 Val: 0x00000000
[inst #2150] lw x10,0(x31)
Register Write to Reg: 0x0A Val: 0x0000000A
[inst #2151] slli x30,x29,2
Register Write to Reg: 0x1E Val: 0x00000008
[inst #2152] addi x0,x0,0
Register Write to Reg: 0x00 Val: 0x00000000
[inst #2153] addi x0,x0,0
Register Write to Reg: 0x00 Val: 0x00000000
[inst #2154] addi x0,x0,0
Register Write to Reg: 0x00 Val: 0x00000000
[inst #2155] add x31,x28,x30
Register Write to Reg: 0x1F Val: 0x7FFFEFD4
[inst #2156] addi x0,x0,0
Register Write to Reg: 0x00 Val: 0x00000000
[inst #2157] addi x0,x0,0
Register Write to Reg: 0x00 Val: 0x00000000
[inst #2158] addi x0,x0,0
Register Write to Reg: 0x00 Val: 0x00000000
[inst #2159] sw x10,0(x31)
Memory Write to Addr: 0x7FFFEFD4 Val: 0x0000000A
[inst #2160] addi x29,x29,1
Register Write to Reg: 0x1D Val: 0x00000003
[inst #2161] jal x0,-108
Register Write to Reg: 0x00 Val: 0x0040024C
[inst #2162] bge x29,x5,124
[inst #2163] addi x0,x0,0
Register Write to Reg: 0x00 Val: 0x00000000
[inst #2164] addi x0,x0,0
Register Write to Reg: 0x00 Val: 0x00000000
[inst #2165] addi x0,x0,0
Register Write to Reg: 0x00 Val: 0x00000000
[inst #2166] add x30,x18,x29
Register Write to Reg: 0x1E Val: 0x00000007
[inst #2167] addi x0,x0,0
Register Write to Reg: 0x00 Val: 0x00000000
[inst #2168] addi x0,x0,0
Register Write to Reg: 0x00 Val: 0x00000000
[inst #2169] addi x0,x0,0
Register Write to Reg: 0x00 Val: 0x00000000
[inst #2170] slli x30,x30,2
Register Write to Reg: 0x1E Val: 0x0000001C
[inst #2171] addi x0,x0,0
Register Write to Reg: 0x00 Val: 0x00000000
[inst #2172] addi x0,x0,0
Register Write to Reg: 0x00 Val: 0x00000000
[inst #2173] addi x0,x0,0
Register Write to Reg: 0x00 Val: 0x00000000
[inst #2174] add x31,x8,x30
Register Write to Reg: 0x1F Val: 0x1001001C
[inst #2175] addi x0,x0,0
Register Write to Reg: 0x00 Val: 0x00000000
[inst #2176] addi x0,x0,0
Register Write to Reg: 0x00 Val: 0x00000000
[inst #2177] addi x0,x0,0
Register Write to Reg: 0x00 Val: 0x00000000
[inst #2178] lw x10,0(x31)
Register Write to Reg: 0x0A Val: 0x00000052
[inst #2179] slli x30,x29,2
Register Write to Reg: 0x1E Val: 0x0000000C
[inst #2180] addi x0,x0,0
Register Write to Reg: 0x00 Val: 0x00000000
[inst #2181] addi x0,x0,0
Register Write to Reg: 0x00 Val: 0x00000000
[inst #2182] addi x0,x0,0
Register Write to Reg: 0x00 Val: 0x00000000
[inst #2183] add x31,x28,x30
Register Write to Reg: 0x1F Val: 0x7FFFEFD8
[inst #2184] addi x0,x0,0
Register Write to Reg: 0x00 Val: 0x00000000
[inst #2185] addi x0,x0,0
Register Write to Reg: 0x00 Val: 0x00000000
[inst #2186] addi x0,x0,0
Register Write to Reg: 0x00 Val: 0x00000000
[inst #2187] sw x10,0(x31)
Memory Write to Addr: 0x7FFFEFD8 Val: 0x00000052
[inst #2188] addi x29,x29,1
Register Write to Reg: 0x1D Val: 0x00000004
[inst #2189] jal x0,-108
Register Write to Reg: 0x00 Val: 0x0040024C
[inst #2190] bge x29,x5,124
[inst #2191] add x10,x0,x8
Register Write to Reg: 0x0A Val: 0x10010000
[inst #2192] add x11,x0,x6
Register Write to Reg: 0x0B Val: 0x7FFFEFBC
[inst #2193] add x12,x0,x28
Register Write to Reg: 0x0C Val: 0x7FFFEFCC
[inst #2194] add x13,x0,x18
Register Write to Reg: 0x0D Val: 0x00000004
[inst #2195] sub x14,x9,x18
Register Write to Reg: 0x0E Val: 0x00000004
[inst #2196] jal x1,84
Register Write to Reg: 0x01 Val: 0x00400270
[inst #2197] addi x2,x2,-32
Register Write to Reg: 0x02 Val: 0x7FFFEF9C
[inst #2198] addi x0,x0,0
Register Write to Reg: 0x00 Val: 0x00000000
[inst #2199] addi x0,x0,0
Register Write to Reg: 0x00 Val: 0x00000000
[inst #2200] addi x0,x0,0
Register Write to Reg: 0x00 Val: 0x00000000
[inst #2201] sw x1,28(x2)
Memory Write to Addr: 0x7FFFEFB8 Val: 0x00400270
[inst #2202] sw x8,24(x2)
Memory Write to Addr: 0x7FFFEFB4 Val: 0x10010000
[inst #2203] sw x18,20(x2)
Memory Write to Addr: 0x7FFFEFB0 Val: 0x00000004
[inst #2204] sw x19,16(x2)
Memory Write to Addr: 0x7FFFEFAC Val: 0x00000000
[inst #2205] sw x20,12(x2)
Memory Write to Addr: 0x7FFFEFA8 Val: 0x00000000
[inst #2206] sw x21,8(x2)
Memory Write to Addr: 0x7FFFEFA4 Val: 0x00000000
[inst #2207] sw x22,4(x2)
Memory Write to Addr: 0x7FFFEFA0 Val: 0x00000000
[inst #2208] sw x23,0(x2)
Memory Write to Addr: 0x7FFFEF9C Val: 0x00000000
[inst #2209] add x8,x0,x10
Register Write to Reg: 0x08 Val: 0x10010000
[inst #2210] add x19,x0,x11
Register Write to Reg: 0x13 Val: 0x7FFFEFBC
[inst #2211] add x20,x0,x12
Register Write to Reg: 0x14 Val: 0x7FFFEFCC
[inst #2212] add x18,x0,x13
Register Write to Reg: 0x12 Val: 0x00000004
[inst #2213] addi x21,x0,0
Register Write to Reg: 0x15 Val: 0x00000000
[inst #2214] addi x22,x0,0
Register Write to Reg: 0x16 Val: 0x00000000
[inst #2215] addi x29,x0,0
Register Write to Reg: 0x1D Val: 0x00000000
[inst #2216] bge x21,x18,360
[inst #2217] addi x0,x0,0
Register Write to Reg: 0x00 Val: 0x00000000
[inst #2218] addi x0,x0,0
Register Write to Reg: 0x00 Val: 0x00000000
[inst #2219] addi x0,x0,0
Register Write to Reg: 0x00 Val: 0x00000000
[inst #2220] bge x22,x14,232
[inst #2221] addi x0,x0,0
Register Write to Reg: 0x00 Val: 0x00000000
[inst #2222] addi x0,x0,0
Register Write to Reg: 0x00 Val: 0x00000000
[inst #2223] addi x0,x0,0
Register Write to Reg: 0x00 Val: 0x00000000
[inst #2224] slli x5,x21,2
Register Write to Reg: 0x05 Val: 0x00000000
[inst #2225] addi x0,x0,0
Register Write to Reg: 0x00 Val: 0x00000000
[inst #2226] addi x0,x0,0
Register Write to Reg: 0x00 Val: 0x00000000
[inst #2227] addi x0,x0,0
Register Write to Reg: 0x00 Val: 0x00000000
[inst #2228] add x6,x19,x5
Register Write to Reg: 0x06 Val: 0x7FFFEFBC
[inst #2229] addi x0,x0,0
Register Write to Reg: 0x00 Val: 0x00000000
[inst #2230] addi x0,x0,0
Register Write to Reg: 0x00 Val: 0x00000000
[inst #2231] addi x0,x0,0
Register Write to Reg: 0x00 Val: 0x00000000
[inst #2232] lw x7,0(x6)
Register Write to Reg: 0x07 Val: 0x00000003
[inst #2233] slli x5,x22,2
Register Write to Reg: 0x05 Val: 0x00000000
[inst #2234] addi x0,x0,0
Register Write to Reg: 0x00 Val: 0x00000000
[inst #2235] addi x0,x0,0
Register Write to Reg: 0x00 Val: 0x00000000
[inst #2236] addi x0,x0,0
Register Write to Reg: 0x00 Val: 0x00000000
[inst #2237] add x6,x20,x5
Register Write to Reg: 0x06 Val: 0x7FFFEFCC
[inst #2238] addi x0,x0,0
Register Write to Reg: 0x00 Val: 0x00000000
[inst #2239] addi x0,x0,0
Register Write to Reg: 0x00 Val: 0x00000000
[inst #2240] addi x0,x0,0
Register Write to Reg: 0x00 Val: 0x00000000
[inst #2241] lw x28,0(x6)
Register Write to Reg: 0x1C Val: 0xFFFFFFFB
[inst #2242] addi x0,x0,0
Register Write to Reg: 0x00 Val: 0x00000000
[inst #2243] addi x0,x0,0
Register Write to Reg: 0x00 Val: 0x00000000
[inst #2244] addi x0,x0,0
Register Write to Reg: 0x00 Val: 0x00000000
[inst #2245] blt x28,x7,72
[inst #2246] slli x5,x23,2
Register Write to Reg: 0x05 Val: 0x00000000
[inst #2247] addi x0,x0,0
Register Write to Reg: 0x00 Val: 0x00000000
[inst #2248] addi x0,x0,0
Register Write to Reg: 0x00 Val: 0x00000000
[inst #2249] addi x0,x0,0
Register Write to Reg: 0x00 Val: 0x00000000
[inst #2250] add x6,x8,x5
Register Write to Reg: 0x06 Val: 0x10010000
[inst #2251] addi x0,x0,0
Register Write to Reg: 0x00 Val: 0x00000000
[inst #2252] addi x0,x0,0
Register Write to Reg: 0x00 Val: 0x00000000
[inst #2253] addi x0,x0,0
Register Write to Reg: 0x00 Val: 0x00000000
[inst #2254] sw x28,0(x6)
Memory Write to Addr: 0x10010000 Val: 0xFFFFFFFB
[inst #2255] addi x22,x22,1
Register Write to Reg: 0x16 Val: 0x00000001
[inst #2256] addi x23,x23,1
Register Write to Reg: 0x17 Val: 0x00000001
[inst #2257] jal x0,-232
Register Write to Reg: 0x00 Val: 0x004003F8
[inst #2258] bge x21,x18,360
[inst #2259] addi x0,x0,0
Register Write to Reg: 0x00 Val: 0x00000000
[inst #2260] addi x0,x0,0
Register Write to Reg: 0x00 Val: 0x00000000
[inst #2261] addi x0,x0,0
Register Write to Reg: 0x00 Val: 0x00000000
[inst #2262] bge x22,x14,232
[inst #2263] addi x0,x0,0
Register Write to Reg: 0x00 Val: 0x00000000
[inst #2264] addi x0,x0,0
Register Write to Reg: 0x00 Val: 0x00000000
[inst #2265] addi x0,x0,0
Register Write to Reg: 0x00 Val: 0x00000000
[inst #2266] slli x5,x21,2
Register Write to Reg: 0x05 Val: 0x00000000
[inst #2267] addi x0,x0,0
Register Write to Reg: 0x00 Val: 0x00000000
[inst #2268] addi x0,x0,0
Register Write to Reg: 0x00 Val: 0x00000000
[inst #2269] addi x0,x0,0
Register Write to Reg: 0x00 Val: 0x00000000
[inst #2270] add x6,x19,x5
Register Write to Reg: 0x06 Val: 0x7FFFEFBC
[inst #2271] addi x0,x0,0
Register Write to Reg: 0x00 Val: 0x00000000
[inst #2272] addi x0,x0,0
Register Write to Reg: 0x00 Val: 0x00000000
[inst #2273] addi x0,x0,0
Register Write to Reg: 0x00 Val: 0x00000000
[inst #2274] lw x7,0(x6)
Register Write to Reg: 0x07 Val: 0x00000003
[inst #2275] slli x5,x22,2
Register Write to Reg: 0x05 Val: 0x00000004
[inst #2276] addi x0,x0,0
Register Write to Reg: 0x00 Val: 0x00000000
[inst #2277] addi x0,x0,0
Register Write to Reg: 0x00 Val: 0x00000000
[inst #2278] addi x0,x0,0
Register Write to Reg: 0x00 Val: 0x00000000
[inst #2279] add x6,x20,x5
Register Write to Reg: 0x06 Val: 0x7FFFEFD0
[inst #2280] addi x0,x0,0
Register Write to Reg: 0x00 Val: 0x00000000
[inst #2281] addi x0,x0,0
Register Write to Reg: 0x00 Val: 0x00000000
[inst #2282] addi x0,x0,0
Register Write to Reg: 0x00 Val: 0x00000000
[inst #2283] lw x28,0(x6)
Register Write to Reg: 0x1C Val: 0x00000009
[inst #2284] addi x0,x0,0
Register Write to Reg: 0x00 Val: 0x00000000
[inst #2285] addi x0,x0,0
Register Write to Reg: 0x00 Val: 0x00000000
[inst #2286] addi x0,x0,0
Register Write to Reg: 0x00 Val: 0x00000000
[inst #2287] blt x28,x7,72
[inst #2288] addi x0,x0,0
Register Write to Reg: 0x00 Val: 0x00000000
[inst #2289] addi x0,x0,0
Register Write to Reg: 0x00 Val: 0x00000000
[inst #2290] addi x0,x0,0
Register Write to Reg: 0x00 Val: 0x00000000
[inst #2291] slli x5,x23,2
Register Write to Reg: 0x05 Val: 0x00000004
[inst #2292] addi x0,x0,0
Register Write to Reg: 0x00 Val: 0x00000000
[inst #2293] addi x0,x0,0
Register Write to Reg: 0x00 Val: 0x00000000
[inst #2294] addi x0,x0,0
Register Write to Reg: 0x00 Val: 0x00000000
[inst #2295] add x6,x8,x5
Register Write to Reg: 0x06 Val: 0x10010004
[inst #2296] addi x0,x0,0
Register Write to Reg: 0x00 Val: 0x00000000
[inst #2297] addi x0,x0,0
Register Write to Reg: 0x00 Val: 0x00000000
[inst #2298] addi x0,x0,0
Register Write to Reg: 0x00 Val: 0x00000000
[inst #2299] sw x7,0(x6)
Memory Write to Addr: 0x10010004 Val: 0x00000003
[inst #2300] addi x21,x21,1
Register Write to Reg: 0x15 Val: 0x00000001
[inst #2301] jal x0,56
Register Write to Reg: 0x00 Val: 0x004003BC
[inst #2302] addi x23,x23,1
Register Write to Reg: 0x17 Val: 0x00000002
[inst #2303] jal x0,-232
Register Write to Reg: 0x00 Val: 0x004003F8
[inst #2304] bge x21,x18,360
[inst #2305] addi x0,x0,0
Register Write to Reg: 0x00 Val: 0x00000000
[inst #2306] addi x0,x0,0
Register Write to Reg: 0x00 Val: 0x00000000
[inst #2307] addi x0,x0,0
Register Write to Reg: 0x00 Val: 0x00000000
[inst #2308] bge x22,x14,232
[inst #2309] addi x0,x0,0
Register Write to Reg: 0x00 Val: 0x00000000
[inst #2310] addi x0,x0,0
Register Write to Reg: 0x00 Val: 0x00000000
[inst #2311] addi x0,x0,0
Register Write to Reg: 0x00 Val: 0x00000000
[inst #2312] slli x5,x21,2
Register Write to Reg: 0x05 Val: 0x00000004
[inst #2313] addi x0,x0,0
Register Write to Reg: 0x00 Val: 0x00000000
[inst #2314] addi x0,x0,0
Register Write to Reg: 0x00 Val: 0x00000000
[inst #2315] addi x0,x0,0
Register Write to Reg: 0x00 Val: 0x00000000
[inst #2316] add x6,x19,x5
Register Write to Reg: 0x06 Val: 0x7FFFEFC0
[inst #2317] addi x0,x0,0
Register Write to Reg: 0x00 Val: 0x00000000
[inst #2318] addi x0,x0,0
Register Write to Reg: 0x00 Val: 0x00000000
[inst #2319] addi x0,x0,0
Register Write to Reg: 0x00 Val: 0x00000000
[inst #2320] lw x7,0(x6)
Register Write to Reg: 0x07 Val: 0x0000001B
[inst #2321] slli x5,x22,2
Register Write to Reg: 0x05 Val: 0x00000004
[inst #2322] addi x0,x0,0
Register Write to Reg: 0x00 Val: 0x00000000
[inst #2323] addi x0,x0,0
Register Write to Reg: 0x00 Val: 0x00000000
[inst #2324] addi x0,x0,0
Register Write to Reg: 0x00 Val: 0x00000000
[inst #2325] add x6,x20,x5
Register Write to Reg: 0x06 Val: 0x7FFFEFD0
[inst #2326] addi x0,x0,0
Register Write to Reg: 0x00 Val: 0x00000000
[inst #2327] addi x0,x0,0
Register Write to Reg: 0x00 Val: 0x00000000
[inst #2328] addi x0,x0,0
Register Write to Reg: 0x00 Val: 0x00000000
[inst #2329] lw x28,0(x6)
Register Write to Reg: 0x1C Val: 0x00000009
[inst #2330] addi x0,x0,0
Register Write to Reg: 0x00 Val: 0x00000000
[inst #2331] addi x0,x0,0
Register Write to Reg: 0x00 Val: 0x00000000
[inst #2332] addi x0,x0,0
Register Write to Reg: 0x00 Val: 0x00000000
[inst #2333] blt x28,x7,72
[inst #2334] slli x5,x23,2
Register Write to Reg: 0x05 Val: 0x00000008
[inst #2335] addi x0,x0,0
Register Write to Reg: 0x00 Val: 0x00000000
[inst #2336] addi x0,x0,0
Register Write to Reg: 0x00 Val: 0x00000000
[inst #2337] addi x0,x0,0
Register Write to Reg: 0x00 Val: 0x00000000
[inst #2338] add x6,x8,x5
Register Write to Reg: 0x06 Val: 0x10010008
[inst #2339] addi x0,x0,0
Register Write to Reg: 0x00 Val: 0x00000000
[inst #2340] addi x0,x0,0
Register Write to Reg: 0x00 Val: 0x00000000
[inst #2341] addi x0,x0,0
Register Write to Reg: 0x00 Val: 0x00000000
[inst #2342] sw x28,0(x6)
Memory Write to Addr: 0x10010008 Val: 0x00000009
[inst #2343] addi x22,x22,1
Register Write to Reg: 0x16 Val: 0x00000002
[inst #2344] addi x23,x23,1
Register Write to Reg: 0x17 Val: 0x00000003
[inst #2345] jal x0,-232
Register Write to Reg: 0x00 Val: 0x004003F8
[inst #2346] bge x21,x18,360
[inst #2347] addi x0,x0,0
Register Write to Reg: 0x00 Val: 0x00000000
[inst #2348] addi x0,x0,0
Register Write to Reg: 0x00 Val: 0x00000000
[inst #2349] addi x0,x0,0
Register Write to Reg: 0x00 Val: 0x00000000
[inst #2350] bge x22,x14,232
[inst #2351] addi x0,x0,0
Register Write to Reg: 0x00 Val: 0x00000000
[inst #2352] addi x0,x0,0
Register Write to Reg: 0x00 Val: 0x00000000
[inst #2353] addi x0,x0,0
Register Write to Reg: 0x00 Val: 0x00000000
[inst #2354] slli x5,x21,2
Register Write to Reg: 0x05 Val: 0x00000004
[inst #2355] addi x0,x0,0
Register Write to Reg: 0x00 Val: 0x00000000
[inst #2356] addi x0,x0,0
Register Write to Reg: 0x00 Val: 0x00000000
[inst #2357] addi x0,x0,0
Register Write to Reg: 0x00 Val: 0x00000000
[inst #2358] add x6,x19,x5
Register Write to Reg: 0x06 Val: 0x7FFFEFC0
[inst #2359] addi x0,x0,0
Register Write to Reg: 0x00 Val: 0x00000000
[inst #2360] addi x0,x0,0
Register Write to Reg: 0x00 Val: 0x00000000
[inst #2361] addi x0,x0,0
Register Write to Reg: 0x00 Val: 0x00000000
[inst #2362] lw x7,0(x6)
Register Write to Reg: 0x07 Val: 0x0000001B
[inst #2363] slli x5,x22,2
Register Write to Reg: 0x05 Val: 0x00000008
[inst #2364] addi x0,x0,0
Register Write to Reg: 0x00 Val: 0x00000000
[inst #2365] addi x0,x0,0
Register Write to Reg: 0x00 Val: 0x00000000
[inst #2366] addi x0,x0,0
Register Write to Reg: 0x00 Val: 0x00000000
[inst #2367] add x6,x20,x5
Register Write to Reg: 0x06 Val: 0x7FFFEFD4
[inst #2368] addi x0,x0,0
Register Write to Reg: 0x00 Val: 0x00000000
[inst #2369] addi x0,x0,0
Register Write to Reg: 0x00 Val: 0x00000000
[inst #2370] addi x0,x0,0
Register Write to Reg: 0x00 Val: 0x00000000
[inst #2371] lw x28,0(x6)
Register Write to Reg: 0x1C Val: 0x0000000A
[inst #2372] addi x0,x0,0
Register Write to Reg: 0x00 Val: 0x00000000
[inst #2373] addi x0,x0,0
Register Write to Reg: 0x00 Val: 0x00000000
[inst #2374] addi x0,x0,0
Register Write to Reg: 0x00 Val: 0x00000000
[inst #2375] blt x28,x7,72
[inst #2376] slli x5,x23,2
Register Write to Reg: 0x05 Val: 0x0000000C
[inst #2377] addi x0,x0,0
Register Write to Reg: 0x00 Val: 0x00000000
[inst #2378] addi x0,x0,0
Register Write to Reg: 0x00 Val: 0x00000000
[inst #2379] addi x0,x0,0
Register Write to Reg: 0x00 Val: 0x00000000
[inst #2380] add x6,x8,x5
Register Write to Reg: 0x06 Val: 0x1001000C
[inst #2381] addi x0,x0,0
Register Write to Reg: 0x00 Val: 0x00000000
[inst #2382] addi x0,x0,0
Register Write to Reg: 0x00 Val: 0x00000000
[inst #2383] addi x0,x0,0
Register Write to Reg: 0x00 Val: 0x00000000
[inst #2384] sw x28,0(x6)
Memory Write to Addr: 0x1001000C Val: 0x0000000A
[inst #2385] addi x22,x22,1
Register Write to Reg: 0x16 Val: 0x00000003
[inst #2386] addi x23,x23,1
Register Write to Reg: 0x17 Val: 0x00000004
[inst #2387] jal x0,-232
Register Write to Reg: 0x00 Val: 0x004003F8
[inst #2388] bge x21,x18,360
[inst #2389] addi x0,x0,0
Register Write to Reg: 0x00 Val: 0x00000000
[inst #2390] addi x0,x0,0
Register Write to Reg: 0x00 Val: 0x00000000
[inst #2391] addi x0,x0,0
Register Write to Reg: 0x00 Val: 0x00000000
[inst #2392] bge x22,x14,232
[inst #2393] addi x0,x0,0
Register Write to Reg: 0x00 Val: 0x00000000
[inst #2394] addi x0,x0,0
Register Write to Reg: 0x00 Val: 0x00000000
[inst #2395] addi x0,x0,0
Register Write to Reg: 0x00 Val: 0x00000000
[inst #2396] slli x5,x21,2
Register Write to Reg: 0x05 Val: 0x00000004
[inst #2397] addi x0,x0,0
Register Write to Reg: 0x00 Val: 0x00000000
[inst #2398] addi x0,x0,0
Register Write to Reg: 0x00 Val: 0x00000000
[inst #2399] addi x0,x0,0
Register Write to Reg: 0x00 Val: 0x00000000
[inst #2400] add x6,x19,x5
Register Write to Reg: 0x06 Val: 0x7FFFEFC0
[inst #2401] addi x0,x0,0
Register Write to Reg: 0x00 Val: 0x00000000
[inst #2402] addi x0,x0,0
Register Write to Reg: 0x00 Val: 0x00000000
[inst #2403] addi x0,x0,0
Register Write to Reg: 0x00 Val: 0x00000000
[inst #2404] lw x7,0(x6)
Register Write to Reg: 0x07 Val: 0x0000001B
[inst #2405] slli x5,x22,2
Register Write to Reg: 0x05 Val: 0x0000000C
[inst #2406] addi x0,x0,0
Register Write to Reg: 0x00 Val: 0x00000000
[inst #2407] addi x0,x0,0
Register Write to Reg: 0x00 Val: 0x00000000
[inst #2408] addi x0,x0,0
Register Write to Reg: 0x00 Val: 0x00000000
[inst #2409] add x6,x20,x5
Register Write to Reg: 0x06 Val: 0x7FFFEFD8
[inst #2410] addi x0,x0,0
Register Write to Reg: 0x00 Val: 0x00000000
[inst #2411] addi x0,x0,0
Register Write to Reg: 0x00 Val: 0x00000000
[inst #2412] addi x0,x0,0
Register Write to Reg: 0x00 Val: 0x00000000
[inst #2413] lw x28,0(x6)
Register Write to Reg: 0x1C Val: 0x00000052
[inst #2414] addi x0,x0,0
Register Write to Reg: 0x00 Val: 0x00000000
[inst #2415] addi x0,x0,0
Register Write to Reg: 0x00 Val: 0x00000000
[inst #2416] addi x0,x0,0
Register Write to Reg: 0x00 Val: 0x00000000
[inst #2417] blt x28,x7,72
[inst #2418] addi x0,x0,0
Register Write to Reg: 0x00 Val: 0x00000000
[inst #2419] addi x0,x0,0
Register Write to Reg: 0x00 Val: 0x00000000
[inst #2420] addi x0,x0,0
Register Write to Reg: 0x00 Val: 0x00000000
[inst #2421] slli x5,x23,2
Register Write to Reg: 0x05 Val: 0x00000010
[inst #2422] addi x0,x0,0
Register Write to Reg: 0x00 Val: 0x00000000
[inst #2423] addi x0,x0,0
Register Write to Reg: 0x00 Val: 0x00000000
[inst #2424] addi x0,x0,0
Register Write to Reg: 0x00 Val: 0x00000000
[inst #2425] add x6,x8,x5
Register Write to Reg: 0x06 Val: 0x10010010
[inst #2426] addi x0,x0,0
Register Write to Reg: 0x00 Val: 0x00000000
[inst #2427] addi x0,x0,0
Register Write to Reg: 0x00 Val: 0x00000000
[inst #2428] addi x0,x0,0
Register Write to Reg: 0x00 Val: 0x00000000
[inst #2429] sw x7,0(x6)
Memory Write to Addr: 0x10010010 Val: 0x0000001B
[inst #2430] addi x21,x21,1
Register Write to Reg: 0x15 Val: 0x00000002
[inst #2431] jal x0,56
Register Write to Reg: 0x00 Val: 0x004003BC
[inst #2432] addi x23,x23,1
Register Write to Reg: 0x17 Val: 0x00000005
[inst #2433] jal x0,-232
Register Write to Reg: 0x00 Val: 0x004003F8
[inst #2434] bge x21,x18,360
[inst #2435] addi x0,x0,0
Register Write to Reg: 0x00 Val: 0x00000000
[inst #2436] addi x0,x0,0
Register Write to Reg: 0x00 Val: 0x00000000
[inst #2437] addi x0,x0,0
Register Write to Reg: 0x00 Val: 0x00000000
[inst #2438] bge x22,x14,232
[inst #2439] addi x0,x0,0
Register Write to Reg: 0x00 Val: 0x00000000
[inst #2440] addi x0,x0,0
Register Write to Reg: 0x00 Val: 0x00000000
[inst #2441] addi x0,x0,0
Register Write to Reg: 0x00 Val: 0x00000000
[inst #2442] slli x5,x21,2
Register Write to Reg: 0x05 Val: 0x00000008
[inst #2443] addi x0,x0,0
Register Write to Reg: 0x00 Val: 0x00000000
[inst #2444] addi x0,x0,0
Register Write to Reg: 0x00 Val: 0x00000000
[inst #2445] addi x0,x0,0
Register Write to Reg: 0x00 Val: 0x00000000
[inst #2446] add x6,x19,x5
Register Write to Reg: 0x06 Val: 0x7FFFEFC4
[inst #2447] addi x0,x0,0
Register Write to Reg: 0x00 Val: 0x00000000
[inst #2448] addi x0,x0,0
Register Write to Reg: 0x00 Val: 0x00000000
[inst #2449] addi x0,x0,0
Register Write to Reg: 0x00 Val: 0x00000000
[inst #2450] lw x7,0(x6)
Register Write to Reg: 0x07 Val: 0x00000026
[inst #2451] slli x5,x22,2
Register Write to Reg: 0x05 Val: 0x0000000C
[inst #2452] addi x0,x0,0
Register Write to Reg: 0x00 Val: 0x00000000
[inst #2453] addi x0,x0,0
Register Write to Reg: 0x00 Val: 0x00000000
[inst #2454] addi x0,x0,0
Register Write to Reg: 0x00 Val: 0x00000000
[inst #2455] add x6,x20,x5
Register Write to Reg: 0x06 Val: 0x7FFFEFD8
[inst #2456] addi x0,x0,0
Register Write to Reg: 0x00 Val: 0x00000000
[inst #2457] addi x0,x0,0
Register Write to Reg: 0x00 Val: 0x00000000
[inst #2458] addi x0,x0,0
Register Write to Reg: 0x00 Val: 0x00000000
[inst #2459] lw x28,0(x6)
Register Write to Reg: 0x1C Val: 0x00000052
[inst #2460] addi x0,x0,0
Register Write to Reg: 0x00 Val: 0x00000000
[inst #2461] addi x0,x0,0
Register Write to Reg: 0x00 Val: 0x00000000
[inst #2462] addi x0,x0,0
Register Write to Reg: 0x00 Val: 0x00000000
[inst #2463] blt x28,x7,72
[inst #2464] addi x0,x0,0
Register Write to Reg: 0x00 Val: 0x00000000
[inst #2465] addi x0,x0,0
Register Write to Reg: 0x00 Val: 0x00000000
[inst #2466] addi x0,x0,0
Register Write to Reg: 0x00 Val: 0x00000000
[inst #2467] slli x5,x23,2
Register Write to Reg: 0x05 Val: 0x00000014
[inst #2468] addi x0,x0,0
Register Write to Reg: 0x00 Val: 0x00000000
[inst #2469] addi x0,x0,0
Register Write to Reg: 0x00 Val: 0x00000000
[inst #2470] addi x0,x0,0
Register Write to Reg: 0x00 Val: 0x00000000
[inst #2471] add x6,x8,x5
Register Write to Reg: 0x06 Val: 0x10010014
[inst #2472] addi x0,x0,0
Register Write to Reg: 0x00 Val: 0x00000000
[inst #2473] addi x0,x0,0
Register Write to Reg: 0x00 Val: 0x00000000
[inst #2474] addi x0,x0,0
Register Write to Reg: 0x00 Val: 0x00000000
[inst #2475] sw x7,0(x6)
Memory Write to Addr: 0x10010014 Val: 0x00000026
[inst #2476] addi x21,x21,1
Register Write to Reg: 0x15 Val: 0x00000003
[inst #2477] jal x0,56
Register Write to Reg: 0x00 Val: 0x004003BC
[inst #2478] addi x23,x23,1
Register Write to Reg: 0x17 Val: 0x00000006
[inst #2479] jal x0,-232
Register Write to Reg: 0x00 Val: 0x004003F8
[inst #2480] bge x21,x18,360
[inst #2481] addi x0,x0,0
Register Write to Reg: 0x00 Val: 0x00000000
[inst #2482] addi x0,x0,0
Register Write to Reg: 0x00 Val: 0x00000000
[inst #2483] addi x0,x0,0
Register Write to Reg: 0x00 Val: 0x00000000
[inst #2484] bge x22,x14,232
[inst #2485] addi x0,x0,0
Register Write to Reg: 0x00 Val: 0x00000000
[inst #2486] addi x0,x0,0
Register Write to Reg: 0x00 Val: 0x00000000
[inst #2487] addi x0,x0,0
Register Write to Reg: 0x00 Val: 0x00000000
[inst #2488] slli x5,x21,2
Register Write to Reg: 0x05 Val: 0x0000000C
[inst #2489] addi x0,x0,0
Register Write to Reg: 0x00 Val: 0x00000000
[inst #2490] addi x0,x0,0
Register Write to Reg: 0x00 Val: 0x00000000
[inst #2491] addi x0,x0,0
Register Write to Reg: 0x00 Val: 0x00000000
[inst #2492] add x6,x19,x5
Register Write to Reg: 0x06 Val: 0x7FFFEFC8
[inst #2493] addi x0,x0,0
Register Write to Reg: 0x00 Val: 0x00000000
[inst #2494] addi x0,x0,0
Register Write to Reg: 0x00 Val: 0x00000000
[inst #2495] addi x0,x0,0
Register Write to Reg: 0x00 Val: 0x00000000
[inst #2496] lw x7,0(x6)
Register Write to Reg: 0x07 Val: 0x0000002B
[inst #2497] slli x5,x22,2
Register Write to Reg: 0x05 Val: 0x0000000C
[inst #2498] addi x0,x0,0
Register Write to Reg: 0x00 Val: 0x00000000
[inst #2499] addi x0,x0,0
Register Write to Reg: 0x00 Val: 0x00000000
[inst #2500] addi x0,x0,0
Register Write to Reg: 0x00 Val: 0x00000000
[inst #2501] add x6,x20,x5
Register Write to Reg: 0x06 Val: 0x7FFFEFD8
[inst #2502] addi x0,x0,0
Register Write to Reg: 0x00 Val: 0x00000000
[inst #2503] addi x0,x0,0
Register Write to Reg: 0x00 Val: 0x00000000
[inst #2504] addi x0,x0,0
Register Write to Reg: 0x00 Val: 0x00000000
[inst #2505] lw x28,0(x6)
Register Write to Reg: 0x1C Val: 0x00000052
[inst #2506] addi x0,x0,0
Register Write to Reg: 0x00 Val: 0x00000000
[inst #2507] addi x0,x0,0
Register Write to Reg: 0x00 Val: 0x00000000
[inst #2508] addi x0,x0,0
Register Write to Reg: 0x00 Val: 0x00000000
[inst #2509] blt x28,x7,72
[inst #2510] addi x0,x0,0
Register Write to Reg: 0x00 Val: 0x00000000
[inst #2511] addi x0,x0,0
Register Write to Reg: 0x00 Val: 0x00000000
[inst #2512] addi x0,x0,0
Register Write to Reg: 0x00 Val: 0x00000000
[inst #2513] slli x5,x23,2
Register Write to Reg: 0x05 Val: 0x00000018
[inst #2514] addi x0,x0,0
Register Write to Reg: 0x00 Val: 0x00000000
[inst #2515] addi x0,x0,0
Register Write to Reg: 0x00 Val: 0x00000000
[inst #2516] addi x0,x0,0
Register Write to Reg: 0x00 Val: 0x00000000
[inst #2517] add x6,x8,x5
Register Write to Reg: 0x06 Val: 0x10010018
[inst #2518] addi x0,x0,0
Register Write to Reg: 0x00 Val: 0x00000000
[inst #2519] addi x0,x0,0
Register Write to Reg: 0x00 Val: 0x00000000
[inst #2520] addi x0,x0,0
Register Write to Reg: 0x00 Val: 0x00000000
[inst #2521] sw x7,0(x6)
Memory Write to Addr: 0x10010018 Val: 0x0000002B
[inst #2522] addi x21,x21,1
Register Write to Reg: 0x15 Val: 0x00000004
[inst #2523] jal x0,56
Register Write to Reg: 0x00 Val: 0x004003BC
[inst #2524] addi x23,x23,1
Register Write to Reg: 0x17 Val: 0x00000007
[inst #2525] jal x0,-232
Register Write to Reg: 0x00 Val: 0x004003F8
[inst #2526] bge x21,x18,360
[inst #2527] bge x22,x14,112
[inst #2528] addi x0,x0,0
Register Write to Reg: 0x00 Val: 0x00000000
[inst #2529] addi x0,x0,0
Register Write to Reg: 0x00 Val: 0x00000000
[inst #2530] addi x0,x0,0
Register Write to Reg: 0x00 Val: 0x00000000
[inst #2531] slli x5,x22,2
Register Write to Reg: 0x05 Val: 0x0000000C
[inst #2532] addi x0,x0,0
Register Write to Reg: 0x00 Val: 0x00000000
[inst #2533] addi x0,x0,0
Register Write to Reg: 0x00 Val: 0x00000000
[inst #2534] addi x0,x0,0
Register Write to Reg: 0x00 Val: 0x00000000
[inst #2535] add x6,x20,x5
Register Write to Reg: 0x06 Val: 0x7FFFEFD8
[inst #2536] addi x0,x0,0
Register Write to Reg: 0x00 Val: 0x00000000
[inst #2537] addi x0,x0,0
Register Write to Reg: 0x00 Val: 0x00000000
[inst #2538] addi x0,x0,0
Register Write to Reg: 0x00 Val: 0x00000000
[inst #2539] lw x28,0(x6)
Register Write to Reg: 0x1C Val: 0x00000052
[inst #2540] slli x5,x23,2
Register Write to Reg: 0x05 Val: 0x0000001C
[inst #2541] addi x0,x0,0
Register Write to Reg: 0x00 Val: 0x00000000
[inst #2542] addi x0,x0,0
Register Write to Reg: 0x00 Val: 0x00000000
[inst #2543] addi x0,x0,0
Register Write to Reg: 0x00 Val: 0x00000000
[inst #2544] add x6,x8,x5
Register Write to Reg: 0x06 Val: 0x1001001C
[inst #2545] addi x0,x0,0
Register Write to Reg: 0x00 Val: 0x00000000
[inst #2546] addi x0,x0,0
Register Write to Reg: 0x00 Val: 0x00000000
[inst #2547] addi x0,x0,0
Register Write to Reg: 0x00 Val: 0x00000000
[inst #2548] sw x28,0(x6)
Memory Write to Addr: 0x1001001C Val: 0x00000052
[inst #2549] addi x22,x22,1
Register Write to Reg: 0x16 Val: 0x00000004
[inst #2550] addi x23,x23,1
Register Write to Reg: 0x17 Val: 0x00000008
[inst #2551] jal x0,-96
Register Write to Reg: 0x00 Val: 0x004004D8
[inst #2552] bge x22,x14,112
[inst #2553] lw x1,28(x2)
Register Write to Reg: 0x01 Val: 0x00400270
[inst #2554] lw x8,24(x2)
Register Write to Reg: 0x08 Val: 0x10010000
[inst #2555] lw x18,20(x2)
Register Write to Reg: 0x12 Val: 0x00000004
[inst #2556] lw x19,16(x2)
Register Write to Reg: 0x13 Val: 0x00000000
[inst #2557] lw x20,12(x2)
Register Write to Reg: 0x14 Val: 0x00000000
[inst #2558] lw x21,8(x2)
Register Write to Reg: 0x15 Val: 0x00000000
[inst #2559] lw x22,4(x2)
Register Write to Reg: 0x16 Val: 0x00000000
[inst #2560] lw x23,0(x2)
Register Write to Reg: 0x17 Val: 0x00000000
[inst #2561] addi x2,x2,32
Register Write to Reg: 0x02 Val: 0x7FFFEFBC
[inst #2562] jalr x0,x1,0
Register Write to Reg: 0x00 Val: 0x0040050C
[inst #2563] addi x0,x0,0
Register Write to Reg: 0x00 Val: 0x00000000
[inst #2564] addi x0,x0,0
Register Write to Reg: 0x00 Val: 0x00000000
[inst #2565] addi x0,x0,0
Register Write to Reg: 0x00 Val: 0x00000000
[inst #2566] slli x5,x9,2
Register Write to Reg: 0x05 Val: 0x00000020
[inst #2567] addi x0,x0,0
Register Write to Reg: 0x00 Val: 0x00000000
[inst #2568] addi x0,x0,0
Register Write to Reg: 0x00 Val: 0x00000000
[inst #2569] addi x0,x0,0
Register Write to Reg: 0x00 Val: 0x00000000
[inst #2570] add x2,x2,x5
Register Write to Reg: 0x02 Val: 0x7FFFEFDC
[inst #2571] addi x0,x0,0
Register Write to Reg: 0x00 Val: 0x00000000
[inst #2572] addi x0,x0,0
Register Write to Reg: 0x00 Val: 0x00000000
[inst #2573] addi x0,x0,0
Register Write to Reg: 0x00 Val: 0x00000000
[inst #2574] lw x1,28(x2)
Register Write to Reg: 0x01 Val: 0x00400038
[inst #2575] lw x8,24(x2)
Register Write to Reg: 0x08 Val: 0x00000000
[inst #2576] lw x9,20(x2)
Register Write to Reg: 0x09 Val: 0x00000000
[inst #2577] lw x18,16(x2)
Register Write to Reg: 0x12 Val: 0x00000000
[inst #2578] addi x2,x2,32
Register Write to Reg: 0x02 Val: 0x7FFFEFFC
[inst #2579] jalr x0,x1,0
Register Write to Reg: 0x00 Val: 0x004002B4
[inst #2580] addi x0,x0,0
Register Write to Reg: 0x00 Val: 0x00000000
[inst #2581] addi x0,x0,0
Register Write to Reg: 0x00 Val: 0x00000000
[inst #2582] addi x0,x0,0
Register Write to Reg: 0x00 Val: 0x00000000
[inst #2583] addi x17,x0,10
Register Write to Reg: 0x11 Val: 0x0000000A
[inst #2584] ecall 

Program terminated by calling exit
